ISO-10303-21;
HEADER;
/* Generated by software containing ST-Developer
 * from STEP Tools, Inc. (www.steptools.com) 
 */

FILE_DESCRIPTION(
/* description */ (''),
/* implementation_level */ '2;1');

FILE_NAME(
/* name */ 'jig block.step',
/* time_stamp */ '2026-03-09T15:50:30+08:00',
/* author */ (''),
/* organization */ (''),
/* preprocessor_version */ 'ST-DEVELOPER v20.1',
/* originating_system */ 'Autodesk Translation Framework v14.24.0.0',
/* authorisation */ '');

FILE_SCHEMA (('AUTOMOTIVE_DESIGN { 1 0 10303 214 3 1 1 }'));
ENDSEC;

DATA;
#10=MECHANICAL_DESIGN_GEOMETRIC_PRESENTATION_REPRESENTATION('',(#13),#11189);
#11=SHAPE_REPRESENTATION_RELATIONSHIP('SRR','None',#11196,#12);
#12=ADVANCED_BREP_SHAPE_REPRESENTATION('',(#14),#11188);
#13=STYLED_ITEM('',(#11205),#14);
#14=MANIFOLD_SOLID_BREP('MeshBody1',#6879);
#15=FACE_OUTER_BOUND('',#587,.T.);
#16=FACE_OUTER_BOUND('',#588,.T.);
#17=FACE_OUTER_BOUND('',#589,.T.);
#18=FACE_OUTER_BOUND('',#590,.T.);
#19=FACE_OUTER_BOUND('',#591,.T.);
#20=FACE_OUTER_BOUND('',#592,.T.);
#21=FACE_OUTER_BOUND('',#593,.T.);
#22=FACE_OUTER_BOUND('',#594,.T.);
#23=FACE_OUTER_BOUND('',#595,.T.);
#24=FACE_OUTER_BOUND('',#596,.T.);
#25=FACE_OUTER_BOUND('',#597,.T.);
#26=FACE_OUTER_BOUND('',#598,.T.);
#27=FACE_OUTER_BOUND('',#599,.T.);
#28=FACE_OUTER_BOUND('',#600,.T.);
#29=FACE_OUTER_BOUND('',#601,.T.);
#30=FACE_OUTER_BOUND('',#602,.T.);
#31=FACE_OUTER_BOUND('',#603,.T.);
#32=FACE_OUTER_BOUND('',#604,.T.);
#33=FACE_OUTER_BOUND('',#605,.T.);
#34=FACE_OUTER_BOUND('',#606,.T.);
#35=FACE_OUTER_BOUND('',#607,.T.);
#36=FACE_OUTER_BOUND('',#608,.T.);
#37=FACE_OUTER_BOUND('',#609,.T.);
#38=FACE_OUTER_BOUND('',#610,.T.);
#39=FACE_OUTER_BOUND('',#611,.T.);
#40=FACE_OUTER_BOUND('',#612,.T.);
#41=FACE_OUTER_BOUND('',#613,.T.);
#42=FACE_OUTER_BOUND('',#614,.T.);
#43=FACE_OUTER_BOUND('',#615,.T.);
#44=FACE_OUTER_BOUND('',#616,.T.);
#45=FACE_OUTER_BOUND('',#617,.T.);
#46=FACE_OUTER_BOUND('',#618,.T.);
#47=FACE_OUTER_BOUND('',#619,.T.);
#48=FACE_OUTER_BOUND('',#620,.T.);
#49=FACE_OUTER_BOUND('',#621,.T.);
#50=FACE_OUTER_BOUND('',#622,.T.);
#51=FACE_OUTER_BOUND('',#623,.T.);
#52=FACE_OUTER_BOUND('',#624,.T.);
#53=FACE_OUTER_BOUND('',#625,.T.);
#54=FACE_OUTER_BOUND('',#626,.T.);
#55=FACE_OUTER_BOUND('',#627,.T.);
#56=FACE_OUTER_BOUND('',#628,.T.);
#57=FACE_OUTER_BOUND('',#629,.T.);
#58=FACE_OUTER_BOUND('',#630,.T.);
#59=FACE_OUTER_BOUND('',#631,.T.);
#60=FACE_OUTER_BOUND('',#632,.T.);
#61=FACE_OUTER_BOUND('',#633,.T.);
#62=FACE_OUTER_BOUND('',#634,.T.);
#63=FACE_OUTER_BOUND('',#635,.T.);
#64=FACE_OUTER_BOUND('',#636,.T.);
#65=FACE_OUTER_BOUND('',#637,.T.);
#66=FACE_OUTER_BOUND('',#638,.T.);
#67=FACE_OUTER_BOUND('',#639,.T.);
#68=FACE_OUTER_BOUND('',#640,.T.);
#69=FACE_OUTER_BOUND('',#641,.T.);
#70=FACE_OUTER_BOUND('',#642,.T.);
#71=FACE_OUTER_BOUND('',#643,.T.);
#72=FACE_OUTER_BOUND('',#644,.T.);
#73=FACE_OUTER_BOUND('',#645,.T.);
#74=FACE_OUTER_BOUND('',#646,.T.);
#75=FACE_OUTER_BOUND('',#647,.T.);
#76=FACE_OUTER_BOUND('',#648,.T.);
#77=FACE_OUTER_BOUND('',#649,.T.);
#78=FACE_OUTER_BOUND('',#650,.T.);
#79=FACE_OUTER_BOUND('',#651,.T.);
#80=FACE_OUTER_BOUND('',#652,.T.);
#81=FACE_OUTER_BOUND('',#653,.T.);
#82=FACE_OUTER_BOUND('',#654,.T.);
#83=FACE_OUTER_BOUND('',#655,.T.);
#84=FACE_OUTER_BOUND('',#656,.T.);
#85=FACE_OUTER_BOUND('',#657,.T.);
#86=FACE_OUTER_BOUND('',#658,.T.);
#87=FACE_OUTER_BOUND('',#659,.T.);
#88=FACE_OUTER_BOUND('',#660,.T.);
#89=FACE_OUTER_BOUND('',#661,.T.);
#90=FACE_OUTER_BOUND('',#662,.T.);
#91=FACE_OUTER_BOUND('',#663,.T.);
#92=FACE_OUTER_BOUND('',#664,.T.);
#93=FACE_OUTER_BOUND('',#665,.T.);
#94=FACE_OUTER_BOUND('',#666,.T.);
#95=FACE_OUTER_BOUND('',#667,.T.);
#96=FACE_OUTER_BOUND('',#668,.T.);
#97=FACE_OUTER_BOUND('',#669,.T.);
#98=FACE_OUTER_BOUND('',#670,.T.);
#99=FACE_OUTER_BOUND('',#671,.T.);
#100=FACE_OUTER_BOUND('',#672,.T.);
#101=FACE_OUTER_BOUND('',#673,.T.);
#102=FACE_OUTER_BOUND('',#674,.T.);
#103=FACE_OUTER_BOUND('',#675,.T.);
#104=FACE_OUTER_BOUND('',#676,.T.);
#105=FACE_OUTER_BOUND('',#677,.T.);
#106=FACE_OUTER_BOUND('',#678,.T.);
#107=FACE_OUTER_BOUND('',#679,.T.);
#108=FACE_OUTER_BOUND('',#680,.T.);
#109=FACE_OUTER_BOUND('',#681,.T.);
#110=FACE_OUTER_BOUND('',#682,.T.);
#111=FACE_OUTER_BOUND('',#683,.T.);
#112=FACE_OUTER_BOUND('',#684,.T.);
#113=FACE_OUTER_BOUND('',#685,.T.);
#114=FACE_OUTER_BOUND('',#686,.T.);
#115=FACE_OUTER_BOUND('',#687,.T.);
#116=FACE_OUTER_BOUND('',#688,.T.);
#117=FACE_OUTER_BOUND('',#689,.T.);
#118=FACE_OUTER_BOUND('',#690,.T.);
#119=FACE_OUTER_BOUND('',#691,.T.);
#120=FACE_OUTER_BOUND('',#692,.T.);
#121=FACE_OUTER_BOUND('',#693,.T.);
#122=FACE_OUTER_BOUND('',#694,.T.);
#123=FACE_OUTER_BOUND('',#695,.T.);
#124=FACE_OUTER_BOUND('',#696,.T.);
#125=FACE_OUTER_BOUND('',#697,.T.);
#126=FACE_OUTER_BOUND('',#698,.T.);
#127=FACE_OUTER_BOUND('',#699,.T.);
#128=FACE_OUTER_BOUND('',#700,.T.);
#129=FACE_OUTER_BOUND('',#701,.T.);
#130=FACE_OUTER_BOUND('',#702,.T.);
#131=FACE_OUTER_BOUND('',#703,.T.);
#132=FACE_OUTER_BOUND('',#704,.T.);
#133=FACE_OUTER_BOUND('',#705,.T.);
#134=FACE_OUTER_BOUND('',#706,.T.);
#135=FACE_OUTER_BOUND('',#707,.T.);
#136=FACE_OUTER_BOUND('',#708,.T.);
#137=FACE_OUTER_BOUND('',#709,.T.);
#138=FACE_OUTER_BOUND('',#710,.T.);
#139=FACE_OUTER_BOUND('',#711,.T.);
#140=FACE_OUTER_BOUND('',#712,.T.);
#141=FACE_OUTER_BOUND('',#713,.T.);
#142=FACE_OUTER_BOUND('',#714,.T.);
#143=FACE_OUTER_BOUND('',#715,.T.);
#144=FACE_OUTER_BOUND('',#716,.T.);
#145=FACE_OUTER_BOUND('',#717,.T.);
#146=FACE_OUTER_BOUND('',#718,.T.);
#147=FACE_OUTER_BOUND('',#719,.T.);
#148=FACE_OUTER_BOUND('',#720,.T.);
#149=FACE_OUTER_BOUND('',#721,.T.);
#150=FACE_OUTER_BOUND('',#722,.T.);
#151=FACE_OUTER_BOUND('',#723,.T.);
#152=FACE_OUTER_BOUND('',#724,.T.);
#153=FACE_OUTER_BOUND('',#725,.T.);
#154=FACE_OUTER_BOUND('',#726,.T.);
#155=FACE_OUTER_BOUND('',#727,.T.);
#156=FACE_OUTER_BOUND('',#728,.T.);
#157=FACE_OUTER_BOUND('',#729,.T.);
#158=FACE_OUTER_BOUND('',#730,.T.);
#159=FACE_OUTER_BOUND('',#731,.T.);
#160=FACE_OUTER_BOUND('',#732,.T.);
#161=FACE_OUTER_BOUND('',#733,.T.);
#162=FACE_OUTER_BOUND('',#734,.T.);
#163=FACE_OUTER_BOUND('',#735,.T.);
#164=FACE_OUTER_BOUND('',#736,.T.);
#165=FACE_OUTER_BOUND('',#737,.T.);
#166=FACE_OUTER_BOUND('',#738,.T.);
#167=FACE_OUTER_BOUND('',#739,.T.);
#168=FACE_OUTER_BOUND('',#740,.T.);
#169=FACE_OUTER_BOUND('',#741,.T.);
#170=FACE_OUTER_BOUND('',#742,.T.);
#171=FACE_OUTER_BOUND('',#743,.T.);
#172=FACE_OUTER_BOUND('',#744,.T.);
#173=FACE_OUTER_BOUND('',#745,.T.);
#174=FACE_OUTER_BOUND('',#746,.T.);
#175=FACE_OUTER_BOUND('',#747,.T.);
#176=FACE_OUTER_BOUND('',#748,.T.);
#177=FACE_OUTER_BOUND('',#749,.T.);
#178=FACE_OUTER_BOUND('',#750,.T.);
#179=FACE_OUTER_BOUND('',#751,.T.);
#180=FACE_OUTER_BOUND('',#752,.T.);
#181=FACE_OUTER_BOUND('',#753,.T.);
#182=FACE_OUTER_BOUND('',#754,.T.);
#183=FACE_OUTER_BOUND('',#755,.T.);
#184=FACE_OUTER_BOUND('',#756,.T.);
#185=FACE_OUTER_BOUND('',#757,.T.);
#186=FACE_OUTER_BOUND('',#758,.T.);
#187=FACE_OUTER_BOUND('',#759,.T.);
#188=FACE_OUTER_BOUND('',#760,.T.);
#189=FACE_OUTER_BOUND('',#761,.T.);
#190=FACE_OUTER_BOUND('',#762,.T.);
#191=FACE_OUTER_BOUND('',#763,.T.);
#192=FACE_OUTER_BOUND('',#764,.T.);
#193=FACE_OUTER_BOUND('',#765,.T.);
#194=FACE_OUTER_BOUND('',#766,.T.);
#195=FACE_OUTER_BOUND('',#767,.T.);
#196=FACE_OUTER_BOUND('',#768,.T.);
#197=FACE_OUTER_BOUND('',#769,.T.);
#198=FACE_OUTER_BOUND('',#770,.T.);
#199=FACE_OUTER_BOUND('',#771,.T.);
#200=FACE_OUTER_BOUND('',#772,.T.);
#201=FACE_OUTER_BOUND('',#773,.T.);
#202=FACE_OUTER_BOUND('',#774,.T.);
#203=FACE_OUTER_BOUND('',#775,.T.);
#204=FACE_OUTER_BOUND('',#776,.T.);
#205=FACE_OUTER_BOUND('',#777,.T.);
#206=FACE_OUTER_BOUND('',#778,.T.);
#207=FACE_OUTER_BOUND('',#779,.T.);
#208=FACE_OUTER_BOUND('',#780,.T.);
#209=FACE_OUTER_BOUND('',#781,.T.);
#210=FACE_OUTER_BOUND('',#782,.T.);
#211=FACE_OUTER_BOUND('',#783,.T.);
#212=FACE_OUTER_BOUND('',#784,.T.);
#213=FACE_OUTER_BOUND('',#785,.T.);
#214=FACE_OUTER_BOUND('',#786,.T.);
#215=FACE_OUTER_BOUND('',#787,.T.);
#216=FACE_OUTER_BOUND('',#788,.T.);
#217=FACE_OUTER_BOUND('',#789,.T.);
#218=FACE_OUTER_BOUND('',#790,.T.);
#219=FACE_OUTER_BOUND('',#791,.T.);
#220=FACE_OUTER_BOUND('',#792,.T.);
#221=FACE_OUTER_BOUND('',#793,.T.);
#222=FACE_OUTER_BOUND('',#794,.T.);
#223=FACE_OUTER_BOUND('',#795,.T.);
#224=FACE_OUTER_BOUND('',#796,.T.);
#225=FACE_OUTER_BOUND('',#797,.T.);
#226=FACE_OUTER_BOUND('',#798,.T.);
#227=FACE_OUTER_BOUND('',#799,.T.);
#228=FACE_OUTER_BOUND('',#800,.T.);
#229=FACE_OUTER_BOUND('',#801,.T.);
#230=FACE_OUTER_BOUND('',#802,.T.);
#231=FACE_OUTER_BOUND('',#803,.T.);
#232=FACE_OUTER_BOUND('',#804,.T.);
#233=FACE_OUTER_BOUND('',#805,.T.);
#234=FACE_OUTER_BOUND('',#806,.T.);
#235=FACE_OUTER_BOUND('',#807,.T.);
#236=FACE_OUTER_BOUND('',#808,.T.);
#237=FACE_OUTER_BOUND('',#809,.T.);
#238=FACE_OUTER_BOUND('',#810,.T.);
#239=FACE_OUTER_BOUND('',#811,.T.);
#240=FACE_OUTER_BOUND('',#812,.T.);
#241=FACE_OUTER_BOUND('',#813,.T.);
#242=FACE_OUTER_BOUND('',#814,.T.);
#243=FACE_OUTER_BOUND('',#815,.T.);
#244=FACE_OUTER_BOUND('',#816,.T.);
#245=FACE_OUTER_BOUND('',#817,.T.);
#246=FACE_OUTER_BOUND('',#818,.T.);
#247=FACE_OUTER_BOUND('',#819,.T.);
#248=FACE_OUTER_BOUND('',#820,.T.);
#249=FACE_OUTER_BOUND('',#821,.T.);
#250=FACE_OUTER_BOUND('',#822,.T.);
#251=FACE_OUTER_BOUND('',#823,.T.);
#252=FACE_OUTER_BOUND('',#824,.T.);
#253=FACE_OUTER_BOUND('',#825,.T.);
#254=FACE_OUTER_BOUND('',#826,.T.);
#255=FACE_OUTER_BOUND('',#827,.T.);
#256=FACE_OUTER_BOUND('',#828,.T.);
#257=FACE_OUTER_BOUND('',#829,.T.);
#258=FACE_OUTER_BOUND('',#830,.T.);
#259=FACE_OUTER_BOUND('',#831,.T.);
#260=FACE_OUTER_BOUND('',#832,.T.);
#261=FACE_OUTER_BOUND('',#833,.T.);
#262=FACE_OUTER_BOUND('',#834,.T.);
#263=FACE_OUTER_BOUND('',#835,.T.);
#264=FACE_OUTER_BOUND('',#836,.T.);
#265=FACE_OUTER_BOUND('',#837,.T.);
#266=FACE_OUTER_BOUND('',#838,.T.);
#267=FACE_OUTER_BOUND('',#839,.T.);
#268=FACE_OUTER_BOUND('',#840,.T.);
#269=FACE_OUTER_BOUND('',#841,.T.);
#270=FACE_OUTER_BOUND('',#842,.T.);
#271=FACE_OUTER_BOUND('',#843,.T.);
#272=FACE_OUTER_BOUND('',#844,.T.);
#273=FACE_OUTER_BOUND('',#845,.T.);
#274=FACE_OUTER_BOUND('',#846,.T.);
#275=FACE_OUTER_BOUND('',#847,.T.);
#276=FACE_OUTER_BOUND('',#848,.T.);
#277=FACE_OUTER_BOUND('',#849,.T.);
#278=FACE_OUTER_BOUND('',#850,.T.);
#279=FACE_OUTER_BOUND('',#851,.T.);
#280=FACE_OUTER_BOUND('',#852,.T.);
#281=FACE_OUTER_BOUND('',#853,.T.);
#282=FACE_OUTER_BOUND('',#854,.T.);
#283=FACE_OUTER_BOUND('',#855,.T.);
#284=FACE_OUTER_BOUND('',#856,.T.);
#285=FACE_OUTER_BOUND('',#857,.T.);
#286=FACE_OUTER_BOUND('',#858,.T.);
#287=FACE_OUTER_BOUND('',#859,.T.);
#288=FACE_OUTER_BOUND('',#860,.T.);
#289=FACE_OUTER_BOUND('',#861,.T.);
#290=FACE_OUTER_BOUND('',#862,.T.);
#291=FACE_OUTER_BOUND('',#863,.T.);
#292=FACE_OUTER_BOUND('',#864,.T.);
#293=FACE_OUTER_BOUND('',#865,.T.);
#294=FACE_OUTER_BOUND('',#866,.T.);
#295=FACE_OUTER_BOUND('',#867,.T.);
#296=FACE_OUTER_BOUND('',#868,.T.);
#297=FACE_OUTER_BOUND('',#869,.T.);
#298=FACE_OUTER_BOUND('',#870,.T.);
#299=FACE_OUTER_BOUND('',#871,.T.);
#300=FACE_OUTER_BOUND('',#872,.T.);
#301=FACE_OUTER_BOUND('',#873,.T.);
#302=FACE_OUTER_BOUND('',#874,.T.);
#303=FACE_OUTER_BOUND('',#875,.T.);
#304=FACE_OUTER_BOUND('',#876,.T.);
#305=FACE_OUTER_BOUND('',#877,.T.);
#306=FACE_OUTER_BOUND('',#878,.T.);
#307=FACE_OUTER_BOUND('',#879,.T.);
#308=FACE_OUTER_BOUND('',#880,.T.);
#309=FACE_OUTER_BOUND('',#881,.T.);
#310=FACE_OUTER_BOUND('',#882,.T.);
#311=FACE_OUTER_BOUND('',#883,.T.);
#312=FACE_OUTER_BOUND('',#884,.T.);
#313=FACE_OUTER_BOUND('',#885,.T.);
#314=FACE_OUTER_BOUND('',#886,.T.);
#315=FACE_OUTER_BOUND('',#887,.T.);
#316=FACE_OUTER_BOUND('',#888,.T.);
#317=FACE_OUTER_BOUND('',#889,.T.);
#318=FACE_OUTER_BOUND('',#890,.T.);
#319=FACE_OUTER_BOUND('',#891,.T.);
#320=FACE_OUTER_BOUND('',#892,.T.);
#321=FACE_OUTER_BOUND('',#893,.T.);
#322=FACE_OUTER_BOUND('',#894,.T.);
#323=FACE_OUTER_BOUND('',#895,.T.);
#324=FACE_OUTER_BOUND('',#896,.T.);
#325=FACE_OUTER_BOUND('',#897,.T.);
#326=FACE_OUTER_BOUND('',#898,.T.);
#327=FACE_OUTER_BOUND('',#899,.T.);
#328=FACE_OUTER_BOUND('',#900,.T.);
#329=FACE_OUTER_BOUND('',#901,.T.);
#330=FACE_OUTER_BOUND('',#902,.T.);
#331=FACE_OUTER_BOUND('',#903,.T.);
#332=FACE_OUTER_BOUND('',#904,.T.);
#333=FACE_OUTER_BOUND('',#905,.T.);
#334=FACE_OUTER_BOUND('',#906,.T.);
#335=FACE_OUTER_BOUND('',#907,.T.);
#336=FACE_OUTER_BOUND('',#908,.T.);
#337=FACE_OUTER_BOUND('',#909,.T.);
#338=FACE_OUTER_BOUND('',#910,.T.);
#339=FACE_OUTER_BOUND('',#911,.T.);
#340=FACE_OUTER_BOUND('',#912,.T.);
#341=FACE_OUTER_BOUND('',#913,.T.);
#342=FACE_OUTER_BOUND('',#914,.T.);
#343=FACE_OUTER_BOUND('',#915,.T.);
#344=FACE_OUTER_BOUND('',#916,.T.);
#345=FACE_OUTER_BOUND('',#917,.T.);
#346=FACE_OUTER_BOUND('',#918,.T.);
#347=FACE_OUTER_BOUND('',#919,.T.);
#348=FACE_OUTER_BOUND('',#920,.T.);
#349=FACE_OUTER_BOUND('',#921,.T.);
#350=FACE_OUTER_BOUND('',#922,.T.);
#351=FACE_OUTER_BOUND('',#923,.T.);
#352=FACE_OUTER_BOUND('',#924,.T.);
#353=FACE_OUTER_BOUND('',#925,.T.);
#354=FACE_OUTER_BOUND('',#926,.T.);
#355=FACE_OUTER_BOUND('',#927,.T.);
#356=FACE_OUTER_BOUND('',#928,.T.);
#357=FACE_OUTER_BOUND('',#929,.T.);
#358=FACE_OUTER_BOUND('',#930,.T.);
#359=FACE_OUTER_BOUND('',#931,.T.);
#360=FACE_OUTER_BOUND('',#932,.T.);
#361=FACE_OUTER_BOUND('',#933,.T.);
#362=FACE_OUTER_BOUND('',#934,.T.);
#363=FACE_OUTER_BOUND('',#935,.T.);
#364=FACE_OUTER_BOUND('',#936,.T.);
#365=FACE_OUTER_BOUND('',#937,.T.);
#366=FACE_OUTER_BOUND('',#938,.T.);
#367=FACE_OUTER_BOUND('',#939,.T.);
#368=FACE_OUTER_BOUND('',#940,.T.);
#369=FACE_OUTER_BOUND('',#941,.T.);
#370=FACE_OUTER_BOUND('',#942,.T.);
#371=FACE_OUTER_BOUND('',#943,.T.);
#372=FACE_OUTER_BOUND('',#944,.T.);
#373=FACE_OUTER_BOUND('',#945,.T.);
#374=FACE_OUTER_BOUND('',#946,.T.);
#375=FACE_OUTER_BOUND('',#947,.T.);
#376=FACE_OUTER_BOUND('',#948,.T.);
#377=FACE_OUTER_BOUND('',#949,.T.);
#378=FACE_OUTER_BOUND('',#950,.T.);
#379=FACE_OUTER_BOUND('',#951,.T.);
#380=FACE_OUTER_BOUND('',#952,.T.);
#381=FACE_OUTER_BOUND('',#953,.T.);
#382=FACE_OUTER_BOUND('',#954,.T.);
#383=FACE_OUTER_BOUND('',#955,.T.);
#384=FACE_OUTER_BOUND('',#956,.T.);
#385=FACE_OUTER_BOUND('',#957,.T.);
#386=FACE_OUTER_BOUND('',#958,.T.);
#387=FACE_OUTER_BOUND('',#959,.T.);
#388=FACE_OUTER_BOUND('',#960,.T.);
#389=FACE_OUTER_BOUND('',#961,.T.);
#390=FACE_OUTER_BOUND('',#962,.T.);
#391=FACE_OUTER_BOUND('',#963,.T.);
#392=FACE_OUTER_BOUND('',#964,.T.);
#393=FACE_OUTER_BOUND('',#965,.T.);
#394=FACE_OUTER_BOUND('',#966,.T.);
#395=FACE_OUTER_BOUND('',#967,.T.);
#396=FACE_OUTER_BOUND('',#968,.T.);
#397=FACE_OUTER_BOUND('',#969,.T.);
#398=FACE_OUTER_BOUND('',#970,.T.);
#399=FACE_OUTER_BOUND('',#971,.T.);
#400=FACE_OUTER_BOUND('',#972,.T.);
#401=FACE_OUTER_BOUND('',#973,.T.);
#402=FACE_OUTER_BOUND('',#974,.T.);
#403=FACE_OUTER_BOUND('',#975,.T.);
#404=FACE_OUTER_BOUND('',#976,.T.);
#405=FACE_OUTER_BOUND('',#977,.T.);
#406=FACE_OUTER_BOUND('',#978,.T.);
#407=FACE_OUTER_BOUND('',#979,.T.);
#408=FACE_OUTER_BOUND('',#980,.T.);
#409=FACE_OUTER_BOUND('',#981,.T.);
#410=FACE_OUTER_BOUND('',#982,.T.);
#411=FACE_OUTER_BOUND('',#983,.T.);
#412=FACE_OUTER_BOUND('',#984,.T.);
#413=FACE_OUTER_BOUND('',#985,.T.);
#414=FACE_OUTER_BOUND('',#986,.T.);
#415=FACE_OUTER_BOUND('',#987,.T.);
#416=FACE_OUTER_BOUND('',#988,.T.);
#417=FACE_OUTER_BOUND('',#989,.T.);
#418=FACE_OUTER_BOUND('',#990,.T.);
#419=FACE_OUTER_BOUND('',#991,.T.);
#420=FACE_OUTER_BOUND('',#992,.T.);
#421=FACE_OUTER_BOUND('',#993,.T.);
#422=FACE_OUTER_BOUND('',#994,.T.);
#423=FACE_OUTER_BOUND('',#995,.T.);
#424=FACE_OUTER_BOUND('',#996,.T.);
#425=FACE_OUTER_BOUND('',#997,.T.);
#426=FACE_OUTER_BOUND('',#998,.T.);
#427=FACE_OUTER_BOUND('',#999,.T.);
#428=FACE_OUTER_BOUND('',#1000,.T.);
#429=FACE_OUTER_BOUND('',#1001,.T.);
#430=FACE_OUTER_BOUND('',#1002,.T.);
#431=FACE_OUTER_BOUND('',#1003,.T.);
#432=FACE_OUTER_BOUND('',#1004,.T.);
#433=FACE_OUTER_BOUND('',#1005,.T.);
#434=FACE_OUTER_BOUND('',#1006,.T.);
#435=FACE_OUTER_BOUND('',#1007,.T.);
#436=FACE_OUTER_BOUND('',#1008,.T.);
#437=FACE_OUTER_BOUND('',#1009,.T.);
#438=FACE_OUTER_BOUND('',#1010,.T.);
#439=FACE_OUTER_BOUND('',#1011,.T.);
#440=FACE_OUTER_BOUND('',#1012,.T.);
#441=FACE_OUTER_BOUND('',#1013,.T.);
#442=FACE_OUTER_BOUND('',#1014,.T.);
#443=FACE_OUTER_BOUND('',#1015,.T.);
#444=FACE_OUTER_BOUND('',#1016,.T.);
#445=FACE_OUTER_BOUND('',#1017,.T.);
#446=FACE_OUTER_BOUND('',#1018,.T.);
#447=FACE_OUTER_BOUND('',#1019,.T.);
#448=FACE_OUTER_BOUND('',#1020,.T.);
#449=FACE_OUTER_BOUND('',#1021,.T.);
#450=FACE_OUTER_BOUND('',#1022,.T.);
#451=FACE_OUTER_BOUND('',#1023,.T.);
#452=FACE_OUTER_BOUND('',#1024,.T.);
#453=FACE_OUTER_BOUND('',#1025,.T.);
#454=FACE_OUTER_BOUND('',#1026,.T.);
#455=FACE_OUTER_BOUND('',#1027,.T.);
#456=FACE_OUTER_BOUND('',#1028,.T.);
#457=FACE_OUTER_BOUND('',#1029,.T.);
#458=FACE_OUTER_BOUND('',#1030,.T.);
#459=FACE_OUTER_BOUND('',#1031,.T.);
#460=FACE_OUTER_BOUND('',#1032,.T.);
#461=FACE_OUTER_BOUND('',#1033,.T.);
#462=FACE_OUTER_BOUND('',#1034,.T.);
#463=FACE_OUTER_BOUND('',#1035,.T.);
#464=FACE_OUTER_BOUND('',#1036,.T.);
#465=FACE_OUTER_BOUND('',#1037,.T.);
#466=FACE_OUTER_BOUND('',#1038,.T.);
#467=FACE_OUTER_BOUND('',#1039,.T.);
#468=FACE_OUTER_BOUND('',#1040,.T.);
#469=FACE_OUTER_BOUND('',#1041,.T.);
#470=FACE_OUTER_BOUND('',#1042,.T.);
#471=FACE_OUTER_BOUND('',#1043,.T.);
#472=FACE_OUTER_BOUND('',#1044,.T.);
#473=FACE_OUTER_BOUND('',#1045,.T.);
#474=FACE_OUTER_BOUND('',#1046,.T.);
#475=FACE_OUTER_BOUND('',#1047,.T.);
#476=FACE_OUTER_BOUND('',#1048,.T.);
#477=FACE_OUTER_BOUND('',#1049,.T.);
#478=FACE_OUTER_BOUND('',#1050,.T.);
#479=FACE_OUTER_BOUND('',#1051,.T.);
#480=FACE_OUTER_BOUND('',#1052,.T.);
#481=FACE_OUTER_BOUND('',#1053,.T.);
#482=FACE_OUTER_BOUND('',#1054,.T.);
#483=FACE_OUTER_BOUND('',#1055,.T.);
#484=FACE_OUTER_BOUND('',#1056,.T.);
#485=FACE_OUTER_BOUND('',#1057,.T.);
#486=FACE_OUTER_BOUND('',#1058,.T.);
#487=FACE_OUTER_BOUND('',#1059,.T.);
#488=FACE_OUTER_BOUND('',#1060,.T.);
#489=FACE_OUTER_BOUND('',#1061,.T.);
#490=FACE_OUTER_BOUND('',#1062,.T.);
#491=FACE_OUTER_BOUND('',#1063,.T.);
#492=FACE_OUTER_BOUND('',#1064,.T.);
#493=FACE_OUTER_BOUND('',#1065,.T.);
#494=FACE_OUTER_BOUND('',#1066,.T.);
#495=FACE_OUTER_BOUND('',#1067,.T.);
#496=FACE_OUTER_BOUND('',#1068,.T.);
#497=FACE_OUTER_BOUND('',#1069,.T.);
#498=FACE_OUTER_BOUND('',#1070,.T.);
#499=FACE_OUTER_BOUND('',#1071,.T.);
#500=FACE_OUTER_BOUND('',#1072,.T.);
#501=FACE_OUTER_BOUND('',#1073,.T.);
#502=FACE_OUTER_BOUND('',#1074,.T.);
#503=FACE_OUTER_BOUND('',#1075,.T.);
#504=FACE_OUTER_BOUND('',#1076,.T.);
#505=FACE_OUTER_BOUND('',#1077,.T.);
#506=FACE_OUTER_BOUND('',#1078,.T.);
#507=FACE_OUTER_BOUND('',#1079,.T.);
#508=FACE_OUTER_BOUND('',#1080,.T.);
#509=FACE_OUTER_BOUND('',#1081,.T.);
#510=FACE_OUTER_BOUND('',#1082,.T.);
#511=FACE_OUTER_BOUND('',#1083,.T.);
#512=FACE_OUTER_BOUND('',#1084,.T.);
#513=FACE_OUTER_BOUND('',#1085,.T.);
#514=FACE_OUTER_BOUND('',#1086,.T.);
#515=FACE_OUTER_BOUND('',#1087,.T.);
#516=FACE_OUTER_BOUND('',#1088,.T.);
#517=FACE_OUTER_BOUND('',#1089,.T.);
#518=FACE_OUTER_BOUND('',#1090,.T.);
#519=FACE_OUTER_BOUND('',#1091,.T.);
#520=FACE_OUTER_BOUND('',#1092,.T.);
#521=FACE_OUTER_BOUND('',#1093,.T.);
#522=FACE_OUTER_BOUND('',#1094,.T.);
#523=FACE_OUTER_BOUND('',#1095,.T.);
#524=FACE_OUTER_BOUND('',#1096,.T.);
#525=FACE_OUTER_BOUND('',#1097,.T.);
#526=FACE_OUTER_BOUND('',#1098,.T.);
#527=FACE_OUTER_BOUND('',#1099,.T.);
#528=FACE_OUTER_BOUND('',#1100,.T.);
#529=FACE_OUTER_BOUND('',#1101,.T.);
#530=FACE_OUTER_BOUND('',#1102,.T.);
#531=FACE_OUTER_BOUND('',#1103,.T.);
#532=FACE_OUTER_BOUND('',#1104,.T.);
#533=FACE_OUTER_BOUND('',#1105,.T.);
#534=FACE_OUTER_BOUND('',#1106,.T.);
#535=FACE_OUTER_BOUND('',#1107,.T.);
#536=FACE_OUTER_BOUND('',#1108,.T.);
#537=FACE_OUTER_BOUND('',#1109,.T.);
#538=FACE_OUTER_BOUND('',#1110,.T.);
#539=FACE_OUTER_BOUND('',#1111,.T.);
#540=FACE_OUTER_BOUND('',#1112,.T.);
#541=FACE_OUTER_BOUND('',#1113,.T.);
#542=FACE_OUTER_BOUND('',#1114,.T.);
#543=FACE_OUTER_BOUND('',#1115,.T.);
#544=FACE_OUTER_BOUND('',#1116,.T.);
#545=FACE_OUTER_BOUND('',#1117,.T.);
#546=FACE_OUTER_BOUND('',#1118,.T.);
#547=FACE_OUTER_BOUND('',#1119,.T.);
#548=FACE_OUTER_BOUND('',#1120,.T.);
#549=FACE_OUTER_BOUND('',#1121,.T.);
#550=FACE_OUTER_BOUND('',#1122,.T.);
#551=FACE_OUTER_BOUND('',#1123,.T.);
#552=FACE_OUTER_BOUND('',#1124,.T.);
#553=FACE_OUTER_BOUND('',#1125,.T.);
#554=FACE_OUTER_BOUND('',#1126,.T.);
#555=FACE_OUTER_BOUND('',#1127,.T.);
#556=FACE_OUTER_BOUND('',#1128,.T.);
#557=FACE_OUTER_BOUND('',#1129,.T.);
#558=FACE_OUTER_BOUND('',#1130,.T.);
#559=FACE_OUTER_BOUND('',#1131,.T.);
#560=FACE_OUTER_BOUND('',#1132,.T.);
#561=FACE_OUTER_BOUND('',#1133,.T.);
#562=FACE_OUTER_BOUND('',#1134,.T.);
#563=FACE_OUTER_BOUND('',#1135,.T.);
#564=FACE_OUTER_BOUND('',#1136,.T.);
#565=FACE_OUTER_BOUND('',#1137,.T.);
#566=FACE_OUTER_BOUND('',#1138,.T.);
#567=FACE_OUTER_BOUND('',#1139,.T.);
#568=FACE_OUTER_BOUND('',#1140,.T.);
#569=FACE_OUTER_BOUND('',#1141,.T.);
#570=FACE_OUTER_BOUND('',#1142,.T.);
#571=FACE_OUTER_BOUND('',#1143,.T.);
#572=FACE_OUTER_BOUND('',#1144,.T.);
#573=FACE_OUTER_BOUND('',#1145,.T.);
#574=FACE_OUTER_BOUND('',#1146,.T.);
#575=FACE_OUTER_BOUND('',#1147,.T.);
#576=FACE_OUTER_BOUND('',#1148,.T.);
#577=FACE_OUTER_BOUND('',#1149,.T.);
#578=FACE_OUTER_BOUND('',#1150,.T.);
#579=FACE_OUTER_BOUND('',#1151,.T.);
#580=FACE_OUTER_BOUND('',#1152,.T.);
#581=FACE_OUTER_BOUND('',#1153,.T.);
#582=FACE_OUTER_BOUND('',#1154,.T.);
#583=FACE_OUTER_BOUND('',#1155,.T.);
#584=FACE_OUTER_BOUND('',#1156,.T.);
#585=FACE_OUTER_BOUND('',#1157,.T.);
#586=FACE_OUTER_BOUND('',#1158,.T.);
#587=EDGE_LOOP('',(#4019,#4020,#4021));
#588=EDGE_LOOP('',(#4022,#4023,#4024));
#589=EDGE_LOOP('',(#4025,#4026,#4027));
#590=EDGE_LOOP('',(#4028,#4029,#4030));
#591=EDGE_LOOP('',(#4031,#4032,#4033));
#592=EDGE_LOOP('',(#4034,#4035,#4036));
#593=EDGE_LOOP('',(#4037,#4038,#4039));
#594=EDGE_LOOP('',(#4040,#4041,#4042));
#595=EDGE_LOOP('',(#4043,#4044,#4045));
#596=EDGE_LOOP('',(#4046,#4047,#4048));
#597=EDGE_LOOP('',(#4049,#4050,#4051));
#598=EDGE_LOOP('',(#4052,#4053,#4054));
#599=EDGE_LOOP('',(#4055,#4056,#4057));
#600=EDGE_LOOP('',(#4058,#4059,#4060));
#601=EDGE_LOOP('',(#4061,#4062,#4063));
#602=EDGE_LOOP('',(#4064,#4065,#4066));
#603=EDGE_LOOP('',(#4067,#4068,#4069));
#604=EDGE_LOOP('',(#4070,#4071,#4072));
#605=EDGE_LOOP('',(#4073,#4074,#4075));
#606=EDGE_LOOP('',(#4076,#4077,#4078));
#607=EDGE_LOOP('',(#4079,#4080,#4081));
#608=EDGE_LOOP('',(#4082,#4083,#4084));
#609=EDGE_LOOP('',(#4085,#4086,#4087));
#610=EDGE_LOOP('',(#4088,#4089,#4090));
#611=EDGE_LOOP('',(#4091,#4092,#4093));
#612=EDGE_LOOP('',(#4094,#4095,#4096));
#613=EDGE_LOOP('',(#4097,#4098,#4099));
#614=EDGE_LOOP('',(#4100,#4101,#4102));
#615=EDGE_LOOP('',(#4103,#4104,#4105));
#616=EDGE_LOOP('',(#4106,#4107,#4108));
#617=EDGE_LOOP('',(#4109,#4110,#4111));
#618=EDGE_LOOP('',(#4112,#4113,#4114));
#619=EDGE_LOOP('',(#4115,#4116,#4117));
#620=EDGE_LOOP('',(#4118,#4119,#4120));
#621=EDGE_LOOP('',(#4121,#4122,#4123));
#622=EDGE_LOOP('',(#4124,#4125,#4126));
#623=EDGE_LOOP('',(#4127,#4128,#4129));
#624=EDGE_LOOP('',(#4130,#4131,#4132));
#625=EDGE_LOOP('',(#4133,#4134,#4135));
#626=EDGE_LOOP('',(#4136,#4137,#4138));
#627=EDGE_LOOP('',(#4139,#4140,#4141));
#628=EDGE_LOOP('',(#4142,#4143,#4144));
#629=EDGE_LOOP('',(#4145,#4146,#4147));
#630=EDGE_LOOP('',(#4148,#4149,#4150));
#631=EDGE_LOOP('',(#4151,#4152,#4153));
#632=EDGE_LOOP('',(#4154,#4155,#4156));
#633=EDGE_LOOP('',(#4157,#4158,#4159));
#634=EDGE_LOOP('',(#4160,#4161,#4162));
#635=EDGE_LOOP('',(#4163,#4164,#4165));
#636=EDGE_LOOP('',(#4166,#4167,#4168));
#637=EDGE_LOOP('',(#4169,#4170,#4171));
#638=EDGE_LOOP('',(#4172,#4173,#4174));
#639=EDGE_LOOP('',(#4175,#4176,#4177));
#640=EDGE_LOOP('',(#4178,#4179,#4180));
#641=EDGE_LOOP('',(#4181,#4182,#4183));
#642=EDGE_LOOP('',(#4184,#4185,#4186));
#643=EDGE_LOOP('',(#4187,#4188,#4189));
#644=EDGE_LOOP('',(#4190,#4191,#4192));
#645=EDGE_LOOP('',(#4193,#4194,#4195));
#646=EDGE_LOOP('',(#4196,#4197,#4198));
#647=EDGE_LOOP('',(#4199,#4200,#4201));
#648=EDGE_LOOP('',(#4202,#4203,#4204));
#649=EDGE_LOOP('',(#4205,#4206,#4207));
#650=EDGE_LOOP('',(#4208,#4209,#4210));
#651=EDGE_LOOP('',(#4211,#4212,#4213));
#652=EDGE_LOOP('',(#4214,#4215,#4216));
#653=EDGE_LOOP('',(#4217,#4218,#4219));
#654=EDGE_LOOP('',(#4220,#4221,#4222));
#655=EDGE_LOOP('',(#4223,#4224,#4225));
#656=EDGE_LOOP('',(#4226,#4227,#4228));
#657=EDGE_LOOP('',(#4229,#4230,#4231));
#658=EDGE_LOOP('',(#4232,#4233,#4234));
#659=EDGE_LOOP('',(#4235,#4236,#4237));
#660=EDGE_LOOP('',(#4238,#4239,#4240));
#661=EDGE_LOOP('',(#4241,#4242,#4243));
#662=EDGE_LOOP('',(#4244,#4245,#4246));
#663=EDGE_LOOP('',(#4247,#4248,#4249));
#664=EDGE_LOOP('',(#4250,#4251,#4252));
#665=EDGE_LOOP('',(#4253,#4254,#4255));
#666=EDGE_LOOP('',(#4256,#4257,#4258));
#667=EDGE_LOOP('',(#4259,#4260,#4261));
#668=EDGE_LOOP('',(#4262,#4263,#4264));
#669=EDGE_LOOP('',(#4265,#4266,#4267));
#670=EDGE_LOOP('',(#4268,#4269,#4270));
#671=EDGE_LOOP('',(#4271,#4272,#4273));
#672=EDGE_LOOP('',(#4274,#4275,#4276));
#673=EDGE_LOOP('',(#4277,#4278,#4279));
#674=EDGE_LOOP('',(#4280,#4281,#4282));
#675=EDGE_LOOP('',(#4283,#4284,#4285));
#676=EDGE_LOOP('',(#4286,#4287,#4288));
#677=EDGE_LOOP('',(#4289,#4290,#4291));
#678=EDGE_LOOP('',(#4292,#4293,#4294));
#679=EDGE_LOOP('',(#4295,#4296,#4297));
#680=EDGE_LOOP('',(#4298,#4299,#4300));
#681=EDGE_LOOP('',(#4301,#4302,#4303));
#682=EDGE_LOOP('',(#4304,#4305,#4306));
#683=EDGE_LOOP('',(#4307,#4308,#4309));
#684=EDGE_LOOP('',(#4310,#4311,#4312));
#685=EDGE_LOOP('',(#4313,#4314,#4315));
#686=EDGE_LOOP('',(#4316,#4317,#4318));
#687=EDGE_LOOP('',(#4319,#4320,#4321));
#688=EDGE_LOOP('',(#4322,#4323,#4324));
#689=EDGE_LOOP('',(#4325,#4326,#4327));
#690=EDGE_LOOP('',(#4328,#4329,#4330));
#691=EDGE_LOOP('',(#4331,#4332,#4333));
#692=EDGE_LOOP('',(#4334,#4335,#4336));
#693=EDGE_LOOP('',(#4337,#4338,#4339));
#694=EDGE_LOOP('',(#4340,#4341,#4342));
#695=EDGE_LOOP('',(#4343,#4344,#4345));
#696=EDGE_LOOP('',(#4346,#4347,#4348));
#697=EDGE_LOOP('',(#4349,#4350,#4351));
#698=EDGE_LOOP('',(#4352,#4353,#4354));
#699=EDGE_LOOP('',(#4355,#4356,#4357));
#700=EDGE_LOOP('',(#4358,#4359,#4360));
#701=EDGE_LOOP('',(#4361,#4362,#4363));
#702=EDGE_LOOP('',(#4364,#4365,#4366));
#703=EDGE_LOOP('',(#4367,#4368,#4369));
#704=EDGE_LOOP('',(#4370,#4371,#4372));
#705=EDGE_LOOP('',(#4373,#4374,#4375));
#706=EDGE_LOOP('',(#4376,#4377,#4378));
#707=EDGE_LOOP('',(#4379,#4380,#4381));
#708=EDGE_LOOP('',(#4382,#4383,#4384));
#709=EDGE_LOOP('',(#4385,#4386,#4387));
#710=EDGE_LOOP('',(#4388,#4389,#4390));
#711=EDGE_LOOP('',(#4391,#4392,#4393));
#712=EDGE_LOOP('',(#4394,#4395,#4396));
#713=EDGE_LOOP('',(#4397,#4398,#4399));
#714=EDGE_LOOP('',(#4400,#4401,#4402));
#715=EDGE_LOOP('',(#4403,#4404,#4405));
#716=EDGE_LOOP('',(#4406,#4407,#4408));
#717=EDGE_LOOP('',(#4409,#4410,#4411));
#718=EDGE_LOOP('',(#4412,#4413,#4414));
#719=EDGE_LOOP('',(#4415,#4416,#4417));
#720=EDGE_LOOP('',(#4418,#4419,#4420));
#721=EDGE_LOOP('',(#4421,#4422,#4423));
#722=EDGE_LOOP('',(#4424,#4425,#4426));
#723=EDGE_LOOP('',(#4427,#4428,#4429));
#724=EDGE_LOOP('',(#4430,#4431,#4432));
#725=EDGE_LOOP('',(#4433,#4434,#4435));
#726=EDGE_LOOP('',(#4436,#4437,#4438));
#727=EDGE_LOOP('',(#4439,#4440,#4441));
#728=EDGE_LOOP('',(#4442,#4443,#4444));
#729=EDGE_LOOP('',(#4445,#4446,#4447));
#730=EDGE_LOOP('',(#4448,#4449,#4450));
#731=EDGE_LOOP('',(#4451,#4452,#4453));
#732=EDGE_LOOP('',(#4454,#4455,#4456));
#733=EDGE_LOOP('',(#4457,#4458,#4459));
#734=EDGE_LOOP('',(#4460,#4461,#4462));
#735=EDGE_LOOP('',(#4463,#4464,#4465));
#736=EDGE_LOOP('',(#4466,#4467,#4468));
#737=EDGE_LOOP('',(#4469,#4470,#4471));
#738=EDGE_LOOP('',(#4472,#4473,#4474));
#739=EDGE_LOOP('',(#4475,#4476,#4477));
#740=EDGE_LOOP('',(#4478,#4479,#4480));
#741=EDGE_LOOP('',(#4481,#4482,#4483));
#742=EDGE_LOOP('',(#4484,#4485,#4486));
#743=EDGE_LOOP('',(#4487,#4488,#4489));
#744=EDGE_LOOP('',(#4490,#4491,#4492));
#745=EDGE_LOOP('',(#4493,#4494,#4495));
#746=EDGE_LOOP('',(#4496,#4497,#4498));
#747=EDGE_LOOP('',(#4499,#4500,#4501));
#748=EDGE_LOOP('',(#4502,#4503,#4504));
#749=EDGE_LOOP('',(#4505,#4506,#4507));
#750=EDGE_LOOP('',(#4508,#4509,#4510));
#751=EDGE_LOOP('',(#4511,#4512,#4513));
#752=EDGE_LOOP('',(#4514,#4515,#4516));
#753=EDGE_LOOP('',(#4517,#4518,#4519));
#754=EDGE_LOOP('',(#4520,#4521,#4522));
#755=EDGE_LOOP('',(#4523,#4524,#4525));
#756=EDGE_LOOP('',(#4526,#4527,#4528));
#757=EDGE_LOOP('',(#4529,#4530,#4531));
#758=EDGE_LOOP('',(#4532,#4533,#4534));
#759=EDGE_LOOP('',(#4535,#4536,#4537));
#760=EDGE_LOOP('',(#4538,#4539,#4540));
#761=EDGE_LOOP('',(#4541,#4542,#4543));
#762=EDGE_LOOP('',(#4544,#4545,#4546));
#763=EDGE_LOOP('',(#4547,#4548,#4549));
#764=EDGE_LOOP('',(#4550,#4551,#4552));
#765=EDGE_LOOP('',(#4553,#4554,#4555));
#766=EDGE_LOOP('',(#4556,#4557,#4558));
#767=EDGE_LOOP('',(#4559,#4560,#4561));
#768=EDGE_LOOP('',(#4562,#4563,#4564));
#769=EDGE_LOOP('',(#4565,#4566,#4567));
#770=EDGE_LOOP('',(#4568,#4569,#4570));
#771=EDGE_LOOP('',(#4571,#4572,#4573));
#772=EDGE_LOOP('',(#4574,#4575,#4576));
#773=EDGE_LOOP('',(#4577,#4578,#4579));
#774=EDGE_LOOP('',(#4580,#4581,#4582));
#775=EDGE_LOOP('',(#4583,#4584,#4585));
#776=EDGE_LOOP('',(#4586,#4587,#4588));
#777=EDGE_LOOP('',(#4589,#4590,#4591));
#778=EDGE_LOOP('',(#4592,#4593,#4594));
#779=EDGE_LOOP('',(#4595,#4596,#4597));
#780=EDGE_LOOP('',(#4598,#4599,#4600));
#781=EDGE_LOOP('',(#4601,#4602,#4603));
#782=EDGE_LOOP('',(#4604,#4605,#4606));
#783=EDGE_LOOP('',(#4607,#4608,#4609));
#784=EDGE_LOOP('',(#4610,#4611,#4612));
#785=EDGE_LOOP('',(#4613,#4614,#4615));
#786=EDGE_LOOP('',(#4616,#4617,#4618));
#787=EDGE_LOOP('',(#4619,#4620,#4621));
#788=EDGE_LOOP('',(#4622,#4623,#4624));
#789=EDGE_LOOP('',(#4625,#4626,#4627));
#790=EDGE_LOOP('',(#4628,#4629,#4630));
#791=EDGE_LOOP('',(#4631,#4632,#4633));
#792=EDGE_LOOP('',(#4634,#4635,#4636));
#793=EDGE_LOOP('',(#4637,#4638,#4639));
#794=EDGE_LOOP('',(#4640,#4641,#4642));
#795=EDGE_LOOP('',(#4643,#4644,#4645));
#796=EDGE_LOOP('',(#4646,#4647,#4648));
#797=EDGE_LOOP('',(#4649,#4650,#4651));
#798=EDGE_LOOP('',(#4652,#4653,#4654));
#799=EDGE_LOOP('',(#4655,#4656,#4657));
#800=EDGE_LOOP('',(#4658,#4659,#4660));
#801=EDGE_LOOP('',(#4661,#4662,#4663));
#802=EDGE_LOOP('',(#4664,#4665,#4666));
#803=EDGE_LOOP('',(#4667,#4668,#4669));
#804=EDGE_LOOP('',(#4670,#4671,#4672));
#805=EDGE_LOOP('',(#4673,#4674,#4675));
#806=EDGE_LOOP('',(#4676,#4677,#4678));
#807=EDGE_LOOP('',(#4679,#4680,#4681));
#808=EDGE_LOOP('',(#4682,#4683,#4684));
#809=EDGE_LOOP('',(#4685,#4686,#4687));
#810=EDGE_LOOP('',(#4688,#4689,#4690));
#811=EDGE_LOOP('',(#4691,#4692,#4693));
#812=EDGE_LOOP('',(#4694,#4695,#4696));
#813=EDGE_LOOP('',(#4697,#4698,#4699));
#814=EDGE_LOOP('',(#4700,#4701,#4702));
#815=EDGE_LOOP('',(#4703,#4704,#4705));
#816=EDGE_LOOP('',(#4706,#4707,#4708));
#817=EDGE_LOOP('',(#4709,#4710,#4711));
#818=EDGE_LOOP('',(#4712,#4713,#4714));
#819=EDGE_LOOP('',(#4715,#4716,#4717));
#820=EDGE_LOOP('',(#4718,#4719,#4720));
#821=EDGE_LOOP('',(#4721,#4722,#4723));
#822=EDGE_LOOP('',(#4724,#4725,#4726));
#823=EDGE_LOOP('',(#4727,#4728,#4729));
#824=EDGE_LOOP('',(#4730,#4731,#4732));
#825=EDGE_LOOP('',(#4733,#4734,#4735));
#826=EDGE_LOOP('',(#4736,#4737,#4738));
#827=EDGE_LOOP('',(#4739,#4740,#4741));
#828=EDGE_LOOP('',(#4742,#4743,#4744));
#829=EDGE_LOOP('',(#4745,#4746,#4747));
#830=EDGE_LOOP('',(#4748,#4749,#4750));
#831=EDGE_LOOP('',(#4751,#4752,#4753));
#832=EDGE_LOOP('',(#4754,#4755,#4756));
#833=EDGE_LOOP('',(#4757,#4758,#4759));
#834=EDGE_LOOP('',(#4760,#4761,#4762));
#835=EDGE_LOOP('',(#4763,#4764,#4765));
#836=EDGE_LOOP('',(#4766,#4767,#4768));
#837=EDGE_LOOP('',(#4769,#4770,#4771));
#838=EDGE_LOOP('',(#4772,#4773,#4774));
#839=EDGE_LOOP('',(#4775,#4776,#4777));
#840=EDGE_LOOP('',(#4778,#4779,#4780));
#841=EDGE_LOOP('',(#4781,#4782,#4783));
#842=EDGE_LOOP('',(#4784,#4785,#4786));
#843=EDGE_LOOP('',(#4787,#4788,#4789));
#844=EDGE_LOOP('',(#4790,#4791,#4792));
#845=EDGE_LOOP('',(#4793,#4794,#4795));
#846=EDGE_LOOP('',(#4796,#4797,#4798));
#847=EDGE_LOOP('',(#4799,#4800,#4801));
#848=EDGE_LOOP('',(#4802,#4803,#4804));
#849=EDGE_LOOP('',(#4805,#4806,#4807));
#850=EDGE_LOOP('',(#4808,#4809,#4810));
#851=EDGE_LOOP('',(#4811,#4812,#4813));
#852=EDGE_LOOP('',(#4814,#4815,#4816));
#853=EDGE_LOOP('',(#4817,#4818,#4819));
#854=EDGE_LOOP('',(#4820,#4821,#4822));
#855=EDGE_LOOP('',(#4823,#4824,#4825));
#856=EDGE_LOOP('',(#4826,#4827,#4828));
#857=EDGE_LOOP('',(#4829,#4830,#4831));
#858=EDGE_LOOP('',(#4832,#4833,#4834));
#859=EDGE_LOOP('',(#4835,#4836,#4837));
#860=EDGE_LOOP('',(#4838,#4839,#4840));
#861=EDGE_LOOP('',(#4841,#4842,#4843));
#862=EDGE_LOOP('',(#4844,#4845,#4846));
#863=EDGE_LOOP('',(#4847,#4848,#4849));
#864=EDGE_LOOP('',(#4850,#4851,#4852));
#865=EDGE_LOOP('',(#4853,#4854,#4855));
#866=EDGE_LOOP('',(#4856,#4857,#4858));
#867=EDGE_LOOP('',(#4859,#4860,#4861));
#868=EDGE_LOOP('',(#4862,#4863,#4864));
#869=EDGE_LOOP('',(#4865,#4866,#4867));
#870=EDGE_LOOP('',(#4868,#4869,#4870));
#871=EDGE_LOOP('',(#4871,#4872,#4873));
#872=EDGE_LOOP('',(#4874,#4875,#4876));
#873=EDGE_LOOP('',(#4877,#4878,#4879));
#874=EDGE_LOOP('',(#4880,#4881,#4882));
#875=EDGE_LOOP('',(#4883,#4884,#4885));
#876=EDGE_LOOP('',(#4886,#4887,#4888));
#877=EDGE_LOOP('',(#4889,#4890,#4891));
#878=EDGE_LOOP('',(#4892,#4893,#4894));
#879=EDGE_LOOP('',(#4895,#4896,#4897));
#880=EDGE_LOOP('',(#4898,#4899,#4900));
#881=EDGE_LOOP('',(#4901,#4902,#4903));
#882=EDGE_LOOP('',(#4904,#4905,#4906));
#883=EDGE_LOOP('',(#4907,#4908,#4909));
#884=EDGE_LOOP('',(#4910,#4911,#4912));
#885=EDGE_LOOP('',(#4913,#4914,#4915));
#886=EDGE_LOOP('',(#4916,#4917,#4918));
#887=EDGE_LOOP('',(#4919,#4920,#4921));
#888=EDGE_LOOP('',(#4922,#4923,#4924));
#889=EDGE_LOOP('',(#4925,#4926,#4927));
#890=EDGE_LOOP('',(#4928,#4929,#4930));
#891=EDGE_LOOP('',(#4931,#4932,#4933));
#892=EDGE_LOOP('',(#4934,#4935,#4936));
#893=EDGE_LOOP('',(#4937,#4938,#4939));
#894=EDGE_LOOP('',(#4940,#4941,#4942));
#895=EDGE_LOOP('',(#4943,#4944,#4945));
#896=EDGE_LOOP('',(#4946,#4947,#4948));
#897=EDGE_LOOP('',(#4949,#4950,#4951));
#898=EDGE_LOOP('',(#4952,#4953,#4954));
#899=EDGE_LOOP('',(#4955,#4956,#4957));
#900=EDGE_LOOP('',(#4958,#4959,#4960));
#901=EDGE_LOOP('',(#4961,#4962,#4963));
#902=EDGE_LOOP('',(#4964,#4965,#4966));
#903=EDGE_LOOP('',(#4967,#4968,#4969));
#904=EDGE_LOOP('',(#4970,#4971,#4972));
#905=EDGE_LOOP('',(#4973,#4974,#4975));
#906=EDGE_LOOP('',(#4976,#4977,#4978));
#907=EDGE_LOOP('',(#4979,#4980,#4981));
#908=EDGE_LOOP('',(#4982,#4983,#4984));
#909=EDGE_LOOP('',(#4985,#4986,#4987));
#910=EDGE_LOOP('',(#4988,#4989,#4990));
#911=EDGE_LOOP('',(#4991,#4992,#4993));
#912=EDGE_LOOP('',(#4994,#4995,#4996));
#913=EDGE_LOOP('',(#4997,#4998,#4999));
#914=EDGE_LOOP('',(#5000,#5001,#5002));
#915=EDGE_LOOP('',(#5003,#5004,#5005));
#916=EDGE_LOOP('',(#5006,#5007,#5008));
#917=EDGE_LOOP('',(#5009,#5010,#5011));
#918=EDGE_LOOP('',(#5012,#5013,#5014));
#919=EDGE_LOOP('',(#5015,#5016,#5017));
#920=EDGE_LOOP('',(#5018,#5019,#5020));
#921=EDGE_LOOP('',(#5021,#5022,#5023));
#922=EDGE_LOOP('',(#5024,#5025,#5026));
#923=EDGE_LOOP('',(#5027,#5028,#5029));
#924=EDGE_LOOP('',(#5030,#5031,#5032));
#925=EDGE_LOOP('',(#5033,#5034,#5035));
#926=EDGE_LOOP('',(#5036,#5037,#5038));
#927=EDGE_LOOP('',(#5039,#5040,#5041));
#928=EDGE_LOOP('',(#5042,#5043,#5044));
#929=EDGE_LOOP('',(#5045,#5046,#5047));
#930=EDGE_LOOP('',(#5048,#5049,#5050));
#931=EDGE_LOOP('',(#5051,#5052,#5053));
#932=EDGE_LOOP('',(#5054,#5055,#5056));
#933=EDGE_LOOP('',(#5057,#5058,#5059));
#934=EDGE_LOOP('',(#5060,#5061,#5062));
#935=EDGE_LOOP('',(#5063,#5064,#5065));
#936=EDGE_LOOP('',(#5066,#5067,#5068));
#937=EDGE_LOOP('',(#5069,#5070,#5071));
#938=EDGE_LOOP('',(#5072,#5073,#5074));
#939=EDGE_LOOP('',(#5075,#5076,#5077));
#940=EDGE_LOOP('',(#5078,#5079,#5080));
#941=EDGE_LOOP('',(#5081,#5082,#5083));
#942=EDGE_LOOP('',(#5084,#5085,#5086));
#943=EDGE_LOOP('',(#5087,#5088,#5089));
#944=EDGE_LOOP('',(#5090,#5091,#5092));
#945=EDGE_LOOP('',(#5093,#5094,#5095));
#946=EDGE_LOOP('',(#5096,#5097,#5098));
#947=EDGE_LOOP('',(#5099,#5100,#5101));
#948=EDGE_LOOP('',(#5102,#5103,#5104));
#949=EDGE_LOOP('',(#5105,#5106,#5107));
#950=EDGE_LOOP('',(#5108,#5109,#5110));
#951=EDGE_LOOP('',(#5111,#5112,#5113));
#952=EDGE_LOOP('',(#5114,#5115,#5116));
#953=EDGE_LOOP('',(#5117,#5118,#5119));
#954=EDGE_LOOP('',(#5120,#5121,#5122));
#955=EDGE_LOOP('',(#5123,#5124,#5125));
#956=EDGE_LOOP('',(#5126,#5127,#5128));
#957=EDGE_LOOP('',(#5129,#5130,#5131));
#958=EDGE_LOOP('',(#5132,#5133,#5134));
#959=EDGE_LOOP('',(#5135,#5136,#5137));
#960=EDGE_LOOP('',(#5138,#5139,#5140));
#961=EDGE_LOOP('',(#5141,#5142,#5143));
#962=EDGE_LOOP('',(#5144,#5145,#5146));
#963=EDGE_LOOP('',(#5147,#5148,#5149));
#964=EDGE_LOOP('',(#5150,#5151,#5152));
#965=EDGE_LOOP('',(#5153,#5154,#5155));
#966=EDGE_LOOP('',(#5156,#5157,#5158));
#967=EDGE_LOOP('',(#5159,#5160,#5161));
#968=EDGE_LOOP('',(#5162,#5163,#5164));
#969=EDGE_LOOP('',(#5165,#5166,#5167));
#970=EDGE_LOOP('',(#5168,#5169,#5170));
#971=EDGE_LOOP('',(#5171,#5172,#5173));
#972=EDGE_LOOP('',(#5174,#5175,#5176));
#973=EDGE_LOOP('',(#5177,#5178,#5179));
#974=EDGE_LOOP('',(#5180,#5181,#5182));
#975=EDGE_LOOP('',(#5183,#5184,#5185));
#976=EDGE_LOOP('',(#5186,#5187,#5188));
#977=EDGE_LOOP('',(#5189,#5190,#5191));
#978=EDGE_LOOP('',(#5192,#5193,#5194));
#979=EDGE_LOOP('',(#5195,#5196,#5197));
#980=EDGE_LOOP('',(#5198,#5199,#5200));
#981=EDGE_LOOP('',(#5201,#5202,#5203));
#982=EDGE_LOOP('',(#5204,#5205,#5206));
#983=EDGE_LOOP('',(#5207,#5208,#5209));
#984=EDGE_LOOP('',(#5210,#5211,#5212));
#985=EDGE_LOOP('',(#5213,#5214,#5215));
#986=EDGE_LOOP('',(#5216,#5217,#5218));
#987=EDGE_LOOP('',(#5219,#5220,#5221));
#988=EDGE_LOOP('',(#5222,#5223,#5224));
#989=EDGE_LOOP('',(#5225,#5226,#5227));
#990=EDGE_LOOP('',(#5228,#5229,#5230));
#991=EDGE_LOOP('',(#5231,#5232,#5233));
#992=EDGE_LOOP('',(#5234,#5235,#5236));
#993=EDGE_LOOP('',(#5237,#5238,#5239));
#994=EDGE_LOOP('',(#5240,#5241,#5242));
#995=EDGE_LOOP('',(#5243,#5244,#5245));
#996=EDGE_LOOP('',(#5246,#5247,#5248));
#997=EDGE_LOOP('',(#5249,#5250,#5251));
#998=EDGE_LOOP('',(#5252,#5253,#5254));
#999=EDGE_LOOP('',(#5255,#5256,#5257));
#1000=EDGE_LOOP('',(#5258,#5259,#5260));
#1001=EDGE_LOOP('',(#5261,#5262,#5263));
#1002=EDGE_LOOP('',(#5264,#5265,#5266));
#1003=EDGE_LOOP('',(#5267,#5268,#5269));
#1004=EDGE_LOOP('',(#5270,#5271,#5272));
#1005=EDGE_LOOP('',(#5273,#5274,#5275));
#1006=EDGE_LOOP('',(#5276,#5277,#5278));
#1007=EDGE_LOOP('',(#5279,#5280,#5281));
#1008=EDGE_LOOP('',(#5282,#5283,#5284));
#1009=EDGE_LOOP('',(#5285,#5286,#5287));
#1010=EDGE_LOOP('',(#5288,#5289,#5290));
#1011=EDGE_LOOP('',(#5291,#5292,#5293));
#1012=EDGE_LOOP('',(#5294,#5295,#5296));
#1013=EDGE_LOOP('',(#5297,#5298,#5299));
#1014=EDGE_LOOP('',(#5300,#5301,#5302));
#1015=EDGE_LOOP('',(#5303,#5304,#5305));
#1016=EDGE_LOOP('',(#5306,#5307,#5308));
#1017=EDGE_LOOP('',(#5309,#5310,#5311));
#1018=EDGE_LOOP('',(#5312,#5313,#5314));
#1019=EDGE_LOOP('',(#5315,#5316,#5317));
#1020=EDGE_LOOP('',(#5318,#5319,#5320));
#1021=EDGE_LOOP('',(#5321,#5322,#5323));
#1022=EDGE_LOOP('',(#5324,#5325,#5326));
#1023=EDGE_LOOP('',(#5327,#5328,#5329));
#1024=EDGE_LOOP('',(#5330,#5331,#5332));
#1025=EDGE_LOOP('',(#5333,#5334,#5335));
#1026=EDGE_LOOP('',(#5336,#5337,#5338));
#1027=EDGE_LOOP('',(#5339,#5340,#5341));
#1028=EDGE_LOOP('',(#5342,#5343,#5344));
#1029=EDGE_LOOP('',(#5345,#5346,#5347));
#1030=EDGE_LOOP('',(#5348,#5349,#5350));
#1031=EDGE_LOOP('',(#5351,#5352,#5353));
#1032=EDGE_LOOP('',(#5354,#5355,#5356));
#1033=EDGE_LOOP('',(#5357,#5358,#5359));
#1034=EDGE_LOOP('',(#5360,#5361,#5362));
#1035=EDGE_LOOP('',(#5363,#5364,#5365));
#1036=EDGE_LOOP('',(#5366,#5367,#5368));
#1037=EDGE_LOOP('',(#5369,#5370,#5371));
#1038=EDGE_LOOP('',(#5372,#5373,#5374));
#1039=EDGE_LOOP('',(#5375,#5376,#5377));
#1040=EDGE_LOOP('',(#5378,#5379,#5380));
#1041=EDGE_LOOP('',(#5381,#5382,#5383));
#1042=EDGE_LOOP('',(#5384,#5385,#5386));
#1043=EDGE_LOOP('',(#5387,#5388,#5389));
#1044=EDGE_LOOP('',(#5390,#5391,#5392));
#1045=EDGE_LOOP('',(#5393,#5394,#5395));
#1046=EDGE_LOOP('',(#5396,#5397,#5398));
#1047=EDGE_LOOP('',(#5399,#5400,#5401));
#1048=EDGE_LOOP('',(#5402,#5403,#5404));
#1049=EDGE_LOOP('',(#5405,#5406,#5407));
#1050=EDGE_LOOP('',(#5408,#5409,#5410));
#1051=EDGE_LOOP('',(#5411,#5412,#5413));
#1052=EDGE_LOOP('',(#5414,#5415,#5416));
#1053=EDGE_LOOP('',(#5417,#5418,#5419));
#1054=EDGE_LOOP('',(#5420,#5421,#5422));
#1055=EDGE_LOOP('',(#5423,#5424,#5425));
#1056=EDGE_LOOP('',(#5426,#5427,#5428));
#1057=EDGE_LOOP('',(#5429,#5430,#5431));
#1058=EDGE_LOOP('',(#5432,#5433,#5434));
#1059=EDGE_LOOP('',(#5435,#5436,#5437));
#1060=EDGE_LOOP('',(#5438,#5439,#5440));
#1061=EDGE_LOOP('',(#5441,#5442,#5443));
#1062=EDGE_LOOP('',(#5444,#5445,#5446));
#1063=EDGE_LOOP('',(#5447,#5448,#5449));
#1064=EDGE_LOOP('',(#5450,#5451,#5452));
#1065=EDGE_LOOP('',(#5453,#5454,#5455));
#1066=EDGE_LOOP('',(#5456,#5457,#5458));
#1067=EDGE_LOOP('',(#5459,#5460,#5461));
#1068=EDGE_LOOP('',(#5462,#5463,#5464));
#1069=EDGE_LOOP('',(#5465,#5466,#5467));
#1070=EDGE_LOOP('',(#5468,#5469,#5470));
#1071=EDGE_LOOP('',(#5471,#5472,#5473));
#1072=EDGE_LOOP('',(#5474,#5475,#5476));
#1073=EDGE_LOOP('',(#5477,#5478,#5479));
#1074=EDGE_LOOP('',(#5480,#5481,#5482));
#1075=EDGE_LOOP('',(#5483,#5484,#5485));
#1076=EDGE_LOOP('',(#5486,#5487,#5488));
#1077=EDGE_LOOP('',(#5489,#5490,#5491));
#1078=EDGE_LOOP('',(#5492,#5493,#5494));
#1079=EDGE_LOOP('',(#5495,#5496,#5497));
#1080=EDGE_LOOP('',(#5498,#5499,#5500));
#1081=EDGE_LOOP('',(#5501,#5502,#5503));
#1082=EDGE_LOOP('',(#5504,#5505,#5506));
#1083=EDGE_LOOP('',(#5507,#5508,#5509));
#1084=EDGE_LOOP('',(#5510,#5511,#5512));
#1085=EDGE_LOOP('',(#5513,#5514,#5515));
#1086=EDGE_LOOP('',(#5516,#5517,#5518));
#1087=EDGE_LOOP('',(#5519,#5520,#5521));
#1088=EDGE_LOOP('',(#5522,#5523,#5524));
#1089=EDGE_LOOP('',(#5525,#5526,#5527));
#1090=EDGE_LOOP('',(#5528,#5529,#5530));
#1091=EDGE_LOOP('',(#5531,#5532,#5533));
#1092=EDGE_LOOP('',(#5534,#5535,#5536));
#1093=EDGE_LOOP('',(#5537,#5538,#5539));
#1094=EDGE_LOOP('',(#5540,#5541,#5542));
#1095=EDGE_LOOP('',(#5543,#5544,#5545));
#1096=EDGE_LOOP('',(#5546,#5547,#5548));
#1097=EDGE_LOOP('',(#5549,#5550,#5551));
#1098=EDGE_LOOP('',(#5552,#5553,#5554));
#1099=EDGE_LOOP('',(#5555,#5556,#5557));
#1100=EDGE_LOOP('',(#5558,#5559,#5560));
#1101=EDGE_LOOP('',(#5561,#5562,#5563));
#1102=EDGE_LOOP('',(#5564,#5565,#5566));
#1103=EDGE_LOOP('',(#5567,#5568,#5569));
#1104=EDGE_LOOP('',(#5570,#5571,#5572));
#1105=EDGE_LOOP('',(#5573,#5574,#5575));
#1106=EDGE_LOOP('',(#5576,#5577,#5578));
#1107=EDGE_LOOP('',(#5579,#5580,#5581));
#1108=EDGE_LOOP('',(#5582,#5583,#5584));
#1109=EDGE_LOOP('',(#5585,#5586,#5587));
#1110=EDGE_LOOP('',(#5588,#5589,#5590));
#1111=EDGE_LOOP('',(#5591,#5592,#5593));
#1112=EDGE_LOOP('',(#5594,#5595,#5596));
#1113=EDGE_LOOP('',(#5597,#5598,#5599));
#1114=EDGE_LOOP('',(#5600,#5601,#5602));
#1115=EDGE_LOOP('',(#5603,#5604,#5605));
#1116=EDGE_LOOP('',(#5606,#5607,#5608));
#1117=EDGE_LOOP('',(#5609,#5610,#5611));
#1118=EDGE_LOOP('',(#5612,#5613,#5614));
#1119=EDGE_LOOP('',(#5615,#5616,#5617));
#1120=EDGE_LOOP('',(#5618,#5619,#5620));
#1121=EDGE_LOOP('',(#5621,#5622,#5623));
#1122=EDGE_LOOP('',(#5624,#5625,#5626));
#1123=EDGE_LOOP('',(#5627,#5628,#5629));
#1124=EDGE_LOOP('',(#5630,#5631,#5632));
#1125=EDGE_LOOP('',(#5633,#5634,#5635));
#1126=EDGE_LOOP('',(#5636,#5637,#5638));
#1127=EDGE_LOOP('',(#5639,#5640,#5641));
#1128=EDGE_LOOP('',(#5642,#5643,#5644));
#1129=EDGE_LOOP('',(#5645,#5646,#5647));
#1130=EDGE_LOOP('',(#5648,#5649,#5650));
#1131=EDGE_LOOP('',(#5651,#5652,#5653));
#1132=EDGE_LOOP('',(#5654,#5655,#5656));
#1133=EDGE_LOOP('',(#5657,#5658,#5659));
#1134=EDGE_LOOP('',(#5660,#5661,#5662));
#1135=EDGE_LOOP('',(#5663,#5664,#5665));
#1136=EDGE_LOOP('',(#5666,#5667,#5668));
#1137=EDGE_LOOP('',(#5669,#5670,#5671));
#1138=EDGE_LOOP('',(#5672,#5673,#5674));
#1139=EDGE_LOOP('',(#5675,#5676,#5677));
#1140=EDGE_LOOP('',(#5678,#5679,#5680));
#1141=EDGE_LOOP('',(#5681,#5682,#5683));
#1142=EDGE_LOOP('',(#5684,#5685,#5686));
#1143=EDGE_LOOP('',(#5687,#5688,#5689));
#1144=EDGE_LOOP('',(#5690,#5691,#5692));
#1145=EDGE_LOOP('',(#5693,#5694,#5695));
#1146=EDGE_LOOP('',(#5696,#5697,#5698));
#1147=EDGE_LOOP('',(#5699,#5700,#5701));
#1148=EDGE_LOOP('',(#5702,#5703,#5704));
#1149=EDGE_LOOP('',(#5705,#5706,#5707));
#1150=EDGE_LOOP('',(#5708,#5709,#5710));
#1151=EDGE_LOOP('',(#5711,#5712,#5713));
#1152=EDGE_LOOP('',(#5714,#5715,#5716));
#1153=EDGE_LOOP('',(#5717,#5718,#5719));
#1154=EDGE_LOOP('',(#5720,#5721,#5722));
#1155=EDGE_LOOP('',(#5723,#5724,#5725));
#1156=EDGE_LOOP('',(#5726,#5727,#5728));
#1157=EDGE_LOOP('',(#5729,#5730,#5731));
#1158=EDGE_LOOP('',(#5732,#5733,#5734));
#1159=LINE('',#9473,#2017);
#1160=LINE('',#9475,#2018);
#1161=LINE('',#9476,#2019);
#1162=LINE('',#9479,#2020);
#1163=LINE('',#9480,#2021);
#1164=LINE('',#9483,#2022);
#1165=LINE('',#9484,#2023);
#1166=LINE('',#9487,#2024);
#1167=LINE('',#9488,#2025);
#1168=LINE('',#9491,#2026);
#1169=LINE('',#9492,#2027);
#1170=LINE('',#9495,#2028);
#1171=LINE('',#9496,#2029);
#1172=LINE('',#9499,#2030);
#1173=LINE('',#9500,#2031);
#1174=LINE('',#9503,#2032);
#1175=LINE('',#9504,#2033);
#1176=LINE('',#9507,#2034);
#1177=LINE('',#9508,#2035);
#1178=LINE('',#9511,#2036);
#1179=LINE('',#9512,#2037);
#1180=LINE('',#9515,#2038);
#1181=LINE('',#9516,#2039);
#1182=LINE('',#9519,#2040);
#1183=LINE('',#9520,#2041);
#1184=LINE('',#9523,#2042);
#1185=LINE('',#9524,#2043);
#1186=LINE('',#9527,#2044);
#1187=LINE('',#9528,#2045);
#1188=LINE('',#9531,#2046);
#1189=LINE('',#9532,#2047);
#1190=LINE('',#9535,#2048);
#1191=LINE('',#9536,#2049);
#1192=LINE('',#9539,#2050);
#1193=LINE('',#9540,#2051);
#1194=LINE('',#9543,#2052);
#1195=LINE('',#9544,#2053);
#1196=LINE('',#9547,#2054);
#1197=LINE('',#9548,#2055);
#1198=LINE('',#9551,#2056);
#1199=LINE('',#9552,#2057);
#1200=LINE('',#9555,#2058);
#1201=LINE('',#9556,#2059);
#1202=LINE('',#9559,#2060);
#1203=LINE('',#9560,#2061);
#1204=LINE('',#9563,#2062);
#1205=LINE('',#9564,#2063);
#1206=LINE('',#9567,#2064);
#1207=LINE('',#9568,#2065);
#1208=LINE('',#9571,#2066);
#1209=LINE('',#9572,#2067);
#1210=LINE('',#9575,#2068);
#1211=LINE('',#9576,#2069);
#1212=LINE('',#9579,#2070);
#1213=LINE('',#9580,#2071);
#1214=LINE('',#9583,#2072);
#1215=LINE('',#9584,#2073);
#1216=LINE('',#9587,#2074);
#1217=LINE('',#9588,#2075);
#1218=LINE('',#9591,#2076);
#1219=LINE('',#9592,#2077);
#1220=LINE('',#9595,#2078);
#1221=LINE('',#9596,#2079);
#1222=LINE('',#9599,#2080);
#1223=LINE('',#9600,#2081);
#1224=LINE('',#9603,#2082);
#1225=LINE('',#9604,#2083);
#1226=LINE('',#9607,#2084);
#1227=LINE('',#9608,#2085);
#1228=LINE('',#9611,#2086);
#1229=LINE('',#9612,#2087);
#1230=LINE('',#9615,#2088);
#1231=LINE('',#9616,#2089);
#1232=LINE('',#9619,#2090);
#1233=LINE('',#9620,#2091);
#1234=LINE('',#9623,#2092);
#1235=LINE('',#9624,#2093);
#1236=LINE('',#9627,#2094);
#1237=LINE('',#9628,#2095);
#1238=LINE('',#9631,#2096);
#1239=LINE('',#9632,#2097);
#1240=LINE('',#9636,#2098);
#1241=LINE('',#9638,#2099);
#1242=LINE('',#9639,#2100);
#1243=LINE('',#9642,#2101);
#1244=LINE('',#9643,#2102);
#1245=LINE('',#9646,#2103);
#1246=LINE('',#9647,#2104);
#1247=LINE('',#9650,#2105);
#1248=LINE('',#9651,#2106);
#1249=LINE('',#9654,#2107);
#1250=LINE('',#9655,#2108);
#1251=LINE('',#9658,#2109);
#1252=LINE('',#9659,#2110);
#1253=LINE('',#9662,#2111);
#1254=LINE('',#9663,#2112);
#1255=LINE('',#9666,#2113);
#1256=LINE('',#9667,#2114);
#1257=LINE('',#9670,#2115);
#1258=LINE('',#9671,#2116);
#1259=LINE('',#9674,#2117);
#1260=LINE('',#9675,#2118);
#1261=LINE('',#9678,#2119);
#1262=LINE('',#9679,#2120);
#1263=LINE('',#9682,#2121);
#1264=LINE('',#9683,#2122);
#1265=LINE('',#9686,#2123);
#1266=LINE('',#9687,#2124);
#1267=LINE('',#9690,#2125);
#1268=LINE('',#9691,#2126);
#1269=LINE('',#9694,#2127);
#1270=LINE('',#9695,#2128);
#1271=LINE('',#9698,#2129);
#1272=LINE('',#9699,#2130);
#1273=LINE('',#9702,#2131);
#1274=LINE('',#9703,#2132);
#1275=LINE('',#9706,#2133);
#1276=LINE('',#9707,#2134);
#1277=LINE('',#9710,#2135);
#1278=LINE('',#9711,#2136);
#1279=LINE('',#9714,#2137);
#1280=LINE('',#9715,#2138);
#1281=LINE('',#9718,#2139);
#1282=LINE('',#9719,#2140);
#1283=LINE('',#9722,#2141);
#1284=LINE('',#9723,#2142);
#1285=LINE('',#9726,#2143);
#1286=LINE('',#9727,#2144);
#1287=LINE('',#9730,#2145);
#1288=LINE('',#9731,#2146);
#1289=LINE('',#9734,#2147);
#1290=LINE('',#9735,#2148);
#1291=LINE('',#9738,#2149);
#1292=LINE('',#9739,#2150);
#1293=LINE('',#9742,#2151);
#1294=LINE('',#9743,#2152);
#1295=LINE('',#9746,#2153);
#1296=LINE('',#9747,#2154);
#1297=LINE('',#9749,#2155);
#1298=LINE('',#9750,#2156);
#1299=LINE('',#9753,#2157);
#1300=LINE('',#9754,#2158);
#1301=LINE('',#9757,#2159);
#1302=LINE('',#9758,#2160);
#1303=LINE('',#9761,#2161);
#1304=LINE('',#9762,#2162);
#1305=LINE('',#9765,#2163);
#1306=LINE('',#9766,#2164);
#1307=LINE('',#9769,#2165);
#1308=LINE('',#9770,#2166);
#1309=LINE('',#9773,#2167);
#1310=LINE('',#9774,#2168);
#1311=LINE('',#9777,#2169);
#1312=LINE('',#9778,#2170);
#1313=LINE('',#9781,#2171);
#1314=LINE('',#9782,#2172);
#1315=LINE('',#9785,#2173);
#1316=LINE('',#9786,#2174);
#1317=LINE('',#9789,#2175);
#1318=LINE('',#9790,#2176);
#1319=LINE('',#9793,#2177);
#1320=LINE('',#9794,#2178);
#1321=LINE('',#9797,#2179);
#1322=LINE('',#9798,#2180);
#1323=LINE('',#9800,#2181);
#1324=LINE('',#9803,#2182);
#1325=LINE('',#9804,#2183);
#1326=LINE('',#9807,#2184);
#1327=LINE('',#9808,#2185);
#1328=LINE('',#9811,#2186);
#1329=LINE('',#9812,#2187);
#1330=LINE('',#9815,#2188);
#1331=LINE('',#9816,#2189);
#1332=LINE('',#9819,#2190);
#1333=LINE('',#9820,#2191);
#1334=LINE('',#9823,#2192);
#1335=LINE('',#9824,#2193);
#1336=LINE('',#9827,#2194);
#1337=LINE('',#9828,#2195);
#1338=LINE('',#9831,#2196);
#1339=LINE('',#9832,#2197);
#1340=LINE('',#9835,#2198);
#1341=LINE('',#9836,#2199);
#1342=LINE('',#9839,#2200);
#1343=LINE('',#9840,#2201);
#1344=LINE('',#9843,#2202);
#1345=LINE('',#9844,#2203);
#1346=LINE('',#9847,#2204);
#1347=LINE('',#9848,#2205);
#1348=LINE('',#9851,#2206);
#1349=LINE('',#9852,#2207);
#1350=LINE('',#9855,#2208);
#1351=LINE('',#9856,#2209);
#1352=LINE('',#9859,#2210);
#1353=LINE('',#9860,#2211);
#1354=LINE('',#9863,#2212);
#1355=LINE('',#9864,#2213);
#1356=LINE('',#9866,#2214);
#1357=LINE('',#9867,#2215);
#1358=LINE('',#9869,#2216);
#1359=LINE('',#9872,#2217);
#1360=LINE('',#9873,#2218);
#1361=LINE('',#9875,#2219);
#1362=LINE('',#9878,#2220);
#1363=LINE('',#9879,#2221);
#1364=LINE('',#9882,#2222);
#1365=LINE('',#9883,#2223);
#1366=LINE('',#9885,#2224);
#1367=LINE('',#9887,#2225);
#1368=LINE('',#9890,#2226);
#1369=LINE('',#9892,#2227);
#1370=LINE('',#9893,#2228);
#1371=LINE('',#9896,#2229);
#1372=LINE('',#9897,#2230);
#1373=LINE('',#9900,#2231);
#1374=LINE('',#9901,#2232);
#1375=LINE('',#9904,#2233);
#1376=LINE('',#9905,#2234);
#1377=LINE('',#9908,#2235);
#1378=LINE('',#9909,#2236);
#1379=LINE('',#9912,#2237);
#1380=LINE('',#9913,#2238);
#1381=LINE('',#9916,#2239);
#1382=LINE('',#9917,#2240);
#1383=LINE('',#9920,#2241);
#1384=LINE('',#9921,#2242);
#1385=LINE('',#9924,#2243);
#1386=LINE('',#9925,#2244);
#1387=LINE('',#9928,#2245);
#1388=LINE('',#9929,#2246);
#1389=LINE('',#9932,#2247);
#1390=LINE('',#9933,#2248);
#1391=LINE('',#9936,#2249);
#1392=LINE('',#9937,#2250);
#1393=LINE('',#9940,#2251);
#1394=LINE('',#9941,#2252);
#1395=LINE('',#9944,#2253);
#1396=LINE('',#9945,#2254);
#1397=LINE('',#9948,#2255);
#1398=LINE('',#9949,#2256);
#1399=LINE('',#9951,#2257);
#1400=LINE('',#9954,#2258);
#1401=LINE('',#9955,#2259);
#1402=LINE('',#9958,#2260);
#1403=LINE('',#9959,#2261);
#1404=LINE('',#9962,#2262);
#1405=LINE('',#9963,#2263);
#1406=LINE('',#9966,#2264);
#1407=LINE('',#9967,#2265);
#1408=LINE('',#9970,#2266);
#1409=LINE('',#9971,#2267);
#1410=LINE('',#9974,#2268);
#1411=LINE('',#9975,#2269);
#1412=LINE('',#9978,#2270);
#1413=LINE('',#9979,#2271);
#1414=LINE('',#9982,#2272);
#1415=LINE('',#9983,#2273);
#1416=LINE('',#9986,#2274);
#1417=LINE('',#9987,#2275);
#1418=LINE('',#9990,#2276);
#1419=LINE('',#9991,#2277);
#1420=LINE('',#9994,#2278);
#1421=LINE('',#9995,#2279);
#1422=LINE('',#9998,#2280);
#1423=LINE('',#9999,#2281);
#1424=LINE('',#10002,#2282);
#1425=LINE('',#10003,#2283);
#1426=LINE('',#10006,#2284);
#1427=LINE('',#10007,#2285);
#1428=LINE('',#10010,#2286);
#1429=LINE('',#10011,#2287);
#1430=LINE('',#10014,#2288);
#1431=LINE('',#10015,#2289);
#1432=LINE('',#10018,#2290);
#1433=LINE('',#10019,#2291);
#1434=LINE('',#10022,#2292);
#1435=LINE('',#10023,#2293);
#1436=LINE('',#10026,#2294);
#1437=LINE('',#10027,#2295);
#1438=LINE('',#10030,#2296);
#1439=LINE('',#10031,#2297);
#1440=LINE('',#10034,#2298);
#1441=LINE('',#10035,#2299);
#1442=LINE('',#10038,#2300);
#1443=LINE('',#10039,#2301);
#1444=LINE('',#10042,#2302);
#1445=LINE('',#10043,#2303);
#1446=LINE('',#10046,#2304);
#1447=LINE('',#10047,#2305);
#1448=LINE('',#10050,#2306);
#1449=LINE('',#10051,#2307);
#1450=LINE('',#10053,#2308);
#1451=LINE('',#10054,#2309);
#1452=LINE('',#10057,#2310);
#1453=LINE('',#10058,#2311);
#1454=LINE('',#10061,#2312);
#1455=LINE('',#10062,#2313);
#1456=LINE('',#10065,#2314);
#1457=LINE('',#10066,#2315);
#1458=LINE('',#10069,#2316);
#1459=LINE('',#10070,#2317);
#1460=LINE('',#10073,#2318);
#1461=LINE('',#10074,#2319);
#1462=LINE('',#10077,#2320);
#1463=LINE('',#10078,#2321);
#1464=LINE('',#10081,#2322);
#1465=LINE('',#10082,#2323);
#1466=LINE('',#10085,#2324);
#1467=LINE('',#10086,#2325);
#1468=LINE('',#10089,#2326);
#1469=LINE('',#10090,#2327);
#1470=LINE('',#10093,#2328);
#1471=LINE('',#10094,#2329);
#1472=LINE('',#10097,#2330);
#1473=LINE('',#10098,#2331);
#1474=LINE('',#10101,#2332);
#1475=LINE('',#10102,#2333);
#1476=LINE('',#10105,#2334);
#1477=LINE('',#10106,#2335);
#1478=LINE('',#10109,#2336);
#1479=LINE('',#10110,#2337);
#1480=LINE('',#10113,#2338);
#1481=LINE('',#10114,#2339);
#1482=LINE('',#10117,#2340);
#1483=LINE('',#10118,#2341);
#1484=LINE('',#10120,#2342);
#1485=LINE('',#10122,#2343);
#1486=LINE('',#10125,#2344);
#1487=LINE('',#10126,#2345);
#1488=LINE('',#10129,#2346);
#1489=LINE('',#10130,#2347);
#1490=LINE('',#10133,#2348);
#1491=LINE('',#10134,#2349);
#1492=LINE('',#10137,#2350);
#1493=LINE('',#10138,#2351);
#1494=LINE('',#10141,#2352);
#1495=LINE('',#10142,#2353);
#1496=LINE('',#10145,#2354);
#1497=LINE('',#10146,#2355);
#1498=LINE('',#10149,#2356);
#1499=LINE('',#10150,#2357);
#1500=LINE('',#10152,#2358);
#1501=LINE('',#10155,#2359);
#1502=LINE('',#10156,#2360);
#1503=LINE('',#10159,#2361);
#1504=LINE('',#10160,#2362);
#1505=LINE('',#10163,#2363);
#1506=LINE('',#10164,#2364);
#1507=LINE('',#10167,#2365);
#1508=LINE('',#10168,#2366);
#1509=LINE('',#10171,#2367);
#1510=LINE('',#10172,#2368);
#1511=LINE('',#10175,#2369);
#1512=LINE('',#10176,#2370);
#1513=LINE('',#10179,#2371);
#1514=LINE('',#10180,#2372);
#1515=LINE('',#10182,#2373);
#1516=LINE('',#10185,#2374);
#1517=LINE('',#10186,#2375);
#1518=LINE('',#10189,#2376);
#1519=LINE('',#10190,#2377);
#1520=LINE('',#10193,#2378);
#1521=LINE('',#10194,#2379);
#1522=LINE('',#10197,#2380);
#1523=LINE('',#10198,#2381);
#1524=LINE('',#10201,#2382);
#1525=LINE('',#10202,#2383);
#1526=LINE('',#10205,#2384);
#1527=LINE('',#10206,#2385);
#1528=LINE('',#10209,#2386);
#1529=LINE('',#10210,#2387);
#1530=LINE('',#10213,#2388);
#1531=LINE('',#10214,#2389);
#1532=LINE('',#10217,#2390);
#1533=LINE('',#10218,#2391);
#1534=LINE('',#10221,#2392);
#1535=LINE('',#10222,#2393);
#1536=LINE('',#10225,#2394);
#1537=LINE('',#10226,#2395);
#1538=LINE('',#10229,#2396);
#1539=LINE('',#10230,#2397);
#1540=LINE('',#10233,#2398);
#1541=LINE('',#10234,#2399);
#1542=LINE('',#10236,#2400);
#1543=LINE('',#10239,#2401);
#1544=LINE('',#10240,#2402);
#1545=LINE('',#10243,#2403);
#1546=LINE('',#10244,#2404);
#1547=LINE('',#10247,#2405);
#1548=LINE('',#10248,#2406);
#1549=LINE('',#10251,#2407);
#1550=LINE('',#10252,#2408);
#1551=LINE('',#10255,#2409);
#1552=LINE('',#10256,#2410);
#1553=LINE('',#10259,#2411);
#1554=LINE('',#10260,#2412);
#1555=LINE('',#10263,#2413);
#1556=LINE('',#10264,#2414);
#1557=LINE('',#10267,#2415);
#1558=LINE('',#10268,#2416);
#1559=LINE('',#10271,#2417);
#1560=LINE('',#10272,#2418);
#1561=LINE('',#10274,#2419);
#1562=LINE('',#10276,#2420);
#1563=LINE('',#10278,#2421);
#1564=LINE('',#10280,#2422);
#1565=LINE('',#10281,#2423);
#1566=LINE('',#10285,#2424);
#1567=LINE('',#10286,#2425);
#1568=LINE('',#10288,#2426);
#1569=LINE('',#10291,#2427);
#1570=LINE('',#10292,#2428);
#1571=LINE('',#10294,#2429);
#1572=LINE('',#10297,#2430);
#1573=LINE('',#10298,#2431);
#1574=LINE('',#10300,#2432);
#1575=LINE('',#10303,#2433);
#1576=LINE('',#10304,#2434);
#1577=LINE('',#10306,#2435);
#1578=LINE('',#10309,#2436);
#1579=LINE('',#10310,#2437);
#1580=LINE('',#10312,#2438);
#1581=LINE('',#10315,#2439);
#1582=LINE('',#10316,#2440);
#1583=LINE('',#10318,#2441);
#1584=LINE('',#10321,#2442);
#1585=LINE('',#10322,#2443);
#1586=LINE('',#10324,#2444);
#1587=LINE('',#10327,#2445);
#1588=LINE('',#10328,#2446);
#1589=LINE('',#10330,#2447);
#1590=LINE('',#10333,#2448);
#1591=LINE('',#10334,#2449);
#1592=LINE('',#10336,#2450);
#1593=LINE('',#10339,#2451);
#1594=LINE('',#10340,#2452);
#1595=LINE('',#10342,#2453);
#1596=LINE('',#10345,#2454);
#1597=LINE('',#10346,#2455);
#1598=LINE('',#10348,#2456);
#1599=LINE('',#10351,#2457);
#1600=LINE('',#10352,#2458);
#1601=LINE('',#10354,#2459);
#1602=LINE('',#10357,#2460);
#1603=LINE('',#10358,#2461);
#1604=LINE('',#10360,#2462);
#1605=LINE('',#10363,#2463);
#1606=LINE('',#10364,#2464);
#1607=LINE('',#10366,#2465);
#1608=LINE('',#10369,#2466);
#1609=LINE('',#10370,#2467);
#1610=LINE('',#10372,#2468);
#1611=LINE('',#10375,#2469);
#1612=LINE('',#10376,#2470);
#1613=LINE('',#10378,#2471);
#1614=LINE('',#10381,#2472);
#1615=LINE('',#10382,#2473);
#1616=LINE('',#10384,#2474);
#1617=LINE('',#10387,#2475);
#1618=LINE('',#10388,#2476);
#1619=LINE('',#10390,#2477);
#1620=LINE('',#10393,#2478);
#1621=LINE('',#10394,#2479);
#1622=LINE('',#10396,#2480);
#1623=LINE('',#10399,#2481);
#1624=LINE('',#10400,#2482);
#1625=LINE('',#10402,#2483);
#1626=LINE('',#10405,#2484);
#1627=LINE('',#10406,#2485);
#1628=LINE('',#10408,#2486);
#1629=LINE('',#10411,#2487);
#1630=LINE('',#10412,#2488);
#1631=LINE('',#10414,#2489);
#1632=LINE('',#10417,#2490);
#1633=LINE('',#10418,#2491);
#1634=LINE('',#10420,#2492);
#1635=LINE('',#10423,#2493);
#1636=LINE('',#10424,#2494);
#1637=LINE('',#10426,#2495);
#1638=LINE('',#10429,#2496);
#1639=LINE('',#10430,#2497);
#1640=LINE('',#10432,#2498);
#1641=LINE('',#10435,#2499);
#1642=LINE('',#10436,#2500);
#1643=LINE('',#10438,#2501);
#1644=LINE('',#10441,#2502);
#1645=LINE('',#10442,#2503);
#1646=LINE('',#10444,#2504);
#1647=LINE('',#10447,#2505);
#1648=LINE('',#10448,#2506);
#1649=LINE('',#10450,#2507);
#1650=LINE('',#10453,#2508);
#1651=LINE('',#10454,#2509);
#1652=LINE('',#10456,#2510);
#1653=LINE('',#10459,#2511);
#1654=LINE('',#10460,#2512);
#1655=LINE('',#10462,#2513);
#1656=LINE('',#10465,#2514);
#1657=LINE('',#10466,#2515);
#1658=LINE('',#10468,#2516);
#1659=LINE('',#10471,#2517);
#1660=LINE('',#10472,#2518);
#1661=LINE('',#10474,#2519);
#1662=LINE('',#10477,#2520);
#1663=LINE('',#10478,#2521);
#1664=LINE('',#10480,#2522);
#1665=LINE('',#10483,#2523);
#1666=LINE('',#10484,#2524);
#1667=LINE('',#10486,#2525);
#1668=LINE('',#10488,#2526);
#1669=LINE('',#10490,#2527);
#1670=LINE('',#10492,#2528);
#1671=LINE('',#10494,#2529);
#1672=LINE('',#10496,#2530);
#1673=LINE('',#10498,#2531);
#1674=LINE('',#10500,#2532);
#1675=LINE('',#10502,#2533);
#1676=LINE('',#10504,#2534);
#1677=LINE('',#10506,#2535);
#1678=LINE('',#10508,#2536);
#1679=LINE('',#10510,#2537);
#1680=LINE('',#10512,#2538);
#1681=LINE('',#10514,#2539);
#1682=LINE('',#10516,#2540);
#1683=LINE('',#10518,#2541);
#1684=LINE('',#10520,#2542);
#1685=LINE('',#10522,#2543);
#1686=LINE('',#10524,#2544);
#1687=LINE('',#10526,#2545);
#1688=LINE('',#10528,#2546);
#1689=LINE('',#10530,#2547);
#1690=LINE('',#10532,#2548);
#1691=LINE('',#10534,#2549);
#1692=LINE('',#10536,#2550);
#1693=LINE('',#10538,#2551);
#1694=LINE('',#10540,#2552);
#1695=LINE('',#10542,#2553);
#1696=LINE('',#10544,#2554);
#1697=LINE('',#10546,#2555);
#1698=LINE('',#10548,#2556);
#1699=LINE('',#10550,#2557);
#1700=LINE('',#10552,#2558);
#1701=LINE('',#10554,#2559);
#1702=LINE('',#10556,#2560);
#1703=LINE('',#10558,#2561);
#1704=LINE('',#10560,#2562);
#1705=LINE('',#10562,#2563);
#1706=LINE('',#10564,#2564);
#1707=LINE('',#10566,#2565);
#1708=LINE('',#10568,#2566);
#1709=LINE('',#10570,#2567);
#1710=LINE('',#10572,#2568);
#1711=LINE('',#10574,#2569);
#1712=LINE('',#10576,#2570);
#1713=LINE('',#10578,#2571);
#1714=LINE('',#10580,#2572);
#1715=LINE('',#10582,#2573);
#1716=LINE('',#10584,#2574);
#1717=LINE('',#10586,#2575);
#1718=LINE('',#10588,#2576);
#1719=LINE('',#10590,#2577);
#1720=LINE('',#10592,#2578);
#1721=LINE('',#10594,#2579);
#1722=LINE('',#10596,#2580);
#1723=LINE('',#10598,#2581);
#1724=LINE('',#10600,#2582);
#1725=LINE('',#10602,#2583);
#1726=LINE('',#10604,#2584);
#1727=LINE('',#10606,#2585);
#1728=LINE('',#10608,#2586);
#1729=LINE('',#10610,#2587);
#1730=LINE('',#10612,#2588);
#1731=LINE('',#10614,#2589);
#1732=LINE('',#10616,#2590);
#1733=LINE('',#10618,#2591);
#1734=LINE('',#10620,#2592);
#1735=LINE('',#10622,#2593);
#1736=LINE('',#10624,#2594);
#1737=LINE('',#10628,#2595);
#1738=LINE('',#10630,#2596);
#1739=LINE('',#10631,#2597);
#1740=LINE('',#10633,#2598);
#1741=LINE('',#10636,#2599);
#1742=LINE('',#10637,#2600);
#1743=LINE('',#10639,#2601);
#1744=LINE('',#10642,#2602);
#1745=LINE('',#10643,#2603);
#1746=LINE('',#10645,#2604);
#1747=LINE('',#10648,#2605);
#1748=LINE('',#10649,#2606);
#1749=LINE('',#10651,#2607);
#1750=LINE('',#10654,#2608);
#1751=LINE('',#10655,#2609);
#1752=LINE('',#10657,#2610);
#1753=LINE('',#10660,#2611);
#1754=LINE('',#10661,#2612);
#1755=LINE('',#10663,#2613);
#1756=LINE('',#10666,#2614);
#1757=LINE('',#10667,#2615);
#1758=LINE('',#10669,#2616);
#1759=LINE('',#10672,#2617);
#1760=LINE('',#10673,#2618);
#1761=LINE('',#10675,#2619);
#1762=LINE('',#10678,#2620);
#1763=LINE('',#10679,#2621);
#1764=LINE('',#10681,#2622);
#1765=LINE('',#10684,#2623);
#1766=LINE('',#10685,#2624);
#1767=LINE('',#10687,#2625);
#1768=LINE('',#10690,#2626);
#1769=LINE('',#10691,#2627);
#1770=LINE('',#10693,#2628);
#1771=LINE('',#10696,#2629);
#1772=LINE('',#10697,#2630);
#1773=LINE('',#10699,#2631);
#1774=LINE('',#10702,#2632);
#1775=LINE('',#10703,#2633);
#1776=LINE('',#10705,#2634);
#1777=LINE('',#10708,#2635);
#1778=LINE('',#10709,#2636);
#1779=LINE('',#10711,#2637);
#1780=LINE('',#10714,#2638);
#1781=LINE('',#10715,#2639);
#1782=LINE('',#10717,#2640);
#1783=LINE('',#10720,#2641);
#1784=LINE('',#10721,#2642);
#1785=LINE('',#10723,#2643);
#1786=LINE('',#10726,#2644);
#1787=LINE('',#10727,#2645);
#1788=LINE('',#10729,#2646);
#1789=LINE('',#10732,#2647);
#1790=LINE('',#10733,#2648);
#1791=LINE('',#10735,#2649);
#1792=LINE('',#10738,#2650);
#1793=LINE('',#10739,#2651);
#1794=LINE('',#10741,#2652);
#1795=LINE('',#10744,#2653);
#1796=LINE('',#10745,#2654);
#1797=LINE('',#10747,#2655);
#1798=LINE('',#10750,#2656);
#1799=LINE('',#10751,#2657);
#1800=LINE('',#10753,#2658);
#1801=LINE('',#10756,#2659);
#1802=LINE('',#10757,#2660);
#1803=LINE('',#10759,#2661);
#1804=LINE('',#10762,#2662);
#1805=LINE('',#10763,#2663);
#1806=LINE('',#10765,#2664);
#1807=LINE('',#10768,#2665);
#1808=LINE('',#10769,#2666);
#1809=LINE('',#10771,#2667);
#1810=LINE('',#10774,#2668);
#1811=LINE('',#10775,#2669);
#1812=LINE('',#10777,#2670);
#1813=LINE('',#10780,#2671);
#1814=LINE('',#10781,#2672);
#1815=LINE('',#10783,#2673);
#1816=LINE('',#10786,#2674);
#1817=LINE('',#10787,#2675);
#1818=LINE('',#10789,#2676);
#1819=LINE('',#10792,#2677);
#1820=LINE('',#10793,#2678);
#1821=LINE('',#10795,#2679);
#1822=LINE('',#10798,#2680);
#1823=LINE('',#10799,#2681);
#1824=LINE('',#10801,#2682);
#1825=LINE('',#10804,#2683);
#1826=LINE('',#10805,#2684);
#1827=LINE('',#10807,#2685);
#1828=LINE('',#10810,#2686);
#1829=LINE('',#10811,#2687);
#1830=LINE('',#10813,#2688);
#1831=LINE('',#10816,#2689);
#1832=LINE('',#10817,#2690);
#1833=LINE('',#10819,#2691);
#1834=LINE('',#10822,#2692);
#1835=LINE('',#10823,#2693);
#1836=LINE('',#10825,#2694);
#1837=LINE('',#10828,#2695);
#1838=LINE('',#10829,#2696);
#1839=LINE('',#10831,#2697);
#1840=LINE('',#10834,#2698);
#1841=LINE('',#10835,#2699);
#1842=LINE('',#10837,#2700);
#1843=LINE('',#10840,#2701);
#1844=LINE('',#10841,#2702);
#1845=LINE('',#10843,#2703);
#1846=LINE('',#10846,#2704);
#1847=LINE('',#10847,#2705);
#1848=LINE('',#10849,#2706);
#1849=LINE('',#10852,#2707);
#1850=LINE('',#10853,#2708);
#1851=LINE('',#10855,#2709);
#1852=LINE('',#10858,#2710);
#1853=LINE('',#10859,#2711);
#1854=LINE('',#10861,#2712);
#1855=LINE('',#10864,#2713);
#1856=LINE('',#10865,#2714);
#1857=LINE('',#10867,#2715);
#1858=LINE('',#10870,#2716);
#1859=LINE('',#10871,#2717);
#1860=LINE('',#10873,#2718);
#1861=LINE('',#10876,#2719);
#1862=LINE('',#10877,#2720);
#1863=LINE('',#10879,#2721);
#1864=LINE('',#10882,#2722);
#1865=LINE('',#10883,#2723);
#1866=LINE('',#10885,#2724);
#1867=LINE('',#10888,#2725);
#1868=LINE('',#10889,#2726);
#1869=LINE('',#10891,#2727);
#1870=LINE('',#10894,#2728);
#1871=LINE('',#10895,#2729);
#1872=LINE('',#10897,#2730);
#1873=LINE('',#10900,#2731);
#1874=LINE('',#10901,#2732);
#1875=LINE('',#10903,#2733);
#1876=LINE('',#10906,#2734);
#1877=LINE('',#10907,#2735);
#1878=LINE('',#10909,#2736);
#1879=LINE('',#10912,#2737);
#1880=LINE('',#10913,#2738);
#1881=LINE('',#10915,#2739);
#1882=LINE('',#10918,#2740);
#1883=LINE('',#10919,#2741);
#1884=LINE('',#10921,#2742);
#1885=LINE('',#10924,#2743);
#1886=LINE('',#10925,#2744);
#1887=LINE('',#10927,#2745);
#1888=LINE('',#10930,#2746);
#1889=LINE('',#10931,#2747);
#1890=LINE('',#10933,#2748);
#1891=LINE('',#10936,#2749);
#1892=LINE('',#10937,#2750);
#1893=LINE('',#10939,#2751);
#1894=LINE('',#10942,#2752);
#1895=LINE('',#10943,#2753);
#1896=LINE('',#10945,#2754);
#1897=LINE('',#10948,#2755);
#1898=LINE('',#10949,#2756);
#1899=LINE('',#10951,#2757);
#1900=LINE('',#10954,#2758);
#1901=LINE('',#10955,#2759);
#1902=LINE('',#10957,#2760);
#1903=LINE('',#10959,#2761);
#1904=LINE('',#10960,#2762);
#1905=LINE('',#10963,#2763);
#1906=LINE('',#10964,#2764);
#1907=LINE('',#10966,#2765);
#1908=LINE('',#10968,#2766);
#1909=LINE('',#10970,#2767);
#1910=LINE('',#10972,#2768);
#1911=LINE('',#10974,#2769);
#1912=LINE('',#10976,#2770);
#1913=LINE('',#10978,#2771);
#1914=LINE('',#10980,#2772);
#1915=LINE('',#10982,#2773);
#1916=LINE('',#10984,#2774);
#1917=LINE('',#10986,#2775);
#1918=LINE('',#10988,#2776);
#1919=LINE('',#10990,#2777);
#1920=LINE('',#10992,#2778);
#1921=LINE('',#10994,#2779);
#1922=LINE('',#10996,#2780);
#1923=LINE('',#10998,#2781);
#1924=LINE('',#11000,#2782);
#1925=LINE('',#11002,#2783);
#1926=LINE('',#11004,#2784);
#1927=LINE('',#11006,#2785);
#1928=LINE('',#11008,#2786);
#1929=LINE('',#11010,#2787);
#1930=LINE('',#11012,#2788);
#1931=LINE('',#11014,#2789);
#1932=LINE('',#11016,#2790);
#1933=LINE('',#11018,#2791);
#1934=LINE('',#11020,#2792);
#1935=LINE('',#11022,#2793);
#1936=LINE('',#11024,#2794);
#1937=LINE('',#11026,#2795);
#1938=LINE('',#11028,#2796);
#1939=LINE('',#11030,#2797);
#1940=LINE('',#11032,#2798);
#1941=LINE('',#11034,#2799);
#1942=LINE('',#11036,#2800);
#1943=LINE('',#11038,#2801);
#1944=LINE('',#11040,#2802);
#1945=LINE('',#11042,#2803);
#1946=LINE('',#11044,#2804);
#1947=LINE('',#11046,#2805);
#1948=LINE('',#11048,#2806);
#1949=LINE('',#11050,#2807);
#1950=LINE('',#11052,#2808);
#1951=LINE('',#11054,#2809);
#1952=LINE('',#11056,#2810);
#1953=LINE('',#11058,#2811);
#1954=LINE('',#11060,#2812);
#1955=LINE('',#11062,#2813);
#1956=LINE('',#11064,#2814);
#1957=LINE('',#11066,#2815);
#1958=LINE('',#11068,#2816);
#1959=LINE('',#11070,#2817);
#1960=LINE('',#11072,#2818);
#1961=LINE('',#11074,#2819);
#1962=LINE('',#11076,#2820);
#1963=LINE('',#11078,#2821);
#1964=LINE('',#11080,#2822);
#1965=LINE('',#11082,#2823);
#1966=LINE('',#11084,#2824);
#1967=LINE('',#11086,#2825);
#1968=LINE('',#11088,#2826);
#1969=LINE('',#11090,#2827);
#1970=LINE('',#11092,#2828);
#1971=LINE('',#11094,#2829);
#1972=LINE('',#11096,#2830);
#1973=LINE('',#11098,#2831);
#1974=LINE('',#11100,#2832);
#1975=LINE('',#11102,#2833);
#1976=LINE('',#11104,#2834);
#1977=LINE('',#11106,#2835);
#1978=LINE('',#11108,#2836);
#1979=LINE('',#11110,#2837);
#1980=LINE('',#11112,#2838);
#1981=LINE('',#11114,#2839);
#1982=LINE('',#11116,#2840);
#1983=LINE('',#11118,#2841);
#1984=LINE('',#11120,#2842);
#1985=LINE('',#11122,#2843);
#1986=LINE('',#11124,#2844);
#1987=LINE('',#11126,#2845);
#1988=LINE('',#11128,#2846);
#1989=LINE('',#11130,#2847);
#1990=LINE('',#11132,#2848);
#1991=LINE('',#11134,#2849);
#1992=LINE('',#11136,#2850);
#1993=LINE('',#11138,#2851);
#1994=LINE('',#11140,#2852);
#1995=LINE('',#11142,#2853);
#1996=LINE('',#11144,#2854);
#1997=LINE('',#11146,#2855);
#1998=LINE('',#11148,#2856);
#1999=LINE('',#11150,#2857);
#2000=LINE('',#11152,#2858);
#2001=LINE('',#11154,#2859);
#2002=LINE('',#11156,#2860);
#2003=LINE('',#11158,#2861);
#2004=LINE('',#11160,#2862);
#2005=LINE('',#11162,#2863);
#2006=LINE('',#11164,#2864);
#2007=LINE('',#11166,#2865);
#2008=LINE('',#11168,#2866);
#2009=LINE('',#11170,#2867);
#2010=LINE('',#11172,#2868);
#2011=LINE('',#11174,#2869);
#2012=LINE('',#11176,#2870);
#2013=LINE('',#11178,#2871);
#2014=LINE('',#11180,#2872);
#2015=LINE('',#11182,#2873);
#2016=LINE('',#11184,#2874);
#2017=VECTOR('',#7469,1.);
#2018=VECTOR('',#7470,1.);
#2019=VECTOR('',#7471,1.);
#2020=VECTOR('',#7474,1.);
#2021=VECTOR('',#7475,1.);
#2022=VECTOR('',#7478,1.);
#2023=VECTOR('',#7479,1.);
#2024=VECTOR('',#7482,1.);
#2025=VECTOR('',#7483,1.);
#2026=VECTOR('',#7486,1.);
#2027=VECTOR('',#7487,1.);
#2028=VECTOR('',#7490,1.);
#2029=VECTOR('',#7491,1.);
#2030=VECTOR('',#7494,1.);
#2031=VECTOR('',#7495,1.);
#2032=VECTOR('',#7498,1.);
#2033=VECTOR('',#7499,1.);
#2034=VECTOR('',#7502,1.);
#2035=VECTOR('',#7503,1.);
#2036=VECTOR('',#7506,1.);
#2037=VECTOR('',#7507,1.);
#2038=VECTOR('',#7510,1.);
#2039=VECTOR('',#7511,1.);
#2040=VECTOR('',#7514,1.);
#2041=VECTOR('',#7515,1.);
#2042=VECTOR('',#7518,1.);
#2043=VECTOR('',#7519,1.);
#2044=VECTOR('',#7522,1.);
#2045=VECTOR('',#7523,1.);
#2046=VECTOR('',#7526,1.);
#2047=VECTOR('',#7527,1.);
#2048=VECTOR('',#7530,1.);
#2049=VECTOR('',#7531,1.);
#2050=VECTOR('',#7534,1.);
#2051=VECTOR('',#7535,1.);
#2052=VECTOR('',#7538,1.);
#2053=VECTOR('',#7539,1.);
#2054=VECTOR('',#7542,1.);
#2055=VECTOR('',#7543,1.);
#2056=VECTOR('',#7546,1.);
#2057=VECTOR('',#7547,1.);
#2058=VECTOR('',#7550,1.);
#2059=VECTOR('',#7551,1.);
#2060=VECTOR('',#7554,1.);
#2061=VECTOR('',#7555,1.);
#2062=VECTOR('',#7558,1.);
#2063=VECTOR('',#7559,1.);
#2064=VECTOR('',#7562,1.);
#2065=VECTOR('',#7563,1.);
#2066=VECTOR('',#7566,1.);
#2067=VECTOR('',#7567,1.);
#2068=VECTOR('',#7570,1.);
#2069=VECTOR('',#7571,1.);
#2070=VECTOR('',#7574,1.);
#2071=VECTOR('',#7575,1.);
#2072=VECTOR('',#7578,1.);
#2073=VECTOR('',#7579,1.);
#2074=VECTOR('',#7582,1.);
#2075=VECTOR('',#7583,1.);
#2076=VECTOR('',#7586,1.);
#2077=VECTOR('',#7587,1.);
#2078=VECTOR('',#7590,1.);
#2079=VECTOR('',#7591,1.);
#2080=VECTOR('',#7594,1.);
#2081=VECTOR('',#7595,1.);
#2082=VECTOR('',#7598,1.);
#2083=VECTOR('',#7599,1.);
#2084=VECTOR('',#7602,1.);
#2085=VECTOR('',#7603,1.);
#2086=VECTOR('',#7606,1.);
#2087=VECTOR('',#7607,1.);
#2088=VECTOR('',#7610,1.);
#2089=VECTOR('',#7611,1.);
#2090=VECTOR('',#7614,1.);
#2091=VECTOR('',#7615,1.);
#2092=VECTOR('',#7618,1.);
#2093=VECTOR('',#7619,1.);
#2094=VECTOR('',#7622,1.);
#2095=VECTOR('',#7623,1.);
#2096=VECTOR('',#7626,1.);
#2097=VECTOR('',#7627,1.);
#2098=VECTOR('',#7630,1.);
#2099=VECTOR('',#7631,1.);
#2100=VECTOR('',#7632,1.);
#2101=VECTOR('',#7635,1.);
#2102=VECTOR('',#7636,1.);
#2103=VECTOR('',#7639,1.);
#2104=VECTOR('',#7640,1.);
#2105=VECTOR('',#7643,1.);
#2106=VECTOR('',#7644,1.);
#2107=VECTOR('',#7647,1.);
#2108=VECTOR('',#7648,1.);
#2109=VECTOR('',#7651,1.);
#2110=VECTOR('',#7652,1.);
#2111=VECTOR('',#7655,1.);
#2112=VECTOR('',#7656,1.);
#2113=VECTOR('',#7659,1.);
#2114=VECTOR('',#7660,1.);
#2115=VECTOR('',#7663,1.);
#2116=VECTOR('',#7664,1.);
#2117=VECTOR('',#7667,1.);
#2118=VECTOR('',#7668,1.);
#2119=VECTOR('',#7671,1.);
#2120=VECTOR('',#7672,1.);
#2121=VECTOR('',#7675,1.);
#2122=VECTOR('',#7676,1.);
#2123=VECTOR('',#7679,1.);
#2124=VECTOR('',#7680,1.);
#2125=VECTOR('',#7683,1.);
#2126=VECTOR('',#7684,1.);
#2127=VECTOR('',#7687,1.);
#2128=VECTOR('',#7688,1.);
#2129=VECTOR('',#7691,1.);
#2130=VECTOR('',#7692,1.);
#2131=VECTOR('',#7695,1.);
#2132=VECTOR('',#7696,1.);
#2133=VECTOR('',#7699,1.);
#2134=VECTOR('',#7700,1.);
#2135=VECTOR('',#7703,1.);
#2136=VECTOR('',#7704,1.);
#2137=VECTOR('',#7707,1.);
#2138=VECTOR('',#7708,1.);
#2139=VECTOR('',#7711,1.);
#2140=VECTOR('',#7712,1.);
#2141=VECTOR('',#7715,1.);
#2142=VECTOR('',#7716,1.);
#2143=VECTOR('',#7719,1.);
#2144=VECTOR('',#7720,1.);
#2145=VECTOR('',#7723,1.);
#2146=VECTOR('',#7724,1.);
#2147=VECTOR('',#7727,1.);
#2148=VECTOR('',#7728,1.);
#2149=VECTOR('',#7731,1.);
#2150=VECTOR('',#7732,1.);
#2151=VECTOR('',#7735,1.);
#2152=VECTOR('',#7736,1.);
#2153=VECTOR('',#7739,1.);
#2154=VECTOR('',#7740,1.);
#2155=VECTOR('',#7743,1.);
#2156=VECTOR('',#7744,1.);
#2157=VECTOR('',#7747,1.);
#2158=VECTOR('',#7748,1.);
#2159=VECTOR('',#7751,1.);
#2160=VECTOR('',#7752,1.);
#2161=VECTOR('',#7755,1.);
#2162=VECTOR('',#7756,1.);
#2163=VECTOR('',#7759,1.);
#2164=VECTOR('',#7760,1.);
#2165=VECTOR('',#7763,1.);
#2166=VECTOR('',#7764,1.);
#2167=VECTOR('',#7767,1.);
#2168=VECTOR('',#7768,1.);
#2169=VECTOR('',#7771,1.);
#2170=VECTOR('',#7772,1.);
#2171=VECTOR('',#7775,1.);
#2172=VECTOR('',#7776,1.);
#2173=VECTOR('',#7779,1.);
#2174=VECTOR('',#7780,1.);
#2175=VECTOR('',#7783,1.);
#2176=VECTOR('',#7784,1.);
#2177=VECTOR('',#7787,1.);
#2178=VECTOR('',#7788,1.);
#2179=VECTOR('',#7791,1.);
#2180=VECTOR('',#7792,1.);
#2181=VECTOR('',#7795,1.);
#2182=VECTOR('',#7798,1.);
#2183=VECTOR('',#7799,1.);
#2184=VECTOR('',#7802,1.);
#2185=VECTOR('',#7803,1.);
#2186=VECTOR('',#7806,1.);
#2187=VECTOR('',#7807,1.);
#2188=VECTOR('',#7810,1.);
#2189=VECTOR('',#7811,1.);
#2190=VECTOR('',#7814,1.);
#2191=VECTOR('',#7815,1.);
#2192=VECTOR('',#7818,1.);
#2193=VECTOR('',#7819,1.);
#2194=VECTOR('',#7822,1.);
#2195=VECTOR('',#7823,1.);
#2196=VECTOR('',#7826,1.);
#2197=VECTOR('',#7827,1.);
#2198=VECTOR('',#7830,1.);
#2199=VECTOR('',#7831,1.);
#2200=VECTOR('',#7834,1.);
#2201=VECTOR('',#7835,1.);
#2202=VECTOR('',#7838,1.);
#2203=VECTOR('',#7839,1.);
#2204=VECTOR('',#7842,1.);
#2205=VECTOR('',#7843,1.);
#2206=VECTOR('',#7846,1.);
#2207=VECTOR('',#7847,1.);
#2208=VECTOR('',#7850,1.);
#2209=VECTOR('',#7851,1.);
#2210=VECTOR('',#7854,1.);
#2211=VECTOR('',#7855,1.);
#2212=VECTOR('',#7858,1.);
#2213=VECTOR('',#7859,1.);
#2214=VECTOR('',#7862,1.);
#2215=VECTOR('',#7863,1.);
#2216=VECTOR('',#7866,1.);
#2217=VECTOR('',#7869,1.);
#2218=VECTOR('',#7870,1.);
#2219=VECTOR('',#7873,1.);
#2220=VECTOR('',#7876,1.);
#2221=VECTOR('',#7877,1.);
#2222=VECTOR('',#7880,1.);
#2223=VECTOR('',#7881,1.);
#2224=VECTOR('',#7884,1.);
#2225=VECTOR('',#7887,1.);
#2226=VECTOR('',#7890,1.);
#2227=VECTOR('',#7891,1.);
#2228=VECTOR('',#7892,1.);
#2229=VECTOR('',#7895,1.);
#2230=VECTOR('',#7896,1.);
#2231=VECTOR('',#7899,1.);
#2232=VECTOR('',#7900,1.);
#2233=VECTOR('',#7903,1.);
#2234=VECTOR('',#7904,1.);
#2235=VECTOR('',#7907,1.);
#2236=VECTOR('',#7908,1.);
#2237=VECTOR('',#7911,1.);
#2238=VECTOR('',#7912,1.);
#2239=VECTOR('',#7915,1.);
#2240=VECTOR('',#7916,1.);
#2241=VECTOR('',#7919,1.);
#2242=VECTOR('',#7920,1.);
#2243=VECTOR('',#7923,1.);
#2244=VECTOR('',#7924,1.);
#2245=VECTOR('',#7927,1.);
#2246=VECTOR('',#7928,1.);
#2247=VECTOR('',#7931,1.);
#2248=VECTOR('',#7932,1.);
#2249=VECTOR('',#7935,1.);
#2250=VECTOR('',#7936,1.);
#2251=VECTOR('',#7939,1.);
#2252=VECTOR('',#7940,1.);
#2253=VECTOR('',#7943,1.);
#2254=VECTOR('',#7944,1.);
#2255=VECTOR('',#7947,1.);
#2256=VECTOR('',#7948,1.);
#2257=VECTOR('',#7951,1.);
#2258=VECTOR('',#7954,1.);
#2259=VECTOR('',#7955,1.);
#2260=VECTOR('',#7958,1.);
#2261=VECTOR('',#7959,1.);
#2262=VECTOR('',#7962,1.);
#2263=VECTOR('',#7963,1.);
#2264=VECTOR('',#7966,1.);
#2265=VECTOR('',#7967,1.);
#2266=VECTOR('',#7970,1.);
#2267=VECTOR('',#7971,1.);
#2268=VECTOR('',#7974,1.);
#2269=VECTOR('',#7975,1.);
#2270=VECTOR('',#7978,1.);
#2271=VECTOR('',#7979,1.);
#2272=VECTOR('',#7982,1.);
#2273=VECTOR('',#7983,1.);
#2274=VECTOR('',#7986,1.);
#2275=VECTOR('',#7987,1.);
#2276=VECTOR('',#7990,1.);
#2277=VECTOR('',#7991,1.);
#2278=VECTOR('',#7994,1.);
#2279=VECTOR('',#7995,1.);
#2280=VECTOR('',#7998,1.);
#2281=VECTOR('',#7999,1.);
#2282=VECTOR('',#8002,1.);
#2283=VECTOR('',#8003,1.);
#2284=VECTOR('',#8006,1.);
#2285=VECTOR('',#8007,1.);
#2286=VECTOR('',#8010,1.);
#2287=VECTOR('',#8011,1.);
#2288=VECTOR('',#8014,1.);
#2289=VECTOR('',#8015,1.);
#2290=VECTOR('',#8018,1.);
#2291=VECTOR('',#8019,1.);
#2292=VECTOR('',#8022,1.);
#2293=VECTOR('',#8023,1.);
#2294=VECTOR('',#8026,1.);
#2295=VECTOR('',#8027,1.);
#2296=VECTOR('',#8030,1.);
#2297=VECTOR('',#8031,1.);
#2298=VECTOR('',#8034,1.);
#2299=VECTOR('',#8035,1.);
#2300=VECTOR('',#8038,1.);
#2301=VECTOR('',#8039,1.);
#2302=VECTOR('',#8042,1.);
#2303=VECTOR('',#8043,1.);
#2304=VECTOR('',#8046,1.);
#2305=VECTOR('',#8047,1.);
#2306=VECTOR('',#8050,1.);
#2307=VECTOR('',#8051,1.);
#2308=VECTOR('',#8054,1.);
#2309=VECTOR('',#8055,1.);
#2310=VECTOR('',#8058,1.);
#2311=VECTOR('',#8059,1.);
#2312=VECTOR('',#8062,1.);
#2313=VECTOR('',#8063,1.);
#2314=VECTOR('',#8066,1.);
#2315=VECTOR('',#8067,1.);
#2316=VECTOR('',#8070,1.);
#2317=VECTOR('',#8071,1.);
#2318=VECTOR('',#8074,1.);
#2319=VECTOR('',#8075,1.);
#2320=VECTOR('',#8078,1.);
#2321=VECTOR('',#8079,1.);
#2322=VECTOR('',#8082,1.);
#2323=VECTOR('',#8083,1.);
#2324=VECTOR('',#8086,1.);
#2325=VECTOR('',#8087,1.);
#2326=VECTOR('',#8090,1.);
#2327=VECTOR('',#8091,1.);
#2328=VECTOR('',#8094,1.);
#2329=VECTOR('',#8095,1.);
#2330=VECTOR('',#8098,1.);
#2331=VECTOR('',#8099,1.);
#2332=VECTOR('',#8102,1.);
#2333=VECTOR('',#8103,1.);
#2334=VECTOR('',#8106,1.);
#2335=VECTOR('',#8107,1.);
#2336=VECTOR('',#8110,1.);
#2337=VECTOR('',#8111,1.);
#2338=VECTOR('',#8114,1.);
#2339=VECTOR('',#8115,1.);
#2340=VECTOR('',#8118,1.);
#2341=VECTOR('',#8119,1.);
#2342=VECTOR('',#8122,1.);
#2343=VECTOR('',#8125,1.);
#2344=VECTOR('',#8128,1.);
#2345=VECTOR('',#8129,1.);
#2346=VECTOR('',#8132,1.);
#2347=VECTOR('',#8133,1.);
#2348=VECTOR('',#8136,1.);
#2349=VECTOR('',#8137,1.);
#2350=VECTOR('',#8140,1.);
#2351=VECTOR('',#8141,1.);
#2352=VECTOR('',#8144,1.);
#2353=VECTOR('',#8145,1.);
#2354=VECTOR('',#8148,1.);
#2355=VECTOR('',#8149,1.);
#2356=VECTOR('',#8152,1.);
#2357=VECTOR('',#8153,1.);
#2358=VECTOR('',#8156,1.);
#2359=VECTOR('',#8159,1.);
#2360=VECTOR('',#8160,1.);
#2361=VECTOR('',#8163,1.);
#2362=VECTOR('',#8164,1.);
#2363=VECTOR('',#8167,1.);
#2364=VECTOR('',#8168,1.);
#2365=VECTOR('',#8171,1.);
#2366=VECTOR('',#8172,1.);
#2367=VECTOR('',#8175,1.);
#2368=VECTOR('',#8176,1.);
#2369=VECTOR('',#8179,1.);
#2370=VECTOR('',#8180,1.);
#2371=VECTOR('',#8183,1.);
#2372=VECTOR('',#8184,1.);
#2373=VECTOR('',#8187,1.);
#2374=VECTOR('',#8190,1.);
#2375=VECTOR('',#8191,1.);
#2376=VECTOR('',#8194,1.);
#2377=VECTOR('',#8195,1.);
#2378=VECTOR('',#8198,1.);
#2379=VECTOR('',#8199,1.);
#2380=VECTOR('',#8202,1.);
#2381=VECTOR('',#8203,1.);
#2382=VECTOR('',#8206,1.);
#2383=VECTOR('',#8207,1.);
#2384=VECTOR('',#8210,1.);
#2385=VECTOR('',#8211,1.);
#2386=VECTOR('',#8214,1.);
#2387=VECTOR('',#8215,1.);
#2388=VECTOR('',#8218,1.);
#2389=VECTOR('',#8219,1.);
#2390=VECTOR('',#8222,1.);
#2391=VECTOR('',#8223,1.);
#2392=VECTOR('',#8226,1.);
#2393=VECTOR('',#8227,1.);
#2394=VECTOR('',#8230,1.);
#2395=VECTOR('',#8231,1.);
#2396=VECTOR('',#8234,1.);
#2397=VECTOR('',#8235,1.);
#2398=VECTOR('',#8238,1.);
#2399=VECTOR('',#8239,1.);
#2400=VECTOR('',#8242,1.);
#2401=VECTOR('',#8245,1.);
#2402=VECTOR('',#8246,1.);
#2403=VECTOR('',#8249,1.);
#2404=VECTOR('',#8250,1.);
#2405=VECTOR('',#8253,1.);
#2406=VECTOR('',#8254,1.);
#2407=VECTOR('',#8257,1.);
#2408=VECTOR('',#8258,1.);
#2409=VECTOR('',#8261,1.);
#2410=VECTOR('',#8262,1.);
#2411=VECTOR('',#8265,1.);
#2412=VECTOR('',#8266,1.);
#2413=VECTOR('',#8269,1.);
#2414=VECTOR('',#8270,1.);
#2415=VECTOR('',#8273,1.);
#2416=VECTOR('',#8274,1.);
#2417=VECTOR('',#8277,1.);
#2418=VECTOR('',#8278,1.);
#2419=VECTOR('',#8281,1.);
#2420=VECTOR('',#8284,1.);
#2421=VECTOR('',#8287,1.);
#2422=VECTOR('',#8290,1.);
#2423=VECTOR('',#8291,1.);
#2424=VECTOR('',#8296,1.);
#2425=VECTOR('',#8297,1.);
#2426=VECTOR('',#8300,1.);
#2427=VECTOR('',#8303,1.);
#2428=VECTOR('',#8304,1.);
#2429=VECTOR('',#8307,1.);
#2430=VECTOR('',#8310,1.);
#2431=VECTOR('',#8311,1.);
#2432=VECTOR('',#8314,1.);
#2433=VECTOR('',#8317,1.);
#2434=VECTOR('',#8318,1.);
#2435=VECTOR('',#8321,1.);
#2436=VECTOR('',#8324,1.);
#2437=VECTOR('',#8325,1.);
#2438=VECTOR('',#8328,1.);
#2439=VECTOR('',#8331,1.);
#2440=VECTOR('',#8332,1.);
#2441=VECTOR('',#8335,1.);
#2442=VECTOR('',#8338,1.);
#2443=VECTOR('',#8339,1.);
#2444=VECTOR('',#8342,1.);
#2445=VECTOR('',#8345,1.);
#2446=VECTOR('',#8346,1.);
#2447=VECTOR('',#8349,1.);
#2448=VECTOR('',#8352,1.);
#2449=VECTOR('',#8353,1.);
#2450=VECTOR('',#8356,1.);
#2451=VECTOR('',#8359,1.);
#2452=VECTOR('',#8360,1.);
#2453=VECTOR('',#8363,1.);
#2454=VECTOR('',#8366,1.);
#2455=VECTOR('',#8367,1.);
#2456=VECTOR('',#8370,1.);
#2457=VECTOR('',#8373,1.);
#2458=VECTOR('',#8374,1.);
#2459=VECTOR('',#8377,1.);
#2460=VECTOR('',#8380,1.);
#2461=VECTOR('',#8381,1.);
#2462=VECTOR('',#8384,1.);
#2463=VECTOR('',#8387,1.);
#2464=VECTOR('',#8388,1.);
#2465=VECTOR('',#8391,1.);
#2466=VECTOR('',#8394,1.);
#2467=VECTOR('',#8395,1.);
#2468=VECTOR('',#8398,1.);
#2469=VECTOR('',#8401,1.);
#2470=VECTOR('',#8402,1.);
#2471=VECTOR('',#8405,1.);
#2472=VECTOR('',#8408,1.);
#2473=VECTOR('',#8409,1.);
#2474=VECTOR('',#8412,1.);
#2475=VECTOR('',#8415,1.);
#2476=VECTOR('',#8416,1.);
#2477=VECTOR('',#8419,1.);
#2478=VECTOR('',#8422,1.);
#2479=VECTOR('',#8423,1.);
#2480=VECTOR('',#8426,1.);
#2481=VECTOR('',#8429,1.);
#2482=VECTOR('',#8430,1.);
#2483=VECTOR('',#8433,1.);
#2484=VECTOR('',#8436,1.);
#2485=VECTOR('',#8437,1.);
#2486=VECTOR('',#8440,1.);
#2487=VECTOR('',#8443,1.);
#2488=VECTOR('',#8444,1.);
#2489=VECTOR('',#8447,1.);
#2490=VECTOR('',#8450,1.);
#2491=VECTOR('',#8451,1.);
#2492=VECTOR('',#8454,1.);
#2493=VECTOR('',#8457,1.);
#2494=VECTOR('',#8458,1.);
#2495=VECTOR('',#8461,1.);
#2496=VECTOR('',#8464,1.);
#2497=VECTOR('',#8465,1.);
#2498=VECTOR('',#8468,1.);
#2499=VECTOR('',#8471,1.);
#2500=VECTOR('',#8472,1.);
#2501=VECTOR('',#8475,1.);
#2502=VECTOR('',#8478,1.);
#2503=VECTOR('',#8479,1.);
#2504=VECTOR('',#8482,1.);
#2505=VECTOR('',#8485,1.);
#2506=VECTOR('',#8486,1.);
#2507=VECTOR('',#8489,1.);
#2508=VECTOR('',#8492,1.);
#2509=VECTOR('',#8493,1.);
#2510=VECTOR('',#8496,1.);
#2511=VECTOR('',#8499,1.);
#2512=VECTOR('',#8500,1.);
#2513=VECTOR('',#8503,1.);
#2514=VECTOR('',#8506,1.);
#2515=VECTOR('',#8507,1.);
#2516=VECTOR('',#8510,1.);
#2517=VECTOR('',#8513,1.);
#2518=VECTOR('',#8514,1.);
#2519=VECTOR('',#8517,1.);
#2520=VECTOR('',#8520,1.);
#2521=VECTOR('',#8521,1.);
#2522=VECTOR('',#8524,1.);
#2523=VECTOR('',#8527,1.);
#2524=VECTOR('',#8528,1.);
#2525=VECTOR('',#8531,1.);
#2526=VECTOR('',#8534,1.);
#2527=VECTOR('',#8537,1.);
#2528=VECTOR('',#8540,1.);
#2529=VECTOR('',#8543,1.);
#2530=VECTOR('',#8546,1.);
#2531=VECTOR('',#8549,1.);
#2532=VECTOR('',#8552,1.);
#2533=VECTOR('',#8555,1.);
#2534=VECTOR('',#8558,1.);
#2535=VECTOR('',#8561,1.);
#2536=VECTOR('',#8564,1.);
#2537=VECTOR('',#8567,1.);
#2538=VECTOR('',#8570,1.);
#2539=VECTOR('',#8573,1.);
#2540=VECTOR('',#8576,1.);
#2541=VECTOR('',#8579,1.);
#2542=VECTOR('',#8582,1.);
#2543=VECTOR('',#8585,1.);
#2544=VECTOR('',#8588,1.);
#2545=VECTOR('',#8591,1.);
#2546=VECTOR('',#8594,1.);
#2547=VECTOR('',#8597,1.);
#2548=VECTOR('',#8600,1.);
#2549=VECTOR('',#8603,1.);
#2550=VECTOR('',#8606,1.);
#2551=VECTOR('',#8609,1.);
#2552=VECTOR('',#8612,1.);
#2553=VECTOR('',#8615,1.);
#2554=VECTOR('',#8618,1.);
#2555=VECTOR('',#8621,1.);
#2556=VECTOR('',#8624,1.);
#2557=VECTOR('',#8627,1.);
#2558=VECTOR('',#8630,1.);
#2559=VECTOR('',#8633,1.);
#2560=VECTOR('',#8636,1.);
#2561=VECTOR('',#8639,1.);
#2562=VECTOR('',#8642,1.);
#2563=VECTOR('',#8645,1.);
#2564=VECTOR('',#8648,1.);
#2565=VECTOR('',#8651,1.);
#2566=VECTOR('',#8654,1.);
#2567=VECTOR('',#8657,1.);
#2568=VECTOR('',#8660,1.);
#2569=VECTOR('',#8663,1.);
#2570=VECTOR('',#8666,1.);
#2571=VECTOR('',#8669,1.);
#2572=VECTOR('',#8672,1.);
#2573=VECTOR('',#8675,1.);
#2574=VECTOR('',#8678,1.);
#2575=VECTOR('',#8681,1.);
#2576=VECTOR('',#8684,1.);
#2577=VECTOR('',#8687,1.);
#2578=VECTOR('',#8690,1.);
#2579=VECTOR('',#8693,1.);
#2580=VECTOR('',#8696,1.);
#2581=VECTOR('',#8699,1.);
#2582=VECTOR('',#8702,1.);
#2583=VECTOR('',#8705,1.);
#2584=VECTOR('',#8708,1.);
#2585=VECTOR('',#8711,1.);
#2586=VECTOR('',#8714,1.);
#2587=VECTOR('',#8717,1.);
#2588=VECTOR('',#8720,1.);
#2589=VECTOR('',#8723,1.);
#2590=VECTOR('',#8726,1.);
#2591=VECTOR('',#8729,1.);
#2592=VECTOR('',#8732,1.);
#2593=VECTOR('',#8735,1.);
#2594=VECTOR('',#8738,1.);
#2595=VECTOR('',#8743,1.);
#2596=VECTOR('',#8744,1.);
#2597=VECTOR('',#8745,1.);
#2598=VECTOR('',#8748,1.);
#2599=VECTOR('',#8751,1.);
#2600=VECTOR('',#8752,1.);
#2601=VECTOR('',#8755,1.);
#2602=VECTOR('',#8758,1.);
#2603=VECTOR('',#8759,1.);
#2604=VECTOR('',#8762,1.);
#2605=VECTOR('',#8765,1.);
#2606=VECTOR('',#8766,1.);
#2607=VECTOR('',#8769,1.);
#2608=VECTOR('',#8772,1.);
#2609=VECTOR('',#8773,1.);
#2610=VECTOR('',#8776,1.);
#2611=VECTOR('',#8779,1.);
#2612=VECTOR('',#8780,1.);
#2613=VECTOR('',#8783,1.);
#2614=VECTOR('',#8786,1.);
#2615=VECTOR('',#8787,1.);
#2616=VECTOR('',#8790,1.);
#2617=VECTOR('',#8793,1.);
#2618=VECTOR('',#8794,1.);
#2619=VECTOR('',#8797,1.);
#2620=VECTOR('',#8800,1.);
#2621=VECTOR('',#8801,1.);
#2622=VECTOR('',#8804,1.);
#2623=VECTOR('',#8807,1.);
#2624=VECTOR('',#8808,1.);
#2625=VECTOR('',#8811,1.);
#2626=VECTOR('',#8814,1.);
#2627=VECTOR('',#8815,1.);
#2628=VECTOR('',#8818,1.);
#2629=VECTOR('',#8821,1.);
#2630=VECTOR('',#8822,1.);
#2631=VECTOR('',#8825,1.);
#2632=VECTOR('',#8828,1.);
#2633=VECTOR('',#8829,1.);
#2634=VECTOR('',#8832,1.);
#2635=VECTOR('',#8835,1.);
#2636=VECTOR('',#8836,1.);
#2637=VECTOR('',#8839,1.);
#2638=VECTOR('',#8842,1.);
#2639=VECTOR('',#8843,1.);
#2640=VECTOR('',#8846,1.);
#2641=VECTOR('',#8849,1.);
#2642=VECTOR('',#8850,1.);
#2643=VECTOR('',#8853,1.);
#2644=VECTOR('',#8856,1.);
#2645=VECTOR('',#8857,1.);
#2646=VECTOR('',#8860,1.);
#2647=VECTOR('',#8863,1.);
#2648=VECTOR('',#8864,1.);
#2649=VECTOR('',#8867,1.);
#2650=VECTOR('',#8870,1.);
#2651=VECTOR('',#8871,1.);
#2652=VECTOR('',#8874,1.);
#2653=VECTOR('',#8877,1.);
#2654=VECTOR('',#8878,1.);
#2655=VECTOR('',#8881,1.);
#2656=VECTOR('',#8884,1.);
#2657=VECTOR('',#8885,1.);
#2658=VECTOR('',#8888,1.);
#2659=VECTOR('',#8891,1.);
#2660=VECTOR('',#8892,1.);
#2661=VECTOR('',#8895,1.);
#2662=VECTOR('',#8898,1.);
#2663=VECTOR('',#8899,1.);
#2664=VECTOR('',#8902,1.);
#2665=VECTOR('',#8905,1.);
#2666=VECTOR('',#8906,1.);
#2667=VECTOR('',#8909,1.);
#2668=VECTOR('',#8912,1.);
#2669=VECTOR('',#8913,1.);
#2670=VECTOR('',#8916,1.);
#2671=VECTOR('',#8919,1.);
#2672=VECTOR('',#8920,1.);
#2673=VECTOR('',#8923,1.);
#2674=VECTOR('',#8926,1.);
#2675=VECTOR('',#8927,1.);
#2676=VECTOR('',#8930,1.);
#2677=VECTOR('',#8933,1.);
#2678=VECTOR('',#8934,1.);
#2679=VECTOR('',#8937,1.);
#2680=VECTOR('',#8940,1.);
#2681=VECTOR('',#8941,1.);
#2682=VECTOR('',#8944,1.);
#2683=VECTOR('',#8947,1.);
#2684=VECTOR('',#8948,1.);
#2685=VECTOR('',#8951,1.);
#2686=VECTOR('',#8954,1.);
#2687=VECTOR('',#8955,1.);
#2688=VECTOR('',#8958,1.);
#2689=VECTOR('',#8961,1.);
#2690=VECTOR('',#8962,1.);
#2691=VECTOR('',#8965,1.);
#2692=VECTOR('',#8968,1.);
#2693=VECTOR('',#8969,1.);
#2694=VECTOR('',#8972,1.);
#2695=VECTOR('',#8975,1.);
#2696=VECTOR('',#8976,1.);
#2697=VECTOR('',#8979,1.);
#2698=VECTOR('',#8982,1.);
#2699=VECTOR('',#8983,1.);
#2700=VECTOR('',#8986,1.);
#2701=VECTOR('',#8989,1.);
#2702=VECTOR('',#8990,1.);
#2703=VECTOR('',#8993,1.);
#2704=VECTOR('',#8996,1.);
#2705=VECTOR('',#8997,1.);
#2706=VECTOR('',#9000,1.);
#2707=VECTOR('',#9003,1.);
#2708=VECTOR('',#9004,1.);
#2709=VECTOR('',#9007,1.);
#2710=VECTOR('',#9010,1.);
#2711=VECTOR('',#9011,1.);
#2712=VECTOR('',#9014,1.);
#2713=VECTOR('',#9017,1.);
#2714=VECTOR('',#9018,1.);
#2715=VECTOR('',#9021,1.);
#2716=VECTOR('',#9024,1.);
#2717=VECTOR('',#9025,1.);
#2718=VECTOR('',#9028,1.);
#2719=VECTOR('',#9031,1.);
#2720=VECTOR('',#9032,1.);
#2721=VECTOR('',#9035,1.);
#2722=VECTOR('',#9038,1.);
#2723=VECTOR('',#9039,1.);
#2724=VECTOR('',#9042,1.);
#2725=VECTOR('',#9045,1.);
#2726=VECTOR('',#9046,1.);
#2727=VECTOR('',#9049,1.);
#2728=VECTOR('',#9052,1.);
#2729=VECTOR('',#9053,1.);
#2730=VECTOR('',#9056,1.);
#2731=VECTOR('',#9059,1.);
#2732=VECTOR('',#9060,1.);
#2733=VECTOR('',#9063,1.);
#2734=VECTOR('',#9066,1.);
#2735=VECTOR('',#9067,1.);
#2736=VECTOR('',#9070,1.);
#2737=VECTOR('',#9073,1.);
#2738=VECTOR('',#9074,1.);
#2739=VECTOR('',#9077,1.);
#2740=VECTOR('',#9080,1.);
#2741=VECTOR('',#9081,1.);
#2742=VECTOR('',#9084,1.);
#2743=VECTOR('',#9087,1.);
#2744=VECTOR('',#9088,1.);
#2745=VECTOR('',#9091,1.);
#2746=VECTOR('',#9094,1.);
#2747=VECTOR('',#9095,1.);
#2748=VECTOR('',#9098,1.);
#2749=VECTOR('',#9101,1.);
#2750=VECTOR('',#9102,1.);
#2751=VECTOR('',#9105,1.);
#2752=VECTOR('',#9108,1.);
#2753=VECTOR('',#9109,1.);
#2754=VECTOR('',#9112,1.);
#2755=VECTOR('',#9115,1.);
#2756=VECTOR('',#9116,1.);
#2757=VECTOR('',#9119,1.);
#2758=VECTOR('',#9122,1.);
#2759=VECTOR('',#9123,1.);
#2760=VECTOR('',#9126,1.);
#2761=VECTOR('',#9129,1.);
#2762=VECTOR('',#9130,1.);
#2763=VECTOR('',#9135,1.);
#2764=VECTOR('',#9136,1.);
#2765=VECTOR('',#9139,1.);
#2766=VECTOR('',#9142,1.);
#2767=VECTOR('',#9145,1.);
#2768=VECTOR('',#9148,1.);
#2769=VECTOR('',#9151,1.);
#2770=VECTOR('',#9154,1.);
#2771=VECTOR('',#9157,1.);
#2772=VECTOR('',#9160,1.);
#2773=VECTOR('',#9163,1.);
#2774=VECTOR('',#9166,1.);
#2775=VECTOR('',#9169,1.);
#2776=VECTOR('',#9172,1.);
#2777=VECTOR('',#9175,1.);
#2778=VECTOR('',#9178,1.);
#2779=VECTOR('',#9181,1.);
#2780=VECTOR('',#9184,1.);
#2781=VECTOR('',#9187,1.);
#2782=VECTOR('',#9190,1.);
#2783=VECTOR('',#9193,1.);
#2784=VECTOR('',#9196,1.);
#2785=VECTOR('',#9199,1.);
#2786=VECTOR('',#9202,1.);
#2787=VECTOR('',#9205,1.);
#2788=VECTOR('',#9208,1.);
#2789=VECTOR('',#9211,1.);
#2790=VECTOR('',#9214,1.);
#2791=VECTOR('',#9217,1.);
#2792=VECTOR('',#9220,1.);
#2793=VECTOR('',#9223,1.);
#2794=VECTOR('',#9226,1.);
#2795=VECTOR('',#9229,1.);
#2796=VECTOR('',#9232,1.);
#2797=VECTOR('',#9235,1.);
#2798=VECTOR('',#9238,1.);
#2799=VECTOR('',#9241,1.);
#2800=VECTOR('',#9244,1.);
#2801=VECTOR('',#9247,1.);
#2802=VECTOR('',#9250,1.);
#2803=VECTOR('',#9253,1.);
#2804=VECTOR('',#9256,1.);
#2805=VECTOR('',#9259,1.);
#2806=VECTOR('',#9262,1.);
#2807=VECTOR('',#9265,1.);
#2808=VECTOR('',#9268,1.);
#2809=VECTOR('',#9271,1.);
#2810=VECTOR('',#9274,1.);
#2811=VECTOR('',#9277,1.);
#2812=VECTOR('',#9280,1.);
#2813=VECTOR('',#9283,1.);
#2814=VECTOR('',#9286,1.);
#2815=VECTOR('',#9289,1.);
#2816=VECTOR('',#9292,1.);
#2817=VECTOR('',#9295,1.);
#2818=VECTOR('',#9298,1.);
#2819=VECTOR('',#9301,1.);
#2820=VECTOR('',#9304,1.);
#2821=VECTOR('',#9307,1.);
#2822=VECTOR('',#9310,1.);
#2823=VECTOR('',#9313,1.);
#2824=VECTOR('',#9316,1.);
#2825=VECTOR('',#9319,1.);
#2826=VECTOR('',#9322,1.);
#2827=VECTOR('',#9325,1.);
#2828=VECTOR('',#9328,1.);
#2829=VECTOR('',#9331,1.);
#2830=VECTOR('',#9334,1.);
#2831=VECTOR('',#9337,1.);
#2832=VECTOR('',#9340,1.);
#2833=VECTOR('',#9343,1.);
#2834=VECTOR('',#9346,1.);
#2835=VECTOR('',#9349,1.);
#2836=VECTOR('',#9352,1.);
#2837=VECTOR('',#9355,1.);
#2838=VECTOR('',#9358,1.);
#2839=VECTOR('',#9361,1.);
#2840=VECTOR('',#9364,1.);
#2841=VECTOR('',#9367,1.);
#2842=VECTOR('',#9370,1.);
#2843=VECTOR('',#9373,1.);
#2844=VECTOR('',#9376,1.);
#2845=VECTOR('',#9379,1.);
#2846=VECTOR('',#9382,1.);
#2847=VECTOR('',#9385,1.);
#2848=VECTOR('',#9388,1.);
#2849=VECTOR('',#9391,1.);
#2850=VECTOR('',#9394,1.);
#2851=VECTOR('',#9397,1.);
#2852=VECTOR('',#9400,1.);
#2853=VECTOR('',#9403,1.);
#2854=VECTOR('',#9406,1.);
#2855=VECTOR('',#9409,1.);
#2856=VECTOR('',#9412,1.);
#2857=VECTOR('',#9415,1.);
#2858=VECTOR('',#9418,1.);
#2859=VECTOR('',#9421,1.);
#2860=VECTOR('',#9424,1.);
#2861=VECTOR('',#9427,1.);
#2862=VECTOR('',#9430,1.);
#2863=VECTOR('',#9433,1.);
#2864=VECTOR('',#9436,1.);
#2865=VECTOR('',#9439,1.);
#2866=VECTOR('',#9442,1.);
#2867=VECTOR('',#9445,1.);
#2868=VECTOR('',#9448,1.);
#2869=VECTOR('',#9451,1.);
#2870=VECTOR('',#9454,1.);
#2871=VECTOR('',#9457,1.);
#2872=VECTOR('',#9460,1.);
#2873=VECTOR('',#9463,1.);
#2874=VECTOR('',#9466,1.);
#2875=VERTEX_POINT('',#9471);
#2876=VERTEX_POINT('',#9472);
#2877=VERTEX_POINT('',#9474);
#2878=VERTEX_POINT('',#9478);
#2879=VERTEX_POINT('',#9482);
#2880=VERTEX_POINT('',#9486);
#2881=VERTEX_POINT('',#9490);
#2882=VERTEX_POINT('',#9494);
#2883=VERTEX_POINT('',#9498);
#2884=VERTEX_POINT('',#9502);
#2885=VERTEX_POINT('',#9506);
#2886=VERTEX_POINT('',#9510);
#2887=VERTEX_POINT('',#9514);
#2888=VERTEX_POINT('',#9518);
#2889=VERTEX_POINT('',#9522);
#2890=VERTEX_POINT('',#9526);
#2891=VERTEX_POINT('',#9530);
#2892=VERTEX_POINT('',#9534);
#2893=VERTEX_POINT('',#9538);
#2894=VERTEX_POINT('',#9542);
#2895=VERTEX_POINT('',#9546);
#2896=VERTEX_POINT('',#9550);
#2897=VERTEX_POINT('',#9554);
#2898=VERTEX_POINT('',#9558);
#2899=VERTEX_POINT('',#9562);
#2900=VERTEX_POINT('',#9566);
#2901=VERTEX_POINT('',#9570);
#2902=VERTEX_POINT('',#9574);
#2903=VERTEX_POINT('',#9578);
#2904=VERTEX_POINT('',#9582);
#2905=VERTEX_POINT('',#9586);
#2906=VERTEX_POINT('',#9590);
#2907=VERTEX_POINT('',#9594);
#2908=VERTEX_POINT('',#9598);
#2909=VERTEX_POINT('',#9602);
#2910=VERTEX_POINT('',#9606);
#2911=VERTEX_POINT('',#9610);
#2912=VERTEX_POINT('',#9614);
#2913=VERTEX_POINT('',#9618);
#2914=VERTEX_POINT('',#9622);
#2915=VERTEX_POINT('',#9626);
#2916=VERTEX_POINT('',#9630);
#2917=VERTEX_POINT('',#9634);
#2918=VERTEX_POINT('',#9635);
#2919=VERTEX_POINT('',#9637);
#2920=VERTEX_POINT('',#9641);
#2921=VERTEX_POINT('',#9645);
#2922=VERTEX_POINT('',#9649);
#2923=VERTEX_POINT('',#9653);
#2924=VERTEX_POINT('',#9657);
#2925=VERTEX_POINT('',#9661);
#2926=VERTEX_POINT('',#9665);
#2927=VERTEX_POINT('',#9669);
#2928=VERTEX_POINT('',#9673);
#2929=VERTEX_POINT('',#9677);
#2930=VERTEX_POINT('',#9681);
#2931=VERTEX_POINT('',#9685);
#2932=VERTEX_POINT('',#9689);
#2933=VERTEX_POINT('',#9693);
#2934=VERTEX_POINT('',#9697);
#2935=VERTEX_POINT('',#9701);
#2936=VERTEX_POINT('',#9705);
#2937=VERTEX_POINT('',#9709);
#2938=VERTEX_POINT('',#9713);
#2939=VERTEX_POINT('',#9717);
#2940=VERTEX_POINT('',#9721);
#2941=VERTEX_POINT('',#9725);
#2942=VERTEX_POINT('',#9729);
#2943=VERTEX_POINT('',#9733);
#2944=VERTEX_POINT('',#9737);
#2945=VERTEX_POINT('',#9741);
#2946=VERTEX_POINT('',#9745);
#2947=VERTEX_POINT('',#9752);
#2948=VERTEX_POINT('',#9756);
#2949=VERTEX_POINT('',#9760);
#2950=VERTEX_POINT('',#9764);
#2951=VERTEX_POINT('',#9768);
#2952=VERTEX_POINT('',#9772);
#2953=VERTEX_POINT('',#9776);
#2954=VERTEX_POINT('',#9780);
#2955=VERTEX_POINT('',#9784);
#2956=VERTEX_POINT('',#9788);
#2957=VERTEX_POINT('',#9792);
#2958=VERTEX_POINT('',#9796);
#2959=VERTEX_POINT('',#9802);
#2960=VERTEX_POINT('',#9806);
#2961=VERTEX_POINT('',#9810);
#2962=VERTEX_POINT('',#9814);
#2963=VERTEX_POINT('',#9818);
#2964=VERTEX_POINT('',#9822);
#2965=VERTEX_POINT('',#9826);
#2966=VERTEX_POINT('',#9830);
#2967=VERTEX_POINT('',#9834);
#2968=VERTEX_POINT('',#9838);
#2969=VERTEX_POINT('',#9842);
#2970=VERTEX_POINT('',#9846);
#2971=VERTEX_POINT('',#9850);
#2972=VERTEX_POINT('',#9854);
#2973=VERTEX_POINT('',#9858);
#2974=VERTEX_POINT('',#9862);
#2975=VERTEX_POINT('',#9871);
#2976=VERTEX_POINT('',#9877);
#2977=VERTEX_POINT('',#9881);
#2978=VERTEX_POINT('',#9889);
#2979=VERTEX_POINT('',#9891);
#2980=VERTEX_POINT('',#9895);
#2981=VERTEX_POINT('',#9899);
#2982=VERTEX_POINT('',#9903);
#2983=VERTEX_POINT('',#9907);
#2984=VERTEX_POINT('',#9911);
#2985=VERTEX_POINT('',#9915);
#2986=VERTEX_POINT('',#9919);
#2987=VERTEX_POINT('',#9923);
#2988=VERTEX_POINT('',#9927);
#2989=VERTEX_POINT('',#9931);
#2990=VERTEX_POINT('',#9935);
#2991=VERTEX_POINT('',#9939);
#2992=VERTEX_POINT('',#9943);
#2993=VERTEX_POINT('',#9947);
#2994=VERTEX_POINT('',#9953);
#2995=VERTEX_POINT('',#9957);
#2996=VERTEX_POINT('',#9961);
#2997=VERTEX_POINT('',#9965);
#2998=VERTEX_POINT('',#9969);
#2999=VERTEX_POINT('',#9973);
#3000=VERTEX_POINT('',#9977);
#3001=VERTEX_POINT('',#9981);
#3002=VERTEX_POINT('',#9985);
#3003=VERTEX_POINT('',#9989);
#3004=VERTEX_POINT('',#9993);
#3005=VERTEX_POINT('',#9997);
#3006=VERTEX_POINT('',#10001);
#3007=VERTEX_POINT('',#10005);
#3008=VERTEX_POINT('',#10009);
#3009=VERTEX_POINT('',#10013);
#3010=VERTEX_POINT('',#10017);
#3011=VERTEX_POINT('',#10021);
#3012=VERTEX_POINT('',#10025);
#3013=VERTEX_POINT('',#10029);
#3014=VERTEX_POINT('',#10033);
#3015=VERTEX_POINT('',#10037);
#3016=VERTEX_POINT('',#10041);
#3017=VERTEX_POINT('',#10045);
#3018=VERTEX_POINT('',#10049);
#3019=VERTEX_POINT('',#10056);
#3020=VERTEX_POINT('',#10060);
#3021=VERTEX_POINT('',#10064);
#3022=VERTEX_POINT('',#10068);
#3023=VERTEX_POINT('',#10072);
#3024=VERTEX_POINT('',#10076);
#3025=VERTEX_POINT('',#10080);
#3026=VERTEX_POINT('',#10084);
#3027=VERTEX_POINT('',#10088);
#3028=VERTEX_POINT('',#10092);
#3029=VERTEX_POINT('',#10096);
#3030=VERTEX_POINT('',#10100);
#3031=VERTEX_POINT('',#10104);
#3032=VERTEX_POINT('',#10108);
#3033=VERTEX_POINT('',#10112);
#3034=VERTEX_POINT('',#10116);
#3035=VERTEX_POINT('',#10124);
#3036=VERTEX_POINT('',#10128);
#3037=VERTEX_POINT('',#10132);
#3038=VERTEX_POINT('',#10136);
#3039=VERTEX_POINT('',#10140);
#3040=VERTEX_POINT('',#10144);
#3041=VERTEX_POINT('',#10148);
#3042=VERTEX_POINT('',#10154);
#3043=VERTEX_POINT('',#10158);
#3044=VERTEX_POINT('',#10162);
#3045=VERTEX_POINT('',#10166);
#3046=VERTEX_POINT('',#10170);
#3047=VERTEX_POINT('',#10174);
#3048=VERTEX_POINT('',#10178);
#3049=VERTEX_POINT('',#10184);
#3050=VERTEX_POINT('',#10188);
#3051=VERTEX_POINT('',#10192);
#3052=VERTEX_POINT('',#10196);
#3053=VERTEX_POINT('',#10200);
#3054=VERTEX_POINT('',#10204);
#3055=VERTEX_POINT('',#10208);
#3056=VERTEX_POINT('',#10212);
#3057=VERTEX_POINT('',#10216);
#3058=VERTEX_POINT('',#10220);
#3059=VERTEX_POINT('',#10224);
#3060=VERTEX_POINT('',#10228);
#3061=VERTEX_POINT('',#10232);
#3062=VERTEX_POINT('',#10238);
#3063=VERTEX_POINT('',#10242);
#3064=VERTEX_POINT('',#10246);
#3065=VERTEX_POINT('',#10250);
#3066=VERTEX_POINT('',#10254);
#3067=VERTEX_POINT('',#10258);
#3068=VERTEX_POINT('',#10262);
#3069=VERTEX_POINT('',#10266);
#3070=VERTEX_POINT('',#10270);
#3071=VERTEX_POINT('',#10284);
#3072=VERTEX_POINT('',#10290);
#3073=VERTEX_POINT('',#10296);
#3074=VERTEX_POINT('',#10302);
#3075=VERTEX_POINT('',#10308);
#3076=VERTEX_POINT('',#10314);
#3077=VERTEX_POINT('',#10320);
#3078=VERTEX_POINT('',#10326);
#3079=VERTEX_POINT('',#10332);
#3080=VERTEX_POINT('',#10338);
#3081=VERTEX_POINT('',#10344);
#3082=VERTEX_POINT('',#10350);
#3083=VERTEX_POINT('',#10356);
#3084=VERTEX_POINT('',#10362);
#3085=VERTEX_POINT('',#10368);
#3086=VERTEX_POINT('',#10374);
#3087=VERTEX_POINT('',#10380);
#3088=VERTEX_POINT('',#10386);
#3089=VERTEX_POINT('',#10392);
#3090=VERTEX_POINT('',#10398);
#3091=VERTEX_POINT('',#10404);
#3092=VERTEX_POINT('',#10410);
#3093=VERTEX_POINT('',#10416);
#3094=VERTEX_POINT('',#10422);
#3095=VERTEX_POINT('',#10428);
#3096=VERTEX_POINT('',#10434);
#3097=VERTEX_POINT('',#10440);
#3098=VERTEX_POINT('',#10446);
#3099=VERTEX_POINT('',#10452);
#3100=VERTEX_POINT('',#10458);
#3101=VERTEX_POINT('',#10464);
#3102=VERTEX_POINT('',#10470);
#3103=VERTEX_POINT('',#10476);
#3104=VERTEX_POINT('',#10482);
#3105=VERTEX_POINT('',#10627);
#3106=VERTEX_POINT('',#10629);
#3107=VERTEX_POINT('',#10635);
#3108=VERTEX_POINT('',#10641);
#3109=VERTEX_POINT('',#10647);
#3110=VERTEX_POINT('',#10653);
#3111=VERTEX_POINT('',#10659);
#3112=VERTEX_POINT('',#10665);
#3113=VERTEX_POINT('',#10671);
#3114=VERTEX_POINT('',#10677);
#3115=VERTEX_POINT('',#10683);
#3116=VERTEX_POINT('',#10689);
#3117=VERTEX_POINT('',#10695);
#3118=VERTEX_POINT('',#10701);
#3119=VERTEX_POINT('',#10707);
#3120=VERTEX_POINT('',#10713);
#3121=VERTEX_POINT('',#10719);
#3122=VERTEX_POINT('',#10725);
#3123=VERTEX_POINT('',#10731);
#3124=VERTEX_POINT('',#10737);
#3125=VERTEX_POINT('',#10743);
#3126=VERTEX_POINT('',#10749);
#3127=VERTEX_POINT('',#10755);
#3128=VERTEX_POINT('',#10761);
#3129=VERTEX_POINT('',#10767);
#3130=VERTEX_POINT('',#10773);
#3131=VERTEX_POINT('',#10779);
#3132=VERTEX_POINT('',#10785);
#3133=VERTEX_POINT('',#10791);
#3134=VERTEX_POINT('',#10797);
#3135=VERTEX_POINT('',#10803);
#3136=VERTEX_POINT('',#10809);
#3137=VERTEX_POINT('',#10815);
#3138=VERTEX_POINT('',#10821);
#3139=VERTEX_POINT('',#10827);
#3140=VERTEX_POINT('',#10833);
#3141=VERTEX_POINT('',#10839);
#3142=VERTEX_POINT('',#10845);
#3143=VERTEX_POINT('',#10851);
#3144=VERTEX_POINT('',#10857);
#3145=VERTEX_POINT('',#10863);
#3146=VERTEX_POINT('',#10869);
#3147=VERTEX_POINT('',#10875);
#3148=VERTEX_POINT('',#10881);
#3149=VERTEX_POINT('',#10887);
#3150=VERTEX_POINT('',#10893);
#3151=VERTEX_POINT('',#10899);
#3152=VERTEX_POINT('',#10905);
#3153=VERTEX_POINT('',#10911);
#3154=VERTEX_POINT('',#10917);
#3155=VERTEX_POINT('',#10923);
#3156=VERTEX_POINT('',#10929);
#3157=VERTEX_POINT('',#10935);
#3158=VERTEX_POINT('',#10941);
#3159=VERTEX_POINT('',#10947);
#3160=VERTEX_POINT('',#10953);
#3161=EDGE_CURVE('',#2875,#2876,#1159,.T.);
#3162=EDGE_CURVE('',#2877,#2876,#1160,.T.);
#3163=EDGE_CURVE('',#2875,#2877,#1161,.T.);
#3164=EDGE_CURVE('',#2878,#2876,#1162,.T.);
#3165=EDGE_CURVE('',#2875,#2878,#1163,.T.);
#3166=EDGE_CURVE('',#2879,#2876,#1164,.T.);
#3167=EDGE_CURVE('',#2878,#2879,#1165,.T.);
#3168=EDGE_CURVE('',#2880,#2876,#1166,.T.);
#3169=EDGE_CURVE('',#2879,#2880,#1167,.T.);
#3170=EDGE_CURVE('',#2881,#2876,#1168,.T.);
#3171=EDGE_CURVE('',#2880,#2881,#1169,.T.);
#3172=EDGE_CURVE('',#2882,#2876,#1170,.T.);
#3173=EDGE_CURVE('',#2881,#2882,#1171,.T.);
#3174=EDGE_CURVE('',#2883,#2876,#1172,.T.);
#3175=EDGE_CURVE('',#2883,#2882,#1173,.T.);
#3176=EDGE_CURVE('',#2883,#2884,#1174,.T.);
#3177=EDGE_CURVE('',#2884,#2876,#1175,.T.);
#3178=EDGE_CURVE('',#2885,#2884,#1176,.T.);
#3179=EDGE_CURVE('',#2885,#2883,#1177,.T.);
#3180=EDGE_CURVE('',#2886,#2884,#1178,.T.);
#3181=EDGE_CURVE('',#2886,#2885,#1179,.T.);
#3182=EDGE_CURVE('',#2887,#2884,#1180,.T.);
#3183=EDGE_CURVE('',#2887,#2886,#1181,.T.);
#3184=EDGE_CURVE('',#2888,#2884,#1182,.T.);
#3185=EDGE_CURVE('',#2888,#2887,#1183,.T.);
#3186=EDGE_CURVE('',#2889,#2884,#1184,.T.);
#3187=EDGE_CURVE('',#2889,#2888,#1185,.T.);
#3188=EDGE_CURVE('',#2890,#2884,#1186,.T.);
#3189=EDGE_CURVE('',#2890,#2889,#1187,.T.);
#3190=EDGE_CURVE('',#2891,#2884,#1188,.T.);
#3191=EDGE_CURVE('',#2891,#2890,#1189,.T.);
#3192=EDGE_CURVE('',#2892,#2891,#1190,.T.);
#3193=EDGE_CURVE('',#2892,#2884,#1191,.T.);
#3194=EDGE_CURVE('',#2892,#2893,#1192,.T.);
#3195=EDGE_CURVE('',#2893,#2891,#1193,.T.);
#3196=EDGE_CURVE('',#2892,#2894,#1194,.T.);
#3197=EDGE_CURVE('',#2894,#2893,#1195,.T.);
#3198=EDGE_CURVE('',#2892,#2895,#1196,.T.);
#3199=EDGE_CURVE('',#2895,#2894,#1197,.T.);
#3200=EDGE_CURVE('',#2892,#2896,#1198,.T.);
#3201=EDGE_CURVE('',#2896,#2895,#1199,.T.);
#3202=EDGE_CURVE('',#2892,#2897,#1200,.T.);
#3203=EDGE_CURVE('',#2897,#2896,#1201,.T.);
#3204=EDGE_CURVE('',#2892,#2898,#1202,.T.);
#3205=EDGE_CURVE('',#2898,#2897,#1203,.T.);
#3206=EDGE_CURVE('',#2892,#2899,#1204,.T.);
#3207=EDGE_CURVE('',#2899,#2898,#1205,.T.);
#3208=EDGE_CURVE('',#2892,#2900,#1206,.T.);
#3209=EDGE_CURVE('',#2900,#2899,#1207,.T.);
#3210=EDGE_CURVE('',#2892,#2901,#1208,.T.);
#3211=EDGE_CURVE('',#2901,#2900,#1209,.T.);
#3212=EDGE_CURVE('',#2892,#2902,#1210,.T.);
#3213=EDGE_CURVE('',#2902,#2901,#1211,.T.);
#3214=EDGE_CURVE('',#2892,#2903,#1212,.T.);
#3215=EDGE_CURVE('',#2903,#2902,#1213,.T.);
#3216=EDGE_CURVE('',#2892,#2904,#1214,.T.);
#3217=EDGE_CURVE('',#2904,#2903,#1215,.T.);
#3218=EDGE_CURVE('',#2892,#2905,#1216,.T.);
#3219=EDGE_CURVE('',#2905,#2904,#1217,.T.);
#3220=EDGE_CURVE('',#2906,#2905,#1218,.T.);
#3221=EDGE_CURVE('',#2892,#2906,#1219,.T.);
#3222=EDGE_CURVE('',#2906,#2907,#1220,.T.);
#3223=EDGE_CURVE('',#2905,#2907,#1221,.T.);
#3224=EDGE_CURVE('',#2906,#2908,#1222,.T.);
#3225=EDGE_CURVE('',#2907,#2908,#1223,.T.);
#3226=EDGE_CURVE('',#2906,#2909,#1224,.T.);
#3227=EDGE_CURVE('',#2908,#2909,#1225,.T.);
#3228=EDGE_CURVE('',#2906,#2910,#1226,.T.);
#3229=EDGE_CURVE('',#2909,#2910,#1227,.T.);
#3230=EDGE_CURVE('',#2906,#2911,#1228,.T.);
#3231=EDGE_CURVE('',#2910,#2911,#1229,.T.);
#3232=EDGE_CURVE('',#2906,#2912,#1230,.T.);
#3233=EDGE_CURVE('',#2911,#2912,#1231,.T.);
#3234=EDGE_CURVE('',#2906,#2913,#1232,.T.);
#3235=EDGE_CURVE('',#2912,#2913,#1233,.T.);
#3236=EDGE_CURVE('',#2906,#2914,#1234,.T.);
#3237=EDGE_CURVE('',#2913,#2914,#1235,.T.);
#3238=EDGE_CURVE('',#2906,#2915,#1236,.T.);
#3239=EDGE_CURVE('',#2914,#2915,#1237,.T.);
#3240=EDGE_CURVE('',#2906,#2916,#1238,.T.);
#3241=EDGE_CURVE('',#2915,#2916,#1239,.T.);
#3242=EDGE_CURVE('',#2917,#2918,#1240,.T.);
#3243=EDGE_CURVE('',#2919,#2918,#1241,.T.);
#3244=EDGE_CURVE('',#2917,#2919,#1242,.T.);
#3245=EDGE_CURVE('',#2920,#2918,#1243,.T.);
#3246=EDGE_CURVE('',#2920,#2917,#1244,.T.);
#3247=EDGE_CURVE('',#2921,#2918,#1245,.T.);
#3248=EDGE_CURVE('',#2921,#2920,#1246,.T.);
#3249=EDGE_CURVE('',#2922,#2918,#1247,.T.);
#3250=EDGE_CURVE('',#2922,#2921,#1248,.T.);
#3251=EDGE_CURVE('',#2923,#2918,#1249,.T.);
#3252=EDGE_CURVE('',#2923,#2922,#1250,.T.);
#3253=EDGE_CURVE('',#2924,#2918,#1251,.T.);
#3254=EDGE_CURVE('',#2924,#2923,#1252,.T.);
#3255=EDGE_CURVE('',#2925,#2918,#1253,.T.);
#3256=EDGE_CURVE('',#2925,#2924,#1254,.T.);
#3257=EDGE_CURVE('',#2926,#2918,#1255,.T.);
#3258=EDGE_CURVE('',#2926,#2925,#1256,.T.);
#3259=EDGE_CURVE('',#2927,#2918,#1257,.T.);
#3260=EDGE_CURVE('',#2927,#2926,#1258,.T.);
#3261=EDGE_CURVE('',#2928,#2918,#1259,.T.);
#3262=EDGE_CURVE('',#2928,#2927,#1260,.T.);
#3263=EDGE_CURVE('',#2929,#2918,#1261,.T.);
#3264=EDGE_CURVE('',#2929,#2928,#1262,.T.);
#3265=EDGE_CURVE('',#2930,#2918,#1263,.T.);
#3266=EDGE_CURVE('',#2930,#2929,#1264,.T.);
#3267=EDGE_CURVE('',#2931,#2918,#1265,.T.);
#3268=EDGE_CURVE('',#2931,#2930,#1266,.T.);
#3269=EDGE_CURVE('',#2932,#2918,#1267,.T.);
#3270=EDGE_CURVE('',#2932,#2931,#1268,.T.);
#3271=EDGE_CURVE('',#2933,#2918,#1269,.T.);
#3272=EDGE_CURVE('',#2933,#2932,#1270,.T.);
#3273=EDGE_CURVE('',#2934,#2933,#1271,.T.);
#3274=EDGE_CURVE('',#2934,#2918,#1272,.T.);
#3275=EDGE_CURVE('',#2934,#2935,#1273,.T.);
#3276=EDGE_CURVE('',#2935,#2933,#1274,.T.);
#3277=EDGE_CURVE('',#2934,#2936,#1275,.T.);
#3278=EDGE_CURVE('',#2936,#2935,#1276,.T.);
#3279=EDGE_CURVE('',#2934,#2937,#1277,.T.);
#3280=EDGE_CURVE('',#2937,#2936,#1278,.T.);
#3281=EDGE_CURVE('',#2934,#2938,#1279,.T.);
#3282=EDGE_CURVE('',#2938,#2937,#1280,.T.);
#3283=EDGE_CURVE('',#2934,#2939,#1281,.T.);
#3284=EDGE_CURVE('',#2939,#2938,#1282,.T.);
#3285=EDGE_CURVE('',#2934,#2940,#1283,.T.);
#3286=EDGE_CURVE('',#2940,#2939,#1284,.T.);
#3287=EDGE_CURVE('',#2934,#2941,#1285,.T.);
#3288=EDGE_CURVE('',#2941,#2940,#1286,.T.);
#3289=EDGE_CURVE('',#2934,#2942,#1287,.T.);
#3290=EDGE_CURVE('',#2942,#2941,#1288,.T.);
#3291=EDGE_CURVE('',#2934,#2943,#1289,.T.);
#3292=EDGE_CURVE('',#2943,#2942,#1290,.T.);
#3293=EDGE_CURVE('',#2934,#2944,#1291,.T.);
#3294=EDGE_CURVE('',#2944,#2943,#1292,.T.);
#3295=EDGE_CURVE('',#2934,#2945,#1293,.T.);
#3296=EDGE_CURVE('',#2945,#2944,#1294,.T.);
#3297=EDGE_CURVE('',#2934,#2946,#1295,.T.);
#3298=EDGE_CURVE('',#2946,#2945,#1296,.T.);
#3299=EDGE_CURVE('',#2892,#2946,#1297,.T.);
#3300=EDGE_CURVE('',#2934,#2892,#1298,.T.);
#3301=EDGE_CURVE('',#2892,#2947,#1299,.T.);
#3302=EDGE_CURVE('',#2946,#2947,#1300,.T.);
#3303=EDGE_CURVE('',#2892,#2948,#1301,.T.);
#3304=EDGE_CURVE('',#2947,#2948,#1302,.T.);
#3305=EDGE_CURVE('',#2892,#2949,#1303,.T.);
#3306=EDGE_CURVE('',#2948,#2949,#1304,.T.);
#3307=EDGE_CURVE('',#2892,#2950,#1305,.T.);
#3308=EDGE_CURVE('',#2949,#2950,#1306,.T.);
#3309=EDGE_CURVE('',#2892,#2951,#1307,.T.);
#3310=EDGE_CURVE('',#2950,#2951,#1308,.T.);
#3311=EDGE_CURVE('',#2892,#2952,#1309,.T.);
#3312=EDGE_CURVE('',#2951,#2952,#1310,.T.);
#3313=EDGE_CURVE('',#2892,#2953,#1311,.T.);
#3314=EDGE_CURVE('',#2952,#2953,#1312,.T.);
#3315=EDGE_CURVE('',#2892,#2954,#1313,.T.);
#3316=EDGE_CURVE('',#2953,#2954,#1314,.T.);
#3317=EDGE_CURVE('',#2892,#2955,#1315,.T.);
#3318=EDGE_CURVE('',#2954,#2955,#1316,.T.);
#3319=EDGE_CURVE('',#2892,#2956,#1317,.T.);
#3320=EDGE_CURVE('',#2955,#2956,#1318,.T.);
#3321=EDGE_CURVE('',#2892,#2957,#1319,.T.);
#3322=EDGE_CURVE('',#2956,#2957,#1320,.T.);
#3323=EDGE_CURVE('',#2892,#2958,#1321,.T.);
#3324=EDGE_CURVE('',#2957,#2958,#1322,.T.);
#3325=EDGE_CURVE('',#2958,#2884,#1323,.T.);
#3326=EDGE_CURVE('',#2959,#2884,#1324,.T.);
#3327=EDGE_CURVE('',#2958,#2959,#1325,.T.);
#3328=EDGE_CURVE('',#2960,#2884,#1326,.T.);
#3329=EDGE_CURVE('',#2959,#2960,#1327,.T.);
#3330=EDGE_CURVE('',#2961,#2884,#1328,.T.);
#3331=EDGE_CURVE('',#2960,#2961,#1329,.T.);
#3332=EDGE_CURVE('',#2962,#2884,#1330,.T.);
#3333=EDGE_CURVE('',#2961,#2962,#1331,.T.);
#3334=EDGE_CURVE('',#2963,#2884,#1332,.T.);
#3335=EDGE_CURVE('',#2962,#2963,#1333,.T.);
#3336=EDGE_CURVE('',#2964,#2884,#1334,.T.);
#3337=EDGE_CURVE('',#2963,#2964,#1335,.T.);
#3338=EDGE_CURVE('',#2965,#2884,#1336,.T.);
#3339=EDGE_CURVE('',#2964,#2965,#1337,.T.);
#3340=EDGE_CURVE('',#2966,#2884,#1338,.T.);
#3341=EDGE_CURVE('',#2965,#2966,#1339,.T.);
#3342=EDGE_CURVE('',#2967,#2884,#1340,.T.);
#3343=EDGE_CURVE('',#2966,#2967,#1341,.T.);
#3344=EDGE_CURVE('',#2968,#2884,#1342,.T.);
#3345=EDGE_CURVE('',#2967,#2968,#1343,.T.);
#3346=EDGE_CURVE('',#2969,#2884,#1344,.T.);
#3347=EDGE_CURVE('',#2968,#2969,#1345,.T.);
#3348=EDGE_CURVE('',#2970,#2884,#1346,.T.);
#3349=EDGE_CURVE('',#2969,#2970,#1347,.T.);
#3350=EDGE_CURVE('',#2971,#2884,#1348,.T.);
#3351=EDGE_CURVE('',#2970,#2971,#1349,.T.);
#3352=EDGE_CURVE('',#2972,#2884,#1350,.T.);
#3353=EDGE_CURVE('',#2971,#2972,#1351,.T.);
#3354=EDGE_CURVE('',#2973,#2884,#1352,.T.);
#3355=EDGE_CURVE('',#2972,#2973,#1353,.T.);
#3356=EDGE_CURVE('',#2974,#2884,#1354,.T.);
#3357=EDGE_CURVE('',#2973,#2974,#1355,.T.);
#3358=EDGE_CURVE('',#2974,#2918,#1356,.T.);
#3359=EDGE_CURVE('',#2918,#2884,#1357,.T.);
#3360=EDGE_CURVE('',#2919,#2974,#1358,.T.);
#3361=EDGE_CURVE('',#2884,#2975,#1359,.T.);
#3362=EDGE_CURVE('',#2975,#2876,#1360,.T.);
#3363=EDGE_CURVE('',#2918,#2975,#1361,.T.);
#3364=EDGE_CURVE('',#2976,#2916,#1362,.T.);
#3365=EDGE_CURVE('',#2976,#2906,#1363,.T.);
#3366=EDGE_CURVE('',#2976,#2977,#1364,.T.);
#3367=EDGE_CURVE('',#2977,#2916,#1365,.T.);
#3368=EDGE_CURVE('',#2934,#2906,#1366,.T.);
#3369=EDGE_CURVE('',#2934,#2976,#1367,.T.);
#3370=EDGE_CURVE('',#2978,#2876,#1368,.T.);
#3371=EDGE_CURVE('',#2979,#2876,#1369,.T.);
#3372=EDGE_CURVE('',#2978,#2979,#1370,.T.);
#3373=EDGE_CURVE('',#2980,#2876,#1371,.T.);
#3374=EDGE_CURVE('',#2980,#2978,#1372,.T.);
#3375=EDGE_CURVE('',#2981,#2876,#1373,.T.);
#3376=EDGE_CURVE('',#2981,#2980,#1374,.T.);
#3377=EDGE_CURVE('',#2982,#2876,#1375,.T.);
#3378=EDGE_CURVE('',#2982,#2981,#1376,.T.);
#3379=EDGE_CURVE('',#2983,#2876,#1377,.T.);
#3380=EDGE_CURVE('',#2983,#2982,#1378,.T.);
#3381=EDGE_CURVE('',#2984,#2876,#1379,.T.);
#3382=EDGE_CURVE('',#2984,#2983,#1380,.T.);
#3383=EDGE_CURVE('',#2985,#2876,#1381,.T.);
#3384=EDGE_CURVE('',#2985,#2984,#1382,.T.);
#3385=EDGE_CURVE('',#2986,#2876,#1383,.T.);
#3386=EDGE_CURVE('',#2986,#2985,#1384,.T.);
#3387=EDGE_CURVE('',#2987,#2876,#1385,.T.);
#3388=EDGE_CURVE('',#2987,#2986,#1386,.T.);
#3389=EDGE_CURVE('',#2988,#2876,#1387,.T.);
#3390=EDGE_CURVE('',#2988,#2987,#1388,.T.);
#3391=EDGE_CURVE('',#2989,#2876,#1389,.T.);
#3392=EDGE_CURVE('',#2989,#2988,#1390,.T.);
#3393=EDGE_CURVE('',#2990,#2876,#1391,.T.);
#3394=EDGE_CURVE('',#2990,#2989,#1392,.T.);
#3395=EDGE_CURVE('',#2991,#2876,#1393,.T.);
#3396=EDGE_CURVE('',#2991,#2990,#1394,.T.);
#3397=EDGE_CURVE('',#2992,#2876,#1395,.T.);
#3398=EDGE_CURVE('',#2992,#2991,#1396,.T.);
#3399=EDGE_CURVE('',#2993,#2876,#1397,.T.);
#3400=EDGE_CURVE('',#2993,#2992,#1398,.T.);
#3401=EDGE_CURVE('',#2877,#2993,#1399,.T.);
#3402=EDGE_CURVE('',#2877,#2994,#1400,.T.);
#3403=EDGE_CURVE('',#2994,#2993,#1401,.T.);
#3404=EDGE_CURVE('',#2877,#2995,#1402,.T.);
#3405=EDGE_CURVE('',#2995,#2994,#1403,.T.);
#3406=EDGE_CURVE('',#2877,#2996,#1404,.T.);
#3407=EDGE_CURVE('',#2996,#2995,#1405,.T.);
#3408=EDGE_CURVE('',#2877,#2997,#1406,.T.);
#3409=EDGE_CURVE('',#2997,#2996,#1407,.T.);
#3410=EDGE_CURVE('',#2877,#2998,#1408,.T.);
#3411=EDGE_CURVE('',#2998,#2997,#1409,.T.);
#3412=EDGE_CURVE('',#2877,#2999,#1410,.T.);
#3413=EDGE_CURVE('',#2999,#2998,#1411,.T.);
#3414=EDGE_CURVE('',#2877,#3000,#1412,.T.);
#3415=EDGE_CURVE('',#3000,#2999,#1413,.T.);
#3416=EDGE_CURVE('',#2877,#3001,#1414,.T.);
#3417=EDGE_CURVE('',#3001,#3000,#1415,.T.);
#3418=EDGE_CURVE('',#2877,#3002,#1416,.T.);
#3419=EDGE_CURVE('',#3002,#3001,#1417,.T.);
#3420=EDGE_CURVE('',#2877,#3003,#1418,.T.);
#3421=EDGE_CURVE('',#3003,#3002,#1419,.T.);
#3422=EDGE_CURVE('',#2877,#3004,#1420,.T.);
#3423=EDGE_CURVE('',#3004,#3003,#1421,.T.);
#3424=EDGE_CURVE('',#2877,#3005,#1422,.T.);
#3425=EDGE_CURVE('',#3005,#3004,#1423,.T.);
#3426=EDGE_CURVE('',#3006,#3005,#1424,.T.);
#3427=EDGE_CURVE('',#3006,#2877,#1425,.T.);
#3428=EDGE_CURVE('',#3006,#3007,#1426,.T.);
#3429=EDGE_CURVE('',#3005,#3007,#1427,.T.);
#3430=EDGE_CURVE('',#3006,#3008,#1428,.T.);
#3431=EDGE_CURVE('',#3007,#3008,#1429,.T.);
#3432=EDGE_CURVE('',#3006,#3009,#1430,.T.);
#3433=EDGE_CURVE('',#3008,#3009,#1431,.T.);
#3434=EDGE_CURVE('',#3006,#3010,#1432,.T.);
#3435=EDGE_CURVE('',#3009,#3010,#1433,.T.);
#3436=EDGE_CURVE('',#3006,#3011,#1434,.T.);
#3437=EDGE_CURVE('',#3010,#3011,#1435,.T.);
#3438=EDGE_CURVE('',#3006,#3012,#1436,.T.);
#3439=EDGE_CURVE('',#3011,#3012,#1437,.T.);
#3440=EDGE_CURVE('',#3006,#3013,#1438,.T.);
#3441=EDGE_CURVE('',#3012,#3013,#1439,.T.);
#3442=EDGE_CURVE('',#3006,#3014,#1440,.T.);
#3443=EDGE_CURVE('',#3013,#3014,#1441,.T.);
#3444=EDGE_CURVE('',#3006,#3015,#1442,.T.);
#3445=EDGE_CURVE('',#3014,#3015,#1443,.T.);
#3446=EDGE_CURVE('',#3006,#3016,#1444,.T.);
#3447=EDGE_CURVE('',#3015,#3016,#1445,.T.);
#3448=EDGE_CURVE('',#3006,#3017,#1446,.T.);
#3449=EDGE_CURVE('',#3016,#3017,#1447,.T.);
#3450=EDGE_CURVE('',#3006,#3018,#1448,.T.);
#3451=EDGE_CURVE('',#3017,#3018,#1449,.T.);
#3452=EDGE_CURVE('',#3018,#2975,#1450,.T.);
#3453=EDGE_CURVE('',#3006,#2975,#1451,.T.);
#3454=EDGE_CURVE('',#3019,#2975,#1452,.T.);
#3455=EDGE_CURVE('',#3018,#3019,#1453,.T.);
#3456=EDGE_CURVE('',#3020,#2975,#1454,.T.);
#3457=EDGE_CURVE('',#3019,#3020,#1455,.T.);
#3458=EDGE_CURVE('',#3021,#2975,#1456,.T.);
#3459=EDGE_CURVE('',#3020,#3021,#1457,.T.);
#3460=EDGE_CURVE('',#3022,#2975,#1458,.T.);
#3461=EDGE_CURVE('',#3021,#3022,#1459,.T.);
#3462=EDGE_CURVE('',#3023,#2975,#1460,.T.);
#3463=EDGE_CURVE('',#3022,#3023,#1461,.T.);
#3464=EDGE_CURVE('',#3024,#2975,#1462,.T.);
#3465=EDGE_CURVE('',#3023,#3024,#1463,.T.);
#3466=EDGE_CURVE('',#3025,#2975,#1464,.T.);
#3467=EDGE_CURVE('',#3024,#3025,#1465,.T.);
#3468=EDGE_CURVE('',#3026,#2975,#1466,.T.);
#3469=EDGE_CURVE('',#3025,#3026,#1467,.T.);
#3470=EDGE_CURVE('',#3027,#2975,#1468,.T.);
#3471=EDGE_CURVE('',#3026,#3027,#1469,.T.);
#3472=EDGE_CURVE('',#3028,#2975,#1470,.T.);
#3473=EDGE_CURVE('',#3027,#3028,#1471,.T.);
#3474=EDGE_CURVE('',#3029,#2975,#1472,.T.);
#3475=EDGE_CURVE('',#3028,#3029,#1473,.T.);
#3476=EDGE_CURVE('',#3030,#2975,#1474,.T.);
#3477=EDGE_CURVE('',#3029,#3030,#1475,.T.);
#3478=EDGE_CURVE('',#3031,#2975,#1476,.T.);
#3479=EDGE_CURVE('',#3030,#3031,#1477,.T.);
#3480=EDGE_CURVE('',#3032,#2975,#1478,.T.);
#3481=EDGE_CURVE('',#3031,#3032,#1479,.T.);
#3482=EDGE_CURVE('',#3033,#2975,#1480,.T.);
#3483=EDGE_CURVE('',#3032,#3033,#1481,.T.);
#3484=EDGE_CURVE('',#3034,#2975,#1482,.T.);
#3485=EDGE_CURVE('',#3033,#3034,#1483,.T.);
#3486=EDGE_CURVE('',#3034,#2876,#1484,.T.);
#3487=EDGE_CURVE('',#2979,#3034,#1485,.T.);
#3488=EDGE_CURVE('',#3035,#2975,#1486,.T.);
#3489=EDGE_CURVE('',#3035,#3006,#1487,.T.);
#3490=EDGE_CURVE('',#3035,#3036,#1488,.T.);
#3491=EDGE_CURVE('',#3036,#2975,#1489,.T.);
#3492=EDGE_CURVE('',#3037,#2975,#1490,.T.);
#3493=EDGE_CURVE('',#3036,#3037,#1491,.T.);
#3494=EDGE_CURVE('',#3038,#2975,#1492,.T.);
#3495=EDGE_CURVE('',#3037,#3038,#1493,.T.);
#3496=EDGE_CURVE('',#3038,#3039,#1494,.T.);
#3497=EDGE_CURVE('',#3039,#2975,#1495,.T.);
#3498=EDGE_CURVE('',#3040,#2975,#1496,.T.);
#3499=EDGE_CURVE('',#3039,#3040,#1497,.T.);
#3500=EDGE_CURVE('',#3041,#2975,#1498,.T.);
#3501=EDGE_CURVE('',#3041,#3040,#1499,.T.);
#3502=EDGE_CURVE('',#3041,#2918,#1500,.T.);
#3503=EDGE_CURVE('',#3042,#2918,#1501,.T.);
#3504=EDGE_CURVE('',#3042,#3041,#1502,.T.);
#3505=EDGE_CURVE('',#3043,#3042,#1503,.T.);
#3506=EDGE_CURVE('',#3043,#2918,#1504,.T.);
#3507=EDGE_CURVE('',#3044,#2918,#1505,.T.);
#3508=EDGE_CURVE('',#3044,#3043,#1506,.T.);
#3509=EDGE_CURVE('',#3045,#2918,#1507,.T.);
#3510=EDGE_CURVE('',#3045,#3044,#1508,.T.);
#3511=EDGE_CURVE('',#3046,#3045,#1509,.T.);
#3512=EDGE_CURVE('',#3046,#2918,#1510,.T.);
#3513=EDGE_CURVE('',#3047,#2918,#1511,.T.);
#3514=EDGE_CURVE('',#3047,#3046,#1512,.T.);
#3515=EDGE_CURVE('',#3048,#2918,#1513,.T.);
#3516=EDGE_CURVE('',#3048,#3047,#1514,.T.);
#3517=EDGE_CURVE('',#2934,#3048,#1515,.T.);
#3518=EDGE_CURVE('',#2934,#3049,#1516,.T.);
#3519=EDGE_CURVE('',#3049,#3048,#1517,.T.);
#3520=EDGE_CURVE('',#3050,#3049,#1518,.T.);
#3521=EDGE_CURVE('',#2934,#3050,#1519,.T.);
#3522=EDGE_CURVE('',#2934,#3051,#1520,.T.);
#3523=EDGE_CURVE('',#3051,#3050,#1521,.T.);
#3524=EDGE_CURVE('',#2934,#3052,#1522,.T.);
#3525=EDGE_CURVE('',#3052,#3051,#1523,.T.);
#3526=EDGE_CURVE('',#3053,#3052,#1524,.T.);
#3527=EDGE_CURVE('',#2934,#3053,#1525,.T.);
#3528=EDGE_CURVE('',#2934,#3054,#1526,.T.);
#3529=EDGE_CURVE('',#3054,#3053,#1527,.T.);
#3530=EDGE_CURVE('',#2934,#3055,#1528,.T.);
#3531=EDGE_CURVE('',#3055,#3054,#1529,.T.);
#3532=EDGE_CURVE('',#3056,#3055,#1530,.T.);
#3533=EDGE_CURVE('',#2934,#3056,#1531,.T.);
#3534=EDGE_CURVE('',#2934,#3057,#1532,.T.);
#3535=EDGE_CURVE('',#3057,#3056,#1533,.T.);
#3536=EDGE_CURVE('',#2934,#3058,#1534,.T.);
#3537=EDGE_CURVE('',#3058,#3057,#1535,.T.);
#3538=EDGE_CURVE('',#3059,#3058,#1536,.T.);
#3539=EDGE_CURVE('',#2934,#3059,#1537,.T.);
#3540=EDGE_CURVE('',#2934,#3060,#1538,.T.);
#3541=EDGE_CURVE('',#3060,#3059,#1539,.T.);
#3542=EDGE_CURVE('',#2934,#3061,#1540,.T.);
#3543=EDGE_CURVE('',#3061,#3060,#1541,.T.);
#3544=EDGE_CURVE('',#2976,#3061,#1542,.T.);
#3545=EDGE_CURVE('',#3061,#3062,#1543,.T.);
#3546=EDGE_CURVE('',#2976,#3062,#1544,.T.);
#3547=EDGE_CURVE('',#2976,#3063,#1545,.T.);
#3548=EDGE_CURVE('',#3062,#3063,#1546,.T.);
#3549=EDGE_CURVE('',#2976,#3064,#1547,.T.);
#3550=EDGE_CURVE('',#3063,#3064,#1548,.T.);
#3551=EDGE_CURVE('',#3064,#3065,#1549,.T.);
#3552=EDGE_CURVE('',#2976,#3065,#1550,.T.);
#3553=EDGE_CURVE('',#2976,#3066,#1551,.T.);
#3554=EDGE_CURVE('',#3065,#3066,#1552,.T.);
#3555=EDGE_CURVE('',#2976,#3067,#1553,.T.);
#3556=EDGE_CURVE('',#3066,#3067,#1554,.T.);
#3557=EDGE_CURVE('',#3067,#3068,#1555,.T.);
#3558=EDGE_CURVE('',#2976,#3068,#1556,.T.);
#3559=EDGE_CURVE('',#2976,#3069,#1557,.T.);
#3560=EDGE_CURVE('',#3068,#3069,#1558,.T.);
#3561=EDGE_CURVE('',#2976,#3070,#1559,.T.);
#3562=EDGE_CURVE('',#3069,#3070,#1560,.T.);
#3563=EDGE_CURVE('',#3070,#2977,#1561,.T.);
#3564=EDGE_CURVE('',#2915,#2977,#1562,.T.);
#3565=EDGE_CURVE('',#3070,#2915,#1563,.T.);
#3566=EDGE_CURVE('',#3035,#2877,#1564,.T.);
#3567=EDGE_CURVE('',#3035,#2875,#1565,.T.);
#3568=EDGE_CURVE('',#3071,#2878,#1566,.T.);
#3569=EDGE_CURVE('',#2875,#3071,#1567,.T.);
#3570=EDGE_CURVE('',#3071,#2879,#1568,.T.);
#3571=EDGE_CURVE('',#3072,#2879,#1569,.T.);
#3572=EDGE_CURVE('',#3071,#3072,#1570,.T.);
#3573=EDGE_CURVE('',#3072,#2880,#1571,.T.);
#3574=EDGE_CURVE('',#3073,#2880,#1572,.T.);
#3575=EDGE_CURVE('',#3072,#3073,#1573,.T.);
#3576=EDGE_CURVE('',#3073,#2881,#1574,.T.);
#3577=EDGE_CURVE('',#3074,#2881,#1575,.T.);
#3578=EDGE_CURVE('',#3073,#3074,#1576,.T.);
#3579=EDGE_CURVE('',#3074,#2882,#1577,.T.);
#3580=EDGE_CURVE('',#3075,#2882,#1578,.T.);
#3581=EDGE_CURVE('',#3074,#3075,#1579,.T.);
#3582=EDGE_CURVE('',#2883,#3075,#1580,.T.);
#3583=EDGE_CURVE('',#3076,#2883,#1581,.T.);
#3584=EDGE_CURVE('',#3076,#3075,#1582,.T.);
#3585=EDGE_CURVE('',#2885,#3076,#1583,.T.);
#3586=EDGE_CURVE('',#3077,#2885,#1584,.T.);
#3587=EDGE_CURVE('',#3077,#3076,#1585,.T.);
#3588=EDGE_CURVE('',#2886,#3077,#1586,.T.);
#3589=EDGE_CURVE('',#3078,#2886,#1587,.T.);
#3590=EDGE_CURVE('',#3078,#3077,#1588,.T.);
#3591=EDGE_CURVE('',#2887,#3078,#1589,.T.);
#3592=EDGE_CURVE('',#3079,#2887,#1590,.T.);
#3593=EDGE_CURVE('',#3079,#3078,#1591,.T.);
#3594=EDGE_CURVE('',#2888,#3079,#1592,.T.);
#3595=EDGE_CURVE('',#3080,#2888,#1593,.T.);
#3596=EDGE_CURVE('',#3080,#3079,#1594,.T.);
#3597=EDGE_CURVE('',#2889,#3080,#1595,.T.);
#3598=EDGE_CURVE('',#3081,#2889,#1596,.T.);
#3599=EDGE_CURVE('',#3081,#3080,#1597,.T.);
#3600=EDGE_CURVE('',#2890,#3081,#1598,.T.);
#3601=EDGE_CURVE('',#3082,#2890,#1599,.T.);
#3602=EDGE_CURVE('',#3082,#3081,#1600,.T.);
#3603=EDGE_CURVE('',#2891,#3082,#1601,.T.);
#3604=EDGE_CURVE('',#3083,#2891,#1602,.T.);
#3605=EDGE_CURVE('',#3083,#3082,#1603,.T.);
#3606=EDGE_CURVE('',#2893,#3083,#1604,.T.);
#3607=EDGE_CURVE('',#3084,#2893,#1605,.T.);
#3608=EDGE_CURVE('',#3084,#3083,#1606,.T.);
#3609=EDGE_CURVE('',#2894,#3084,#1607,.T.);
#3610=EDGE_CURVE('',#3085,#2894,#1608,.T.);
#3611=EDGE_CURVE('',#3085,#3084,#1609,.T.);
#3612=EDGE_CURVE('',#2895,#3085,#1610,.T.);
#3613=EDGE_CURVE('',#3086,#2895,#1611,.T.);
#3614=EDGE_CURVE('',#3086,#3085,#1612,.T.);
#3615=EDGE_CURVE('',#2896,#3086,#1613,.T.);
#3616=EDGE_CURVE('',#3087,#2896,#1614,.T.);
#3617=EDGE_CURVE('',#3087,#3086,#1615,.T.);
#3618=EDGE_CURVE('',#2897,#3087,#1616,.T.);
#3619=EDGE_CURVE('',#3088,#2897,#1617,.T.);
#3620=EDGE_CURVE('',#3088,#3087,#1618,.T.);
#3621=EDGE_CURVE('',#2898,#3088,#1619,.T.);
#3622=EDGE_CURVE('',#3089,#2898,#1620,.T.);
#3623=EDGE_CURVE('',#3089,#3088,#1621,.T.);
#3624=EDGE_CURVE('',#2899,#3089,#1622,.T.);
#3625=EDGE_CURVE('',#3090,#2899,#1623,.T.);
#3626=EDGE_CURVE('',#3090,#3089,#1624,.T.);
#3627=EDGE_CURVE('',#2900,#3090,#1625,.T.);
#3628=EDGE_CURVE('',#3091,#2900,#1626,.T.);
#3629=EDGE_CURVE('',#3091,#3090,#1627,.T.);
#3630=EDGE_CURVE('',#2901,#3091,#1628,.T.);
#3631=EDGE_CURVE('',#3092,#2901,#1629,.T.);
#3632=EDGE_CURVE('',#3092,#3091,#1630,.T.);
#3633=EDGE_CURVE('',#2902,#3092,#1631,.T.);
#3634=EDGE_CURVE('',#3093,#2902,#1632,.T.);
#3635=EDGE_CURVE('',#3093,#3092,#1633,.T.);
#3636=EDGE_CURVE('',#2903,#3093,#1634,.T.);
#3637=EDGE_CURVE('',#3094,#2903,#1635,.T.);
#3638=EDGE_CURVE('',#3094,#3093,#1636,.T.);
#3639=EDGE_CURVE('',#2904,#3094,#1637,.T.);
#3640=EDGE_CURVE('',#3095,#2904,#1638,.T.);
#3641=EDGE_CURVE('',#3095,#3094,#1639,.T.);
#3642=EDGE_CURVE('',#2905,#3095,#1640,.T.);
#3643=EDGE_CURVE('',#3096,#2905,#1641,.T.);
#3644=EDGE_CURVE('',#3096,#3095,#1642,.T.);
#3645=EDGE_CURVE('',#3096,#2907,#1643,.T.);
#3646=EDGE_CURVE('',#3097,#2907,#1644,.T.);
#3647=EDGE_CURVE('',#3096,#3097,#1645,.T.);
#3648=EDGE_CURVE('',#3097,#2908,#1646,.T.);
#3649=EDGE_CURVE('',#3098,#2908,#1647,.T.);
#3650=EDGE_CURVE('',#3097,#3098,#1648,.T.);
#3651=EDGE_CURVE('',#3098,#2909,#1649,.T.);
#3652=EDGE_CURVE('',#3099,#2909,#1650,.T.);
#3653=EDGE_CURVE('',#3098,#3099,#1651,.T.);
#3654=EDGE_CURVE('',#3099,#2910,#1652,.T.);
#3655=EDGE_CURVE('',#3100,#2910,#1653,.T.);
#3656=EDGE_CURVE('',#3099,#3100,#1654,.T.);
#3657=EDGE_CURVE('',#3100,#2911,#1655,.T.);
#3658=EDGE_CURVE('',#3101,#2911,#1656,.T.);
#3659=EDGE_CURVE('',#3100,#3101,#1657,.T.);
#3660=EDGE_CURVE('',#3101,#2912,#1658,.T.);
#3661=EDGE_CURVE('',#3102,#2912,#1659,.T.);
#3662=EDGE_CURVE('',#3101,#3102,#1660,.T.);
#3663=EDGE_CURVE('',#3102,#2913,#1661,.T.);
#3664=EDGE_CURVE('',#3103,#2913,#1662,.T.);
#3665=EDGE_CURVE('',#3102,#3103,#1663,.T.);
#3666=EDGE_CURVE('',#3103,#2914,#1664,.T.);
#3667=EDGE_CURVE('',#3104,#2914,#1665,.T.);
#3668=EDGE_CURVE('',#3103,#3104,#1666,.T.);
#3669=EDGE_CURVE('',#3104,#2915,#1667,.T.);
#3670=EDGE_CURVE('',#3104,#3070,#1668,.T.);
#3671=EDGE_CURVE('',#3069,#3104,#1669,.T.);
#3672=EDGE_CURVE('',#3068,#3104,#1670,.T.);
#3673=EDGE_CURVE('',#3068,#3103,#1671,.T.);
#3674=EDGE_CURVE('',#3067,#3103,#1672,.T.);
#3675=EDGE_CURVE('',#3067,#3102,#1673,.T.);
#3676=EDGE_CURVE('',#3066,#3102,#1674,.T.);
#3677=EDGE_CURVE('',#3066,#3101,#1675,.T.);
#3678=EDGE_CURVE('',#3065,#3101,#1676,.T.);
#3679=EDGE_CURVE('',#3065,#3100,#1677,.T.);
#3680=EDGE_CURVE('',#3064,#3100,#1678,.T.);
#3681=EDGE_CURVE('',#3064,#3099,#1679,.T.);
#3682=EDGE_CURVE('',#3063,#3099,#1680,.T.);
#3683=EDGE_CURVE('',#3063,#3098,#1681,.T.);
#3684=EDGE_CURVE('',#3062,#3098,#1682,.T.);
#3685=EDGE_CURVE('',#3062,#3097,#1683,.T.);
#3686=EDGE_CURVE('',#3061,#3097,#1684,.T.);
#3687=EDGE_CURVE('',#3061,#3096,#1685,.T.);
#3688=EDGE_CURVE('',#3096,#3060,#1686,.T.);
#3689=EDGE_CURVE('',#3060,#3095,#1687,.T.);
#3690=EDGE_CURVE('',#3095,#3059,#1688,.T.);
#3691=EDGE_CURVE('',#3059,#3094,#1689,.T.);
#3692=EDGE_CURVE('',#3094,#3058,#1690,.T.);
#3693=EDGE_CURVE('',#3058,#3093,#1691,.T.);
#3694=EDGE_CURVE('',#3093,#3057,#1692,.T.);
#3695=EDGE_CURVE('',#3057,#3092,#1693,.T.);
#3696=EDGE_CURVE('',#3092,#3056,#1694,.T.);
#3697=EDGE_CURVE('',#3056,#3091,#1695,.T.);
#3698=EDGE_CURVE('',#3091,#3055,#1696,.T.);
#3699=EDGE_CURVE('',#3055,#3090,#1697,.T.);
#3700=EDGE_CURVE('',#3090,#3054,#1698,.T.);
#3701=EDGE_CURVE('',#3054,#3089,#1699,.T.);
#3702=EDGE_CURVE('',#3089,#3053,#1700,.T.);
#3703=EDGE_CURVE('',#3053,#3088,#1701,.T.);
#3704=EDGE_CURVE('',#3088,#3052,#1702,.T.);
#3705=EDGE_CURVE('',#3052,#3087,#1703,.T.);
#3706=EDGE_CURVE('',#3087,#3051,#1704,.T.);
#3707=EDGE_CURVE('',#3051,#3086,#1705,.T.);
#3708=EDGE_CURVE('',#3086,#3050,#1706,.T.);
#3709=EDGE_CURVE('',#3050,#3085,#1707,.T.);
#3710=EDGE_CURVE('',#3085,#3049,#1708,.T.);
#3711=EDGE_CURVE('',#3049,#3084,#1709,.T.);
#3712=EDGE_CURVE('',#3084,#3048,#1710,.T.);
#3713=EDGE_CURVE('',#3048,#3083,#1711,.T.);
#3714=EDGE_CURVE('',#3083,#3047,#1712,.T.);
#3715=EDGE_CURVE('',#3047,#3082,#1713,.T.);
#3716=EDGE_CURVE('',#3082,#3046,#1714,.T.);
#3717=EDGE_CURVE('',#3046,#3081,#1715,.T.);
#3718=EDGE_CURVE('',#3081,#3045,#1716,.T.);
#3719=EDGE_CURVE('',#3045,#3080,#1717,.T.);
#3720=EDGE_CURVE('',#3080,#3044,#1718,.T.);
#3721=EDGE_CURVE('',#3044,#3079,#1719,.T.);
#3722=EDGE_CURVE('',#3079,#3043,#1720,.T.);
#3723=EDGE_CURVE('',#3043,#3078,#1721,.T.);
#3724=EDGE_CURVE('',#3078,#3042,#1722,.T.);
#3725=EDGE_CURVE('',#3042,#3077,#1723,.T.);
#3726=EDGE_CURVE('',#3077,#3041,#1724,.T.);
#3727=EDGE_CURVE('',#3041,#3076,#1725,.T.);
#3728=EDGE_CURVE('',#3076,#3040,#1726,.T.);
#3729=EDGE_CURVE('',#3040,#3075,#1727,.T.);
#3730=EDGE_CURVE('',#3039,#3075,#1728,.T.);
#3731=EDGE_CURVE('',#3039,#3074,#1729,.T.);
#3732=EDGE_CURVE('',#3038,#3074,#1730,.T.);
#3733=EDGE_CURVE('',#3038,#3073,#1731,.T.);
#3734=EDGE_CURVE('',#3037,#3073,#1732,.T.);
#3735=EDGE_CURVE('',#3037,#3072,#1733,.T.);
#3736=EDGE_CURVE('',#3036,#3072,#1734,.T.);
#3737=EDGE_CURVE('',#3036,#3071,#1735,.T.);
#3738=EDGE_CURVE('',#3035,#3071,#1736,.T.);
#3739=EDGE_CURVE('',#3105,#3033,#1737,.T.);
#3740=EDGE_CURVE('',#3105,#3106,#1738,.T.);
#3741=EDGE_CURVE('',#3106,#3033,#1739,.T.);
#3742=EDGE_CURVE('',#3105,#3032,#1740,.T.);
#3743=EDGE_CURVE('',#3107,#3032,#1741,.T.);
#3744=EDGE_CURVE('',#3107,#3105,#1742,.T.);
#3745=EDGE_CURVE('',#3107,#3031,#1743,.T.);
#3746=EDGE_CURVE('',#3108,#3031,#1744,.T.);
#3747=EDGE_CURVE('',#3108,#3107,#1745,.T.);
#3748=EDGE_CURVE('',#3108,#3030,#1746,.T.);
#3749=EDGE_CURVE('',#3109,#3030,#1747,.T.);
#3750=EDGE_CURVE('',#3109,#3108,#1748,.T.);
#3751=EDGE_CURVE('',#3109,#3029,#1749,.T.);
#3752=EDGE_CURVE('',#3110,#3029,#1750,.T.);
#3753=EDGE_CURVE('',#3110,#3109,#1751,.T.);
#3754=EDGE_CURVE('',#3110,#3028,#1752,.T.);
#3755=EDGE_CURVE('',#3111,#3028,#1753,.T.);
#3756=EDGE_CURVE('',#3111,#3110,#1754,.T.);
#3757=EDGE_CURVE('',#3111,#3027,#1755,.T.);
#3758=EDGE_CURVE('',#3112,#3027,#1756,.T.);
#3759=EDGE_CURVE('',#3112,#3111,#1757,.T.);
#3760=EDGE_CURVE('',#3112,#3026,#1758,.T.);
#3761=EDGE_CURVE('',#3113,#3026,#1759,.T.);
#3762=EDGE_CURVE('',#3113,#3112,#1760,.T.);
#3763=EDGE_CURVE('',#3113,#3025,#1761,.T.);
#3764=EDGE_CURVE('',#3114,#3025,#1762,.T.);
#3765=EDGE_CURVE('',#3114,#3113,#1763,.T.);
#3766=EDGE_CURVE('',#3114,#3024,#1764,.T.);
#3767=EDGE_CURVE('',#3115,#3024,#1765,.T.);
#3768=EDGE_CURVE('',#3115,#3114,#1766,.T.);
#3769=EDGE_CURVE('',#3115,#3023,#1767,.T.);
#3770=EDGE_CURVE('',#3116,#3023,#1768,.T.);
#3771=EDGE_CURVE('',#3116,#3115,#1769,.T.);
#3772=EDGE_CURVE('',#3116,#3022,#1770,.T.);
#3773=EDGE_CURVE('',#3117,#3022,#1771,.T.);
#3774=EDGE_CURVE('',#3117,#3116,#1772,.T.);
#3775=EDGE_CURVE('',#3117,#3021,#1773,.T.);
#3776=EDGE_CURVE('',#3118,#3021,#1774,.T.);
#3777=EDGE_CURVE('',#3118,#3117,#1775,.T.);
#3778=EDGE_CURVE('',#3118,#3020,#1776,.T.);
#3779=EDGE_CURVE('',#3119,#3020,#1777,.T.);
#3780=EDGE_CURVE('',#3119,#3118,#1778,.T.);
#3781=EDGE_CURVE('',#3119,#3019,#1779,.T.);
#3782=EDGE_CURVE('',#3120,#3019,#1780,.T.);
#3783=EDGE_CURVE('',#3120,#3119,#1781,.T.);
#3784=EDGE_CURVE('',#3120,#3018,#1782,.T.);
#3785=EDGE_CURVE('',#3121,#3018,#1783,.T.);
#3786=EDGE_CURVE('',#3121,#3120,#1784,.T.);
#3787=EDGE_CURVE('',#3121,#3017,#1785,.T.);
#3788=EDGE_CURVE('',#3122,#3017,#1786,.T.);
#3789=EDGE_CURVE('',#3122,#3121,#1787,.T.);
#3790=EDGE_CURVE('',#3122,#3016,#1788,.T.);
#3791=EDGE_CURVE('',#3123,#3016,#1789,.T.);
#3792=EDGE_CURVE('',#3123,#3122,#1790,.T.);
#3793=EDGE_CURVE('',#3123,#3015,#1791,.T.);
#3794=EDGE_CURVE('',#3124,#3015,#1792,.T.);
#3795=EDGE_CURVE('',#3124,#3123,#1793,.T.);
#3796=EDGE_CURVE('',#3124,#3014,#1794,.T.);
#3797=EDGE_CURVE('',#3125,#3014,#1795,.T.);
#3798=EDGE_CURVE('',#3125,#3124,#1796,.T.);
#3799=EDGE_CURVE('',#3125,#3013,#1797,.T.);
#3800=EDGE_CURVE('',#3126,#3013,#1798,.T.);
#3801=EDGE_CURVE('',#3126,#3125,#1799,.T.);
#3802=EDGE_CURVE('',#3126,#3012,#1800,.T.);
#3803=EDGE_CURVE('',#3127,#3012,#1801,.T.);
#3804=EDGE_CURVE('',#3127,#3126,#1802,.T.);
#3805=EDGE_CURVE('',#3127,#3011,#1803,.T.);
#3806=EDGE_CURVE('',#3128,#3011,#1804,.T.);
#3807=EDGE_CURVE('',#3128,#3127,#1805,.T.);
#3808=EDGE_CURVE('',#3128,#3010,#1806,.T.);
#3809=EDGE_CURVE('',#3129,#3010,#1807,.T.);
#3810=EDGE_CURVE('',#3129,#3128,#1808,.T.);
#3811=EDGE_CURVE('',#3129,#3009,#1809,.T.);
#3812=EDGE_CURVE('',#3130,#3009,#1810,.T.);
#3813=EDGE_CURVE('',#3130,#3129,#1811,.T.);
#3814=EDGE_CURVE('',#3130,#3008,#1812,.T.);
#3815=EDGE_CURVE('',#3131,#3008,#1813,.T.);
#3816=EDGE_CURVE('',#3131,#3130,#1814,.T.);
#3817=EDGE_CURVE('',#3131,#3007,#1815,.T.);
#3818=EDGE_CURVE('',#3132,#3007,#1816,.T.);
#3819=EDGE_CURVE('',#3132,#3131,#1817,.T.);
#3820=EDGE_CURVE('',#3132,#3005,#1818,.T.);
#3821=EDGE_CURVE('',#3005,#3133,#1819,.T.);
#3822=EDGE_CURVE('',#3132,#3133,#1820,.T.);
#3823=EDGE_CURVE('',#3133,#3004,#1821,.T.);
#3824=EDGE_CURVE('',#3004,#3134,#1822,.T.);
#3825=EDGE_CURVE('',#3133,#3134,#1823,.T.);
#3826=EDGE_CURVE('',#3134,#3003,#1824,.T.);
#3827=EDGE_CURVE('',#3003,#3135,#1825,.T.);
#3828=EDGE_CURVE('',#3134,#3135,#1826,.T.);
#3829=EDGE_CURVE('',#3135,#3002,#1827,.T.);
#3830=EDGE_CURVE('',#3002,#3136,#1828,.T.);
#3831=EDGE_CURVE('',#3135,#3136,#1829,.T.);
#3832=EDGE_CURVE('',#3136,#3001,#1830,.T.);
#3833=EDGE_CURVE('',#3001,#3137,#1831,.T.);
#3834=EDGE_CURVE('',#3136,#3137,#1832,.T.);
#3835=EDGE_CURVE('',#3137,#3000,#1833,.T.);
#3836=EDGE_CURVE('',#3000,#3138,#1834,.T.);
#3837=EDGE_CURVE('',#3137,#3138,#1835,.T.);
#3838=EDGE_CURVE('',#3138,#2999,#1836,.T.);
#3839=EDGE_CURVE('',#2999,#3139,#1837,.T.);
#3840=EDGE_CURVE('',#3138,#3139,#1838,.T.);
#3841=EDGE_CURVE('',#3139,#2998,#1839,.T.);
#3842=EDGE_CURVE('',#2998,#3140,#1840,.T.);
#3843=EDGE_CURVE('',#3139,#3140,#1841,.T.);
#3844=EDGE_CURVE('',#3140,#2997,#1842,.T.);
#3845=EDGE_CURVE('',#2997,#3141,#1843,.T.);
#3846=EDGE_CURVE('',#3140,#3141,#1844,.T.);
#3847=EDGE_CURVE('',#3141,#2996,#1845,.T.);
#3848=EDGE_CURVE('',#2996,#3142,#1846,.T.);
#3849=EDGE_CURVE('',#3141,#3142,#1847,.T.);
#3850=EDGE_CURVE('',#3142,#2995,#1848,.T.);
#3851=EDGE_CURVE('',#2995,#3143,#1849,.T.);
#3852=EDGE_CURVE('',#3142,#3143,#1850,.T.);
#3853=EDGE_CURVE('',#3143,#2994,#1851,.T.);
#3854=EDGE_CURVE('',#2994,#3144,#1852,.T.);
#3855=EDGE_CURVE('',#3143,#3144,#1853,.T.);
#3856=EDGE_CURVE('',#3144,#2993,#1854,.T.);
#3857=EDGE_CURVE('',#2993,#3145,#1855,.T.);
#3858=EDGE_CURVE('',#3144,#3145,#1856,.T.);
#3859=EDGE_CURVE('',#3145,#2992,#1857,.T.);
#3860=EDGE_CURVE('',#2992,#3146,#1858,.T.);
#3861=EDGE_CURVE('',#3145,#3146,#1859,.T.);
#3862=EDGE_CURVE('',#3146,#2991,#1860,.T.);
#3863=EDGE_CURVE('',#2991,#3147,#1861,.T.);
#3864=EDGE_CURVE('',#3146,#3147,#1862,.T.);
#3865=EDGE_CURVE('',#3147,#2990,#1863,.T.);
#3866=EDGE_CURVE('',#2990,#3148,#1864,.T.);
#3867=EDGE_CURVE('',#3147,#3148,#1865,.T.);
#3868=EDGE_CURVE('',#3148,#2989,#1866,.T.);
#3869=EDGE_CURVE('',#2989,#3149,#1867,.T.);
#3870=EDGE_CURVE('',#3148,#3149,#1868,.T.);
#3871=EDGE_CURVE('',#3149,#2988,#1869,.T.);
#3872=EDGE_CURVE('',#2988,#3150,#1870,.T.);
#3873=EDGE_CURVE('',#3149,#3150,#1871,.T.);
#3874=EDGE_CURVE('',#3150,#2987,#1872,.T.);
#3875=EDGE_CURVE('',#2987,#3151,#1873,.T.);
#3876=EDGE_CURVE('',#3150,#3151,#1874,.T.);
#3877=EDGE_CURVE('',#3151,#2986,#1875,.T.);
#3878=EDGE_CURVE('',#2986,#3152,#1876,.T.);
#3879=EDGE_CURVE('',#3151,#3152,#1877,.T.);
#3880=EDGE_CURVE('',#3152,#2985,#1878,.T.);
#3881=EDGE_CURVE('',#2985,#3153,#1879,.T.);
#3882=EDGE_CURVE('',#3152,#3153,#1880,.T.);
#3883=EDGE_CURVE('',#3153,#2984,#1881,.T.);
#3884=EDGE_CURVE('',#2984,#3154,#1882,.T.);
#3885=EDGE_CURVE('',#3153,#3154,#1883,.T.);
#3886=EDGE_CURVE('',#3154,#2983,#1884,.T.);
#3887=EDGE_CURVE('',#2983,#3155,#1885,.T.);
#3888=EDGE_CURVE('',#3154,#3155,#1886,.T.);
#3889=EDGE_CURVE('',#3155,#2982,#1887,.T.);
#3890=EDGE_CURVE('',#2982,#3156,#1888,.T.);
#3891=EDGE_CURVE('',#3155,#3156,#1889,.T.);
#3892=EDGE_CURVE('',#3156,#2981,#1890,.T.);
#3893=EDGE_CURVE('',#2981,#3157,#1891,.T.);
#3894=EDGE_CURVE('',#3156,#3157,#1892,.T.);
#3895=EDGE_CURVE('',#3157,#2980,#1893,.T.);
#3896=EDGE_CURVE('',#2980,#3158,#1894,.T.);
#3897=EDGE_CURVE('',#3157,#3158,#1895,.T.);
#3898=EDGE_CURVE('',#3158,#2978,#1896,.T.);
#3899=EDGE_CURVE('',#2978,#3159,#1897,.T.);
#3900=EDGE_CURVE('',#3158,#3159,#1898,.T.);
#3901=EDGE_CURVE('',#3159,#2979,#1899,.T.);
#3902=EDGE_CURVE('',#2979,#3160,#1900,.T.);
#3903=EDGE_CURVE('',#3159,#3160,#1901,.T.);
#3904=EDGE_CURVE('',#3160,#3034,#1902,.T.);
#3905=EDGE_CURVE('',#3106,#3034,#1903,.T.);
#3906=EDGE_CURVE('',#3106,#3160,#1904,.T.);
#3907=EDGE_CURVE('',#3158,#2973,#1905,.T.);
#3908=EDGE_CURVE('',#2973,#3159,#1906,.T.);
#3909=EDGE_CURVE('',#2972,#3158,#1907,.T.);
#3910=EDGE_CURVE('',#3157,#2972,#1908,.T.);
#3911=EDGE_CURVE('',#2971,#3157,#1909,.T.);
#3912=EDGE_CURVE('',#3156,#2971,#1910,.T.);
#3913=EDGE_CURVE('',#2970,#3156,#1911,.T.);
#3914=EDGE_CURVE('',#3155,#2970,#1912,.T.);
#3915=EDGE_CURVE('',#2969,#3155,#1913,.T.);
#3916=EDGE_CURVE('',#3154,#2969,#1914,.T.);
#3917=EDGE_CURVE('',#2968,#3154,#1915,.T.);
#3918=EDGE_CURVE('',#3153,#2968,#1916,.T.);
#3919=EDGE_CURVE('',#2967,#3153,#1917,.T.);
#3920=EDGE_CURVE('',#3152,#2967,#1918,.T.);
#3921=EDGE_CURVE('',#2966,#3152,#1919,.T.);
#3922=EDGE_CURVE('',#3151,#2966,#1920,.T.);
#3923=EDGE_CURVE('',#2965,#3151,#1921,.T.);
#3924=EDGE_CURVE('',#3150,#2965,#1922,.T.);
#3925=EDGE_CURVE('',#2964,#3150,#1923,.T.);
#3926=EDGE_CURVE('',#3149,#2964,#1924,.T.);
#3927=EDGE_CURVE('',#2963,#3149,#1925,.T.);
#3928=EDGE_CURVE('',#3148,#2963,#1926,.T.);
#3929=EDGE_CURVE('',#2962,#3148,#1927,.T.);
#3930=EDGE_CURVE('',#3147,#2962,#1928,.T.);
#3931=EDGE_CURVE('',#2961,#3147,#1929,.T.);
#3932=EDGE_CURVE('',#3146,#2961,#1930,.T.);
#3933=EDGE_CURVE('',#2960,#3146,#1931,.T.);
#3934=EDGE_CURVE('',#3145,#2960,#1932,.T.);
#3935=EDGE_CURVE('',#2959,#3145,#1933,.T.);
#3936=EDGE_CURVE('',#3144,#2959,#1934,.T.);
#3937=EDGE_CURVE('',#2958,#3144,#1935,.T.);
#3938=EDGE_CURVE('',#3143,#2958,#1936,.T.);
#3939=EDGE_CURVE('',#2957,#3143,#1937,.T.);
#3940=EDGE_CURVE('',#3142,#2957,#1938,.T.);
#3941=EDGE_CURVE('',#2956,#3142,#1939,.T.);
#3942=EDGE_CURVE('',#3141,#2956,#1940,.T.);
#3943=EDGE_CURVE('',#2955,#3141,#1941,.T.);
#3944=EDGE_CURVE('',#3140,#2955,#1942,.T.);
#3945=EDGE_CURVE('',#2954,#3140,#1943,.T.);
#3946=EDGE_CURVE('',#3139,#2954,#1944,.T.);
#3947=EDGE_CURVE('',#2953,#3139,#1945,.T.);
#3948=EDGE_CURVE('',#3138,#2953,#1946,.T.);
#3949=EDGE_CURVE('',#2952,#3138,#1947,.T.);
#3950=EDGE_CURVE('',#3137,#2952,#1948,.T.);
#3951=EDGE_CURVE('',#2951,#3137,#1949,.T.);
#3952=EDGE_CURVE('',#3136,#2951,#1950,.T.);
#3953=EDGE_CURVE('',#2950,#3136,#1951,.T.);
#3954=EDGE_CURVE('',#3135,#2950,#1952,.T.);
#3955=EDGE_CURVE('',#2949,#3135,#1953,.T.);
#3956=EDGE_CURVE('',#3134,#2949,#1954,.T.);
#3957=EDGE_CURVE('',#2948,#3134,#1955,.T.);
#3958=EDGE_CURVE('',#3133,#2948,#1956,.T.);
#3959=EDGE_CURVE('',#2947,#3133,#1957,.T.);
#3960=EDGE_CURVE('',#3132,#2947,#1958,.T.);
#3961=EDGE_CURVE('',#2946,#3132,#1959,.T.);
#3962=EDGE_CURVE('',#2946,#3131,#1960,.T.);
#3963=EDGE_CURVE('',#2945,#3131,#1961,.T.);
#3964=EDGE_CURVE('',#2945,#3130,#1962,.T.);
#3965=EDGE_CURVE('',#2944,#3130,#1963,.T.);
#3966=EDGE_CURVE('',#2944,#3129,#1964,.T.);
#3967=EDGE_CURVE('',#2943,#3129,#1965,.T.);
#3968=EDGE_CURVE('',#2943,#3128,#1966,.T.);
#3969=EDGE_CURVE('',#2942,#3128,#1967,.T.);
#3970=EDGE_CURVE('',#2942,#3127,#1968,.T.);
#3971=EDGE_CURVE('',#2941,#3127,#1969,.T.);
#3972=EDGE_CURVE('',#2941,#3126,#1970,.T.);
#3973=EDGE_CURVE('',#2940,#3126,#1971,.T.);
#3974=EDGE_CURVE('',#2940,#3125,#1972,.T.);
#3975=EDGE_CURVE('',#2939,#3125,#1973,.T.);
#3976=EDGE_CURVE('',#2939,#3124,#1974,.T.);
#3977=EDGE_CURVE('',#2938,#3124,#1975,.T.);
#3978=EDGE_CURVE('',#2938,#3123,#1976,.T.);
#3979=EDGE_CURVE('',#2937,#3123,#1977,.T.);
#3980=EDGE_CURVE('',#2937,#3122,#1978,.T.);
#3981=EDGE_CURVE('',#2936,#3122,#1979,.T.);
#3982=EDGE_CURVE('',#2936,#3121,#1980,.T.);
#3983=EDGE_CURVE('',#2935,#3121,#1981,.T.);
#3984=EDGE_CURVE('',#2935,#3120,#1982,.T.);
#3985=EDGE_CURVE('',#2933,#3120,#1983,.T.);
#3986=EDGE_CURVE('',#2933,#3119,#1984,.T.);
#3987=EDGE_CURVE('',#2932,#3119,#1985,.T.);
#3988=EDGE_CURVE('',#2932,#3118,#1986,.T.);
#3989=EDGE_CURVE('',#2931,#3118,#1987,.T.);
#3990=EDGE_CURVE('',#2931,#3117,#1988,.T.);
#3991=EDGE_CURVE('',#2930,#3117,#1989,.T.);
#3992=EDGE_CURVE('',#2930,#3116,#1990,.T.);
#3993=EDGE_CURVE('',#2929,#3116,#1991,.T.);
#3994=EDGE_CURVE('',#2929,#3115,#1992,.T.);
#3995=EDGE_CURVE('',#2928,#3115,#1993,.T.);
#3996=EDGE_CURVE('',#2928,#3114,#1994,.T.);
#3997=EDGE_CURVE('',#2927,#3114,#1995,.T.);
#3998=EDGE_CURVE('',#2927,#3113,#1996,.T.);
#3999=EDGE_CURVE('',#2926,#3113,#1997,.T.);
#4000=EDGE_CURVE('',#2926,#3112,#1998,.T.);
#4001=EDGE_CURVE('',#2925,#3112,#1999,.T.);
#4002=EDGE_CURVE('',#2925,#3111,#2000,.T.);
#4003=EDGE_CURVE('',#2924,#3111,#2001,.T.);
#4004=EDGE_CURVE('',#2924,#3110,#2002,.T.);
#4005=EDGE_CURVE('',#2923,#3110,#2003,.T.);
#4006=EDGE_CURVE('',#2923,#3109,#2004,.T.);
#4007=EDGE_CURVE('',#2922,#3109,#2005,.T.);
#4008=EDGE_CURVE('',#2922,#3108,#2006,.T.);
#4009=EDGE_CURVE('',#2921,#3108,#2007,.T.);
#4010=EDGE_CURVE('',#2921,#3107,#2008,.T.);
#4011=EDGE_CURVE('',#2920,#3107,#2009,.T.);
#4012=EDGE_CURVE('',#2920,#3105,#2010,.T.);
#4013=EDGE_CURVE('',#2917,#3105,#2011,.T.);
#4014=EDGE_CURVE('',#2917,#3106,#2012,.T.);
#4015=EDGE_CURVE('',#2919,#3106,#2013,.T.);
#4016=EDGE_CURVE('',#2919,#3160,#2014,.T.);
#4017=EDGE_CURVE('',#2974,#3160,#2015,.T.);
#4018=EDGE_CURVE('',#3159,#2974,#2016,.T.);
#4019=ORIENTED_EDGE('',*,*,#3161,.T.);
#4020=ORIENTED_EDGE('',*,*,#3162,.F.);
#4021=ORIENTED_EDGE('',*,*,#3163,.F.);
#4022=ORIENTED_EDGE('',*,*,#3164,.T.);
#4023=ORIENTED_EDGE('',*,*,#3161,.F.);
#4024=ORIENTED_EDGE('',*,*,#3165,.T.);
#4025=ORIENTED_EDGE('',*,*,#3166,.T.);
#4026=ORIENTED_EDGE('',*,*,#3164,.F.);
#4027=ORIENTED_EDGE('',*,*,#3167,.T.);
#4028=ORIENTED_EDGE('',*,*,#3168,.T.);
#4029=ORIENTED_EDGE('',*,*,#3166,.F.);
#4030=ORIENTED_EDGE('',*,*,#3169,.T.);
#4031=ORIENTED_EDGE('',*,*,#3170,.T.);
#4032=ORIENTED_EDGE('',*,*,#3168,.F.);
#4033=ORIENTED_EDGE('',*,*,#3171,.T.);
#4034=ORIENTED_EDGE('',*,*,#3172,.T.);
#4035=ORIENTED_EDGE('',*,*,#3170,.F.);
#4036=ORIENTED_EDGE('',*,*,#3173,.T.);
#4037=ORIENTED_EDGE('',*,*,#3174,.T.);
#4038=ORIENTED_EDGE('',*,*,#3172,.F.);
#4039=ORIENTED_EDGE('',*,*,#3175,.F.);
#4040=ORIENTED_EDGE('',*,*,#3176,.T.);
#4041=ORIENTED_EDGE('',*,*,#3177,.T.);
#4042=ORIENTED_EDGE('',*,*,#3174,.F.);
#4043=ORIENTED_EDGE('',*,*,#3178,.T.);
#4044=ORIENTED_EDGE('',*,*,#3176,.F.);
#4045=ORIENTED_EDGE('',*,*,#3179,.F.);
#4046=ORIENTED_EDGE('',*,*,#3180,.T.);
#4047=ORIENTED_EDGE('',*,*,#3178,.F.);
#4048=ORIENTED_EDGE('',*,*,#3181,.F.);
#4049=ORIENTED_EDGE('',*,*,#3182,.T.);
#4050=ORIENTED_EDGE('',*,*,#3180,.F.);
#4051=ORIENTED_EDGE('',*,*,#3183,.F.);
#4052=ORIENTED_EDGE('',*,*,#3184,.T.);
#4053=ORIENTED_EDGE('',*,*,#3182,.F.);
#4054=ORIENTED_EDGE('',*,*,#3185,.F.);
#4055=ORIENTED_EDGE('',*,*,#3186,.T.);
#4056=ORIENTED_EDGE('',*,*,#3184,.F.);
#4057=ORIENTED_EDGE('',*,*,#3187,.F.);
#4058=ORIENTED_EDGE('',*,*,#3188,.T.);
#4059=ORIENTED_EDGE('',*,*,#3186,.F.);
#4060=ORIENTED_EDGE('',*,*,#3189,.F.);
#4061=ORIENTED_EDGE('',*,*,#3190,.T.);
#4062=ORIENTED_EDGE('',*,*,#3188,.F.);
#4063=ORIENTED_EDGE('',*,*,#3191,.F.);
#4064=ORIENTED_EDGE('',*,*,#3192,.F.);
#4065=ORIENTED_EDGE('',*,*,#3193,.T.);
#4066=ORIENTED_EDGE('',*,*,#3190,.F.);
#4067=ORIENTED_EDGE('',*,*,#3194,.F.);
#4068=ORIENTED_EDGE('',*,*,#3192,.T.);
#4069=ORIENTED_EDGE('',*,*,#3195,.F.);
#4070=ORIENTED_EDGE('',*,*,#3196,.F.);
#4071=ORIENTED_EDGE('',*,*,#3194,.T.);
#4072=ORIENTED_EDGE('',*,*,#3197,.F.);
#4073=ORIENTED_EDGE('',*,*,#3198,.F.);
#4074=ORIENTED_EDGE('',*,*,#3196,.T.);
#4075=ORIENTED_EDGE('',*,*,#3199,.F.);
#4076=ORIENTED_EDGE('',*,*,#3200,.F.);
#4077=ORIENTED_EDGE('',*,*,#3198,.T.);
#4078=ORIENTED_EDGE('',*,*,#3201,.F.);
#4079=ORIENTED_EDGE('',*,*,#3202,.F.);
#4080=ORIENTED_EDGE('',*,*,#3200,.T.);
#4081=ORIENTED_EDGE('',*,*,#3203,.F.);
#4082=ORIENTED_EDGE('',*,*,#3204,.F.);
#4083=ORIENTED_EDGE('',*,*,#3202,.T.);
#4084=ORIENTED_EDGE('',*,*,#3205,.F.);
#4085=ORIENTED_EDGE('',*,*,#3206,.F.);
#4086=ORIENTED_EDGE('',*,*,#3204,.T.);
#4087=ORIENTED_EDGE('',*,*,#3207,.F.);
#4088=ORIENTED_EDGE('',*,*,#3208,.F.);
#4089=ORIENTED_EDGE('',*,*,#3206,.T.);
#4090=ORIENTED_EDGE('',*,*,#3209,.F.);
#4091=ORIENTED_EDGE('',*,*,#3210,.F.);
#4092=ORIENTED_EDGE('',*,*,#3208,.T.);
#4093=ORIENTED_EDGE('',*,*,#3211,.F.);
#4094=ORIENTED_EDGE('',*,*,#3212,.F.);
#4095=ORIENTED_EDGE('',*,*,#3210,.T.);
#4096=ORIENTED_EDGE('',*,*,#3213,.F.);
#4097=ORIENTED_EDGE('',*,*,#3214,.F.);
#4098=ORIENTED_EDGE('',*,*,#3212,.T.);
#4099=ORIENTED_EDGE('',*,*,#3215,.F.);
#4100=ORIENTED_EDGE('',*,*,#3216,.F.);
#4101=ORIENTED_EDGE('',*,*,#3214,.T.);
#4102=ORIENTED_EDGE('',*,*,#3217,.F.);
#4103=ORIENTED_EDGE('',*,*,#3218,.F.);
#4104=ORIENTED_EDGE('',*,*,#3216,.T.);
#4105=ORIENTED_EDGE('',*,*,#3219,.F.);
#4106=ORIENTED_EDGE('',*,*,#3220,.F.);
#4107=ORIENTED_EDGE('',*,*,#3221,.F.);
#4108=ORIENTED_EDGE('',*,*,#3218,.T.);
#4109=ORIENTED_EDGE('',*,*,#3222,.F.);
#4110=ORIENTED_EDGE('',*,*,#3220,.T.);
#4111=ORIENTED_EDGE('',*,*,#3223,.T.);
#4112=ORIENTED_EDGE('',*,*,#3224,.F.);
#4113=ORIENTED_EDGE('',*,*,#3222,.T.);
#4114=ORIENTED_EDGE('',*,*,#3225,.T.);
#4115=ORIENTED_EDGE('',*,*,#3226,.F.);
#4116=ORIENTED_EDGE('',*,*,#3224,.T.);
#4117=ORIENTED_EDGE('',*,*,#3227,.T.);
#4118=ORIENTED_EDGE('',*,*,#3228,.F.);
#4119=ORIENTED_EDGE('',*,*,#3226,.T.);
#4120=ORIENTED_EDGE('',*,*,#3229,.T.);
#4121=ORIENTED_EDGE('',*,*,#3230,.F.);
#4122=ORIENTED_EDGE('',*,*,#3228,.T.);
#4123=ORIENTED_EDGE('',*,*,#3231,.T.);
#4124=ORIENTED_EDGE('',*,*,#3232,.F.);
#4125=ORIENTED_EDGE('',*,*,#3230,.T.);
#4126=ORIENTED_EDGE('',*,*,#3233,.T.);
#4127=ORIENTED_EDGE('',*,*,#3234,.F.);
#4128=ORIENTED_EDGE('',*,*,#3232,.T.);
#4129=ORIENTED_EDGE('',*,*,#3235,.T.);
#4130=ORIENTED_EDGE('',*,*,#3236,.F.);
#4131=ORIENTED_EDGE('',*,*,#3234,.T.);
#4132=ORIENTED_EDGE('',*,*,#3237,.T.);
#4133=ORIENTED_EDGE('',*,*,#3238,.F.);
#4134=ORIENTED_EDGE('',*,*,#3236,.T.);
#4135=ORIENTED_EDGE('',*,*,#3239,.T.);
#4136=ORIENTED_EDGE('',*,*,#3240,.F.);
#4137=ORIENTED_EDGE('',*,*,#3238,.T.);
#4138=ORIENTED_EDGE('',*,*,#3241,.T.);
#4139=ORIENTED_EDGE('',*,*,#3242,.T.);
#4140=ORIENTED_EDGE('',*,*,#3243,.F.);
#4141=ORIENTED_EDGE('',*,*,#3244,.F.);
#4142=ORIENTED_EDGE('',*,*,#3245,.T.);
#4143=ORIENTED_EDGE('',*,*,#3242,.F.);
#4144=ORIENTED_EDGE('',*,*,#3246,.F.);
#4145=ORIENTED_EDGE('',*,*,#3247,.T.);
#4146=ORIENTED_EDGE('',*,*,#3245,.F.);
#4147=ORIENTED_EDGE('',*,*,#3248,.F.);
#4148=ORIENTED_EDGE('',*,*,#3249,.T.);
#4149=ORIENTED_EDGE('',*,*,#3247,.F.);
#4150=ORIENTED_EDGE('',*,*,#3250,.F.);
#4151=ORIENTED_EDGE('',*,*,#3251,.T.);
#4152=ORIENTED_EDGE('',*,*,#3249,.F.);
#4153=ORIENTED_EDGE('',*,*,#3252,.F.);
#4154=ORIENTED_EDGE('',*,*,#3253,.T.);
#4155=ORIENTED_EDGE('',*,*,#3251,.F.);
#4156=ORIENTED_EDGE('',*,*,#3254,.F.);
#4157=ORIENTED_EDGE('',*,*,#3255,.T.);
#4158=ORIENTED_EDGE('',*,*,#3253,.F.);
#4159=ORIENTED_EDGE('',*,*,#3256,.F.);
#4160=ORIENTED_EDGE('',*,*,#3257,.T.);
#4161=ORIENTED_EDGE('',*,*,#3255,.F.);
#4162=ORIENTED_EDGE('',*,*,#3258,.F.);
#4163=ORIENTED_EDGE('',*,*,#3259,.T.);
#4164=ORIENTED_EDGE('',*,*,#3257,.F.);
#4165=ORIENTED_EDGE('',*,*,#3260,.F.);
#4166=ORIENTED_EDGE('',*,*,#3261,.T.);
#4167=ORIENTED_EDGE('',*,*,#3259,.F.);
#4168=ORIENTED_EDGE('',*,*,#3262,.F.);
#4169=ORIENTED_EDGE('',*,*,#3263,.T.);
#4170=ORIENTED_EDGE('',*,*,#3261,.F.);
#4171=ORIENTED_EDGE('',*,*,#3264,.F.);
#4172=ORIENTED_EDGE('',*,*,#3265,.T.);
#4173=ORIENTED_EDGE('',*,*,#3263,.F.);
#4174=ORIENTED_EDGE('',*,*,#3266,.F.);
#4175=ORIENTED_EDGE('',*,*,#3267,.T.);
#4176=ORIENTED_EDGE('',*,*,#3265,.F.);
#4177=ORIENTED_EDGE('',*,*,#3268,.F.);
#4178=ORIENTED_EDGE('',*,*,#3269,.T.);
#4179=ORIENTED_EDGE('',*,*,#3267,.F.);
#4180=ORIENTED_EDGE('',*,*,#3270,.F.);
#4181=ORIENTED_EDGE('',*,*,#3271,.T.);
#4182=ORIENTED_EDGE('',*,*,#3269,.F.);
#4183=ORIENTED_EDGE('',*,*,#3272,.F.);
#4184=ORIENTED_EDGE('',*,*,#3273,.F.);
#4185=ORIENTED_EDGE('',*,*,#3274,.T.);
#4186=ORIENTED_EDGE('',*,*,#3271,.F.);
#4187=ORIENTED_EDGE('',*,*,#3275,.F.);
#4188=ORIENTED_EDGE('',*,*,#3273,.T.);
#4189=ORIENTED_EDGE('',*,*,#3276,.F.);
#4190=ORIENTED_EDGE('',*,*,#3277,.F.);
#4191=ORIENTED_EDGE('',*,*,#3275,.T.);
#4192=ORIENTED_EDGE('',*,*,#3278,.F.);
#4193=ORIENTED_EDGE('',*,*,#3279,.F.);
#4194=ORIENTED_EDGE('',*,*,#3277,.T.);
#4195=ORIENTED_EDGE('',*,*,#3280,.F.);
#4196=ORIENTED_EDGE('',*,*,#3281,.F.);
#4197=ORIENTED_EDGE('',*,*,#3279,.T.);
#4198=ORIENTED_EDGE('',*,*,#3282,.F.);
#4199=ORIENTED_EDGE('',*,*,#3283,.F.);
#4200=ORIENTED_EDGE('',*,*,#3281,.T.);
#4201=ORIENTED_EDGE('',*,*,#3284,.F.);
#4202=ORIENTED_EDGE('',*,*,#3285,.F.);
#4203=ORIENTED_EDGE('',*,*,#3283,.T.);
#4204=ORIENTED_EDGE('',*,*,#3286,.F.);
#4205=ORIENTED_EDGE('',*,*,#3287,.F.);
#4206=ORIENTED_EDGE('',*,*,#3285,.T.);
#4207=ORIENTED_EDGE('',*,*,#3288,.F.);
#4208=ORIENTED_EDGE('',*,*,#3289,.F.);
#4209=ORIENTED_EDGE('',*,*,#3287,.T.);
#4210=ORIENTED_EDGE('',*,*,#3290,.F.);
#4211=ORIENTED_EDGE('',*,*,#3291,.F.);
#4212=ORIENTED_EDGE('',*,*,#3289,.T.);
#4213=ORIENTED_EDGE('',*,*,#3292,.F.);
#4214=ORIENTED_EDGE('',*,*,#3293,.F.);
#4215=ORIENTED_EDGE('',*,*,#3291,.T.);
#4216=ORIENTED_EDGE('',*,*,#3294,.F.);
#4217=ORIENTED_EDGE('',*,*,#3295,.F.);
#4218=ORIENTED_EDGE('',*,*,#3293,.T.);
#4219=ORIENTED_EDGE('',*,*,#3296,.F.);
#4220=ORIENTED_EDGE('',*,*,#3297,.F.);
#4221=ORIENTED_EDGE('',*,*,#3295,.T.);
#4222=ORIENTED_EDGE('',*,*,#3298,.F.);
#4223=ORIENTED_EDGE('',*,*,#3299,.F.);
#4224=ORIENTED_EDGE('',*,*,#3300,.F.);
#4225=ORIENTED_EDGE('',*,*,#3297,.T.);
#4226=ORIENTED_EDGE('',*,*,#3301,.F.);
#4227=ORIENTED_EDGE('',*,*,#3299,.T.);
#4228=ORIENTED_EDGE('',*,*,#3302,.T.);
#4229=ORIENTED_EDGE('',*,*,#3303,.F.);
#4230=ORIENTED_EDGE('',*,*,#3301,.T.);
#4231=ORIENTED_EDGE('',*,*,#3304,.T.);
#4232=ORIENTED_EDGE('',*,*,#3305,.F.);
#4233=ORIENTED_EDGE('',*,*,#3303,.T.);
#4234=ORIENTED_EDGE('',*,*,#3306,.T.);
#4235=ORIENTED_EDGE('',*,*,#3307,.F.);
#4236=ORIENTED_EDGE('',*,*,#3305,.T.);
#4237=ORIENTED_EDGE('',*,*,#3308,.T.);
#4238=ORIENTED_EDGE('',*,*,#3309,.F.);
#4239=ORIENTED_EDGE('',*,*,#3307,.T.);
#4240=ORIENTED_EDGE('',*,*,#3310,.T.);
#4241=ORIENTED_EDGE('',*,*,#3311,.F.);
#4242=ORIENTED_EDGE('',*,*,#3309,.T.);
#4243=ORIENTED_EDGE('',*,*,#3312,.T.);
#4244=ORIENTED_EDGE('',*,*,#3313,.F.);
#4245=ORIENTED_EDGE('',*,*,#3311,.T.);
#4246=ORIENTED_EDGE('',*,*,#3314,.T.);
#4247=ORIENTED_EDGE('',*,*,#3315,.F.);
#4248=ORIENTED_EDGE('',*,*,#3313,.T.);
#4249=ORIENTED_EDGE('',*,*,#3316,.T.);
#4250=ORIENTED_EDGE('',*,*,#3317,.F.);
#4251=ORIENTED_EDGE('',*,*,#3315,.T.);
#4252=ORIENTED_EDGE('',*,*,#3318,.T.);
#4253=ORIENTED_EDGE('',*,*,#3319,.F.);
#4254=ORIENTED_EDGE('',*,*,#3317,.T.);
#4255=ORIENTED_EDGE('',*,*,#3320,.T.);
#4256=ORIENTED_EDGE('',*,*,#3321,.F.);
#4257=ORIENTED_EDGE('',*,*,#3319,.T.);
#4258=ORIENTED_EDGE('',*,*,#3322,.T.);
#4259=ORIENTED_EDGE('',*,*,#3323,.F.);
#4260=ORIENTED_EDGE('',*,*,#3321,.T.);
#4261=ORIENTED_EDGE('',*,*,#3324,.T.);
#4262=ORIENTED_EDGE('',*,*,#3325,.T.);
#4263=ORIENTED_EDGE('',*,*,#3193,.F.);
#4264=ORIENTED_EDGE('',*,*,#3323,.T.);
#4265=ORIENTED_EDGE('',*,*,#3326,.T.);
#4266=ORIENTED_EDGE('',*,*,#3325,.F.);
#4267=ORIENTED_EDGE('',*,*,#3327,.T.);
#4268=ORIENTED_EDGE('',*,*,#3328,.T.);
#4269=ORIENTED_EDGE('',*,*,#3326,.F.);
#4270=ORIENTED_EDGE('',*,*,#3329,.T.);
#4271=ORIENTED_EDGE('',*,*,#3330,.T.);
#4272=ORIENTED_EDGE('',*,*,#3328,.F.);
#4273=ORIENTED_EDGE('',*,*,#3331,.T.);
#4274=ORIENTED_EDGE('',*,*,#3332,.T.);
#4275=ORIENTED_EDGE('',*,*,#3330,.F.);
#4276=ORIENTED_EDGE('',*,*,#3333,.T.);
#4277=ORIENTED_EDGE('',*,*,#3334,.T.);
#4278=ORIENTED_EDGE('',*,*,#3332,.F.);
#4279=ORIENTED_EDGE('',*,*,#3335,.T.);
#4280=ORIENTED_EDGE('',*,*,#3336,.T.);
#4281=ORIENTED_EDGE('',*,*,#3334,.F.);
#4282=ORIENTED_EDGE('',*,*,#3337,.T.);
#4283=ORIENTED_EDGE('',*,*,#3338,.T.);
#4284=ORIENTED_EDGE('',*,*,#3336,.F.);
#4285=ORIENTED_EDGE('',*,*,#3339,.T.);
#4286=ORIENTED_EDGE('',*,*,#3340,.T.);
#4287=ORIENTED_EDGE('',*,*,#3338,.F.);
#4288=ORIENTED_EDGE('',*,*,#3341,.T.);
#4289=ORIENTED_EDGE('',*,*,#3342,.T.);
#4290=ORIENTED_EDGE('',*,*,#3340,.F.);
#4291=ORIENTED_EDGE('',*,*,#3343,.T.);
#4292=ORIENTED_EDGE('',*,*,#3344,.T.);
#4293=ORIENTED_EDGE('',*,*,#3342,.F.);
#4294=ORIENTED_EDGE('',*,*,#3345,.T.);
#4295=ORIENTED_EDGE('',*,*,#3346,.T.);
#4296=ORIENTED_EDGE('',*,*,#3344,.F.);
#4297=ORIENTED_EDGE('',*,*,#3347,.T.);
#4298=ORIENTED_EDGE('',*,*,#3348,.T.);
#4299=ORIENTED_EDGE('',*,*,#3346,.F.);
#4300=ORIENTED_EDGE('',*,*,#3349,.T.);
#4301=ORIENTED_EDGE('',*,*,#3350,.T.);
#4302=ORIENTED_EDGE('',*,*,#3348,.F.);
#4303=ORIENTED_EDGE('',*,*,#3351,.T.);
#4304=ORIENTED_EDGE('',*,*,#3352,.T.);
#4305=ORIENTED_EDGE('',*,*,#3350,.F.);
#4306=ORIENTED_EDGE('',*,*,#3353,.T.);
#4307=ORIENTED_EDGE('',*,*,#3354,.T.);
#4308=ORIENTED_EDGE('',*,*,#3352,.F.);
#4309=ORIENTED_EDGE('',*,*,#3355,.T.);
#4310=ORIENTED_EDGE('',*,*,#3356,.T.);
#4311=ORIENTED_EDGE('',*,*,#3354,.F.);
#4312=ORIENTED_EDGE('',*,*,#3357,.T.);
#4313=ORIENTED_EDGE('',*,*,#3358,.T.);
#4314=ORIENTED_EDGE('',*,*,#3359,.T.);
#4315=ORIENTED_EDGE('',*,*,#3356,.F.);
#4316=ORIENTED_EDGE('',*,*,#3243,.T.);
#4317=ORIENTED_EDGE('',*,*,#3358,.F.);
#4318=ORIENTED_EDGE('',*,*,#3360,.F.);
#4319=ORIENTED_EDGE('',*,*,#3361,.T.);
#4320=ORIENTED_EDGE('',*,*,#3362,.T.);
#4321=ORIENTED_EDGE('',*,*,#3177,.F.);
#4322=ORIENTED_EDGE('',*,*,#3363,.T.);
#4323=ORIENTED_EDGE('',*,*,#3361,.F.);
#4324=ORIENTED_EDGE('',*,*,#3359,.F.);
#4325=ORIENTED_EDGE('',*,*,#3364,.F.);
#4326=ORIENTED_EDGE('',*,*,#3365,.T.);
#4327=ORIENTED_EDGE('',*,*,#3240,.T.);
#4328=ORIENTED_EDGE('',*,*,#3366,.F.);
#4329=ORIENTED_EDGE('',*,*,#3364,.T.);
#4330=ORIENTED_EDGE('',*,*,#3367,.F.);
#4331=ORIENTED_EDGE('',*,*,#3368,.F.);
#4332=ORIENTED_EDGE('',*,*,#3300,.T.);
#4333=ORIENTED_EDGE('',*,*,#3221,.T.);
#4334=ORIENTED_EDGE('',*,*,#3369,.F.);
#4335=ORIENTED_EDGE('',*,*,#3368,.T.);
#4336=ORIENTED_EDGE('',*,*,#3365,.F.);
#4337=ORIENTED_EDGE('',*,*,#3370,.T.);
#4338=ORIENTED_EDGE('',*,*,#3371,.F.);
#4339=ORIENTED_EDGE('',*,*,#3372,.F.);
#4340=ORIENTED_EDGE('',*,*,#3373,.T.);
#4341=ORIENTED_EDGE('',*,*,#3370,.F.);
#4342=ORIENTED_EDGE('',*,*,#3374,.F.);
#4343=ORIENTED_EDGE('',*,*,#3375,.T.);
#4344=ORIENTED_EDGE('',*,*,#3373,.F.);
#4345=ORIENTED_EDGE('',*,*,#3376,.F.);
#4346=ORIENTED_EDGE('',*,*,#3377,.T.);
#4347=ORIENTED_EDGE('',*,*,#3375,.F.);
#4348=ORIENTED_EDGE('',*,*,#3378,.F.);
#4349=ORIENTED_EDGE('',*,*,#3379,.T.);
#4350=ORIENTED_EDGE('',*,*,#3377,.F.);
#4351=ORIENTED_EDGE('',*,*,#3380,.F.);
#4352=ORIENTED_EDGE('',*,*,#3381,.T.);
#4353=ORIENTED_EDGE('',*,*,#3379,.F.);
#4354=ORIENTED_EDGE('',*,*,#3382,.F.);
#4355=ORIENTED_EDGE('',*,*,#3383,.T.);
#4356=ORIENTED_EDGE('',*,*,#3381,.F.);
#4357=ORIENTED_EDGE('',*,*,#3384,.F.);
#4358=ORIENTED_EDGE('',*,*,#3385,.T.);
#4359=ORIENTED_EDGE('',*,*,#3383,.F.);
#4360=ORIENTED_EDGE('',*,*,#3386,.F.);
#4361=ORIENTED_EDGE('',*,*,#3387,.T.);
#4362=ORIENTED_EDGE('',*,*,#3385,.F.);
#4363=ORIENTED_EDGE('',*,*,#3388,.F.);
#4364=ORIENTED_EDGE('',*,*,#3389,.T.);
#4365=ORIENTED_EDGE('',*,*,#3387,.F.);
#4366=ORIENTED_EDGE('',*,*,#3390,.F.);
#4367=ORIENTED_EDGE('',*,*,#3391,.T.);
#4368=ORIENTED_EDGE('',*,*,#3389,.F.);
#4369=ORIENTED_EDGE('',*,*,#3392,.F.);
#4370=ORIENTED_EDGE('',*,*,#3393,.T.);
#4371=ORIENTED_EDGE('',*,*,#3391,.F.);
#4372=ORIENTED_EDGE('',*,*,#3394,.F.);
#4373=ORIENTED_EDGE('',*,*,#3395,.T.);
#4374=ORIENTED_EDGE('',*,*,#3393,.F.);
#4375=ORIENTED_EDGE('',*,*,#3396,.F.);
#4376=ORIENTED_EDGE('',*,*,#3397,.T.);
#4377=ORIENTED_EDGE('',*,*,#3395,.F.);
#4378=ORIENTED_EDGE('',*,*,#3398,.F.);
#4379=ORIENTED_EDGE('',*,*,#3399,.T.);
#4380=ORIENTED_EDGE('',*,*,#3397,.F.);
#4381=ORIENTED_EDGE('',*,*,#3400,.F.);
#4382=ORIENTED_EDGE('',*,*,#3401,.F.);
#4383=ORIENTED_EDGE('',*,*,#3162,.T.);
#4384=ORIENTED_EDGE('',*,*,#3399,.F.);
#4385=ORIENTED_EDGE('',*,*,#3402,.F.);
#4386=ORIENTED_EDGE('',*,*,#3401,.T.);
#4387=ORIENTED_EDGE('',*,*,#3403,.F.);
#4388=ORIENTED_EDGE('',*,*,#3404,.F.);
#4389=ORIENTED_EDGE('',*,*,#3402,.T.);
#4390=ORIENTED_EDGE('',*,*,#3405,.F.);
#4391=ORIENTED_EDGE('',*,*,#3406,.F.);
#4392=ORIENTED_EDGE('',*,*,#3404,.T.);
#4393=ORIENTED_EDGE('',*,*,#3407,.F.);
#4394=ORIENTED_EDGE('',*,*,#3408,.F.);
#4395=ORIENTED_EDGE('',*,*,#3406,.T.);
#4396=ORIENTED_EDGE('',*,*,#3409,.F.);
#4397=ORIENTED_EDGE('',*,*,#3410,.F.);
#4398=ORIENTED_EDGE('',*,*,#3408,.T.);
#4399=ORIENTED_EDGE('',*,*,#3411,.F.);
#4400=ORIENTED_EDGE('',*,*,#3412,.F.);
#4401=ORIENTED_EDGE('',*,*,#3410,.T.);
#4402=ORIENTED_EDGE('',*,*,#3413,.F.);
#4403=ORIENTED_EDGE('',*,*,#3414,.F.);
#4404=ORIENTED_EDGE('',*,*,#3412,.T.);
#4405=ORIENTED_EDGE('',*,*,#3415,.F.);
#4406=ORIENTED_EDGE('',*,*,#3416,.F.);
#4407=ORIENTED_EDGE('',*,*,#3414,.T.);
#4408=ORIENTED_EDGE('',*,*,#3417,.F.);
#4409=ORIENTED_EDGE('',*,*,#3418,.F.);
#4410=ORIENTED_EDGE('',*,*,#3416,.T.);
#4411=ORIENTED_EDGE('',*,*,#3419,.F.);
#4412=ORIENTED_EDGE('',*,*,#3420,.F.);
#4413=ORIENTED_EDGE('',*,*,#3418,.T.);
#4414=ORIENTED_EDGE('',*,*,#3421,.F.);
#4415=ORIENTED_EDGE('',*,*,#3422,.F.);
#4416=ORIENTED_EDGE('',*,*,#3420,.T.);
#4417=ORIENTED_EDGE('',*,*,#3423,.F.);
#4418=ORIENTED_EDGE('',*,*,#3424,.F.);
#4419=ORIENTED_EDGE('',*,*,#3422,.T.);
#4420=ORIENTED_EDGE('',*,*,#3425,.F.);
#4421=ORIENTED_EDGE('',*,*,#3426,.F.);
#4422=ORIENTED_EDGE('',*,*,#3427,.T.);
#4423=ORIENTED_EDGE('',*,*,#3424,.T.);
#4424=ORIENTED_EDGE('',*,*,#3428,.F.);
#4425=ORIENTED_EDGE('',*,*,#3426,.T.);
#4426=ORIENTED_EDGE('',*,*,#3429,.T.);
#4427=ORIENTED_EDGE('',*,*,#3430,.F.);
#4428=ORIENTED_EDGE('',*,*,#3428,.T.);
#4429=ORIENTED_EDGE('',*,*,#3431,.T.);
#4430=ORIENTED_EDGE('',*,*,#3432,.F.);
#4431=ORIENTED_EDGE('',*,*,#3430,.T.);
#4432=ORIENTED_EDGE('',*,*,#3433,.T.);
#4433=ORIENTED_EDGE('',*,*,#3434,.F.);
#4434=ORIENTED_EDGE('',*,*,#3432,.T.);
#4435=ORIENTED_EDGE('',*,*,#3435,.T.);
#4436=ORIENTED_EDGE('',*,*,#3436,.F.);
#4437=ORIENTED_EDGE('',*,*,#3434,.T.);
#4438=ORIENTED_EDGE('',*,*,#3437,.T.);
#4439=ORIENTED_EDGE('',*,*,#3438,.F.);
#4440=ORIENTED_EDGE('',*,*,#3436,.T.);
#4441=ORIENTED_EDGE('',*,*,#3439,.T.);
#4442=ORIENTED_EDGE('',*,*,#3440,.F.);
#4443=ORIENTED_EDGE('',*,*,#3438,.T.);
#4444=ORIENTED_EDGE('',*,*,#3441,.T.);
#4445=ORIENTED_EDGE('',*,*,#3442,.F.);
#4446=ORIENTED_EDGE('',*,*,#3440,.T.);
#4447=ORIENTED_EDGE('',*,*,#3443,.T.);
#4448=ORIENTED_EDGE('',*,*,#3444,.F.);
#4449=ORIENTED_EDGE('',*,*,#3442,.T.);
#4450=ORIENTED_EDGE('',*,*,#3445,.T.);
#4451=ORIENTED_EDGE('',*,*,#3446,.F.);
#4452=ORIENTED_EDGE('',*,*,#3444,.T.);
#4453=ORIENTED_EDGE('',*,*,#3447,.T.);
#4454=ORIENTED_EDGE('',*,*,#3448,.F.);
#4455=ORIENTED_EDGE('',*,*,#3446,.T.);
#4456=ORIENTED_EDGE('',*,*,#3449,.T.);
#4457=ORIENTED_EDGE('',*,*,#3450,.F.);
#4458=ORIENTED_EDGE('',*,*,#3448,.T.);
#4459=ORIENTED_EDGE('',*,*,#3451,.T.);
#4460=ORIENTED_EDGE('',*,*,#3452,.T.);
#4461=ORIENTED_EDGE('',*,*,#3453,.F.);
#4462=ORIENTED_EDGE('',*,*,#3450,.T.);
#4463=ORIENTED_EDGE('',*,*,#3454,.T.);
#4464=ORIENTED_EDGE('',*,*,#3452,.F.);
#4465=ORIENTED_EDGE('',*,*,#3455,.T.);
#4466=ORIENTED_EDGE('',*,*,#3456,.T.);
#4467=ORIENTED_EDGE('',*,*,#3454,.F.);
#4468=ORIENTED_EDGE('',*,*,#3457,.T.);
#4469=ORIENTED_EDGE('',*,*,#3458,.T.);
#4470=ORIENTED_EDGE('',*,*,#3456,.F.);
#4471=ORIENTED_EDGE('',*,*,#3459,.T.);
#4472=ORIENTED_EDGE('',*,*,#3460,.T.);
#4473=ORIENTED_EDGE('',*,*,#3458,.F.);
#4474=ORIENTED_EDGE('',*,*,#3461,.T.);
#4475=ORIENTED_EDGE('',*,*,#3462,.T.);
#4476=ORIENTED_EDGE('',*,*,#3460,.F.);
#4477=ORIENTED_EDGE('',*,*,#3463,.T.);
#4478=ORIENTED_EDGE('',*,*,#3464,.T.);
#4479=ORIENTED_EDGE('',*,*,#3462,.F.);
#4480=ORIENTED_EDGE('',*,*,#3465,.T.);
#4481=ORIENTED_EDGE('',*,*,#3466,.T.);
#4482=ORIENTED_EDGE('',*,*,#3464,.F.);
#4483=ORIENTED_EDGE('',*,*,#3467,.T.);
#4484=ORIENTED_EDGE('',*,*,#3468,.T.);
#4485=ORIENTED_EDGE('',*,*,#3466,.F.);
#4486=ORIENTED_EDGE('',*,*,#3469,.T.);
#4487=ORIENTED_EDGE('',*,*,#3470,.T.);
#4488=ORIENTED_EDGE('',*,*,#3468,.F.);
#4489=ORIENTED_EDGE('',*,*,#3471,.T.);
#4490=ORIENTED_EDGE('',*,*,#3472,.T.);
#4491=ORIENTED_EDGE('',*,*,#3470,.F.);
#4492=ORIENTED_EDGE('',*,*,#3473,.T.);
#4493=ORIENTED_EDGE('',*,*,#3474,.T.);
#4494=ORIENTED_EDGE('',*,*,#3472,.F.);
#4495=ORIENTED_EDGE('',*,*,#3475,.T.);
#4496=ORIENTED_EDGE('',*,*,#3476,.T.);
#4497=ORIENTED_EDGE('',*,*,#3474,.F.);
#4498=ORIENTED_EDGE('',*,*,#3477,.T.);
#4499=ORIENTED_EDGE('',*,*,#3478,.T.);
#4500=ORIENTED_EDGE('',*,*,#3476,.F.);
#4501=ORIENTED_EDGE('',*,*,#3479,.T.);
#4502=ORIENTED_EDGE('',*,*,#3480,.T.);
#4503=ORIENTED_EDGE('',*,*,#3478,.F.);
#4504=ORIENTED_EDGE('',*,*,#3481,.T.);
#4505=ORIENTED_EDGE('',*,*,#3482,.T.);
#4506=ORIENTED_EDGE('',*,*,#3480,.F.);
#4507=ORIENTED_EDGE('',*,*,#3483,.T.);
#4508=ORIENTED_EDGE('',*,*,#3484,.T.);
#4509=ORIENTED_EDGE('',*,*,#3482,.F.);
#4510=ORIENTED_EDGE('',*,*,#3485,.T.);
#4511=ORIENTED_EDGE('',*,*,#3486,.T.);
#4512=ORIENTED_EDGE('',*,*,#3362,.F.);
#4513=ORIENTED_EDGE('',*,*,#3484,.F.);
#4514=ORIENTED_EDGE('',*,*,#3371,.T.);
#4515=ORIENTED_EDGE('',*,*,#3486,.F.);
#4516=ORIENTED_EDGE('',*,*,#3487,.F.);
#4517=ORIENTED_EDGE('',*,*,#3488,.F.);
#4518=ORIENTED_EDGE('',*,*,#3489,.T.);
#4519=ORIENTED_EDGE('',*,*,#3453,.T.);
#4520=ORIENTED_EDGE('',*,*,#3490,.F.);
#4521=ORIENTED_EDGE('',*,*,#3488,.T.);
#4522=ORIENTED_EDGE('',*,*,#3491,.F.);
#4523=ORIENTED_EDGE('',*,*,#3492,.F.);
#4524=ORIENTED_EDGE('',*,*,#3493,.F.);
#4525=ORIENTED_EDGE('',*,*,#3491,.T.);
#4526=ORIENTED_EDGE('',*,*,#3494,.F.);
#4527=ORIENTED_EDGE('',*,*,#3495,.F.);
#4528=ORIENTED_EDGE('',*,*,#3492,.T.);
#4529=ORIENTED_EDGE('',*,*,#3496,.F.);
#4530=ORIENTED_EDGE('',*,*,#3494,.T.);
#4531=ORIENTED_EDGE('',*,*,#3497,.F.);
#4532=ORIENTED_EDGE('',*,*,#3498,.F.);
#4533=ORIENTED_EDGE('',*,*,#3499,.F.);
#4534=ORIENTED_EDGE('',*,*,#3497,.T.);
#4535=ORIENTED_EDGE('',*,*,#3500,.F.);
#4536=ORIENTED_EDGE('',*,*,#3501,.T.);
#4537=ORIENTED_EDGE('',*,*,#3498,.T.);
#4538=ORIENTED_EDGE('',*,*,#3502,.F.);
#4539=ORIENTED_EDGE('',*,*,#3500,.T.);
#4540=ORIENTED_EDGE('',*,*,#3363,.F.);
#4541=ORIENTED_EDGE('',*,*,#3503,.F.);
#4542=ORIENTED_EDGE('',*,*,#3504,.T.);
#4543=ORIENTED_EDGE('',*,*,#3502,.T.);
#4544=ORIENTED_EDGE('',*,*,#3505,.T.);
#4545=ORIENTED_EDGE('',*,*,#3503,.T.);
#4546=ORIENTED_EDGE('',*,*,#3506,.F.);
#4547=ORIENTED_EDGE('',*,*,#3507,.F.);
#4548=ORIENTED_EDGE('',*,*,#3508,.T.);
#4549=ORIENTED_EDGE('',*,*,#3506,.T.);
#4550=ORIENTED_EDGE('',*,*,#3509,.F.);
#4551=ORIENTED_EDGE('',*,*,#3510,.T.);
#4552=ORIENTED_EDGE('',*,*,#3507,.T.);
#4553=ORIENTED_EDGE('',*,*,#3511,.T.);
#4554=ORIENTED_EDGE('',*,*,#3509,.T.);
#4555=ORIENTED_EDGE('',*,*,#3512,.F.);
#4556=ORIENTED_EDGE('',*,*,#3513,.F.);
#4557=ORIENTED_EDGE('',*,*,#3514,.T.);
#4558=ORIENTED_EDGE('',*,*,#3512,.T.);
#4559=ORIENTED_EDGE('',*,*,#3515,.F.);
#4560=ORIENTED_EDGE('',*,*,#3516,.T.);
#4561=ORIENTED_EDGE('',*,*,#3513,.T.);
#4562=ORIENTED_EDGE('',*,*,#3517,.T.);
#4563=ORIENTED_EDGE('',*,*,#3515,.T.);
#4564=ORIENTED_EDGE('',*,*,#3274,.F.);
#4565=ORIENTED_EDGE('',*,*,#3518,.T.);
#4566=ORIENTED_EDGE('',*,*,#3519,.T.);
#4567=ORIENTED_EDGE('',*,*,#3517,.F.);
#4568=ORIENTED_EDGE('',*,*,#3520,.T.);
#4569=ORIENTED_EDGE('',*,*,#3518,.F.);
#4570=ORIENTED_EDGE('',*,*,#3521,.T.);
#4571=ORIENTED_EDGE('',*,*,#3522,.T.);
#4572=ORIENTED_EDGE('',*,*,#3523,.T.);
#4573=ORIENTED_EDGE('',*,*,#3521,.F.);
#4574=ORIENTED_EDGE('',*,*,#3524,.T.);
#4575=ORIENTED_EDGE('',*,*,#3525,.T.);
#4576=ORIENTED_EDGE('',*,*,#3522,.F.);
#4577=ORIENTED_EDGE('',*,*,#3526,.T.);
#4578=ORIENTED_EDGE('',*,*,#3524,.F.);
#4579=ORIENTED_EDGE('',*,*,#3527,.T.);
#4580=ORIENTED_EDGE('',*,*,#3528,.T.);
#4581=ORIENTED_EDGE('',*,*,#3529,.T.);
#4582=ORIENTED_EDGE('',*,*,#3527,.F.);
#4583=ORIENTED_EDGE('',*,*,#3530,.T.);
#4584=ORIENTED_EDGE('',*,*,#3531,.T.);
#4585=ORIENTED_EDGE('',*,*,#3528,.F.);
#4586=ORIENTED_EDGE('',*,*,#3532,.T.);
#4587=ORIENTED_EDGE('',*,*,#3530,.F.);
#4588=ORIENTED_EDGE('',*,*,#3533,.T.);
#4589=ORIENTED_EDGE('',*,*,#3534,.T.);
#4590=ORIENTED_EDGE('',*,*,#3535,.T.);
#4591=ORIENTED_EDGE('',*,*,#3533,.F.);
#4592=ORIENTED_EDGE('',*,*,#3536,.T.);
#4593=ORIENTED_EDGE('',*,*,#3537,.T.);
#4594=ORIENTED_EDGE('',*,*,#3534,.F.);
#4595=ORIENTED_EDGE('',*,*,#3538,.T.);
#4596=ORIENTED_EDGE('',*,*,#3536,.F.);
#4597=ORIENTED_EDGE('',*,*,#3539,.T.);
#4598=ORIENTED_EDGE('',*,*,#3540,.T.);
#4599=ORIENTED_EDGE('',*,*,#3541,.T.);
#4600=ORIENTED_EDGE('',*,*,#3539,.F.);
#4601=ORIENTED_EDGE('',*,*,#3542,.T.);
#4602=ORIENTED_EDGE('',*,*,#3543,.T.);
#4603=ORIENTED_EDGE('',*,*,#3540,.F.);
#4604=ORIENTED_EDGE('',*,*,#3544,.T.);
#4605=ORIENTED_EDGE('',*,*,#3542,.F.);
#4606=ORIENTED_EDGE('',*,*,#3369,.T.);
#4607=ORIENTED_EDGE('',*,*,#3545,.F.);
#4608=ORIENTED_EDGE('',*,*,#3544,.F.);
#4609=ORIENTED_EDGE('',*,*,#3546,.T.);
#4610=ORIENTED_EDGE('',*,*,#3547,.T.);
#4611=ORIENTED_EDGE('',*,*,#3548,.F.);
#4612=ORIENTED_EDGE('',*,*,#3546,.F.);
#4613=ORIENTED_EDGE('',*,*,#3549,.T.);
#4614=ORIENTED_EDGE('',*,*,#3550,.F.);
#4615=ORIENTED_EDGE('',*,*,#3547,.F.);
#4616=ORIENTED_EDGE('',*,*,#3551,.F.);
#4617=ORIENTED_EDGE('',*,*,#3549,.F.);
#4618=ORIENTED_EDGE('',*,*,#3552,.T.);
#4619=ORIENTED_EDGE('',*,*,#3553,.T.);
#4620=ORIENTED_EDGE('',*,*,#3554,.F.);
#4621=ORIENTED_EDGE('',*,*,#3552,.F.);
#4622=ORIENTED_EDGE('',*,*,#3555,.T.);
#4623=ORIENTED_EDGE('',*,*,#3556,.F.);
#4624=ORIENTED_EDGE('',*,*,#3553,.F.);
#4625=ORIENTED_EDGE('',*,*,#3557,.F.);
#4626=ORIENTED_EDGE('',*,*,#3555,.F.);
#4627=ORIENTED_EDGE('',*,*,#3558,.T.);
#4628=ORIENTED_EDGE('',*,*,#3559,.T.);
#4629=ORIENTED_EDGE('',*,*,#3560,.F.);
#4630=ORIENTED_EDGE('',*,*,#3558,.F.);
#4631=ORIENTED_EDGE('',*,*,#3561,.T.);
#4632=ORIENTED_EDGE('',*,*,#3562,.F.);
#4633=ORIENTED_EDGE('',*,*,#3559,.F.);
#4634=ORIENTED_EDGE('',*,*,#3563,.F.);
#4635=ORIENTED_EDGE('',*,*,#3561,.F.);
#4636=ORIENTED_EDGE('',*,*,#3366,.T.);
#4637=ORIENTED_EDGE('',*,*,#3564,.T.);
#4638=ORIENTED_EDGE('',*,*,#3367,.T.);
#4639=ORIENTED_EDGE('',*,*,#3241,.F.);
#4640=ORIENTED_EDGE('',*,*,#3563,.T.);
#4641=ORIENTED_EDGE('',*,*,#3564,.F.);
#4642=ORIENTED_EDGE('',*,*,#3565,.F.);
#4643=ORIENTED_EDGE('',*,*,#3566,.F.);
#4644=ORIENTED_EDGE('',*,*,#3567,.T.);
#4645=ORIENTED_EDGE('',*,*,#3163,.T.);
#4646=ORIENTED_EDGE('',*,*,#3489,.F.);
#4647=ORIENTED_EDGE('',*,*,#3566,.T.);
#4648=ORIENTED_EDGE('',*,*,#3427,.F.);
#4649=ORIENTED_EDGE('',*,*,#3568,.T.);
#4650=ORIENTED_EDGE('',*,*,#3165,.F.);
#4651=ORIENTED_EDGE('',*,*,#3569,.T.);
#4652=ORIENTED_EDGE('',*,*,#3570,.T.);
#4653=ORIENTED_EDGE('',*,*,#3167,.F.);
#4654=ORIENTED_EDGE('',*,*,#3568,.F.);
#4655=ORIENTED_EDGE('',*,*,#3571,.T.);
#4656=ORIENTED_EDGE('',*,*,#3570,.F.);
#4657=ORIENTED_EDGE('',*,*,#3572,.T.);
#4658=ORIENTED_EDGE('',*,*,#3573,.T.);
#4659=ORIENTED_EDGE('',*,*,#3169,.F.);
#4660=ORIENTED_EDGE('',*,*,#3571,.F.);
#4661=ORIENTED_EDGE('',*,*,#3574,.T.);
#4662=ORIENTED_EDGE('',*,*,#3573,.F.);
#4663=ORIENTED_EDGE('',*,*,#3575,.T.);
#4664=ORIENTED_EDGE('',*,*,#3576,.T.);
#4665=ORIENTED_EDGE('',*,*,#3171,.F.);
#4666=ORIENTED_EDGE('',*,*,#3574,.F.);
#4667=ORIENTED_EDGE('',*,*,#3577,.T.);
#4668=ORIENTED_EDGE('',*,*,#3576,.F.);
#4669=ORIENTED_EDGE('',*,*,#3578,.T.);
#4670=ORIENTED_EDGE('',*,*,#3579,.T.);
#4671=ORIENTED_EDGE('',*,*,#3173,.F.);
#4672=ORIENTED_EDGE('',*,*,#3577,.F.);
#4673=ORIENTED_EDGE('',*,*,#3580,.T.);
#4674=ORIENTED_EDGE('',*,*,#3579,.F.);
#4675=ORIENTED_EDGE('',*,*,#3581,.T.);
#4676=ORIENTED_EDGE('',*,*,#3582,.F.);
#4677=ORIENTED_EDGE('',*,*,#3175,.T.);
#4678=ORIENTED_EDGE('',*,*,#3580,.F.);
#4679=ORIENTED_EDGE('',*,*,#3583,.T.);
#4680=ORIENTED_EDGE('',*,*,#3582,.T.);
#4681=ORIENTED_EDGE('',*,*,#3584,.F.);
#4682=ORIENTED_EDGE('',*,*,#3585,.F.);
#4683=ORIENTED_EDGE('',*,*,#3179,.T.);
#4684=ORIENTED_EDGE('',*,*,#3583,.F.);
#4685=ORIENTED_EDGE('',*,*,#3586,.T.);
#4686=ORIENTED_EDGE('',*,*,#3585,.T.);
#4687=ORIENTED_EDGE('',*,*,#3587,.F.);
#4688=ORIENTED_EDGE('',*,*,#3588,.F.);
#4689=ORIENTED_EDGE('',*,*,#3181,.T.);
#4690=ORIENTED_EDGE('',*,*,#3586,.F.);
#4691=ORIENTED_EDGE('',*,*,#3589,.T.);
#4692=ORIENTED_EDGE('',*,*,#3588,.T.);
#4693=ORIENTED_EDGE('',*,*,#3590,.F.);
#4694=ORIENTED_EDGE('',*,*,#3591,.F.);
#4695=ORIENTED_EDGE('',*,*,#3183,.T.);
#4696=ORIENTED_EDGE('',*,*,#3589,.F.);
#4697=ORIENTED_EDGE('',*,*,#3592,.T.);
#4698=ORIENTED_EDGE('',*,*,#3591,.T.);
#4699=ORIENTED_EDGE('',*,*,#3593,.F.);
#4700=ORIENTED_EDGE('',*,*,#3594,.F.);
#4701=ORIENTED_EDGE('',*,*,#3185,.T.);
#4702=ORIENTED_EDGE('',*,*,#3592,.F.);
#4703=ORIENTED_EDGE('',*,*,#3595,.T.);
#4704=ORIENTED_EDGE('',*,*,#3594,.T.);
#4705=ORIENTED_EDGE('',*,*,#3596,.F.);
#4706=ORIENTED_EDGE('',*,*,#3597,.F.);
#4707=ORIENTED_EDGE('',*,*,#3187,.T.);
#4708=ORIENTED_EDGE('',*,*,#3595,.F.);
#4709=ORIENTED_EDGE('',*,*,#3598,.T.);
#4710=ORIENTED_EDGE('',*,*,#3597,.T.);
#4711=ORIENTED_EDGE('',*,*,#3599,.F.);
#4712=ORIENTED_EDGE('',*,*,#3600,.F.);
#4713=ORIENTED_EDGE('',*,*,#3189,.T.);
#4714=ORIENTED_EDGE('',*,*,#3598,.F.);
#4715=ORIENTED_EDGE('',*,*,#3601,.T.);
#4716=ORIENTED_EDGE('',*,*,#3600,.T.);
#4717=ORIENTED_EDGE('',*,*,#3602,.F.);
#4718=ORIENTED_EDGE('',*,*,#3603,.F.);
#4719=ORIENTED_EDGE('',*,*,#3191,.T.);
#4720=ORIENTED_EDGE('',*,*,#3601,.F.);
#4721=ORIENTED_EDGE('',*,*,#3604,.T.);
#4722=ORIENTED_EDGE('',*,*,#3603,.T.);
#4723=ORIENTED_EDGE('',*,*,#3605,.F.);
#4724=ORIENTED_EDGE('',*,*,#3606,.F.);
#4725=ORIENTED_EDGE('',*,*,#3195,.T.);
#4726=ORIENTED_EDGE('',*,*,#3604,.F.);
#4727=ORIENTED_EDGE('',*,*,#3607,.T.);
#4728=ORIENTED_EDGE('',*,*,#3606,.T.);
#4729=ORIENTED_EDGE('',*,*,#3608,.F.);
#4730=ORIENTED_EDGE('',*,*,#3609,.F.);
#4731=ORIENTED_EDGE('',*,*,#3197,.T.);
#4732=ORIENTED_EDGE('',*,*,#3607,.F.);
#4733=ORIENTED_EDGE('',*,*,#3610,.T.);
#4734=ORIENTED_EDGE('',*,*,#3609,.T.);
#4735=ORIENTED_EDGE('',*,*,#3611,.F.);
#4736=ORIENTED_EDGE('',*,*,#3612,.F.);
#4737=ORIENTED_EDGE('',*,*,#3199,.T.);
#4738=ORIENTED_EDGE('',*,*,#3610,.F.);
#4739=ORIENTED_EDGE('',*,*,#3613,.T.);
#4740=ORIENTED_EDGE('',*,*,#3612,.T.);
#4741=ORIENTED_EDGE('',*,*,#3614,.F.);
#4742=ORIENTED_EDGE('',*,*,#3615,.F.);
#4743=ORIENTED_EDGE('',*,*,#3201,.T.);
#4744=ORIENTED_EDGE('',*,*,#3613,.F.);
#4745=ORIENTED_EDGE('',*,*,#3616,.T.);
#4746=ORIENTED_EDGE('',*,*,#3615,.T.);
#4747=ORIENTED_EDGE('',*,*,#3617,.F.);
#4748=ORIENTED_EDGE('',*,*,#3618,.F.);
#4749=ORIENTED_EDGE('',*,*,#3203,.T.);
#4750=ORIENTED_EDGE('',*,*,#3616,.F.);
#4751=ORIENTED_EDGE('',*,*,#3619,.T.);
#4752=ORIENTED_EDGE('',*,*,#3618,.T.);
#4753=ORIENTED_EDGE('',*,*,#3620,.F.);
#4754=ORIENTED_EDGE('',*,*,#3621,.F.);
#4755=ORIENTED_EDGE('',*,*,#3205,.T.);
#4756=ORIENTED_EDGE('',*,*,#3619,.F.);
#4757=ORIENTED_EDGE('',*,*,#3622,.T.);
#4758=ORIENTED_EDGE('',*,*,#3621,.T.);
#4759=ORIENTED_EDGE('',*,*,#3623,.F.);
#4760=ORIENTED_EDGE('',*,*,#3624,.F.);
#4761=ORIENTED_EDGE('',*,*,#3207,.T.);
#4762=ORIENTED_EDGE('',*,*,#3622,.F.);
#4763=ORIENTED_EDGE('',*,*,#3625,.T.);
#4764=ORIENTED_EDGE('',*,*,#3624,.T.);
#4765=ORIENTED_EDGE('',*,*,#3626,.F.);
#4766=ORIENTED_EDGE('',*,*,#3627,.F.);
#4767=ORIENTED_EDGE('',*,*,#3209,.T.);
#4768=ORIENTED_EDGE('',*,*,#3625,.F.);
#4769=ORIENTED_EDGE('',*,*,#3628,.T.);
#4770=ORIENTED_EDGE('',*,*,#3627,.T.);
#4771=ORIENTED_EDGE('',*,*,#3629,.F.);
#4772=ORIENTED_EDGE('',*,*,#3630,.F.);
#4773=ORIENTED_EDGE('',*,*,#3211,.T.);
#4774=ORIENTED_EDGE('',*,*,#3628,.F.);
#4775=ORIENTED_EDGE('',*,*,#3631,.T.);
#4776=ORIENTED_EDGE('',*,*,#3630,.T.);
#4777=ORIENTED_EDGE('',*,*,#3632,.F.);
#4778=ORIENTED_EDGE('',*,*,#3633,.F.);
#4779=ORIENTED_EDGE('',*,*,#3213,.T.);
#4780=ORIENTED_EDGE('',*,*,#3631,.F.);
#4781=ORIENTED_EDGE('',*,*,#3634,.T.);
#4782=ORIENTED_EDGE('',*,*,#3633,.T.);
#4783=ORIENTED_EDGE('',*,*,#3635,.F.);
#4784=ORIENTED_EDGE('',*,*,#3636,.F.);
#4785=ORIENTED_EDGE('',*,*,#3215,.T.);
#4786=ORIENTED_EDGE('',*,*,#3634,.F.);
#4787=ORIENTED_EDGE('',*,*,#3637,.T.);
#4788=ORIENTED_EDGE('',*,*,#3636,.T.);
#4789=ORIENTED_EDGE('',*,*,#3638,.F.);
#4790=ORIENTED_EDGE('',*,*,#3639,.F.);
#4791=ORIENTED_EDGE('',*,*,#3217,.T.);
#4792=ORIENTED_EDGE('',*,*,#3637,.F.);
#4793=ORIENTED_EDGE('',*,*,#3640,.T.);
#4794=ORIENTED_EDGE('',*,*,#3639,.T.);
#4795=ORIENTED_EDGE('',*,*,#3641,.F.);
#4796=ORIENTED_EDGE('',*,*,#3642,.F.);
#4797=ORIENTED_EDGE('',*,*,#3219,.T.);
#4798=ORIENTED_EDGE('',*,*,#3640,.F.);
#4799=ORIENTED_EDGE('',*,*,#3643,.T.);
#4800=ORIENTED_EDGE('',*,*,#3642,.T.);
#4801=ORIENTED_EDGE('',*,*,#3644,.F.);
#4802=ORIENTED_EDGE('',*,*,#3645,.T.);
#4803=ORIENTED_EDGE('',*,*,#3223,.F.);
#4804=ORIENTED_EDGE('',*,*,#3643,.F.);
#4805=ORIENTED_EDGE('',*,*,#3646,.T.);
#4806=ORIENTED_EDGE('',*,*,#3645,.F.);
#4807=ORIENTED_EDGE('',*,*,#3647,.T.);
#4808=ORIENTED_EDGE('',*,*,#3648,.T.);
#4809=ORIENTED_EDGE('',*,*,#3225,.F.);
#4810=ORIENTED_EDGE('',*,*,#3646,.F.);
#4811=ORIENTED_EDGE('',*,*,#3649,.T.);
#4812=ORIENTED_EDGE('',*,*,#3648,.F.);
#4813=ORIENTED_EDGE('',*,*,#3650,.T.);
#4814=ORIENTED_EDGE('',*,*,#3651,.T.);
#4815=ORIENTED_EDGE('',*,*,#3227,.F.);
#4816=ORIENTED_EDGE('',*,*,#3649,.F.);
#4817=ORIENTED_EDGE('',*,*,#3652,.T.);
#4818=ORIENTED_EDGE('',*,*,#3651,.F.);
#4819=ORIENTED_EDGE('',*,*,#3653,.T.);
#4820=ORIENTED_EDGE('',*,*,#3654,.T.);
#4821=ORIENTED_EDGE('',*,*,#3229,.F.);
#4822=ORIENTED_EDGE('',*,*,#3652,.F.);
#4823=ORIENTED_EDGE('',*,*,#3655,.T.);
#4824=ORIENTED_EDGE('',*,*,#3654,.F.);
#4825=ORIENTED_EDGE('',*,*,#3656,.T.);
#4826=ORIENTED_EDGE('',*,*,#3657,.T.);
#4827=ORIENTED_EDGE('',*,*,#3231,.F.);
#4828=ORIENTED_EDGE('',*,*,#3655,.F.);
#4829=ORIENTED_EDGE('',*,*,#3658,.T.);
#4830=ORIENTED_EDGE('',*,*,#3657,.F.);
#4831=ORIENTED_EDGE('',*,*,#3659,.T.);
#4832=ORIENTED_EDGE('',*,*,#3660,.T.);
#4833=ORIENTED_EDGE('',*,*,#3233,.F.);
#4834=ORIENTED_EDGE('',*,*,#3658,.F.);
#4835=ORIENTED_EDGE('',*,*,#3661,.T.);
#4836=ORIENTED_EDGE('',*,*,#3660,.F.);
#4837=ORIENTED_EDGE('',*,*,#3662,.T.);
#4838=ORIENTED_EDGE('',*,*,#3663,.T.);
#4839=ORIENTED_EDGE('',*,*,#3235,.F.);
#4840=ORIENTED_EDGE('',*,*,#3661,.F.);
#4841=ORIENTED_EDGE('',*,*,#3664,.T.);
#4842=ORIENTED_EDGE('',*,*,#3663,.F.);
#4843=ORIENTED_EDGE('',*,*,#3665,.T.);
#4844=ORIENTED_EDGE('',*,*,#3666,.T.);
#4845=ORIENTED_EDGE('',*,*,#3237,.F.);
#4846=ORIENTED_EDGE('',*,*,#3664,.F.);
#4847=ORIENTED_EDGE('',*,*,#3667,.T.);
#4848=ORIENTED_EDGE('',*,*,#3666,.F.);
#4849=ORIENTED_EDGE('',*,*,#3668,.T.);
#4850=ORIENTED_EDGE('',*,*,#3669,.T.);
#4851=ORIENTED_EDGE('',*,*,#3239,.F.);
#4852=ORIENTED_EDGE('',*,*,#3667,.F.);
#4853=ORIENTED_EDGE('',*,*,#3565,.T.);
#4854=ORIENTED_EDGE('',*,*,#3669,.F.);
#4855=ORIENTED_EDGE('',*,*,#3670,.T.);
#4856=ORIENTED_EDGE('',*,*,#3671,.F.);
#4857=ORIENTED_EDGE('',*,*,#3562,.T.);
#4858=ORIENTED_EDGE('',*,*,#3670,.F.);
#4859=ORIENTED_EDGE('',*,*,#3672,.F.);
#4860=ORIENTED_EDGE('',*,*,#3560,.T.);
#4861=ORIENTED_EDGE('',*,*,#3671,.T.);
#4862=ORIENTED_EDGE('',*,*,#3673,.F.);
#4863=ORIENTED_EDGE('',*,*,#3672,.T.);
#4864=ORIENTED_EDGE('',*,*,#3668,.F.);
#4865=ORIENTED_EDGE('',*,*,#3674,.F.);
#4866=ORIENTED_EDGE('',*,*,#3557,.T.);
#4867=ORIENTED_EDGE('',*,*,#3673,.T.);
#4868=ORIENTED_EDGE('',*,*,#3675,.F.);
#4869=ORIENTED_EDGE('',*,*,#3674,.T.);
#4870=ORIENTED_EDGE('',*,*,#3665,.F.);
#4871=ORIENTED_EDGE('',*,*,#3676,.F.);
#4872=ORIENTED_EDGE('',*,*,#3556,.T.);
#4873=ORIENTED_EDGE('',*,*,#3675,.T.);
#4874=ORIENTED_EDGE('',*,*,#3677,.F.);
#4875=ORIENTED_EDGE('',*,*,#3676,.T.);
#4876=ORIENTED_EDGE('',*,*,#3662,.F.);
#4877=ORIENTED_EDGE('',*,*,#3678,.F.);
#4878=ORIENTED_EDGE('',*,*,#3554,.T.);
#4879=ORIENTED_EDGE('',*,*,#3677,.T.);
#4880=ORIENTED_EDGE('',*,*,#3679,.F.);
#4881=ORIENTED_EDGE('',*,*,#3678,.T.);
#4882=ORIENTED_EDGE('',*,*,#3659,.F.);
#4883=ORIENTED_EDGE('',*,*,#3680,.F.);
#4884=ORIENTED_EDGE('',*,*,#3551,.T.);
#4885=ORIENTED_EDGE('',*,*,#3679,.T.);
#4886=ORIENTED_EDGE('',*,*,#3681,.F.);
#4887=ORIENTED_EDGE('',*,*,#3680,.T.);
#4888=ORIENTED_EDGE('',*,*,#3656,.F.);
#4889=ORIENTED_EDGE('',*,*,#3682,.F.);
#4890=ORIENTED_EDGE('',*,*,#3550,.T.);
#4891=ORIENTED_EDGE('',*,*,#3681,.T.);
#4892=ORIENTED_EDGE('',*,*,#3683,.F.);
#4893=ORIENTED_EDGE('',*,*,#3682,.T.);
#4894=ORIENTED_EDGE('',*,*,#3653,.F.);
#4895=ORIENTED_EDGE('',*,*,#3684,.F.);
#4896=ORIENTED_EDGE('',*,*,#3548,.T.);
#4897=ORIENTED_EDGE('',*,*,#3683,.T.);
#4898=ORIENTED_EDGE('',*,*,#3685,.F.);
#4899=ORIENTED_EDGE('',*,*,#3684,.T.);
#4900=ORIENTED_EDGE('',*,*,#3650,.F.);
#4901=ORIENTED_EDGE('',*,*,#3686,.F.);
#4902=ORIENTED_EDGE('',*,*,#3545,.T.);
#4903=ORIENTED_EDGE('',*,*,#3685,.T.);
#4904=ORIENTED_EDGE('',*,*,#3687,.F.);
#4905=ORIENTED_EDGE('',*,*,#3686,.T.);
#4906=ORIENTED_EDGE('',*,*,#3647,.F.);
#4907=ORIENTED_EDGE('',*,*,#3688,.T.);
#4908=ORIENTED_EDGE('',*,*,#3543,.F.);
#4909=ORIENTED_EDGE('',*,*,#3687,.T.);
#4910=ORIENTED_EDGE('',*,*,#3689,.F.);
#4911=ORIENTED_EDGE('',*,*,#3688,.F.);
#4912=ORIENTED_EDGE('',*,*,#3644,.T.);
#4913=ORIENTED_EDGE('',*,*,#3690,.T.);
#4914=ORIENTED_EDGE('',*,*,#3541,.F.);
#4915=ORIENTED_EDGE('',*,*,#3689,.T.);
#4916=ORIENTED_EDGE('',*,*,#3691,.F.);
#4917=ORIENTED_EDGE('',*,*,#3690,.F.);
#4918=ORIENTED_EDGE('',*,*,#3641,.T.);
#4919=ORIENTED_EDGE('',*,*,#3692,.T.);
#4920=ORIENTED_EDGE('',*,*,#3538,.F.);
#4921=ORIENTED_EDGE('',*,*,#3691,.T.);
#4922=ORIENTED_EDGE('',*,*,#3693,.F.);
#4923=ORIENTED_EDGE('',*,*,#3692,.F.);
#4924=ORIENTED_EDGE('',*,*,#3638,.T.);
#4925=ORIENTED_EDGE('',*,*,#3694,.T.);
#4926=ORIENTED_EDGE('',*,*,#3537,.F.);
#4927=ORIENTED_EDGE('',*,*,#3693,.T.);
#4928=ORIENTED_EDGE('',*,*,#3695,.F.);
#4929=ORIENTED_EDGE('',*,*,#3694,.F.);
#4930=ORIENTED_EDGE('',*,*,#3635,.T.);
#4931=ORIENTED_EDGE('',*,*,#3696,.T.);
#4932=ORIENTED_EDGE('',*,*,#3535,.F.);
#4933=ORIENTED_EDGE('',*,*,#3695,.T.);
#4934=ORIENTED_EDGE('',*,*,#3697,.F.);
#4935=ORIENTED_EDGE('',*,*,#3696,.F.);
#4936=ORIENTED_EDGE('',*,*,#3632,.T.);
#4937=ORIENTED_EDGE('',*,*,#3698,.T.);
#4938=ORIENTED_EDGE('',*,*,#3532,.F.);
#4939=ORIENTED_EDGE('',*,*,#3697,.T.);
#4940=ORIENTED_EDGE('',*,*,#3699,.F.);
#4941=ORIENTED_EDGE('',*,*,#3698,.F.);
#4942=ORIENTED_EDGE('',*,*,#3629,.T.);
#4943=ORIENTED_EDGE('',*,*,#3700,.T.);
#4944=ORIENTED_EDGE('',*,*,#3531,.F.);
#4945=ORIENTED_EDGE('',*,*,#3699,.T.);
#4946=ORIENTED_EDGE('',*,*,#3701,.F.);
#4947=ORIENTED_EDGE('',*,*,#3700,.F.);
#4948=ORIENTED_EDGE('',*,*,#3626,.T.);
#4949=ORIENTED_EDGE('',*,*,#3702,.T.);
#4950=ORIENTED_EDGE('',*,*,#3529,.F.);
#4951=ORIENTED_EDGE('',*,*,#3701,.T.);
#4952=ORIENTED_EDGE('',*,*,#3703,.F.);
#4953=ORIENTED_EDGE('',*,*,#3702,.F.);
#4954=ORIENTED_EDGE('',*,*,#3623,.T.);
#4955=ORIENTED_EDGE('',*,*,#3704,.T.);
#4956=ORIENTED_EDGE('',*,*,#3526,.F.);
#4957=ORIENTED_EDGE('',*,*,#3703,.T.);
#4958=ORIENTED_EDGE('',*,*,#3705,.F.);
#4959=ORIENTED_EDGE('',*,*,#3704,.F.);
#4960=ORIENTED_EDGE('',*,*,#3620,.T.);
#4961=ORIENTED_EDGE('',*,*,#3706,.T.);
#4962=ORIENTED_EDGE('',*,*,#3525,.F.);
#4963=ORIENTED_EDGE('',*,*,#3705,.T.);
#4964=ORIENTED_EDGE('',*,*,#3707,.F.);
#4965=ORIENTED_EDGE('',*,*,#3706,.F.);
#4966=ORIENTED_EDGE('',*,*,#3617,.T.);
#4967=ORIENTED_EDGE('',*,*,#3708,.T.);
#4968=ORIENTED_EDGE('',*,*,#3523,.F.);
#4969=ORIENTED_EDGE('',*,*,#3707,.T.);
#4970=ORIENTED_EDGE('',*,*,#3709,.F.);
#4971=ORIENTED_EDGE('',*,*,#3708,.F.);
#4972=ORIENTED_EDGE('',*,*,#3614,.T.);
#4973=ORIENTED_EDGE('',*,*,#3710,.T.);
#4974=ORIENTED_EDGE('',*,*,#3520,.F.);
#4975=ORIENTED_EDGE('',*,*,#3709,.T.);
#4976=ORIENTED_EDGE('',*,*,#3711,.F.);
#4977=ORIENTED_EDGE('',*,*,#3710,.F.);
#4978=ORIENTED_EDGE('',*,*,#3611,.T.);
#4979=ORIENTED_EDGE('',*,*,#3712,.T.);
#4980=ORIENTED_EDGE('',*,*,#3519,.F.);
#4981=ORIENTED_EDGE('',*,*,#3711,.T.);
#4982=ORIENTED_EDGE('',*,*,#3713,.F.);
#4983=ORIENTED_EDGE('',*,*,#3712,.F.);
#4984=ORIENTED_EDGE('',*,*,#3608,.T.);
#4985=ORIENTED_EDGE('',*,*,#3714,.T.);
#4986=ORIENTED_EDGE('',*,*,#3516,.F.);
#4987=ORIENTED_EDGE('',*,*,#3713,.T.);
#4988=ORIENTED_EDGE('',*,*,#3715,.F.);
#4989=ORIENTED_EDGE('',*,*,#3714,.F.);
#4990=ORIENTED_EDGE('',*,*,#3605,.T.);
#4991=ORIENTED_EDGE('',*,*,#3716,.T.);
#4992=ORIENTED_EDGE('',*,*,#3514,.F.);
#4993=ORIENTED_EDGE('',*,*,#3715,.T.);
#4994=ORIENTED_EDGE('',*,*,#3717,.F.);
#4995=ORIENTED_EDGE('',*,*,#3716,.F.);
#4996=ORIENTED_EDGE('',*,*,#3602,.T.);
#4997=ORIENTED_EDGE('',*,*,#3718,.T.);
#4998=ORIENTED_EDGE('',*,*,#3511,.F.);
#4999=ORIENTED_EDGE('',*,*,#3717,.T.);
#5000=ORIENTED_EDGE('',*,*,#3719,.F.);
#5001=ORIENTED_EDGE('',*,*,#3718,.F.);
#5002=ORIENTED_EDGE('',*,*,#3599,.T.);
#5003=ORIENTED_EDGE('',*,*,#3720,.T.);
#5004=ORIENTED_EDGE('',*,*,#3510,.F.);
#5005=ORIENTED_EDGE('',*,*,#3719,.T.);
#5006=ORIENTED_EDGE('',*,*,#3721,.F.);
#5007=ORIENTED_EDGE('',*,*,#3720,.F.);
#5008=ORIENTED_EDGE('',*,*,#3596,.T.);
#5009=ORIENTED_EDGE('',*,*,#3722,.T.);
#5010=ORIENTED_EDGE('',*,*,#3508,.F.);
#5011=ORIENTED_EDGE('',*,*,#3721,.T.);
#5012=ORIENTED_EDGE('',*,*,#3723,.F.);
#5013=ORIENTED_EDGE('',*,*,#3722,.F.);
#5014=ORIENTED_EDGE('',*,*,#3593,.T.);
#5015=ORIENTED_EDGE('',*,*,#3724,.T.);
#5016=ORIENTED_EDGE('',*,*,#3505,.F.);
#5017=ORIENTED_EDGE('',*,*,#3723,.T.);
#5018=ORIENTED_EDGE('',*,*,#3725,.F.);
#5019=ORIENTED_EDGE('',*,*,#3724,.F.);
#5020=ORIENTED_EDGE('',*,*,#3590,.T.);
#5021=ORIENTED_EDGE('',*,*,#3726,.T.);
#5022=ORIENTED_EDGE('',*,*,#3504,.F.);
#5023=ORIENTED_EDGE('',*,*,#3725,.T.);
#5024=ORIENTED_EDGE('',*,*,#3727,.F.);
#5025=ORIENTED_EDGE('',*,*,#3726,.F.);
#5026=ORIENTED_EDGE('',*,*,#3587,.T.);
#5027=ORIENTED_EDGE('',*,*,#3728,.T.);
#5028=ORIENTED_EDGE('',*,*,#3501,.F.);
#5029=ORIENTED_EDGE('',*,*,#3727,.T.);
#5030=ORIENTED_EDGE('',*,*,#3729,.F.);
#5031=ORIENTED_EDGE('',*,*,#3728,.F.);
#5032=ORIENTED_EDGE('',*,*,#3584,.T.);
#5033=ORIENTED_EDGE('',*,*,#3730,.F.);
#5034=ORIENTED_EDGE('',*,*,#3499,.T.);
#5035=ORIENTED_EDGE('',*,*,#3729,.T.);
#5036=ORIENTED_EDGE('',*,*,#3731,.F.);
#5037=ORIENTED_EDGE('',*,*,#3730,.T.);
#5038=ORIENTED_EDGE('',*,*,#3581,.F.);
#5039=ORIENTED_EDGE('',*,*,#3732,.F.);
#5040=ORIENTED_EDGE('',*,*,#3496,.T.);
#5041=ORIENTED_EDGE('',*,*,#3731,.T.);
#5042=ORIENTED_EDGE('',*,*,#3733,.F.);
#5043=ORIENTED_EDGE('',*,*,#3732,.T.);
#5044=ORIENTED_EDGE('',*,*,#3578,.F.);
#5045=ORIENTED_EDGE('',*,*,#3734,.F.);
#5046=ORIENTED_EDGE('',*,*,#3495,.T.);
#5047=ORIENTED_EDGE('',*,*,#3733,.T.);
#5048=ORIENTED_EDGE('',*,*,#3735,.F.);
#5049=ORIENTED_EDGE('',*,*,#3734,.T.);
#5050=ORIENTED_EDGE('',*,*,#3575,.F.);
#5051=ORIENTED_EDGE('',*,*,#3736,.F.);
#5052=ORIENTED_EDGE('',*,*,#3493,.T.);
#5053=ORIENTED_EDGE('',*,*,#3735,.T.);
#5054=ORIENTED_EDGE('',*,*,#3737,.F.);
#5055=ORIENTED_EDGE('',*,*,#3736,.T.);
#5056=ORIENTED_EDGE('',*,*,#3572,.F.);
#5057=ORIENTED_EDGE('',*,*,#3738,.F.);
#5058=ORIENTED_EDGE('',*,*,#3490,.T.);
#5059=ORIENTED_EDGE('',*,*,#3737,.T.);
#5060=ORIENTED_EDGE('',*,*,#3567,.F.);
#5061=ORIENTED_EDGE('',*,*,#3738,.T.);
#5062=ORIENTED_EDGE('',*,*,#3569,.F.);
#5063=ORIENTED_EDGE('',*,*,#3739,.F.);
#5064=ORIENTED_EDGE('',*,*,#3740,.T.);
#5065=ORIENTED_EDGE('',*,*,#3741,.T.);
#5066=ORIENTED_EDGE('',*,*,#3742,.F.);
#5067=ORIENTED_EDGE('',*,*,#3739,.T.);
#5068=ORIENTED_EDGE('',*,*,#3483,.F.);
#5069=ORIENTED_EDGE('',*,*,#3743,.F.);
#5070=ORIENTED_EDGE('',*,*,#3744,.T.);
#5071=ORIENTED_EDGE('',*,*,#3742,.T.);
#5072=ORIENTED_EDGE('',*,*,#3745,.F.);
#5073=ORIENTED_EDGE('',*,*,#3743,.T.);
#5074=ORIENTED_EDGE('',*,*,#3481,.F.);
#5075=ORIENTED_EDGE('',*,*,#3746,.F.);
#5076=ORIENTED_EDGE('',*,*,#3747,.T.);
#5077=ORIENTED_EDGE('',*,*,#3745,.T.);
#5078=ORIENTED_EDGE('',*,*,#3748,.F.);
#5079=ORIENTED_EDGE('',*,*,#3746,.T.);
#5080=ORIENTED_EDGE('',*,*,#3479,.F.);
#5081=ORIENTED_EDGE('',*,*,#3749,.F.);
#5082=ORIENTED_EDGE('',*,*,#3750,.T.);
#5083=ORIENTED_EDGE('',*,*,#3748,.T.);
#5084=ORIENTED_EDGE('',*,*,#3751,.F.);
#5085=ORIENTED_EDGE('',*,*,#3749,.T.);
#5086=ORIENTED_EDGE('',*,*,#3477,.F.);
#5087=ORIENTED_EDGE('',*,*,#3752,.F.);
#5088=ORIENTED_EDGE('',*,*,#3753,.T.);
#5089=ORIENTED_EDGE('',*,*,#3751,.T.);
#5090=ORIENTED_EDGE('',*,*,#3754,.F.);
#5091=ORIENTED_EDGE('',*,*,#3752,.T.);
#5092=ORIENTED_EDGE('',*,*,#3475,.F.);
#5093=ORIENTED_EDGE('',*,*,#3755,.F.);
#5094=ORIENTED_EDGE('',*,*,#3756,.T.);
#5095=ORIENTED_EDGE('',*,*,#3754,.T.);
#5096=ORIENTED_EDGE('',*,*,#3757,.F.);
#5097=ORIENTED_EDGE('',*,*,#3755,.T.);
#5098=ORIENTED_EDGE('',*,*,#3473,.F.);
#5099=ORIENTED_EDGE('',*,*,#3758,.F.);
#5100=ORIENTED_EDGE('',*,*,#3759,.T.);
#5101=ORIENTED_EDGE('',*,*,#3757,.T.);
#5102=ORIENTED_EDGE('',*,*,#3760,.F.);
#5103=ORIENTED_EDGE('',*,*,#3758,.T.);
#5104=ORIENTED_EDGE('',*,*,#3471,.F.);
#5105=ORIENTED_EDGE('',*,*,#3761,.F.);
#5106=ORIENTED_EDGE('',*,*,#3762,.T.);
#5107=ORIENTED_EDGE('',*,*,#3760,.T.);
#5108=ORIENTED_EDGE('',*,*,#3763,.F.);
#5109=ORIENTED_EDGE('',*,*,#3761,.T.);
#5110=ORIENTED_EDGE('',*,*,#3469,.F.);
#5111=ORIENTED_EDGE('',*,*,#3764,.F.);
#5112=ORIENTED_EDGE('',*,*,#3765,.T.);
#5113=ORIENTED_EDGE('',*,*,#3763,.T.);
#5114=ORIENTED_EDGE('',*,*,#3766,.F.);
#5115=ORIENTED_EDGE('',*,*,#3764,.T.);
#5116=ORIENTED_EDGE('',*,*,#3467,.F.);
#5117=ORIENTED_EDGE('',*,*,#3767,.F.);
#5118=ORIENTED_EDGE('',*,*,#3768,.T.);
#5119=ORIENTED_EDGE('',*,*,#3766,.T.);
#5120=ORIENTED_EDGE('',*,*,#3769,.F.);
#5121=ORIENTED_EDGE('',*,*,#3767,.T.);
#5122=ORIENTED_EDGE('',*,*,#3465,.F.);
#5123=ORIENTED_EDGE('',*,*,#3770,.F.);
#5124=ORIENTED_EDGE('',*,*,#3771,.T.);
#5125=ORIENTED_EDGE('',*,*,#3769,.T.);
#5126=ORIENTED_EDGE('',*,*,#3772,.F.);
#5127=ORIENTED_EDGE('',*,*,#3770,.T.);
#5128=ORIENTED_EDGE('',*,*,#3463,.F.);
#5129=ORIENTED_EDGE('',*,*,#3773,.F.);
#5130=ORIENTED_EDGE('',*,*,#3774,.T.);
#5131=ORIENTED_EDGE('',*,*,#3772,.T.);
#5132=ORIENTED_EDGE('',*,*,#3775,.F.);
#5133=ORIENTED_EDGE('',*,*,#3773,.T.);
#5134=ORIENTED_EDGE('',*,*,#3461,.F.);
#5135=ORIENTED_EDGE('',*,*,#3776,.F.);
#5136=ORIENTED_EDGE('',*,*,#3777,.T.);
#5137=ORIENTED_EDGE('',*,*,#3775,.T.);
#5138=ORIENTED_EDGE('',*,*,#3778,.F.);
#5139=ORIENTED_EDGE('',*,*,#3776,.T.);
#5140=ORIENTED_EDGE('',*,*,#3459,.F.);
#5141=ORIENTED_EDGE('',*,*,#3779,.F.);
#5142=ORIENTED_EDGE('',*,*,#3780,.T.);
#5143=ORIENTED_EDGE('',*,*,#3778,.T.);
#5144=ORIENTED_EDGE('',*,*,#3781,.F.);
#5145=ORIENTED_EDGE('',*,*,#3779,.T.);
#5146=ORIENTED_EDGE('',*,*,#3457,.F.);
#5147=ORIENTED_EDGE('',*,*,#3782,.F.);
#5148=ORIENTED_EDGE('',*,*,#3783,.T.);
#5149=ORIENTED_EDGE('',*,*,#3781,.T.);
#5150=ORIENTED_EDGE('',*,*,#3784,.F.);
#5151=ORIENTED_EDGE('',*,*,#3782,.T.);
#5152=ORIENTED_EDGE('',*,*,#3455,.F.);
#5153=ORIENTED_EDGE('',*,*,#3785,.F.);
#5154=ORIENTED_EDGE('',*,*,#3786,.T.);
#5155=ORIENTED_EDGE('',*,*,#3784,.T.);
#5156=ORIENTED_EDGE('',*,*,#3787,.F.);
#5157=ORIENTED_EDGE('',*,*,#3785,.T.);
#5158=ORIENTED_EDGE('',*,*,#3451,.F.);
#5159=ORIENTED_EDGE('',*,*,#3788,.F.);
#5160=ORIENTED_EDGE('',*,*,#3789,.T.);
#5161=ORIENTED_EDGE('',*,*,#3787,.T.);
#5162=ORIENTED_EDGE('',*,*,#3790,.F.);
#5163=ORIENTED_EDGE('',*,*,#3788,.T.);
#5164=ORIENTED_EDGE('',*,*,#3449,.F.);
#5165=ORIENTED_EDGE('',*,*,#3791,.F.);
#5166=ORIENTED_EDGE('',*,*,#3792,.T.);
#5167=ORIENTED_EDGE('',*,*,#3790,.T.);
#5168=ORIENTED_EDGE('',*,*,#3793,.F.);
#5169=ORIENTED_EDGE('',*,*,#3791,.T.);
#5170=ORIENTED_EDGE('',*,*,#3447,.F.);
#5171=ORIENTED_EDGE('',*,*,#3794,.F.);
#5172=ORIENTED_EDGE('',*,*,#3795,.T.);
#5173=ORIENTED_EDGE('',*,*,#3793,.T.);
#5174=ORIENTED_EDGE('',*,*,#3796,.F.);
#5175=ORIENTED_EDGE('',*,*,#3794,.T.);
#5176=ORIENTED_EDGE('',*,*,#3445,.F.);
#5177=ORIENTED_EDGE('',*,*,#3797,.F.);
#5178=ORIENTED_EDGE('',*,*,#3798,.T.);
#5179=ORIENTED_EDGE('',*,*,#3796,.T.);
#5180=ORIENTED_EDGE('',*,*,#3799,.F.);
#5181=ORIENTED_EDGE('',*,*,#3797,.T.);
#5182=ORIENTED_EDGE('',*,*,#3443,.F.);
#5183=ORIENTED_EDGE('',*,*,#3800,.F.);
#5184=ORIENTED_EDGE('',*,*,#3801,.T.);
#5185=ORIENTED_EDGE('',*,*,#3799,.T.);
#5186=ORIENTED_EDGE('',*,*,#3802,.F.);
#5187=ORIENTED_EDGE('',*,*,#3800,.T.);
#5188=ORIENTED_EDGE('',*,*,#3441,.F.);
#5189=ORIENTED_EDGE('',*,*,#3803,.F.);
#5190=ORIENTED_EDGE('',*,*,#3804,.T.);
#5191=ORIENTED_EDGE('',*,*,#3802,.T.);
#5192=ORIENTED_EDGE('',*,*,#3805,.F.);
#5193=ORIENTED_EDGE('',*,*,#3803,.T.);
#5194=ORIENTED_EDGE('',*,*,#3439,.F.);
#5195=ORIENTED_EDGE('',*,*,#3806,.F.);
#5196=ORIENTED_EDGE('',*,*,#3807,.T.);
#5197=ORIENTED_EDGE('',*,*,#3805,.T.);
#5198=ORIENTED_EDGE('',*,*,#3808,.F.);
#5199=ORIENTED_EDGE('',*,*,#3806,.T.);
#5200=ORIENTED_EDGE('',*,*,#3437,.F.);
#5201=ORIENTED_EDGE('',*,*,#3809,.F.);
#5202=ORIENTED_EDGE('',*,*,#3810,.T.);
#5203=ORIENTED_EDGE('',*,*,#3808,.T.);
#5204=ORIENTED_EDGE('',*,*,#3811,.F.);
#5205=ORIENTED_EDGE('',*,*,#3809,.T.);
#5206=ORIENTED_EDGE('',*,*,#3435,.F.);
#5207=ORIENTED_EDGE('',*,*,#3812,.F.);
#5208=ORIENTED_EDGE('',*,*,#3813,.T.);
#5209=ORIENTED_EDGE('',*,*,#3811,.T.);
#5210=ORIENTED_EDGE('',*,*,#3814,.F.);
#5211=ORIENTED_EDGE('',*,*,#3812,.T.);
#5212=ORIENTED_EDGE('',*,*,#3433,.F.);
#5213=ORIENTED_EDGE('',*,*,#3815,.F.);
#5214=ORIENTED_EDGE('',*,*,#3816,.T.);
#5215=ORIENTED_EDGE('',*,*,#3814,.T.);
#5216=ORIENTED_EDGE('',*,*,#3817,.F.);
#5217=ORIENTED_EDGE('',*,*,#3815,.T.);
#5218=ORIENTED_EDGE('',*,*,#3431,.F.);
#5219=ORIENTED_EDGE('',*,*,#3818,.F.);
#5220=ORIENTED_EDGE('',*,*,#3819,.T.);
#5221=ORIENTED_EDGE('',*,*,#3817,.T.);
#5222=ORIENTED_EDGE('',*,*,#3820,.F.);
#5223=ORIENTED_EDGE('',*,*,#3818,.T.);
#5224=ORIENTED_EDGE('',*,*,#3429,.F.);
#5225=ORIENTED_EDGE('',*,*,#3821,.T.);
#5226=ORIENTED_EDGE('',*,*,#3822,.F.);
#5227=ORIENTED_EDGE('',*,*,#3820,.T.);
#5228=ORIENTED_EDGE('',*,*,#3823,.F.);
#5229=ORIENTED_EDGE('',*,*,#3821,.F.);
#5230=ORIENTED_EDGE('',*,*,#3425,.T.);
#5231=ORIENTED_EDGE('',*,*,#3824,.T.);
#5232=ORIENTED_EDGE('',*,*,#3825,.F.);
#5233=ORIENTED_EDGE('',*,*,#3823,.T.);
#5234=ORIENTED_EDGE('',*,*,#3826,.F.);
#5235=ORIENTED_EDGE('',*,*,#3824,.F.);
#5236=ORIENTED_EDGE('',*,*,#3423,.T.);
#5237=ORIENTED_EDGE('',*,*,#3827,.T.);
#5238=ORIENTED_EDGE('',*,*,#3828,.F.);
#5239=ORIENTED_EDGE('',*,*,#3826,.T.);
#5240=ORIENTED_EDGE('',*,*,#3829,.F.);
#5241=ORIENTED_EDGE('',*,*,#3827,.F.);
#5242=ORIENTED_EDGE('',*,*,#3421,.T.);
#5243=ORIENTED_EDGE('',*,*,#3830,.T.);
#5244=ORIENTED_EDGE('',*,*,#3831,.F.);
#5245=ORIENTED_EDGE('',*,*,#3829,.T.);
#5246=ORIENTED_EDGE('',*,*,#3832,.F.);
#5247=ORIENTED_EDGE('',*,*,#3830,.F.);
#5248=ORIENTED_EDGE('',*,*,#3419,.T.);
#5249=ORIENTED_EDGE('',*,*,#3833,.T.);
#5250=ORIENTED_EDGE('',*,*,#3834,.F.);
#5251=ORIENTED_EDGE('',*,*,#3832,.T.);
#5252=ORIENTED_EDGE('',*,*,#3835,.F.);
#5253=ORIENTED_EDGE('',*,*,#3833,.F.);
#5254=ORIENTED_EDGE('',*,*,#3417,.T.);
#5255=ORIENTED_EDGE('',*,*,#3836,.T.);
#5256=ORIENTED_EDGE('',*,*,#3837,.F.);
#5257=ORIENTED_EDGE('',*,*,#3835,.T.);
#5258=ORIENTED_EDGE('',*,*,#3838,.F.);
#5259=ORIENTED_EDGE('',*,*,#3836,.F.);
#5260=ORIENTED_EDGE('',*,*,#3415,.T.);
#5261=ORIENTED_EDGE('',*,*,#3839,.T.);
#5262=ORIENTED_EDGE('',*,*,#3840,.F.);
#5263=ORIENTED_EDGE('',*,*,#3838,.T.);
#5264=ORIENTED_EDGE('',*,*,#3841,.F.);
#5265=ORIENTED_EDGE('',*,*,#3839,.F.);
#5266=ORIENTED_EDGE('',*,*,#3413,.T.);
#5267=ORIENTED_EDGE('',*,*,#3842,.T.);
#5268=ORIENTED_EDGE('',*,*,#3843,.F.);
#5269=ORIENTED_EDGE('',*,*,#3841,.T.);
#5270=ORIENTED_EDGE('',*,*,#3844,.F.);
#5271=ORIENTED_EDGE('',*,*,#3842,.F.);
#5272=ORIENTED_EDGE('',*,*,#3411,.T.);
#5273=ORIENTED_EDGE('',*,*,#3845,.T.);
#5274=ORIENTED_EDGE('',*,*,#3846,.F.);
#5275=ORIENTED_EDGE('',*,*,#3844,.T.);
#5276=ORIENTED_EDGE('',*,*,#3847,.F.);
#5277=ORIENTED_EDGE('',*,*,#3845,.F.);
#5278=ORIENTED_EDGE('',*,*,#3409,.T.);
#5279=ORIENTED_EDGE('',*,*,#3848,.T.);
#5280=ORIENTED_EDGE('',*,*,#3849,.F.);
#5281=ORIENTED_EDGE('',*,*,#3847,.T.);
#5282=ORIENTED_EDGE('',*,*,#3850,.F.);
#5283=ORIENTED_EDGE('',*,*,#3848,.F.);
#5284=ORIENTED_EDGE('',*,*,#3407,.T.);
#5285=ORIENTED_EDGE('',*,*,#3851,.T.);
#5286=ORIENTED_EDGE('',*,*,#3852,.F.);
#5287=ORIENTED_EDGE('',*,*,#3850,.T.);
#5288=ORIENTED_EDGE('',*,*,#3853,.F.);
#5289=ORIENTED_EDGE('',*,*,#3851,.F.);
#5290=ORIENTED_EDGE('',*,*,#3405,.T.);
#5291=ORIENTED_EDGE('',*,*,#3854,.T.);
#5292=ORIENTED_EDGE('',*,*,#3855,.F.);
#5293=ORIENTED_EDGE('',*,*,#3853,.T.);
#5294=ORIENTED_EDGE('',*,*,#3856,.F.);
#5295=ORIENTED_EDGE('',*,*,#3854,.F.);
#5296=ORIENTED_EDGE('',*,*,#3403,.T.);
#5297=ORIENTED_EDGE('',*,*,#3857,.T.);
#5298=ORIENTED_EDGE('',*,*,#3858,.F.);
#5299=ORIENTED_EDGE('',*,*,#3856,.T.);
#5300=ORIENTED_EDGE('',*,*,#3859,.F.);
#5301=ORIENTED_EDGE('',*,*,#3857,.F.);
#5302=ORIENTED_EDGE('',*,*,#3400,.T.);
#5303=ORIENTED_EDGE('',*,*,#3860,.T.);
#5304=ORIENTED_EDGE('',*,*,#3861,.F.);
#5305=ORIENTED_EDGE('',*,*,#3859,.T.);
#5306=ORIENTED_EDGE('',*,*,#3862,.F.);
#5307=ORIENTED_EDGE('',*,*,#3860,.F.);
#5308=ORIENTED_EDGE('',*,*,#3398,.T.);
#5309=ORIENTED_EDGE('',*,*,#3863,.T.);
#5310=ORIENTED_EDGE('',*,*,#3864,.F.);
#5311=ORIENTED_EDGE('',*,*,#3862,.T.);
#5312=ORIENTED_EDGE('',*,*,#3865,.F.);
#5313=ORIENTED_EDGE('',*,*,#3863,.F.);
#5314=ORIENTED_EDGE('',*,*,#3396,.T.);
#5315=ORIENTED_EDGE('',*,*,#3866,.T.);
#5316=ORIENTED_EDGE('',*,*,#3867,.F.);
#5317=ORIENTED_EDGE('',*,*,#3865,.T.);
#5318=ORIENTED_EDGE('',*,*,#3868,.F.);
#5319=ORIENTED_EDGE('',*,*,#3866,.F.);
#5320=ORIENTED_EDGE('',*,*,#3394,.T.);
#5321=ORIENTED_EDGE('',*,*,#3869,.T.);
#5322=ORIENTED_EDGE('',*,*,#3870,.F.);
#5323=ORIENTED_EDGE('',*,*,#3868,.T.);
#5324=ORIENTED_EDGE('',*,*,#3871,.F.);
#5325=ORIENTED_EDGE('',*,*,#3869,.F.);
#5326=ORIENTED_EDGE('',*,*,#3392,.T.);
#5327=ORIENTED_EDGE('',*,*,#3872,.T.);
#5328=ORIENTED_EDGE('',*,*,#3873,.F.);
#5329=ORIENTED_EDGE('',*,*,#3871,.T.);
#5330=ORIENTED_EDGE('',*,*,#3874,.F.);
#5331=ORIENTED_EDGE('',*,*,#3872,.F.);
#5332=ORIENTED_EDGE('',*,*,#3390,.T.);
#5333=ORIENTED_EDGE('',*,*,#3875,.T.);
#5334=ORIENTED_EDGE('',*,*,#3876,.F.);
#5335=ORIENTED_EDGE('',*,*,#3874,.T.);
#5336=ORIENTED_EDGE('',*,*,#3877,.F.);
#5337=ORIENTED_EDGE('',*,*,#3875,.F.);
#5338=ORIENTED_EDGE('',*,*,#3388,.T.);
#5339=ORIENTED_EDGE('',*,*,#3878,.T.);
#5340=ORIENTED_EDGE('',*,*,#3879,.F.);
#5341=ORIENTED_EDGE('',*,*,#3877,.T.);
#5342=ORIENTED_EDGE('',*,*,#3880,.F.);
#5343=ORIENTED_EDGE('',*,*,#3878,.F.);
#5344=ORIENTED_EDGE('',*,*,#3386,.T.);
#5345=ORIENTED_EDGE('',*,*,#3881,.T.);
#5346=ORIENTED_EDGE('',*,*,#3882,.F.);
#5347=ORIENTED_EDGE('',*,*,#3880,.T.);
#5348=ORIENTED_EDGE('',*,*,#3883,.F.);
#5349=ORIENTED_EDGE('',*,*,#3881,.F.);
#5350=ORIENTED_EDGE('',*,*,#3384,.T.);
#5351=ORIENTED_EDGE('',*,*,#3884,.T.);
#5352=ORIENTED_EDGE('',*,*,#3885,.F.);
#5353=ORIENTED_EDGE('',*,*,#3883,.T.);
#5354=ORIENTED_EDGE('',*,*,#3886,.F.);
#5355=ORIENTED_EDGE('',*,*,#3884,.F.);
#5356=ORIENTED_EDGE('',*,*,#3382,.T.);
#5357=ORIENTED_EDGE('',*,*,#3887,.T.);
#5358=ORIENTED_EDGE('',*,*,#3888,.F.);
#5359=ORIENTED_EDGE('',*,*,#3886,.T.);
#5360=ORIENTED_EDGE('',*,*,#3889,.F.);
#5361=ORIENTED_EDGE('',*,*,#3887,.F.);
#5362=ORIENTED_EDGE('',*,*,#3380,.T.);
#5363=ORIENTED_EDGE('',*,*,#3890,.T.);
#5364=ORIENTED_EDGE('',*,*,#3891,.F.);
#5365=ORIENTED_EDGE('',*,*,#3889,.T.);
#5366=ORIENTED_EDGE('',*,*,#3892,.F.);
#5367=ORIENTED_EDGE('',*,*,#3890,.F.);
#5368=ORIENTED_EDGE('',*,*,#3378,.T.);
#5369=ORIENTED_EDGE('',*,*,#3893,.T.);
#5370=ORIENTED_EDGE('',*,*,#3894,.F.);
#5371=ORIENTED_EDGE('',*,*,#3892,.T.);
#5372=ORIENTED_EDGE('',*,*,#3895,.F.);
#5373=ORIENTED_EDGE('',*,*,#3893,.F.);
#5374=ORIENTED_EDGE('',*,*,#3376,.T.);
#5375=ORIENTED_EDGE('',*,*,#3896,.T.);
#5376=ORIENTED_EDGE('',*,*,#3897,.F.);
#5377=ORIENTED_EDGE('',*,*,#3895,.T.);
#5378=ORIENTED_EDGE('',*,*,#3898,.F.);
#5379=ORIENTED_EDGE('',*,*,#3896,.F.);
#5380=ORIENTED_EDGE('',*,*,#3374,.T.);
#5381=ORIENTED_EDGE('',*,*,#3899,.T.);
#5382=ORIENTED_EDGE('',*,*,#3900,.F.);
#5383=ORIENTED_EDGE('',*,*,#3898,.T.);
#5384=ORIENTED_EDGE('',*,*,#3901,.F.);
#5385=ORIENTED_EDGE('',*,*,#3899,.F.);
#5386=ORIENTED_EDGE('',*,*,#3372,.T.);
#5387=ORIENTED_EDGE('',*,*,#3902,.T.);
#5388=ORIENTED_EDGE('',*,*,#3903,.F.);
#5389=ORIENTED_EDGE('',*,*,#3901,.T.);
#5390=ORIENTED_EDGE('',*,*,#3904,.F.);
#5391=ORIENTED_EDGE('',*,*,#3902,.F.);
#5392=ORIENTED_EDGE('',*,*,#3487,.T.);
#5393=ORIENTED_EDGE('',*,*,#3905,.F.);
#5394=ORIENTED_EDGE('',*,*,#3906,.T.);
#5395=ORIENTED_EDGE('',*,*,#3904,.T.);
#5396=ORIENTED_EDGE('',*,*,#3741,.F.);
#5397=ORIENTED_EDGE('',*,*,#3905,.T.);
#5398=ORIENTED_EDGE('',*,*,#3485,.F.);
#5399=ORIENTED_EDGE('',*,*,#3907,.F.);
#5400=ORIENTED_EDGE('',*,*,#3900,.T.);
#5401=ORIENTED_EDGE('',*,*,#3908,.F.);
#5402=ORIENTED_EDGE('',*,*,#3909,.T.);
#5403=ORIENTED_EDGE('',*,*,#3907,.T.);
#5404=ORIENTED_EDGE('',*,*,#3355,.F.);
#5405=ORIENTED_EDGE('',*,*,#3910,.F.);
#5406=ORIENTED_EDGE('',*,*,#3897,.T.);
#5407=ORIENTED_EDGE('',*,*,#3909,.F.);
#5408=ORIENTED_EDGE('',*,*,#3911,.T.);
#5409=ORIENTED_EDGE('',*,*,#3910,.T.);
#5410=ORIENTED_EDGE('',*,*,#3353,.F.);
#5411=ORIENTED_EDGE('',*,*,#3912,.F.);
#5412=ORIENTED_EDGE('',*,*,#3894,.T.);
#5413=ORIENTED_EDGE('',*,*,#3911,.F.);
#5414=ORIENTED_EDGE('',*,*,#3913,.T.);
#5415=ORIENTED_EDGE('',*,*,#3912,.T.);
#5416=ORIENTED_EDGE('',*,*,#3351,.F.);
#5417=ORIENTED_EDGE('',*,*,#3914,.F.);
#5418=ORIENTED_EDGE('',*,*,#3891,.T.);
#5419=ORIENTED_EDGE('',*,*,#3913,.F.);
#5420=ORIENTED_EDGE('',*,*,#3915,.T.);
#5421=ORIENTED_EDGE('',*,*,#3914,.T.);
#5422=ORIENTED_EDGE('',*,*,#3349,.F.);
#5423=ORIENTED_EDGE('',*,*,#3916,.F.);
#5424=ORIENTED_EDGE('',*,*,#3888,.T.);
#5425=ORIENTED_EDGE('',*,*,#3915,.F.);
#5426=ORIENTED_EDGE('',*,*,#3917,.T.);
#5427=ORIENTED_EDGE('',*,*,#3916,.T.);
#5428=ORIENTED_EDGE('',*,*,#3347,.F.);
#5429=ORIENTED_EDGE('',*,*,#3918,.F.);
#5430=ORIENTED_EDGE('',*,*,#3885,.T.);
#5431=ORIENTED_EDGE('',*,*,#3917,.F.);
#5432=ORIENTED_EDGE('',*,*,#3919,.T.);
#5433=ORIENTED_EDGE('',*,*,#3918,.T.);
#5434=ORIENTED_EDGE('',*,*,#3345,.F.);
#5435=ORIENTED_EDGE('',*,*,#3920,.F.);
#5436=ORIENTED_EDGE('',*,*,#3882,.T.);
#5437=ORIENTED_EDGE('',*,*,#3919,.F.);
#5438=ORIENTED_EDGE('',*,*,#3921,.T.);
#5439=ORIENTED_EDGE('',*,*,#3920,.T.);
#5440=ORIENTED_EDGE('',*,*,#3343,.F.);
#5441=ORIENTED_EDGE('',*,*,#3922,.F.);
#5442=ORIENTED_EDGE('',*,*,#3879,.T.);
#5443=ORIENTED_EDGE('',*,*,#3921,.F.);
#5444=ORIENTED_EDGE('',*,*,#3923,.T.);
#5445=ORIENTED_EDGE('',*,*,#3922,.T.);
#5446=ORIENTED_EDGE('',*,*,#3341,.F.);
#5447=ORIENTED_EDGE('',*,*,#3924,.F.);
#5448=ORIENTED_EDGE('',*,*,#3876,.T.);
#5449=ORIENTED_EDGE('',*,*,#3923,.F.);
#5450=ORIENTED_EDGE('',*,*,#3925,.T.);
#5451=ORIENTED_EDGE('',*,*,#3924,.T.);
#5452=ORIENTED_EDGE('',*,*,#3339,.F.);
#5453=ORIENTED_EDGE('',*,*,#3926,.F.);
#5454=ORIENTED_EDGE('',*,*,#3873,.T.);
#5455=ORIENTED_EDGE('',*,*,#3925,.F.);
#5456=ORIENTED_EDGE('',*,*,#3927,.T.);
#5457=ORIENTED_EDGE('',*,*,#3926,.T.);
#5458=ORIENTED_EDGE('',*,*,#3337,.F.);
#5459=ORIENTED_EDGE('',*,*,#3928,.F.);
#5460=ORIENTED_EDGE('',*,*,#3870,.T.);
#5461=ORIENTED_EDGE('',*,*,#3927,.F.);
#5462=ORIENTED_EDGE('',*,*,#3929,.T.);
#5463=ORIENTED_EDGE('',*,*,#3928,.T.);
#5464=ORIENTED_EDGE('',*,*,#3335,.F.);
#5465=ORIENTED_EDGE('',*,*,#3930,.F.);
#5466=ORIENTED_EDGE('',*,*,#3867,.T.);
#5467=ORIENTED_EDGE('',*,*,#3929,.F.);
#5468=ORIENTED_EDGE('',*,*,#3931,.T.);
#5469=ORIENTED_EDGE('',*,*,#3930,.T.);
#5470=ORIENTED_EDGE('',*,*,#3333,.F.);
#5471=ORIENTED_EDGE('',*,*,#3932,.F.);
#5472=ORIENTED_EDGE('',*,*,#3864,.T.);
#5473=ORIENTED_EDGE('',*,*,#3931,.F.);
#5474=ORIENTED_EDGE('',*,*,#3933,.T.);
#5475=ORIENTED_EDGE('',*,*,#3932,.T.);
#5476=ORIENTED_EDGE('',*,*,#3331,.F.);
#5477=ORIENTED_EDGE('',*,*,#3934,.F.);
#5478=ORIENTED_EDGE('',*,*,#3861,.T.);
#5479=ORIENTED_EDGE('',*,*,#3933,.F.);
#5480=ORIENTED_EDGE('',*,*,#3935,.T.);
#5481=ORIENTED_EDGE('',*,*,#3934,.T.);
#5482=ORIENTED_EDGE('',*,*,#3329,.F.);
#5483=ORIENTED_EDGE('',*,*,#3936,.F.);
#5484=ORIENTED_EDGE('',*,*,#3858,.T.);
#5485=ORIENTED_EDGE('',*,*,#3935,.F.);
#5486=ORIENTED_EDGE('',*,*,#3937,.T.);
#5487=ORIENTED_EDGE('',*,*,#3936,.T.);
#5488=ORIENTED_EDGE('',*,*,#3327,.F.);
#5489=ORIENTED_EDGE('',*,*,#3938,.F.);
#5490=ORIENTED_EDGE('',*,*,#3855,.T.);
#5491=ORIENTED_EDGE('',*,*,#3937,.F.);
#5492=ORIENTED_EDGE('',*,*,#3939,.T.);
#5493=ORIENTED_EDGE('',*,*,#3938,.T.);
#5494=ORIENTED_EDGE('',*,*,#3324,.F.);
#5495=ORIENTED_EDGE('',*,*,#3940,.F.);
#5496=ORIENTED_EDGE('',*,*,#3852,.T.);
#5497=ORIENTED_EDGE('',*,*,#3939,.F.);
#5498=ORIENTED_EDGE('',*,*,#3941,.T.);
#5499=ORIENTED_EDGE('',*,*,#3940,.T.);
#5500=ORIENTED_EDGE('',*,*,#3322,.F.);
#5501=ORIENTED_EDGE('',*,*,#3942,.F.);
#5502=ORIENTED_EDGE('',*,*,#3849,.T.);
#5503=ORIENTED_EDGE('',*,*,#3941,.F.);
#5504=ORIENTED_EDGE('',*,*,#3943,.T.);
#5505=ORIENTED_EDGE('',*,*,#3942,.T.);
#5506=ORIENTED_EDGE('',*,*,#3320,.F.);
#5507=ORIENTED_EDGE('',*,*,#3944,.F.);
#5508=ORIENTED_EDGE('',*,*,#3846,.T.);
#5509=ORIENTED_EDGE('',*,*,#3943,.F.);
#5510=ORIENTED_EDGE('',*,*,#3945,.T.);
#5511=ORIENTED_EDGE('',*,*,#3944,.T.);
#5512=ORIENTED_EDGE('',*,*,#3318,.F.);
#5513=ORIENTED_EDGE('',*,*,#3946,.F.);
#5514=ORIENTED_EDGE('',*,*,#3843,.T.);
#5515=ORIENTED_EDGE('',*,*,#3945,.F.);
#5516=ORIENTED_EDGE('',*,*,#3947,.T.);
#5517=ORIENTED_EDGE('',*,*,#3946,.T.);
#5518=ORIENTED_EDGE('',*,*,#3316,.F.);
#5519=ORIENTED_EDGE('',*,*,#3948,.F.);
#5520=ORIENTED_EDGE('',*,*,#3840,.T.);
#5521=ORIENTED_EDGE('',*,*,#3947,.F.);
#5522=ORIENTED_EDGE('',*,*,#3949,.T.);
#5523=ORIENTED_EDGE('',*,*,#3948,.T.);
#5524=ORIENTED_EDGE('',*,*,#3314,.F.);
#5525=ORIENTED_EDGE('',*,*,#3950,.F.);
#5526=ORIENTED_EDGE('',*,*,#3837,.T.);
#5527=ORIENTED_EDGE('',*,*,#3949,.F.);
#5528=ORIENTED_EDGE('',*,*,#3951,.T.);
#5529=ORIENTED_EDGE('',*,*,#3950,.T.);
#5530=ORIENTED_EDGE('',*,*,#3312,.F.);
#5531=ORIENTED_EDGE('',*,*,#3952,.F.);
#5532=ORIENTED_EDGE('',*,*,#3834,.T.);
#5533=ORIENTED_EDGE('',*,*,#3951,.F.);
#5534=ORIENTED_EDGE('',*,*,#3953,.T.);
#5535=ORIENTED_EDGE('',*,*,#3952,.T.);
#5536=ORIENTED_EDGE('',*,*,#3310,.F.);
#5537=ORIENTED_EDGE('',*,*,#3954,.F.);
#5538=ORIENTED_EDGE('',*,*,#3831,.T.);
#5539=ORIENTED_EDGE('',*,*,#3953,.F.);
#5540=ORIENTED_EDGE('',*,*,#3955,.T.);
#5541=ORIENTED_EDGE('',*,*,#3954,.T.);
#5542=ORIENTED_EDGE('',*,*,#3308,.F.);
#5543=ORIENTED_EDGE('',*,*,#3956,.F.);
#5544=ORIENTED_EDGE('',*,*,#3828,.T.);
#5545=ORIENTED_EDGE('',*,*,#3955,.F.);
#5546=ORIENTED_EDGE('',*,*,#3957,.T.);
#5547=ORIENTED_EDGE('',*,*,#3956,.T.);
#5548=ORIENTED_EDGE('',*,*,#3306,.F.);
#5549=ORIENTED_EDGE('',*,*,#3958,.F.);
#5550=ORIENTED_EDGE('',*,*,#3825,.T.);
#5551=ORIENTED_EDGE('',*,*,#3957,.F.);
#5552=ORIENTED_EDGE('',*,*,#3959,.T.);
#5553=ORIENTED_EDGE('',*,*,#3958,.T.);
#5554=ORIENTED_EDGE('',*,*,#3304,.F.);
#5555=ORIENTED_EDGE('',*,*,#3960,.F.);
#5556=ORIENTED_EDGE('',*,*,#3822,.T.);
#5557=ORIENTED_EDGE('',*,*,#3959,.F.);
#5558=ORIENTED_EDGE('',*,*,#3961,.T.);
#5559=ORIENTED_EDGE('',*,*,#3960,.T.);
#5560=ORIENTED_EDGE('',*,*,#3302,.F.);
#5561=ORIENTED_EDGE('',*,*,#3962,.T.);
#5562=ORIENTED_EDGE('',*,*,#3819,.F.);
#5563=ORIENTED_EDGE('',*,*,#3961,.F.);
#5564=ORIENTED_EDGE('',*,*,#3963,.T.);
#5565=ORIENTED_EDGE('',*,*,#3962,.F.);
#5566=ORIENTED_EDGE('',*,*,#3298,.T.);
#5567=ORIENTED_EDGE('',*,*,#3964,.T.);
#5568=ORIENTED_EDGE('',*,*,#3816,.F.);
#5569=ORIENTED_EDGE('',*,*,#3963,.F.);
#5570=ORIENTED_EDGE('',*,*,#3965,.T.);
#5571=ORIENTED_EDGE('',*,*,#3964,.F.);
#5572=ORIENTED_EDGE('',*,*,#3296,.T.);
#5573=ORIENTED_EDGE('',*,*,#3966,.T.);
#5574=ORIENTED_EDGE('',*,*,#3813,.F.);
#5575=ORIENTED_EDGE('',*,*,#3965,.F.);
#5576=ORIENTED_EDGE('',*,*,#3967,.T.);
#5577=ORIENTED_EDGE('',*,*,#3966,.F.);
#5578=ORIENTED_EDGE('',*,*,#3294,.T.);
#5579=ORIENTED_EDGE('',*,*,#3968,.T.);
#5580=ORIENTED_EDGE('',*,*,#3810,.F.);
#5581=ORIENTED_EDGE('',*,*,#3967,.F.);
#5582=ORIENTED_EDGE('',*,*,#3969,.T.);
#5583=ORIENTED_EDGE('',*,*,#3968,.F.);
#5584=ORIENTED_EDGE('',*,*,#3292,.T.);
#5585=ORIENTED_EDGE('',*,*,#3970,.T.);
#5586=ORIENTED_EDGE('',*,*,#3807,.F.);
#5587=ORIENTED_EDGE('',*,*,#3969,.F.);
#5588=ORIENTED_EDGE('',*,*,#3971,.T.);
#5589=ORIENTED_EDGE('',*,*,#3970,.F.);
#5590=ORIENTED_EDGE('',*,*,#3290,.T.);
#5591=ORIENTED_EDGE('',*,*,#3972,.T.);
#5592=ORIENTED_EDGE('',*,*,#3804,.F.);
#5593=ORIENTED_EDGE('',*,*,#3971,.F.);
#5594=ORIENTED_EDGE('',*,*,#3973,.T.);
#5595=ORIENTED_EDGE('',*,*,#3972,.F.);
#5596=ORIENTED_EDGE('',*,*,#3288,.T.);
#5597=ORIENTED_EDGE('',*,*,#3974,.T.);
#5598=ORIENTED_EDGE('',*,*,#3801,.F.);
#5599=ORIENTED_EDGE('',*,*,#3973,.F.);
#5600=ORIENTED_EDGE('',*,*,#3975,.T.);
#5601=ORIENTED_EDGE('',*,*,#3974,.F.);
#5602=ORIENTED_EDGE('',*,*,#3286,.T.);
#5603=ORIENTED_EDGE('',*,*,#3976,.T.);
#5604=ORIENTED_EDGE('',*,*,#3798,.F.);
#5605=ORIENTED_EDGE('',*,*,#3975,.F.);
#5606=ORIENTED_EDGE('',*,*,#3977,.T.);
#5607=ORIENTED_EDGE('',*,*,#3976,.F.);
#5608=ORIENTED_EDGE('',*,*,#3284,.T.);
#5609=ORIENTED_EDGE('',*,*,#3978,.T.);
#5610=ORIENTED_EDGE('',*,*,#3795,.F.);
#5611=ORIENTED_EDGE('',*,*,#3977,.F.);
#5612=ORIENTED_EDGE('',*,*,#3979,.T.);
#5613=ORIENTED_EDGE('',*,*,#3978,.F.);
#5614=ORIENTED_EDGE('',*,*,#3282,.T.);
#5615=ORIENTED_EDGE('',*,*,#3980,.T.);
#5616=ORIENTED_EDGE('',*,*,#3792,.F.);
#5617=ORIENTED_EDGE('',*,*,#3979,.F.);
#5618=ORIENTED_EDGE('',*,*,#3981,.T.);
#5619=ORIENTED_EDGE('',*,*,#3980,.F.);
#5620=ORIENTED_EDGE('',*,*,#3280,.T.);
#5621=ORIENTED_EDGE('',*,*,#3982,.T.);
#5622=ORIENTED_EDGE('',*,*,#3789,.F.);
#5623=ORIENTED_EDGE('',*,*,#3981,.F.);
#5624=ORIENTED_EDGE('',*,*,#3983,.T.);
#5625=ORIENTED_EDGE('',*,*,#3982,.F.);
#5626=ORIENTED_EDGE('',*,*,#3278,.T.);
#5627=ORIENTED_EDGE('',*,*,#3984,.T.);
#5628=ORIENTED_EDGE('',*,*,#3786,.F.);
#5629=ORIENTED_EDGE('',*,*,#3983,.F.);
#5630=ORIENTED_EDGE('',*,*,#3985,.T.);
#5631=ORIENTED_EDGE('',*,*,#3984,.F.);
#5632=ORIENTED_EDGE('',*,*,#3276,.T.);
#5633=ORIENTED_EDGE('',*,*,#3986,.T.);
#5634=ORIENTED_EDGE('',*,*,#3783,.F.);
#5635=ORIENTED_EDGE('',*,*,#3985,.F.);
#5636=ORIENTED_EDGE('',*,*,#3987,.T.);
#5637=ORIENTED_EDGE('',*,*,#3986,.F.);
#5638=ORIENTED_EDGE('',*,*,#3272,.T.);
#5639=ORIENTED_EDGE('',*,*,#3988,.T.);
#5640=ORIENTED_EDGE('',*,*,#3780,.F.);
#5641=ORIENTED_EDGE('',*,*,#3987,.F.);
#5642=ORIENTED_EDGE('',*,*,#3989,.T.);
#5643=ORIENTED_EDGE('',*,*,#3988,.F.);
#5644=ORIENTED_EDGE('',*,*,#3270,.T.);
#5645=ORIENTED_EDGE('',*,*,#3990,.T.);
#5646=ORIENTED_EDGE('',*,*,#3777,.F.);
#5647=ORIENTED_EDGE('',*,*,#3989,.F.);
#5648=ORIENTED_EDGE('',*,*,#3991,.T.);
#5649=ORIENTED_EDGE('',*,*,#3990,.F.);
#5650=ORIENTED_EDGE('',*,*,#3268,.T.);
#5651=ORIENTED_EDGE('',*,*,#3992,.T.);
#5652=ORIENTED_EDGE('',*,*,#3774,.F.);
#5653=ORIENTED_EDGE('',*,*,#3991,.F.);
#5654=ORIENTED_EDGE('',*,*,#3993,.T.);
#5655=ORIENTED_EDGE('',*,*,#3992,.F.);
#5656=ORIENTED_EDGE('',*,*,#3266,.T.);
#5657=ORIENTED_EDGE('',*,*,#3994,.T.);
#5658=ORIENTED_EDGE('',*,*,#3771,.F.);
#5659=ORIENTED_EDGE('',*,*,#3993,.F.);
#5660=ORIENTED_EDGE('',*,*,#3995,.T.);
#5661=ORIENTED_EDGE('',*,*,#3994,.F.);
#5662=ORIENTED_EDGE('',*,*,#3264,.T.);
#5663=ORIENTED_EDGE('',*,*,#3996,.T.);
#5664=ORIENTED_EDGE('',*,*,#3768,.F.);
#5665=ORIENTED_EDGE('',*,*,#3995,.F.);
#5666=ORIENTED_EDGE('',*,*,#3997,.T.);
#5667=ORIENTED_EDGE('',*,*,#3996,.F.);
#5668=ORIENTED_EDGE('',*,*,#3262,.T.);
#5669=ORIENTED_EDGE('',*,*,#3998,.T.);
#5670=ORIENTED_EDGE('',*,*,#3765,.F.);
#5671=ORIENTED_EDGE('',*,*,#3997,.F.);
#5672=ORIENTED_EDGE('',*,*,#3999,.T.);
#5673=ORIENTED_EDGE('',*,*,#3998,.F.);
#5674=ORIENTED_EDGE('',*,*,#3260,.T.);
#5675=ORIENTED_EDGE('',*,*,#4000,.T.);
#5676=ORIENTED_EDGE('',*,*,#3762,.F.);
#5677=ORIENTED_EDGE('',*,*,#3999,.F.);
#5678=ORIENTED_EDGE('',*,*,#4001,.T.);
#5679=ORIENTED_EDGE('',*,*,#4000,.F.);
#5680=ORIENTED_EDGE('',*,*,#3258,.T.);
#5681=ORIENTED_EDGE('',*,*,#4002,.T.);
#5682=ORIENTED_EDGE('',*,*,#3759,.F.);
#5683=ORIENTED_EDGE('',*,*,#4001,.F.);
#5684=ORIENTED_EDGE('',*,*,#4003,.T.);
#5685=ORIENTED_EDGE('',*,*,#4002,.F.);
#5686=ORIENTED_EDGE('',*,*,#3256,.T.);
#5687=ORIENTED_EDGE('',*,*,#4004,.T.);
#5688=ORIENTED_EDGE('',*,*,#3756,.F.);
#5689=ORIENTED_EDGE('',*,*,#4003,.F.);
#5690=ORIENTED_EDGE('',*,*,#4005,.T.);
#5691=ORIENTED_EDGE('',*,*,#4004,.F.);
#5692=ORIENTED_EDGE('',*,*,#3254,.T.);
#5693=ORIENTED_EDGE('',*,*,#4006,.T.);
#5694=ORIENTED_EDGE('',*,*,#3753,.F.);
#5695=ORIENTED_EDGE('',*,*,#4005,.F.);
#5696=ORIENTED_EDGE('',*,*,#4007,.T.);
#5697=ORIENTED_EDGE('',*,*,#4006,.F.);
#5698=ORIENTED_EDGE('',*,*,#3252,.T.);
#5699=ORIENTED_EDGE('',*,*,#4008,.T.);
#5700=ORIENTED_EDGE('',*,*,#3750,.F.);
#5701=ORIENTED_EDGE('',*,*,#4007,.F.);
#5702=ORIENTED_EDGE('',*,*,#4009,.T.);
#5703=ORIENTED_EDGE('',*,*,#4008,.F.);
#5704=ORIENTED_EDGE('',*,*,#3250,.T.);
#5705=ORIENTED_EDGE('',*,*,#4010,.T.);
#5706=ORIENTED_EDGE('',*,*,#3747,.F.);
#5707=ORIENTED_EDGE('',*,*,#4009,.F.);
#5708=ORIENTED_EDGE('',*,*,#4011,.T.);
#5709=ORIENTED_EDGE('',*,*,#4010,.F.);
#5710=ORIENTED_EDGE('',*,*,#3248,.T.);
#5711=ORIENTED_EDGE('',*,*,#4012,.T.);
#5712=ORIENTED_EDGE('',*,*,#3744,.F.);
#5713=ORIENTED_EDGE('',*,*,#4011,.F.);
#5714=ORIENTED_EDGE('',*,*,#4013,.T.);
#5715=ORIENTED_EDGE('',*,*,#4012,.F.);
#5716=ORIENTED_EDGE('',*,*,#3246,.T.);
#5717=ORIENTED_EDGE('',*,*,#4014,.T.);
#5718=ORIENTED_EDGE('',*,*,#3740,.F.);
#5719=ORIENTED_EDGE('',*,*,#4013,.F.);
#5720=ORIENTED_EDGE('',*,*,#4015,.T.);
#5721=ORIENTED_EDGE('',*,*,#4014,.F.);
#5722=ORIENTED_EDGE('',*,*,#3244,.T.);
#5723=ORIENTED_EDGE('',*,*,#4016,.T.);
#5724=ORIENTED_EDGE('',*,*,#3906,.F.);
#5725=ORIENTED_EDGE('',*,*,#4015,.F.);
#5726=ORIENTED_EDGE('',*,*,#4017,.T.);
#5727=ORIENTED_EDGE('',*,*,#4016,.F.);
#5728=ORIENTED_EDGE('',*,*,#3360,.T.);
#5729=ORIENTED_EDGE('',*,*,#4018,.F.);
#5730=ORIENTED_EDGE('',*,*,#3903,.T.);
#5731=ORIENTED_EDGE('',*,*,#4017,.F.);
#5732=ORIENTED_EDGE('',*,*,#3908,.T.);
#5733=ORIENTED_EDGE('',*,*,#4018,.T.);
#5734=ORIENTED_EDGE('',*,*,#3357,.F.);
#5735=PLANE('',#6893);
#5736=PLANE('',#6894);
#5737=PLANE('',#6895);
#5738=PLANE('',#6896);
#5739=PLANE('',#6897);
#5740=PLANE('',#6898);
#5741=PLANE('',#6899);
#5742=PLANE('',#6900);
#5743=PLANE('',#6901);
#5744=PLANE('',#6902);
#5745=PLANE('',#6903);
#5746=PLANE('',#6904);
#5747=PLANE('',#6905);
#5748=PLANE('',#6906);
#5749=PLANE('',#6907);
#5750=PLANE('',#6908);
#5751=PLANE('',#6909);
#5752=PLANE('',#6910);
#5753=PLANE('',#6911);
#5754=PLANE('',#6912);
#5755=PLANE('',#6913);
#5756=PLANE('',#6914);
#5757=PLANE('',#6915);
#5758=PLANE('',#6916);
#5759=PLANE('',#6917);
#5760=PLANE('',#6918);
#5761=PLANE('',#6919);
#5762=PLANE('',#6920);
#5763=PLANE('',#6921);
#5764=PLANE('',#6922);
#5765=PLANE('',#6923);
#5766=PLANE('',#6924);
#5767=PLANE('',#6925);
#5768=PLANE('',#6926);
#5769=PLANE('',#6927);
#5770=PLANE('',#6928);
#5771=PLANE('',#6929);
#5772=PLANE('',#6930);
#5773=PLANE('',#6931);
#5774=PLANE('',#6932);
#5775=PLANE('',#6933);
#5776=PLANE('',#6934);
#5777=PLANE('',#6935);
#5778=PLANE('',#6936);
#5779=PLANE('',#6937);
#5780=PLANE('',#6938);
#5781=PLANE('',#6939);
#5782=PLANE('',#6940);
#5783=PLANE('',#6941);
#5784=PLANE('',#6942);
#5785=PLANE('',#6943);
#5786=PLANE('',#6944);
#5787=PLANE('',#6945);
#5788=PLANE('',#6946);
#5789=PLANE('',#6947);
#5790=PLANE('',#6948);
#5791=PLANE('',#6949);
#5792=PLANE('',#6950);
#5793=PLANE('',#6951);
#5794=PLANE('',#6952);
#5795=PLANE('',#6953);
#5796=PLANE('',#6954);
#5797=PLANE('',#6955);
#5798=PLANE('',#6956);
#5799=PLANE('',#6957);
#5800=PLANE('',#6958);
#5801=PLANE('',#6959);
#5802=PLANE('',#6960);
#5803=PLANE('',#6961);
#5804=PLANE('',#6962);
#5805=PLANE('',#6963);
#5806=PLANE('',#6964);
#5807=PLANE('',#6965);
#5808=PLANE('',#6966);
#5809=PLANE('',#6967);
#5810=PLANE('',#6968);
#5811=PLANE('',#6969);
#5812=PLANE('',#6970);
#5813=PLANE('',#6971);
#5814=PLANE('',#6972);
#5815=PLANE('',#6973);
#5816=PLANE('',#6974);
#5817=PLANE('',#6975);
#5818=PLANE('',#6976);
#5819=PLANE('',#6977);
#5820=PLANE('',#6978);
#5821=PLANE('',#6979);
#5822=PLANE('',#6980);
#5823=PLANE('',#6981);
#5824=PLANE('',#6982);
#5825=PLANE('',#6983);
#5826=PLANE('',#6984);
#5827=PLANE('',#6985);
#5828=PLANE('',#6986);
#5829=PLANE('',#6987);
#5830=PLANE('',#6988);
#5831=PLANE('',#6989);
#5832=PLANE('',#6990);
#5833=PLANE('',#6991);
#5834=PLANE('',#6992);
#5835=PLANE('',#6993);
#5836=PLANE('',#6994);
#5837=PLANE('',#6995);
#5838=PLANE('',#6996);
#5839=PLANE('',#6997);
#5840=PLANE('',#6998);
#5841=PLANE('',#6999);
#5842=PLANE('',#7000);
#5843=PLANE('',#7001);
#5844=PLANE('',#7002);
#5845=PLANE('',#7003);
#5846=PLANE('',#7004);
#5847=PLANE('',#7005);
#5848=PLANE('',#7006);
#5849=PLANE('',#7007);
#5850=PLANE('',#7008);
#5851=PLANE('',#7009);
#5852=PLANE('',#7010);
#5853=PLANE('',#7011);
#5854=PLANE('',#7012);
#5855=PLANE('',#7013);
#5856=PLANE('',#7014);
#5857=PLANE('',#7015);
#5858=PLANE('',#7016);
#5859=PLANE('',#7017);
#5860=PLANE('',#7018);
#5861=PLANE('',#7019);
#5862=PLANE('',#7020);
#5863=PLANE('',#7021);
#5864=PLANE('',#7022);
#5865=PLANE('',#7023);
#5866=PLANE('',#7024);
#5867=PLANE('',#7025);
#5868=PLANE('',#7026);
#5869=PLANE('',#7027);
#5870=PLANE('',#7028);
#5871=PLANE('',#7029);
#5872=PLANE('',#7030);
#5873=PLANE('',#7031);
#5874=PLANE('',#7032);
#5875=PLANE('',#7033);
#5876=PLANE('',#7034);
#5877=PLANE('',#7035);
#5878=PLANE('',#7036);
#5879=PLANE('',#7037);
#5880=PLANE('',#7038);
#5881=PLANE('',#7039);
#5882=PLANE('',#7040);
#5883=PLANE('',#7041);
#5884=PLANE('',#7042);
#5885=PLANE('',#7043);
#5886=PLANE('',#7044);
#5887=PLANE('',#7045);
#5888=PLANE('',#7046);
#5889=PLANE('',#7047);
#5890=PLANE('',#7048);
#5891=PLANE('',#7049);
#5892=PLANE('',#7050);
#5893=PLANE('',#7051);
#5894=PLANE('',#7052);
#5895=PLANE('',#7053);
#5896=PLANE('',#7054);
#5897=PLANE('',#7055);
#5898=PLANE('',#7056);
#5899=PLANE('',#7057);
#5900=PLANE('',#7058);
#5901=PLANE('',#7059);
#5902=PLANE('',#7060);
#5903=PLANE('',#7061);
#5904=PLANE('',#7062);
#5905=PLANE('',#7063);
#5906=PLANE('',#7064);
#5907=PLANE('',#7065);
#5908=PLANE('',#7066);
#5909=PLANE('',#7067);
#5910=PLANE('',#7068);
#5911=PLANE('',#7069);
#5912=PLANE('',#7070);
#5913=PLANE('',#7071);
#5914=PLANE('',#7072);
#5915=PLANE('',#7073);
#5916=PLANE('',#7074);
#5917=PLANE('',#7075);
#5918=PLANE('',#7076);
#5919=PLANE('',#7077);
#5920=PLANE('',#7078);
#5921=PLANE('',#7079);
#5922=PLANE('',#7080);
#5923=PLANE('',#7081);
#5924=PLANE('',#7082);
#5925=PLANE('',#7083);
#5926=PLANE('',#7084);
#5927=PLANE('',#7085);
#5928=PLANE('',#7086);
#5929=PLANE('',#7087);
#5930=PLANE('',#7088);
#5931=PLANE('',#7089);
#5932=PLANE('',#7090);
#5933=PLANE('',#7091);
#5934=PLANE('',#7092);
#5935=PLANE('',#7093);
#5936=PLANE('',#7094);
#5937=PLANE('',#7095);
#5938=PLANE('',#7096);
#5939=PLANE('',#7097);
#5940=PLANE('',#7098);
#5941=PLANE('',#7099);
#5942=PLANE('',#7100);
#5943=PLANE('',#7101);
#5944=PLANE('',#7102);
#5945=PLANE('',#7103);
#5946=PLANE('',#7104);
#5947=PLANE('',#7105);
#5948=PLANE('',#7106);
#5949=PLANE('',#7107);
#5950=PLANE('',#7108);
#5951=PLANE('',#7109);
#5952=PLANE('',#7110);
#5953=PLANE('',#7111);
#5954=PLANE('',#7112);
#5955=PLANE('',#7113);
#5956=PLANE('',#7114);
#5957=PLANE('',#7115);
#5958=PLANE('',#7116);
#5959=PLANE('',#7117);
#5960=PLANE('',#7118);
#5961=PLANE('',#7119);
#5962=PLANE('',#7120);
#5963=PLANE('',#7121);
#5964=PLANE('',#7122);
#5965=PLANE('',#7123);
#5966=PLANE('',#7124);
#5967=PLANE('',#7125);
#5968=PLANE('',#7126);
#5969=PLANE('',#7127);
#5970=PLANE('',#7128);
#5971=PLANE('',#7129);
#5972=PLANE('',#7130);
#5973=PLANE('',#7131);
#5974=PLANE('',#7132);
#5975=PLANE('',#7133);
#5976=PLANE('',#7134);
#5977=PLANE('',#7135);
#5978=PLANE('',#7136);
#5979=PLANE('',#7137);
#5980=PLANE('',#7138);
#5981=PLANE('',#7139);
#5982=PLANE('',#7140);
#5983=PLANE('',#7141);
#5984=PLANE('',#7142);
#5985=PLANE('',#7143);
#5986=PLANE('',#7144);
#5987=PLANE('',#7145);
#5988=PLANE('',#7146);
#5989=PLANE('',#7147);
#5990=PLANE('',#7148);
#5991=PLANE('',#7149);
#5992=PLANE('',#7150);
#5993=PLANE('',#7151);
#5994=PLANE('',#7152);
#5995=PLANE('',#7153);
#5996=PLANE('',#7154);
#5997=PLANE('',#7155);
#5998=PLANE('',#7156);
#5999=PLANE('',#7157);
#6000=PLANE('',#7158);
#6001=PLANE('',#7159);
#6002=PLANE('',#7160);
#6003=PLANE('',#7161);
#6004=PLANE('',#7162);
#6005=PLANE('',#7163);
#6006=PLANE('',#7164);
#6007=PLANE('',#7165);
#6008=PLANE('',#7166);
#6009=PLANE('',#7167);
#6010=PLANE('',#7168);
#6011=PLANE('',#7169);
#6012=PLANE('',#7170);
#6013=PLANE('',#7171);
#6014=PLANE('',#7172);
#6015=PLANE('',#7173);
#6016=PLANE('',#7174);
#6017=PLANE('',#7175);
#6018=PLANE('',#7176);
#6019=PLANE('',#7177);
#6020=PLANE('',#7178);
#6021=PLANE('',#7179);
#6022=PLANE('',#7180);
#6023=PLANE('',#7181);
#6024=PLANE('',#7182);
#6025=PLANE('',#7183);
#6026=PLANE('',#7184);
#6027=PLANE('',#7185);
#6028=PLANE('',#7186);
#6029=PLANE('',#7187);
#6030=PLANE('',#7188);
#6031=PLANE('',#7189);
#6032=PLANE('',#7190);
#6033=PLANE('',#7191);
#6034=PLANE('',#7192);
#6035=PLANE('',#7193);
#6036=PLANE('',#7194);
#6037=PLANE('',#7195);
#6038=PLANE('',#7196);
#6039=PLANE('',#7197);
#6040=PLANE('',#7198);
#6041=PLANE('',#7199);
#6042=PLANE('',#7200);
#6043=PLANE('',#7201);
#6044=PLANE('',#7202);
#6045=PLANE('',#7203);
#6046=PLANE('',#7204);
#6047=PLANE('',#7205);
#6048=PLANE('',#7206);
#6049=PLANE('',#7207);
#6050=PLANE('',#7208);
#6051=PLANE('',#7209);
#6052=PLANE('',#7210);
#6053=PLANE('',#7211);
#6054=PLANE('',#7212);
#6055=PLANE('',#7213);
#6056=PLANE('',#7214);
#6057=PLANE('',#7215);
#6058=PLANE('',#7216);
#6059=PLANE('',#7217);
#6060=PLANE('',#7218);
#6061=PLANE('',#7219);
#6062=PLANE('',#7220);
#6063=PLANE('',#7221);
#6064=PLANE('',#7222);
#6065=PLANE('',#7223);
#6066=PLANE('',#7224);
#6067=PLANE('',#7225);
#6068=PLANE('',#7226);
#6069=PLANE('',#7227);
#6070=PLANE('',#7228);
#6071=PLANE('',#7229);
#6072=PLANE('',#7230);
#6073=PLANE('',#7231);
#6074=PLANE('',#7232);
#6075=PLANE('',#7233);
#6076=PLANE('',#7234);
#6077=PLANE('',#7235);
#6078=PLANE('',#7236);
#6079=PLANE('',#7237);
#6080=PLANE('',#7238);
#6081=PLANE('',#7239);
#6082=PLANE('',#7240);
#6083=PLANE('',#7241);
#6084=PLANE('',#7242);
#6085=PLANE('',#7243);
#6086=PLANE('',#7244);
#6087=PLANE('',#7245);
#6088=PLANE('',#7246);
#6089=PLANE('',#7247);
#6090=PLANE('',#7248);
#6091=PLANE('',#7249);
#6092=PLANE('',#7250);
#6093=PLANE('',#7251);
#6094=PLANE('',#7252);
#6095=PLANE('',#7253);
#6096=PLANE('',#7254);
#6097=PLANE('',#7255);
#6098=PLANE('',#7256);
#6099=PLANE('',#7257);
#6100=PLANE('',#7258);
#6101=PLANE('',#7259);
#6102=PLANE('',#7260);
#6103=PLANE('',#7261);
#6104=PLANE('',#7262);
#6105=PLANE('',#7263);
#6106=PLANE('',#7264);
#6107=PLANE('',#7265);
#6108=PLANE('',#7266);
#6109=PLANE('',#7267);
#6110=PLANE('',#7268);
#6111=PLANE('',#7269);
#6112=PLANE('',#7270);
#6113=PLANE('',#7271);
#6114=PLANE('',#7272);
#6115=PLANE('',#7273);
#6116=PLANE('',#7274);
#6117=PLANE('',#7275);
#6118=PLANE('',#7276);
#6119=PLANE('',#7277);
#6120=PLANE('',#7278);
#6121=PLANE('',#7279);
#6122=PLANE('',#7280);
#6123=PLANE('',#7281);
#6124=PLANE('',#7282);
#6125=PLANE('',#7283);
#6126=PLANE('',#7284);
#6127=PLANE('',#7285);
#6128=PLANE('',#7286);
#6129=PLANE('',#7287);
#6130=PLANE('',#7288);
#6131=PLANE('',#7289);
#6132=PLANE('',#7290);
#6133=PLANE('',#7291);
#6134=PLANE('',#7292);
#6135=PLANE('',#7293);
#6136=PLANE('',#7294);
#6137=PLANE('',#7295);
#6138=PLANE('',#7296);
#6139=PLANE('',#7297);
#6140=PLANE('',#7298);
#6141=PLANE('',#7299);
#6142=PLANE('',#7300);
#6143=PLANE('',#7301);
#6144=PLANE('',#7302);
#6145=PLANE('',#7303);
#6146=PLANE('',#7304);
#6147=PLANE('',#7305);
#6148=PLANE('',#7306);
#6149=PLANE('',#7307);
#6150=PLANE('',#7308);
#6151=PLANE('',#7309);
#6152=PLANE('',#7310);
#6153=PLANE('',#7311);
#6154=PLANE('',#7312);
#6155=PLANE('',#7313);
#6156=PLANE('',#7314);
#6157=PLANE('',#7315);
#6158=PLANE('',#7316);
#6159=PLANE('',#7317);
#6160=PLANE('',#7318);
#6161=PLANE('',#7319);
#6162=PLANE('',#7320);
#6163=PLANE('',#7321);
#6164=PLANE('',#7322);
#6165=PLANE('',#7323);
#6166=PLANE('',#7324);
#6167=PLANE('',#7325);
#6168=PLANE('',#7326);
#6169=PLANE('',#7327);
#6170=PLANE('',#7328);
#6171=PLANE('',#7329);
#6172=PLANE('',#7330);
#6173=PLANE('',#7331);
#6174=PLANE('',#7332);
#6175=PLANE('',#7333);
#6176=PLANE('',#7334);
#6177=PLANE('',#7335);
#6178=PLANE('',#7336);
#6179=PLANE('',#7337);
#6180=PLANE('',#7338);
#6181=PLANE('',#7339);
#6182=PLANE('',#7340);
#6183=PLANE('',#7341);
#6184=PLANE('',#7342);
#6185=PLANE('',#7343);
#6186=PLANE('',#7344);
#6187=PLANE('',#7345);
#6188=PLANE('',#7346);
#6189=PLANE('',#7347);
#6190=PLANE('',#7348);
#6191=PLANE('',#7349);
#6192=PLANE('',#7350);
#6193=PLANE('',#7351);
#6194=PLANE('',#7352);
#6195=PLANE('',#7353);
#6196=PLANE('',#7354);
#6197=PLANE('',#7355);
#6198=PLANE('',#7356);
#6199=PLANE('',#7357);
#6200=PLANE('',#7358);
#6201=PLANE('',#7359);
#6202=PLANE('',#7360);
#6203=PLANE('',#7361);
#6204=PLANE('',#7362);
#6205=PLANE('',#7363);
#6206=PLANE('',#7364);
#6207=PLANE('',#7365);
#6208=PLANE('',#7366);
#6209=PLANE('',#7367);
#6210=PLANE('',#7368);
#6211=PLANE('',#7369);
#6212=PLANE('',#7370);
#6213=PLANE('',#7371);
#6214=PLANE('',#7372);
#6215=PLANE('',#7373);
#6216=PLANE('',#7374);
#6217=PLANE('',#7375);
#6218=PLANE('',#7376);
#6219=PLANE('',#7377);
#6220=PLANE('',#7378);
#6221=PLANE('',#7379);
#6222=PLANE('',#7380);
#6223=PLANE('',#7381);
#6224=PLANE('',#7382);
#6225=PLANE('',#7383);
#6226=PLANE('',#7384);
#6227=PLANE('',#7385);
#6228=PLANE('',#7386);
#6229=PLANE('',#7387);
#6230=PLANE('',#7388);
#6231=PLANE('',#7389);
#6232=PLANE('',#7390);
#6233=PLANE('',#7391);
#6234=PLANE('',#7392);
#6235=PLANE('',#7393);
#6236=PLANE('',#7394);
#6237=PLANE('',#7395);
#6238=PLANE('',#7396);
#6239=PLANE('',#7397);
#6240=PLANE('',#7398);
#6241=PLANE('',#7399);
#6242=PLANE('',#7400);
#6243=PLANE('',#7401);
#6244=PLANE('',#7402);
#6245=PLANE('',#7403);
#6246=PLANE('',#7404);
#6247=PLANE('',#7405);
#6248=PLANE('',#7406);
#6249=PLANE('',#7407);
#6250=PLANE('',#7408);
#6251=PLANE('',#7409);
#6252=PLANE('',#7410);
#6253=PLANE('',#7411);
#6254=PLANE('',#7412);
#6255=PLANE('',#7413);
#6256=PLANE('',#7414);
#6257=PLANE('',#7415);
#6258=PLANE('',#7416);
#6259=PLANE('',#7417);
#6260=PLANE('',#7418);
#6261=PLANE('',#7419);
#6262=PLANE('',#7420);
#6263=PLANE('',#7421);
#6264=PLANE('',#7422);
#6265=PLANE('',#7423);
#6266=PLANE('',#7424);
#6267=PLANE('',#7425);
#6268=PLANE('',#7426);
#6269=PLANE('',#7427);
#6270=PLANE('',#7428);
#6271=PLANE('',#7429);
#6272=PLANE('',#7430);
#6273=PLANE('',#7431);
#6274=PLANE('',#7432);
#6275=PLANE('',#7433);
#6276=PLANE('',#7434);
#6277=PLANE('',#7435);
#6278=PLANE('',#7436);
#6279=PLANE('',#7437);
#6280=PLANE('',#7438);
#6281=PLANE('',#7439);
#6282=PLANE('',#7440);
#6283=PLANE('',#7441);
#6284=PLANE('',#7442);
#6285=PLANE('',#7443);
#6286=PLANE('',#7444);
#6287=PLANE('',#7445);
#6288=PLANE('',#7446);
#6289=PLANE('',#7447);
#6290=PLANE('',#7448);
#6291=PLANE('',#7449);
#6292=PLANE('',#7450);
#6293=PLANE('',#7451);
#6294=PLANE('',#7452);
#6295=PLANE('',#7453);
#6296=PLANE('',#7454);
#6297=PLANE('',#7455);
#6298=PLANE('',#7456);
#6299=PLANE('',#7457);
#6300=PLANE('',#7458);
#6301=PLANE('',#7459);
#6302=PLANE('',#7460);
#6303=PLANE('',#7461);
#6304=PLANE('',#7462);
#6305=PLANE('',#7463);
#6306=PLANE('',#7464);
#6307=ADVANCED_FACE('',(#15),#5735,.T.);
#6308=ADVANCED_FACE('',(#16),#5736,.T.);
#6309=ADVANCED_FACE('',(#17),#5737,.T.);
#6310=ADVANCED_FACE('',(#18),#5738,.T.);
#6311=ADVANCED_FACE('',(#19),#5739,.T.);
#6312=ADVANCED_FACE('',(#20),#5740,.T.);
#6313=ADVANCED_FACE('',(#21),#5741,.T.);
#6314=ADVANCED_FACE('',(#22),#5742,.T.);
#6315=ADVANCED_FACE('',(#23),#5743,.T.);
#6316=ADVANCED_FACE('',(#24),#5744,.T.);
#6317=ADVANCED_FACE('',(#25),#5745,.T.);
#6318=ADVANCED_FACE('',(#26),#5746,.T.);
#6319=ADVANCED_FACE('',(#27),#5747,.T.);
#6320=ADVANCED_FACE('',(#28),#5748,.T.);
#6321=ADVANCED_FACE('',(#29),#5749,.T.);
#6322=ADVANCED_FACE('',(#30),#5750,.T.);
#6323=ADVANCED_FACE('',(#31),#5751,.T.);
#6324=ADVANCED_FACE('',(#32),#5752,.T.);
#6325=ADVANCED_FACE('',(#33),#5753,.T.);
#6326=ADVANCED_FACE('',(#34),#5754,.T.);
#6327=ADVANCED_FACE('',(#35),#5755,.T.);
#6328=ADVANCED_FACE('',(#36),#5756,.T.);
#6329=ADVANCED_FACE('',(#37),#5757,.T.);
#6330=ADVANCED_FACE('',(#38),#5758,.T.);
#6331=ADVANCED_FACE('',(#39),#5759,.T.);
#6332=ADVANCED_FACE('',(#40),#5760,.T.);
#6333=ADVANCED_FACE('',(#41),#5761,.T.);
#6334=ADVANCED_FACE('',(#42),#5762,.T.);
#6335=ADVANCED_FACE('',(#43),#5763,.T.);
#6336=ADVANCED_FACE('',(#44),#5764,.T.);
#6337=ADVANCED_FACE('',(#45),#5765,.T.);
#6338=ADVANCED_FACE('',(#46),#5766,.T.);
#6339=ADVANCED_FACE('',(#47),#5767,.T.);
#6340=ADVANCED_FACE('',(#48),#5768,.T.);
#6341=ADVANCED_FACE('',(#49),#5769,.T.);
#6342=ADVANCED_FACE('',(#50),#5770,.T.);
#6343=ADVANCED_FACE('',(#51),#5771,.T.);
#6344=ADVANCED_FACE('',(#52),#5772,.T.);
#6345=ADVANCED_FACE('',(#53),#5773,.T.);
#6346=ADVANCED_FACE('',(#54),#5774,.T.);
#6347=ADVANCED_FACE('',(#55),#5775,.T.);
#6348=ADVANCED_FACE('',(#56),#5776,.T.);
#6349=ADVANCED_FACE('',(#57),#5777,.T.);
#6350=ADVANCED_FACE('',(#58),#5778,.T.);
#6351=ADVANCED_FACE('',(#59),#5779,.T.);
#6352=ADVANCED_FACE('',(#60),#5780,.T.);
#6353=ADVANCED_FACE('',(#61),#5781,.T.);
#6354=ADVANCED_FACE('',(#62),#5782,.T.);
#6355=ADVANCED_FACE('',(#63),#5783,.T.);
#6356=ADVANCED_FACE('',(#64),#5784,.T.);
#6357=ADVANCED_FACE('',(#65),#5785,.T.);
#6358=ADVANCED_FACE('',(#66),#5786,.T.);
#6359=ADVANCED_FACE('',(#67),#5787,.T.);
#6360=ADVANCED_FACE('',(#68),#5788,.T.);
#6361=ADVANCED_FACE('',(#69),#5789,.T.);
#6362=ADVANCED_FACE('',(#70),#5790,.T.);
#6363=ADVANCED_FACE('',(#71),#5791,.T.);
#6364=ADVANCED_FACE('',(#72),#5792,.T.);
#6365=ADVANCED_FACE('',(#73),#5793,.T.);
#6366=ADVANCED_FACE('',(#74),#5794,.T.);
#6367=ADVANCED_FACE('',(#75),#5795,.T.);
#6368=ADVANCED_FACE('',(#76),#5796,.T.);
#6369=ADVANCED_FACE('',(#77),#5797,.T.);
#6370=ADVANCED_FACE('',(#78),#5798,.T.);
#6371=ADVANCED_FACE('',(#79),#5799,.T.);
#6372=ADVANCED_FACE('',(#80),#5800,.T.);
#6373=ADVANCED_FACE('',(#81),#5801,.T.);
#6374=ADVANCED_FACE('',(#82),#5802,.T.);
#6375=ADVANCED_FACE('',(#83),#5803,.T.);
#6376=ADVANCED_FACE('',(#84),#5804,.T.);
#6377=ADVANCED_FACE('',(#85),#5805,.T.);
#6378=ADVANCED_FACE('',(#86),#5806,.T.);
#6379=ADVANCED_FACE('',(#87),#5807,.T.);
#6380=ADVANCED_FACE('',(#88),#5808,.T.);
#6381=ADVANCED_FACE('',(#89),#5809,.T.);
#6382=ADVANCED_FACE('',(#90),#5810,.T.);
#6383=ADVANCED_FACE('',(#91),#5811,.T.);
#6384=ADVANCED_FACE('',(#92),#5812,.T.);
#6385=ADVANCED_FACE('',(#93),#5813,.T.);
#6386=ADVANCED_FACE('',(#94),#5814,.T.);
#6387=ADVANCED_FACE('',(#95),#5815,.T.);
#6388=ADVANCED_FACE('',(#96),#5816,.T.);
#6389=ADVANCED_FACE('',(#97),#5817,.T.);
#6390=ADVANCED_FACE('',(#98),#5818,.T.);
#6391=ADVANCED_FACE('',(#99),#5819,.T.);
#6392=ADVANCED_FACE('',(#100),#5820,.T.);
#6393=ADVANCED_FACE('',(#101),#5821,.T.);
#6394=ADVANCED_FACE('',(#102),#5822,.T.);
#6395=ADVANCED_FACE('',(#103),#5823,.T.);
#6396=ADVANCED_FACE('',(#104),#5824,.T.);
#6397=ADVANCED_FACE('',(#105),#5825,.T.);
#6398=ADVANCED_FACE('',(#106),#5826,.T.);
#6399=ADVANCED_FACE('',(#107),#5827,.T.);
#6400=ADVANCED_FACE('',(#108),#5828,.T.);
#6401=ADVANCED_FACE('',(#109),#5829,.T.);
#6402=ADVANCED_FACE('',(#110),#5830,.T.);
#6403=ADVANCED_FACE('',(#111),#5831,.T.);
#6404=ADVANCED_FACE('',(#112),#5832,.T.);
#6405=ADVANCED_FACE('',(#113),#5833,.T.);
#6406=ADVANCED_FACE('',(#114),#5834,.T.);
#6407=ADVANCED_FACE('',(#115),#5835,.T.);
#6408=ADVANCED_FACE('',(#116),#5836,.T.);
#6409=ADVANCED_FACE('',(#117),#5837,.T.);
#6410=ADVANCED_FACE('',(#118),#5838,.T.);
#6411=ADVANCED_FACE('',(#119),#5839,.T.);
#6412=ADVANCED_FACE('',(#120),#5840,.T.);
#6413=ADVANCED_FACE('',(#121),#5841,.T.);
#6414=ADVANCED_FACE('',(#122),#5842,.T.);
#6415=ADVANCED_FACE('',(#123),#5843,.T.);
#6416=ADVANCED_FACE('',(#124),#5844,.T.);
#6417=ADVANCED_FACE('',(#125),#5845,.T.);
#6418=ADVANCED_FACE('',(#126),#5846,.T.);
#6419=ADVANCED_FACE('',(#127),#5847,.T.);
#6420=ADVANCED_FACE('',(#128),#5848,.T.);
#6421=ADVANCED_FACE('',(#129),#5849,.T.);
#6422=ADVANCED_FACE('',(#130),#5850,.T.);
#6423=ADVANCED_FACE('',(#131),#5851,.T.);
#6424=ADVANCED_FACE('',(#132),#5852,.T.);
#6425=ADVANCED_FACE('',(#133),#5853,.T.);
#6426=ADVANCED_FACE('',(#134),#5854,.T.);
#6427=ADVANCED_FACE('',(#135),#5855,.T.);
#6428=ADVANCED_FACE('',(#136),#5856,.T.);
#6429=ADVANCED_FACE('',(#137),#5857,.T.);
#6430=ADVANCED_FACE('',(#138),#5858,.T.);
#6431=ADVANCED_FACE('',(#139),#5859,.T.);
#6432=ADVANCED_FACE('',(#140),#5860,.T.);
#6433=ADVANCED_FACE('',(#141),#5861,.T.);
#6434=ADVANCED_FACE('',(#142),#5862,.T.);
#6435=ADVANCED_FACE('',(#143),#5863,.T.);
#6436=ADVANCED_FACE('',(#144),#5864,.T.);
#6437=ADVANCED_FACE('',(#145),#5865,.T.);
#6438=ADVANCED_FACE('',(#146),#5866,.T.);
#6439=ADVANCED_FACE('',(#147),#5867,.T.);
#6440=ADVANCED_FACE('',(#148),#5868,.T.);
#6441=ADVANCED_FACE('',(#149),#5869,.T.);
#6442=ADVANCED_FACE('',(#150),#5870,.T.);
#6443=ADVANCED_FACE('',(#151),#5871,.T.);
#6444=ADVANCED_FACE('',(#152),#5872,.T.);
#6445=ADVANCED_FACE('',(#153),#5873,.T.);
#6446=ADVANCED_FACE('',(#154),#5874,.T.);
#6447=ADVANCED_FACE('',(#155),#5875,.T.);
#6448=ADVANCED_FACE('',(#156),#5876,.T.);
#6449=ADVANCED_FACE('',(#157),#5877,.T.);
#6450=ADVANCED_FACE('',(#158),#5878,.T.);
#6451=ADVANCED_FACE('',(#159),#5879,.T.);
#6452=ADVANCED_FACE('',(#160),#5880,.T.);
#6453=ADVANCED_FACE('',(#161),#5881,.T.);
#6454=ADVANCED_FACE('',(#162),#5882,.T.);
#6455=ADVANCED_FACE('',(#163),#5883,.T.);
#6456=ADVANCED_FACE('',(#164),#5884,.T.);
#6457=ADVANCED_FACE('',(#165),#5885,.T.);
#6458=ADVANCED_FACE('',(#166),#5886,.T.);
#6459=ADVANCED_FACE('',(#167),#5887,.T.);
#6460=ADVANCED_FACE('',(#168),#5888,.T.);
#6461=ADVANCED_FACE('',(#169),#5889,.T.);
#6462=ADVANCED_FACE('',(#170),#5890,.T.);
#6463=ADVANCED_FACE('',(#171),#5891,.T.);
#6464=ADVANCED_FACE('',(#172),#5892,.T.);
#6465=ADVANCED_FACE('',(#173),#5893,.T.);
#6466=ADVANCED_FACE('',(#174),#5894,.T.);
#6467=ADVANCED_FACE('',(#175),#5895,.T.);
#6468=ADVANCED_FACE('',(#176),#5896,.T.);
#6469=ADVANCED_FACE('',(#177),#5897,.T.);
#6470=ADVANCED_FACE('',(#178),#5898,.T.);
#6471=ADVANCED_FACE('',(#179),#5899,.T.);
#6472=ADVANCED_FACE('',(#180),#5900,.T.);
#6473=ADVANCED_FACE('',(#181),#5901,.T.);
#6474=ADVANCED_FACE('',(#182),#5902,.T.);
#6475=ADVANCED_FACE('',(#183),#5903,.T.);
#6476=ADVANCED_FACE('',(#184),#5904,.T.);
#6477=ADVANCED_FACE('',(#185),#5905,.T.);
#6478=ADVANCED_FACE('',(#186),#5906,.T.);
#6479=ADVANCED_FACE('',(#187),#5907,.T.);
#6480=ADVANCED_FACE('',(#188),#5908,.T.);
#6481=ADVANCED_FACE('',(#189),#5909,.T.);
#6482=ADVANCED_FACE('',(#190),#5910,.T.);
#6483=ADVANCED_FACE('',(#191),#5911,.T.);
#6484=ADVANCED_FACE('',(#192),#5912,.T.);
#6485=ADVANCED_FACE('',(#193),#5913,.T.);
#6486=ADVANCED_FACE('',(#194),#5914,.T.);
#6487=ADVANCED_FACE('',(#195),#5915,.T.);
#6488=ADVANCED_FACE('',(#196),#5916,.T.);
#6489=ADVANCED_FACE('',(#197),#5917,.T.);
#6490=ADVANCED_FACE('',(#198),#5918,.T.);
#6491=ADVANCED_FACE('',(#199),#5919,.T.);
#6492=ADVANCED_FACE('',(#200),#5920,.T.);
#6493=ADVANCED_FACE('',(#201),#5921,.T.);
#6494=ADVANCED_FACE('',(#202),#5922,.T.);
#6495=ADVANCED_FACE('',(#203),#5923,.T.);
#6496=ADVANCED_FACE('',(#204),#5924,.T.);
#6497=ADVANCED_FACE('',(#205),#5925,.T.);
#6498=ADVANCED_FACE('',(#206),#5926,.T.);
#6499=ADVANCED_FACE('',(#207),#5927,.T.);
#6500=ADVANCED_FACE('',(#208),#5928,.T.);
#6501=ADVANCED_FACE('',(#209),#5929,.T.);
#6502=ADVANCED_FACE('',(#210),#5930,.T.);
#6503=ADVANCED_FACE('',(#211),#5931,.T.);
#6504=ADVANCED_FACE('',(#212),#5932,.T.);
#6505=ADVANCED_FACE('',(#213),#5933,.T.);
#6506=ADVANCED_FACE('',(#214),#5934,.T.);
#6507=ADVANCED_FACE('',(#215),#5935,.T.);
#6508=ADVANCED_FACE('',(#216),#5936,.T.);
#6509=ADVANCED_FACE('',(#217),#5937,.T.);
#6510=ADVANCED_FACE('',(#218),#5938,.T.);
#6511=ADVANCED_FACE('',(#219),#5939,.T.);
#6512=ADVANCED_FACE('',(#220),#5940,.T.);
#6513=ADVANCED_FACE('',(#221),#5941,.T.);
#6514=ADVANCED_FACE('',(#222),#5942,.T.);
#6515=ADVANCED_FACE('',(#223),#5943,.T.);
#6516=ADVANCED_FACE('',(#224),#5944,.T.);
#6517=ADVANCED_FACE('',(#225),#5945,.T.);
#6518=ADVANCED_FACE('',(#226),#5946,.T.);
#6519=ADVANCED_FACE('',(#227),#5947,.T.);
#6520=ADVANCED_FACE('',(#228),#5948,.T.);
#6521=ADVANCED_FACE('',(#229),#5949,.T.);
#6522=ADVANCED_FACE('',(#230),#5950,.T.);
#6523=ADVANCED_FACE('',(#231),#5951,.T.);
#6524=ADVANCED_FACE('',(#232),#5952,.T.);
#6525=ADVANCED_FACE('',(#233),#5953,.T.);
#6526=ADVANCED_FACE('',(#234),#5954,.T.);
#6527=ADVANCED_FACE('',(#235),#5955,.T.);
#6528=ADVANCED_FACE('',(#236),#5956,.T.);
#6529=ADVANCED_FACE('',(#237),#5957,.T.);
#6530=ADVANCED_FACE('',(#238),#5958,.T.);
#6531=ADVANCED_FACE('',(#239),#5959,.T.);
#6532=ADVANCED_FACE('',(#240),#5960,.T.);
#6533=ADVANCED_FACE('',(#241),#5961,.T.);
#6534=ADVANCED_FACE('',(#242),#5962,.T.);
#6535=ADVANCED_FACE('',(#243),#5963,.T.);
#6536=ADVANCED_FACE('',(#244),#5964,.T.);
#6537=ADVANCED_FACE('',(#245),#5965,.T.);
#6538=ADVANCED_FACE('',(#246),#5966,.T.);
#6539=ADVANCED_FACE('',(#247),#5967,.T.);
#6540=ADVANCED_FACE('',(#248),#5968,.T.);
#6541=ADVANCED_FACE('',(#249),#5969,.T.);
#6542=ADVANCED_FACE('',(#250),#5970,.T.);
#6543=ADVANCED_FACE('',(#251),#5971,.T.);
#6544=ADVANCED_FACE('',(#252),#5972,.T.);
#6545=ADVANCED_FACE('',(#253),#5973,.T.);
#6546=ADVANCED_FACE('',(#254),#5974,.T.);
#6547=ADVANCED_FACE('',(#255),#5975,.T.);
#6548=ADVANCED_FACE('',(#256),#5976,.T.);
#6549=ADVANCED_FACE('',(#257),#5977,.T.);
#6550=ADVANCED_FACE('',(#258),#5978,.T.);
#6551=ADVANCED_FACE('',(#259),#5979,.T.);
#6552=ADVANCED_FACE('',(#260),#5980,.T.);
#6553=ADVANCED_FACE('',(#261),#5981,.T.);
#6554=ADVANCED_FACE('',(#262),#5982,.T.);
#6555=ADVANCED_FACE('',(#263),#5983,.T.);
#6556=ADVANCED_FACE('',(#264),#5984,.T.);
#6557=ADVANCED_FACE('',(#265),#5985,.T.);
#6558=ADVANCED_FACE('',(#266),#5986,.T.);
#6559=ADVANCED_FACE('',(#267),#5987,.T.);
#6560=ADVANCED_FACE('',(#268),#5988,.T.);
#6561=ADVANCED_FACE('',(#269),#5989,.T.);
#6562=ADVANCED_FACE('',(#270),#5990,.T.);
#6563=ADVANCED_FACE('',(#271),#5991,.T.);
#6564=ADVANCED_FACE('',(#272),#5992,.T.);
#6565=ADVANCED_FACE('',(#273),#5993,.T.);
#6566=ADVANCED_FACE('',(#274),#5994,.T.);
#6567=ADVANCED_FACE('',(#275),#5995,.T.);
#6568=ADVANCED_FACE('',(#276),#5996,.T.);
#6569=ADVANCED_FACE('',(#277),#5997,.T.);
#6570=ADVANCED_FACE('',(#278),#5998,.T.);
#6571=ADVANCED_FACE('',(#279),#5999,.T.);
#6572=ADVANCED_FACE('',(#280),#6000,.T.);
#6573=ADVANCED_FACE('',(#281),#6001,.T.);
#6574=ADVANCED_FACE('',(#282),#6002,.T.);
#6575=ADVANCED_FACE('',(#283),#6003,.T.);
#6576=ADVANCED_FACE('',(#284),#6004,.T.);
#6577=ADVANCED_FACE('',(#285),#6005,.T.);
#6578=ADVANCED_FACE('',(#286),#6006,.T.);
#6579=ADVANCED_FACE('',(#287),#6007,.T.);
#6580=ADVANCED_FACE('',(#288),#6008,.T.);
#6581=ADVANCED_FACE('',(#289),#6009,.T.);
#6582=ADVANCED_FACE('',(#290),#6010,.T.);
#6583=ADVANCED_FACE('',(#291),#6011,.T.);
#6584=ADVANCED_FACE('',(#292),#6012,.T.);
#6585=ADVANCED_FACE('',(#293),#6013,.T.);
#6586=ADVANCED_FACE('',(#294),#6014,.T.);
#6587=ADVANCED_FACE('',(#295),#6015,.T.);
#6588=ADVANCED_FACE('',(#296),#6016,.T.);
#6589=ADVANCED_FACE('',(#297),#6017,.T.);
#6590=ADVANCED_FACE('',(#298),#6018,.T.);
#6591=ADVANCED_FACE('',(#299),#6019,.T.);
#6592=ADVANCED_FACE('',(#300),#6020,.T.);
#6593=ADVANCED_FACE('',(#301),#6021,.T.);
#6594=ADVANCED_FACE('',(#302),#6022,.T.);
#6595=ADVANCED_FACE('',(#303),#6023,.T.);
#6596=ADVANCED_FACE('',(#304),#6024,.T.);
#6597=ADVANCED_FACE('',(#305),#6025,.T.);
#6598=ADVANCED_FACE('',(#306),#6026,.T.);
#6599=ADVANCED_FACE('',(#307),#6027,.T.);
#6600=ADVANCED_FACE('',(#308),#6028,.T.);
#6601=ADVANCED_FACE('',(#309),#6029,.T.);
#6602=ADVANCED_FACE('',(#310),#6030,.T.);
#6603=ADVANCED_FACE('',(#311),#6031,.T.);
#6604=ADVANCED_FACE('',(#312),#6032,.T.);
#6605=ADVANCED_FACE('',(#313),#6033,.T.);
#6606=ADVANCED_FACE('',(#314),#6034,.T.);
#6607=ADVANCED_FACE('',(#315),#6035,.T.);
#6608=ADVANCED_FACE('',(#316),#6036,.T.);
#6609=ADVANCED_FACE('',(#317),#6037,.T.);
#6610=ADVANCED_FACE('',(#318),#6038,.T.);
#6611=ADVANCED_FACE('',(#319),#6039,.T.);
#6612=ADVANCED_FACE('',(#320),#6040,.T.);
#6613=ADVANCED_FACE('',(#321),#6041,.T.);
#6614=ADVANCED_FACE('',(#322),#6042,.T.);
#6615=ADVANCED_FACE('',(#323),#6043,.T.);
#6616=ADVANCED_FACE('',(#324),#6044,.T.);
#6617=ADVANCED_FACE('',(#325),#6045,.T.);
#6618=ADVANCED_FACE('',(#326),#6046,.T.);
#6619=ADVANCED_FACE('',(#327),#6047,.T.);
#6620=ADVANCED_FACE('',(#328),#6048,.T.);
#6621=ADVANCED_FACE('',(#329),#6049,.T.);
#6622=ADVANCED_FACE('',(#330),#6050,.T.);
#6623=ADVANCED_FACE('',(#331),#6051,.T.);
#6624=ADVANCED_FACE('',(#332),#6052,.T.);
#6625=ADVANCED_FACE('',(#333),#6053,.T.);
#6626=ADVANCED_FACE('',(#334),#6054,.T.);
#6627=ADVANCED_FACE('',(#335),#6055,.T.);
#6628=ADVANCED_FACE('',(#336),#6056,.T.);
#6629=ADVANCED_FACE('',(#337),#6057,.T.);
#6630=ADVANCED_FACE('',(#338),#6058,.T.);
#6631=ADVANCED_FACE('',(#339),#6059,.T.);
#6632=ADVANCED_FACE('',(#340),#6060,.T.);
#6633=ADVANCED_FACE('',(#341),#6061,.T.);
#6634=ADVANCED_FACE('',(#342),#6062,.T.);
#6635=ADVANCED_FACE('',(#343),#6063,.T.);
#6636=ADVANCED_FACE('',(#344),#6064,.T.);
#6637=ADVANCED_FACE('',(#345),#6065,.T.);
#6638=ADVANCED_FACE('',(#346),#6066,.T.);
#6639=ADVANCED_FACE('',(#347),#6067,.T.);
#6640=ADVANCED_FACE('',(#348),#6068,.T.);
#6641=ADVANCED_FACE('',(#349),#6069,.T.);
#6642=ADVANCED_FACE('',(#350),#6070,.T.);
#6643=ADVANCED_FACE('',(#351),#6071,.T.);
#6644=ADVANCED_FACE('',(#352),#6072,.T.);
#6645=ADVANCED_FACE('',(#353),#6073,.T.);
#6646=ADVANCED_FACE('',(#354),#6074,.T.);
#6647=ADVANCED_FACE('',(#355),#6075,.T.);
#6648=ADVANCED_FACE('',(#356),#6076,.T.);
#6649=ADVANCED_FACE('',(#357),#6077,.T.);
#6650=ADVANCED_FACE('',(#358),#6078,.T.);
#6651=ADVANCED_FACE('',(#359),#6079,.T.);
#6652=ADVANCED_FACE('',(#360),#6080,.T.);
#6653=ADVANCED_FACE('',(#361),#6081,.T.);
#6654=ADVANCED_FACE('',(#362),#6082,.T.);
#6655=ADVANCED_FACE('',(#363),#6083,.T.);
#6656=ADVANCED_FACE('',(#364),#6084,.T.);
#6657=ADVANCED_FACE('',(#365),#6085,.T.);
#6658=ADVANCED_FACE('',(#366),#6086,.T.);
#6659=ADVANCED_FACE('',(#367),#6087,.T.);
#6660=ADVANCED_FACE('',(#368),#6088,.T.);
#6661=ADVANCED_FACE('',(#369),#6089,.T.);
#6662=ADVANCED_FACE('',(#370),#6090,.T.);
#6663=ADVANCED_FACE('',(#371),#6091,.T.);
#6664=ADVANCED_FACE('',(#372),#6092,.T.);
#6665=ADVANCED_FACE('',(#373),#6093,.T.);
#6666=ADVANCED_FACE('',(#374),#6094,.T.);
#6667=ADVANCED_FACE('',(#375),#6095,.T.);
#6668=ADVANCED_FACE('',(#376),#6096,.T.);
#6669=ADVANCED_FACE('',(#377),#6097,.T.);
#6670=ADVANCED_FACE('',(#378),#6098,.T.);
#6671=ADVANCED_FACE('',(#379),#6099,.T.);
#6672=ADVANCED_FACE('',(#380),#6100,.T.);
#6673=ADVANCED_FACE('',(#381),#6101,.T.);
#6674=ADVANCED_FACE('',(#382),#6102,.T.);
#6675=ADVANCED_FACE('',(#383),#6103,.T.);
#6676=ADVANCED_FACE('',(#384),#6104,.T.);
#6677=ADVANCED_FACE('',(#385),#6105,.T.);
#6678=ADVANCED_FACE('',(#386),#6106,.T.);
#6679=ADVANCED_FACE('',(#387),#6107,.T.);
#6680=ADVANCED_FACE('',(#388),#6108,.T.);
#6681=ADVANCED_FACE('',(#389),#6109,.T.);
#6682=ADVANCED_FACE('',(#390),#6110,.T.);
#6683=ADVANCED_FACE('',(#391),#6111,.T.);
#6684=ADVANCED_FACE('',(#392),#6112,.T.);
#6685=ADVANCED_FACE('',(#393),#6113,.T.);
#6686=ADVANCED_FACE('',(#394),#6114,.T.);
#6687=ADVANCED_FACE('',(#395),#6115,.T.);
#6688=ADVANCED_FACE('',(#396),#6116,.T.);
#6689=ADVANCED_FACE('',(#397),#6117,.T.);
#6690=ADVANCED_FACE('',(#398),#6118,.T.);
#6691=ADVANCED_FACE('',(#399),#6119,.T.);
#6692=ADVANCED_FACE('',(#400),#6120,.T.);
#6693=ADVANCED_FACE('',(#401),#6121,.T.);
#6694=ADVANCED_FACE('',(#402),#6122,.T.);
#6695=ADVANCED_FACE('',(#403),#6123,.T.);
#6696=ADVANCED_FACE('',(#404),#6124,.T.);
#6697=ADVANCED_FACE('',(#405),#6125,.T.);
#6698=ADVANCED_FACE('',(#406),#6126,.T.);
#6699=ADVANCED_FACE('',(#407),#6127,.T.);
#6700=ADVANCED_FACE('',(#408),#6128,.T.);
#6701=ADVANCED_FACE('',(#409),#6129,.T.);
#6702=ADVANCED_FACE('',(#410),#6130,.T.);
#6703=ADVANCED_FACE('',(#411),#6131,.T.);
#6704=ADVANCED_FACE('',(#412),#6132,.T.);
#6705=ADVANCED_FACE('',(#413),#6133,.T.);
#6706=ADVANCED_FACE('',(#414),#6134,.T.);
#6707=ADVANCED_FACE('',(#415),#6135,.T.);
#6708=ADVANCED_FACE('',(#416),#6136,.T.);
#6709=ADVANCED_FACE('',(#417),#6137,.T.);
#6710=ADVANCED_FACE('',(#418),#6138,.T.);
#6711=ADVANCED_FACE('',(#419),#6139,.T.);
#6712=ADVANCED_FACE('',(#420),#6140,.T.);
#6713=ADVANCED_FACE('',(#421),#6141,.T.);
#6714=ADVANCED_FACE('',(#422),#6142,.T.);
#6715=ADVANCED_FACE('',(#423),#6143,.T.);
#6716=ADVANCED_FACE('',(#424),#6144,.T.);
#6717=ADVANCED_FACE('',(#425),#6145,.T.);
#6718=ADVANCED_FACE('',(#426),#6146,.T.);
#6719=ADVANCED_FACE('',(#427),#6147,.T.);
#6720=ADVANCED_FACE('',(#428),#6148,.T.);
#6721=ADVANCED_FACE('',(#429),#6149,.T.);
#6722=ADVANCED_FACE('',(#430),#6150,.T.);
#6723=ADVANCED_FACE('',(#431),#6151,.T.);
#6724=ADVANCED_FACE('',(#432),#6152,.T.);
#6725=ADVANCED_FACE('',(#433),#6153,.T.);
#6726=ADVANCED_FACE('',(#434),#6154,.T.);
#6727=ADVANCED_FACE('',(#435),#6155,.T.);
#6728=ADVANCED_FACE('',(#436),#6156,.T.);
#6729=ADVANCED_FACE('',(#437),#6157,.T.);
#6730=ADVANCED_FACE('',(#438),#6158,.T.);
#6731=ADVANCED_FACE('',(#439),#6159,.T.);
#6732=ADVANCED_FACE('',(#440),#6160,.T.);
#6733=ADVANCED_FACE('',(#441),#6161,.T.);
#6734=ADVANCED_FACE('',(#442),#6162,.T.);
#6735=ADVANCED_FACE('',(#443),#6163,.T.);
#6736=ADVANCED_FACE('',(#444),#6164,.T.);
#6737=ADVANCED_FACE('',(#445),#6165,.T.);
#6738=ADVANCED_FACE('',(#446),#6166,.T.);
#6739=ADVANCED_FACE('',(#447),#6167,.T.);
#6740=ADVANCED_FACE('',(#448),#6168,.T.);
#6741=ADVANCED_FACE('',(#449),#6169,.T.);
#6742=ADVANCED_FACE('',(#450),#6170,.T.);
#6743=ADVANCED_FACE('',(#451),#6171,.T.);
#6744=ADVANCED_FACE('',(#452),#6172,.T.);
#6745=ADVANCED_FACE('',(#453),#6173,.T.);
#6746=ADVANCED_FACE('',(#454),#6174,.T.);
#6747=ADVANCED_FACE('',(#455),#6175,.T.);
#6748=ADVANCED_FACE('',(#456),#6176,.T.);
#6749=ADVANCED_FACE('',(#457),#6177,.T.);
#6750=ADVANCED_FACE('',(#458),#6178,.T.);
#6751=ADVANCED_FACE('',(#459),#6179,.T.);
#6752=ADVANCED_FACE('',(#460),#6180,.T.);
#6753=ADVANCED_FACE('',(#461),#6181,.T.);
#6754=ADVANCED_FACE('',(#462),#6182,.T.);
#6755=ADVANCED_FACE('',(#463),#6183,.T.);
#6756=ADVANCED_FACE('',(#464),#6184,.T.);
#6757=ADVANCED_FACE('',(#465),#6185,.T.);
#6758=ADVANCED_FACE('',(#466),#6186,.T.);
#6759=ADVANCED_FACE('',(#467),#6187,.T.);
#6760=ADVANCED_FACE('',(#468),#6188,.T.);
#6761=ADVANCED_FACE('',(#469),#6189,.T.);
#6762=ADVANCED_FACE('',(#470),#6190,.T.);
#6763=ADVANCED_FACE('',(#471),#6191,.T.);
#6764=ADVANCED_FACE('',(#472),#6192,.T.);
#6765=ADVANCED_FACE('',(#473),#6193,.T.);
#6766=ADVANCED_FACE('',(#474),#6194,.T.);
#6767=ADVANCED_FACE('',(#475),#6195,.T.);
#6768=ADVANCED_FACE('',(#476),#6196,.T.);
#6769=ADVANCED_FACE('',(#477),#6197,.T.);
#6770=ADVANCED_FACE('',(#478),#6198,.T.);
#6771=ADVANCED_FACE('',(#479),#6199,.T.);
#6772=ADVANCED_FACE('',(#480),#6200,.T.);
#6773=ADVANCED_FACE('',(#481),#6201,.T.);
#6774=ADVANCED_FACE('',(#482),#6202,.T.);
#6775=ADVANCED_FACE('',(#483),#6203,.T.);
#6776=ADVANCED_FACE('',(#484),#6204,.T.);
#6777=ADVANCED_FACE('',(#485),#6205,.T.);
#6778=ADVANCED_FACE('',(#486),#6206,.T.);
#6779=ADVANCED_FACE('',(#487),#6207,.T.);
#6780=ADVANCED_FACE('',(#488),#6208,.T.);
#6781=ADVANCED_FACE('',(#489),#6209,.T.);
#6782=ADVANCED_FACE('',(#490),#6210,.T.);
#6783=ADVANCED_FACE('',(#491),#6211,.T.);
#6784=ADVANCED_FACE('',(#492),#6212,.T.);
#6785=ADVANCED_FACE('',(#493),#6213,.T.);
#6786=ADVANCED_FACE('',(#494),#6214,.T.);
#6787=ADVANCED_FACE('',(#495),#6215,.T.);
#6788=ADVANCED_FACE('',(#496),#6216,.T.);
#6789=ADVANCED_FACE('',(#497),#6217,.T.);
#6790=ADVANCED_FACE('',(#498),#6218,.T.);
#6791=ADVANCED_FACE('',(#499),#6219,.T.);
#6792=ADVANCED_FACE('',(#500),#6220,.T.);
#6793=ADVANCED_FACE('',(#501),#6221,.T.);
#6794=ADVANCED_FACE('',(#502),#6222,.T.);
#6795=ADVANCED_FACE('',(#503),#6223,.T.);
#6796=ADVANCED_FACE('',(#504),#6224,.T.);
#6797=ADVANCED_FACE('',(#505),#6225,.T.);
#6798=ADVANCED_FACE('',(#506),#6226,.T.);
#6799=ADVANCED_FACE('',(#507),#6227,.T.);
#6800=ADVANCED_FACE('',(#508),#6228,.T.);
#6801=ADVANCED_FACE('',(#509),#6229,.T.);
#6802=ADVANCED_FACE('',(#510),#6230,.T.);
#6803=ADVANCED_FACE('',(#511),#6231,.T.);
#6804=ADVANCED_FACE('',(#512),#6232,.T.);
#6805=ADVANCED_FACE('',(#513),#6233,.T.);
#6806=ADVANCED_FACE('',(#514),#6234,.T.);
#6807=ADVANCED_FACE('',(#515),#6235,.T.);
#6808=ADVANCED_FACE('',(#516),#6236,.T.);
#6809=ADVANCED_FACE('',(#517),#6237,.T.);
#6810=ADVANCED_FACE('',(#518),#6238,.T.);
#6811=ADVANCED_FACE('',(#519),#6239,.T.);
#6812=ADVANCED_FACE('',(#520),#6240,.T.);
#6813=ADVANCED_FACE('',(#521),#6241,.T.);
#6814=ADVANCED_FACE('',(#522),#6242,.T.);
#6815=ADVANCED_FACE('',(#523),#6243,.T.);
#6816=ADVANCED_FACE('',(#524),#6244,.T.);
#6817=ADVANCED_FACE('',(#525),#6245,.T.);
#6818=ADVANCED_FACE('',(#526),#6246,.T.);
#6819=ADVANCED_FACE('',(#527),#6247,.T.);
#6820=ADVANCED_FACE('',(#528),#6248,.T.);
#6821=ADVANCED_FACE('',(#529),#6249,.T.);
#6822=ADVANCED_FACE('',(#530),#6250,.T.);
#6823=ADVANCED_FACE('',(#531),#6251,.T.);
#6824=ADVANCED_FACE('',(#532),#6252,.T.);
#6825=ADVANCED_FACE('',(#533),#6253,.T.);
#6826=ADVANCED_FACE('',(#534),#6254,.T.);
#6827=ADVANCED_FACE('',(#535),#6255,.T.);
#6828=ADVANCED_FACE('',(#536),#6256,.T.);
#6829=ADVANCED_FACE('',(#537),#6257,.T.);
#6830=ADVANCED_FACE('',(#538),#6258,.T.);
#6831=ADVANCED_FACE('',(#539),#6259,.T.);
#6832=ADVANCED_FACE('',(#540),#6260,.T.);
#6833=ADVANCED_FACE('',(#541),#6261,.T.);
#6834=ADVANCED_FACE('',(#542),#6262,.T.);
#6835=ADVANCED_FACE('',(#543),#6263,.T.);
#6836=ADVANCED_FACE('',(#544),#6264,.T.);
#6837=ADVANCED_FACE('',(#545),#6265,.T.);
#6838=ADVANCED_FACE('',(#546),#6266,.T.);
#6839=ADVANCED_FACE('',(#547),#6267,.T.);
#6840=ADVANCED_FACE('',(#548),#6268,.T.);
#6841=ADVANCED_FACE('',(#549),#6269,.T.);
#6842=ADVANCED_FACE('',(#550),#6270,.T.);
#6843=ADVANCED_FACE('',(#551),#6271,.T.);
#6844=ADVANCED_FACE('',(#552),#6272,.T.);
#6845=ADVANCED_FACE('',(#553),#6273,.T.);
#6846=ADVANCED_FACE('',(#554),#6274,.T.);
#6847=ADVANCED_FACE('',(#555),#6275,.T.);
#6848=ADVANCED_FACE('',(#556),#6276,.T.);
#6849=ADVANCED_FACE('',(#557),#6277,.T.);
#6850=ADVANCED_FACE('',(#558),#6278,.T.);
#6851=ADVANCED_FACE('',(#559),#6279,.T.);
#6852=ADVANCED_FACE('',(#560),#6280,.T.);
#6853=ADVANCED_FACE('',(#561),#6281,.T.);
#6854=ADVANCED_FACE('',(#562),#6282,.T.);
#6855=ADVANCED_FACE('',(#563),#6283,.T.);
#6856=ADVANCED_FACE('',(#564),#6284,.T.);
#6857=ADVANCED_FACE('',(#565),#6285,.T.);
#6858=ADVANCED_FACE('',(#566),#6286,.T.);
#6859=ADVANCED_FACE('',(#567),#6287,.T.);
#6860=ADVANCED_FACE('',(#568),#6288,.T.);
#6861=ADVANCED_FACE('',(#569),#6289,.T.);
#6862=ADVANCED_FACE('',(#570),#6290,.T.);
#6863=ADVANCED_FACE('',(#571),#6291,.T.);
#6864=ADVANCED_FACE('',(#572),#6292,.T.);
#6865=ADVANCED_FACE('',(#573),#6293,.T.);
#6866=ADVANCED_FACE('',(#574),#6294,.T.);
#6867=ADVANCED_FACE('',(#575),#6295,.T.);
#6868=ADVANCED_FACE('',(#576),#6296,.T.);
#6869=ADVANCED_FACE('',(#577),#6297,.T.);
#6870=ADVANCED_FACE('',(#578),#6298,.T.);
#6871=ADVANCED_FACE('',(#579),#6299,.T.);
#6872=ADVANCED_FACE('',(#580),#6300,.T.);
#6873=ADVANCED_FACE('',(#581),#6301,.T.);
#6874=ADVANCED_FACE('',(#582),#6302,.T.);
#6875=ADVANCED_FACE('',(#583),#6303,.T.);
#6876=ADVANCED_FACE('',(#584),#6304,.T.);
#6877=ADVANCED_FACE('',(#585),#6305,.T.);
#6878=ADVANCED_FACE('',(#586),#6306,.T.);
#6879=CLOSED_SHELL('',(#6307,#6308,#6309,#6310,#6311,#6312,#6313,#6314,
#6315,#6316,#6317,#6318,#6319,#6320,#6321,#6322,#6323,#6324,#6325,#6326,
#6327,#6328,#6329,#6330,#6331,#6332,#6333,#6334,#6335,#6336,#6337,#6338,
#6339,#6340,#6341,#6342,#6343,#6344,#6345,#6346,#6347,#6348,#6349,#6350,
#6351,#6352,#6353,#6354,#6355,#6356,#6357,#6358,#6359,#6360,#6361,#6362,
#6363,#6364,#6365,#6366,#6367,#6368,#6369,#6370,#6371,#6372,#6373,#6374,
#6375,#6376,#6377,#6378,#6379,#6380,#6381,#6382,#6383,#6384,#6385,#6386,
#6387,#6388,#6389,#6390,#6391,#6392,#6393,#6394,#6395,#6396,#6397,#6398,
#6399,#6400,#6401,#6402,#6403,#6404,#6405,#6406,#6407,#6408,#6409,#6410,
#6411,#6412,#6413,#6414,#6415,#6416,#6417,#6418,#6419,#6420,#6421,#6422,
#6423,#6424,#6425,#6426,#6427,#6428,#6429,#6430,#6431,#6432,#6433,#6434,
#6435,#6436,#6437,#6438,#6439,#6440,#6441,#6442,#6443,#6444,#6445,#6446,
#6447,#6448,#6449,#6450,#6451,#6452,#6453,#6454,#6455,#6456,#6457,#6458,
#6459,#6460,#6461,#6462,#6463,#6464,#6465,#6466,#6467,#6468,#6469,#6470,
#6471,#6472,#6473,#6474,#6475,#6476,#6477,#6478,#6479,#6480,#6481,#6482,
#6483,#6484,#6485,#6486,#6487,#6488,#6489,#6490,#6491,#6492,#6493,#6494,
#6495,#6496,#6497,#6498,#6499,#6500,#6501,#6502,#6503,#6504,#6505,#6506,
#6507,#6508,#6509,#6510,#6511,#6512,#6513,#6514,#6515,#6516,#6517,#6518,
#6519,#6520,#6521,#6522,#6523,#6524,#6525,#6526,#6527,#6528,#6529,#6530,
#6531,#6532,#6533,#6534,#6535,#6536,#6537,#6538,#6539,#6540,#6541,#6542,
#6543,#6544,#6545,#6546,#6547,#6548,#6549,#6550,#6551,#6552,#6553,#6554,
#6555,#6556,#6557,#6558,#6559,#6560,#6561,#6562,#6563,#6564,#6565,#6566,
#6567,#6568,#6569,#6570,#6571,#6572,#6573,#6574,#6575,#6576,#6577,#6578,
#6579,#6580,#6581,#6582,#6583,#6584,#6585,#6586,#6587,#6588,#6589,#6590,
#6591,#6592,#6593,#6594,#6595,#6596,#6597,#6598,#6599,#6600,#6601,#6602,
#6603,#6604,#6605,#6606,#6607,#6608,#6609,#6610,#6611,#6612,#6613,#6614,
#6615,#6616,#6617,#6618,#6619,#6620,#6621,#6622,#6623,#6624,#6625,#6626,
#6627,#6628,#6629,#6630,#6631,#6632,#6633,#6634,#6635,#6636,#6637,#6638,
#6639,#6640,#6641,#6642,#6643,#6644,#6645,#6646,#6647,#6648,#6649,#6650,
#6651,#6652,#6653,#6654,#6655,#6656,#6657,#6658,#6659,#6660,#6661,#6662,
#6663,#6664,#6665,#6666,#6667,#6668,#6669,#6670,#6671,#6672,#6673,#6674,
#6675,#6676,#6677,#6678,#6679,#6680,#6681,#6682,#6683,#6684,#6685,#6686,
#6687,#6688,#6689,#6690,#6691,#6692,#6693,#6694,#6695,#6696,#6697,#6698,
#6699,#6700,#6701,#6702,#6703,#6704,#6705,#6706,#6707,#6708,#6709,#6710,
#6711,#6712,#6713,#6714,#6715,#6716,#6717,#6718,#6719,#6720,#6721,#6722,
#6723,#6724,#6725,#6726,#6727,#6728,#6729,#6730,#6731,#6732,#6733,#6734,
#6735,#6736,#6737,#6738,#6739,#6740,#6741,#6742,#6743,#6744,#6745,#6746,
#6747,#6748,#6749,#6750,#6751,#6752,#6753,#6754,#6755,#6756,#6757,#6758,
#6759,#6760,#6761,#6762,#6763,#6764,#6765,#6766,#6767,#6768,#6769,#6770,
#6771,#6772,#6773,#6774,#6775,#6776,#6777,#6778,#6779,#6780,#6781,#6782,
#6783,#6784,#6785,#6786,#6787,#6788,#6789,#6790,#6791,#6792,#6793,#6794,
#6795,#6796,#6797,#6798,#6799,#6800,#6801,#6802,#6803,#6804,#6805,#6806,
#6807,#6808,#6809,#6810,#6811,#6812,#6813,#6814,#6815,#6816,#6817,#6818,
#6819,#6820,#6821,#6822,#6823,#6824,#6825,#6826,#6827,#6828,#6829,#6830,
#6831,#6832,#6833,#6834,#6835,#6836,#6837,#6838,#6839,#6840,#6841,#6842,
#6843,#6844,#6845,#6846,#6847,#6848,#6849,#6850,#6851,#6852,#6853,#6854,
#6855,#6856,#6857,#6858,#6859,#6860,#6861,#6862,#6863,#6864,#6865,#6866,
#6867,#6868,#6869,#6870,#6871,#6872,#6873,#6874,#6875,#6876,#6877,#6878));
#6880=DERIVED_UNIT_ELEMENT(#6882,1.);
#6881=DERIVED_UNIT_ELEMENT(#11191,-3.);
#6882=(
MASS_UNIT()
NAMED_UNIT(*)
SI_UNIT(.KILO.,.GRAM.)
);
#6883=DERIVED_UNIT((#6880,#6881));
#6884=MEASURE_REPRESENTATION_ITEM('density measure',
POSITIVE_RATIO_MEASURE(7850.),#6883);
#6885=PROPERTY_DEFINITION_REPRESENTATION(#6890,#6887);
#6886=PROPERTY_DEFINITION_REPRESENTATION(#6891,#6888);
#6887=REPRESENTATION('material name',(#6889),#11188);
#6888=REPRESENTATION('density',(#6884),#11188);
#6889=DESCRIPTIVE_REPRESENTATION_ITEM('Steel','Steel');
#6890=PROPERTY_DEFINITION('material property','material name',#11198);
#6891=PROPERTY_DEFINITION('material property','density of part',#11198);
#6892=AXIS2_PLACEMENT_3D('',#9469,#7465,#7466);
#6893=AXIS2_PLACEMENT_3D('',#9470,#7467,#7468);
#6894=AXIS2_PLACEMENT_3D('',#9477,#7472,#7473);
#6895=AXIS2_PLACEMENT_3D('',#9481,#7476,#7477);
#6896=AXIS2_PLACEMENT_3D('',#9485,#7480,#7481);
#6897=AXIS2_PLACEMENT_3D('',#9489,#7484,#7485);
#6898=AXIS2_PLACEMENT_3D('',#9493,#7488,#7489);
#6899=AXIS2_PLACEMENT_3D('',#9497,#7492,#7493);
#6900=AXIS2_PLACEMENT_3D('',#9501,#7496,#7497);
#6901=AXIS2_PLACEMENT_3D('',#9505,#7500,#7501);
#6902=AXIS2_PLACEMENT_3D('',#9509,#7504,#7505);
#6903=AXIS2_PLACEMENT_3D('',#9513,#7508,#7509);
#6904=AXIS2_PLACEMENT_3D('',#9517,#7512,#7513);
#6905=AXIS2_PLACEMENT_3D('',#9521,#7516,#7517);
#6906=AXIS2_PLACEMENT_3D('',#9525,#7520,#7521);
#6907=AXIS2_PLACEMENT_3D('',#9529,#7524,#7525);
#6908=AXIS2_PLACEMENT_3D('',#9533,#7528,#7529);
#6909=AXIS2_PLACEMENT_3D('',#9537,#7532,#7533);
#6910=AXIS2_PLACEMENT_3D('',#9541,#7536,#7537);
#6911=AXIS2_PLACEMENT_3D('',#9545,#7540,#7541);
#6912=AXIS2_PLACEMENT_3D('',#9549,#7544,#7545);
#6913=AXIS2_PLACEMENT_3D('',#9553,#7548,#7549);
#6914=AXIS2_PLACEMENT_3D('',#9557,#7552,#7553);
#6915=AXIS2_PLACEMENT_3D('',#9561,#7556,#7557);
#6916=AXIS2_PLACEMENT_3D('',#9565,#7560,#7561);
#6917=AXIS2_PLACEMENT_3D('',#9569,#7564,#7565);
#6918=AXIS2_PLACEMENT_3D('',#9573,#7568,#7569);
#6919=AXIS2_PLACEMENT_3D('',#9577,#7572,#7573);
#6920=AXIS2_PLACEMENT_3D('',#9581,#7576,#7577);
#6921=AXIS2_PLACEMENT_3D('',#9585,#7580,#7581);
#6922=AXIS2_PLACEMENT_3D('',#9589,#7584,#7585);
#6923=AXIS2_PLACEMENT_3D('',#9593,#7588,#7589);
#6924=AXIS2_PLACEMENT_3D('',#9597,#7592,#7593);
#6925=AXIS2_PLACEMENT_3D('',#9601,#7596,#7597);
#6926=AXIS2_PLACEMENT_3D('',#9605,#7600,#7601);
#6927=AXIS2_PLACEMENT_3D('',#9609,#7604,#7605);
#6928=AXIS2_PLACEMENT_3D('',#9613,#7608,#7609);
#6929=AXIS2_PLACEMENT_3D('',#9617,#7612,#7613);
#6930=AXIS2_PLACEMENT_3D('',#9621,#7616,#7617);
#6931=AXIS2_PLACEMENT_3D('',#9625,#7620,#7621);
#6932=AXIS2_PLACEMENT_3D('',#9629,#7624,#7625);
#6933=AXIS2_PLACEMENT_3D('',#9633,#7628,#7629);
#6934=AXIS2_PLACEMENT_3D('',#9640,#7633,#7634);
#6935=AXIS2_PLACEMENT_3D('',#9644,#7637,#7638);
#6936=AXIS2_PLACEMENT_3D('',#9648,#7641,#7642);
#6937=AXIS2_PLACEMENT_3D('',#9652,#7645,#7646);
#6938=AXIS2_PLACEMENT_3D('',#9656,#7649,#7650);
#6939=AXIS2_PLACEMENT_3D('',#9660,#7653,#7654);
#6940=AXIS2_PLACEMENT_3D('',#9664,#7657,#7658);
#6941=AXIS2_PLACEMENT_3D('',#9668,#7661,#7662);
#6942=AXIS2_PLACEMENT_3D('',#9672,#7665,#7666);
#6943=AXIS2_PLACEMENT_3D('',#9676,#7669,#7670);
#6944=AXIS2_PLACEMENT_3D('',#9680,#7673,#7674);
#6945=AXIS2_PLACEMENT_3D('',#9684,#7677,#7678);
#6946=AXIS2_PLACEMENT_3D('',#9688,#7681,#7682);
#6947=AXIS2_PLACEMENT_3D('',#9692,#7685,#7686);
#6948=AXIS2_PLACEMENT_3D('',#9696,#7689,#7690);
#6949=AXIS2_PLACEMENT_3D('',#9700,#7693,#7694);
#6950=AXIS2_PLACEMENT_3D('',#9704,#7697,#7698);
#6951=AXIS2_PLACEMENT_3D('',#9708,#7701,#7702);
#6952=AXIS2_PLACEMENT_3D('',#9712,#7705,#7706);
#6953=AXIS2_PLACEMENT_3D('',#9716,#7709,#7710);
#6954=AXIS2_PLACEMENT_3D('',#9720,#7713,#7714);
#6955=AXIS2_PLACEMENT_3D('',#9724,#7717,#7718);
#6956=AXIS2_PLACEMENT_3D('',#9728,#7721,#7722);
#6957=AXIS2_PLACEMENT_3D('',#9732,#7725,#7726);
#6958=AXIS2_PLACEMENT_3D('',#9736,#7729,#7730);
#6959=AXIS2_PLACEMENT_3D('',#9740,#7733,#7734);
#6960=AXIS2_PLACEMENT_3D('',#9744,#7737,#7738);
#6961=AXIS2_PLACEMENT_3D('',#9748,#7741,#7742);
#6962=AXIS2_PLACEMENT_3D('',#9751,#7745,#7746);
#6963=AXIS2_PLACEMENT_3D('',#9755,#7749,#7750);
#6964=AXIS2_PLACEMENT_3D('',#9759,#7753,#7754);
#6965=AXIS2_PLACEMENT_3D('',#9763,#7757,#7758);
#6966=AXIS2_PLACEMENT_3D('',#9767,#7761,#7762);
#6967=AXIS2_PLACEMENT_3D('',#9771,#7765,#7766);
#6968=AXIS2_PLACEMENT_3D('',#9775,#7769,#7770);
#6969=AXIS2_PLACEMENT_3D('',#9779,#7773,#7774);
#6970=AXIS2_PLACEMENT_3D('',#9783,#7777,#7778);
#6971=AXIS2_PLACEMENT_3D('',#9787,#7781,#7782);
#6972=AXIS2_PLACEMENT_3D('',#9791,#7785,#7786);
#6973=AXIS2_PLACEMENT_3D('',#9795,#7789,#7790);
#6974=AXIS2_PLACEMENT_3D('',#9799,#7793,#7794);
#6975=AXIS2_PLACEMENT_3D('',#9801,#7796,#7797);
#6976=AXIS2_PLACEMENT_3D('',#9805,#7800,#7801);
#6977=AXIS2_PLACEMENT_3D('',#9809,#7804,#7805);
#6978=AXIS2_PLACEMENT_3D('',#9813,#7808,#7809);
#6979=AXIS2_PLACEMENT_3D('',#9817,#7812,#7813);
#6980=AXIS2_PLACEMENT_3D('',#9821,#7816,#7817);
#6981=AXIS2_PLACEMENT_3D('',#9825,#7820,#7821);
#6982=AXIS2_PLACEMENT_3D('',#9829,#7824,#7825);
#6983=AXIS2_PLACEMENT_3D('',#9833,#7828,#7829);
#6984=AXIS2_PLACEMENT_3D('',#9837,#7832,#7833);
#6985=AXIS2_PLACEMENT_3D('',#9841,#7836,#7837);
#6986=AXIS2_PLACEMENT_3D('',#9845,#7840,#7841);
#6987=AXIS2_PLACEMENT_3D('',#9849,#7844,#7845);
#6988=AXIS2_PLACEMENT_3D('',#9853,#7848,#7849);
#6989=AXIS2_PLACEMENT_3D('',#9857,#7852,#7853);
#6990=AXIS2_PLACEMENT_3D('',#9861,#7856,#7857);
#6991=AXIS2_PLACEMENT_3D('',#9865,#7860,#7861);
#6992=AXIS2_PLACEMENT_3D('',#9868,#7864,#7865);
#6993=AXIS2_PLACEMENT_3D('',#9870,#7867,#7868);
#6994=AXIS2_PLACEMENT_3D('',#9874,#7871,#7872);
#6995=AXIS2_PLACEMENT_3D('',#9876,#7874,#7875);
#6996=AXIS2_PLACEMENT_3D('',#9880,#7878,#7879);
#6997=AXIS2_PLACEMENT_3D('',#9884,#7882,#7883);
#6998=AXIS2_PLACEMENT_3D('',#9886,#7885,#7886);
#6999=AXIS2_PLACEMENT_3D('',#9888,#7888,#7889);
#7000=AXIS2_PLACEMENT_3D('',#9894,#7893,#7894);
#7001=AXIS2_PLACEMENT_3D('',#9898,#7897,#7898);
#7002=AXIS2_PLACEMENT_3D('',#9902,#7901,#7902);
#7003=AXIS2_PLACEMENT_3D('',#9906,#7905,#7906);
#7004=AXIS2_PLACEMENT_3D('',#9910,#7909,#7910);
#7005=AXIS2_PLACEMENT_3D('',#9914,#7913,#7914);
#7006=AXIS2_PLACEMENT_3D('',#9918,#7917,#7918);
#7007=AXIS2_PLACEMENT_3D('',#9922,#7921,#7922);
#7008=AXIS2_PLACEMENT_3D('',#9926,#7925,#7926);
#7009=AXIS2_PLACEMENT_3D('',#9930,#7929,#7930);
#7010=AXIS2_PLACEMENT_3D('',#9934,#7933,#7934);
#7011=AXIS2_PLACEMENT_3D('',#9938,#7937,#7938);
#7012=AXIS2_PLACEMENT_3D('',#9942,#7941,#7942);
#7013=AXIS2_PLACEMENT_3D('',#9946,#7945,#7946);
#7014=AXIS2_PLACEMENT_3D('',#9950,#7949,#7950);
#7015=AXIS2_PLACEMENT_3D('',#9952,#7952,#7953);
#7016=AXIS2_PLACEMENT_3D('',#9956,#7956,#7957);
#7017=AXIS2_PLACEMENT_3D('',#9960,#7960,#7961);
#7018=AXIS2_PLACEMENT_3D('',#9964,#7964,#7965);
#7019=AXIS2_PLACEMENT_3D('',#9968,#7968,#7969);
#7020=AXIS2_PLACEMENT_3D('',#9972,#7972,#7973);
#7021=AXIS2_PLACEMENT_3D('',#9976,#7976,#7977);
#7022=AXIS2_PLACEMENT_3D('',#9980,#7980,#7981);
#7023=AXIS2_PLACEMENT_3D('',#9984,#7984,#7985);
#7024=AXIS2_PLACEMENT_3D('',#9988,#7988,#7989);
#7025=AXIS2_PLACEMENT_3D('',#9992,#7992,#7993);
#7026=AXIS2_PLACEMENT_3D('',#9996,#7996,#7997);
#7027=AXIS2_PLACEMENT_3D('',#10000,#8000,#8001);
#7028=AXIS2_PLACEMENT_3D('',#10004,#8004,#8005);
#7029=AXIS2_PLACEMENT_3D('',#10008,#8008,#8009);
#7030=AXIS2_PLACEMENT_3D('',#10012,#8012,#8013);
#7031=AXIS2_PLACEMENT_3D('',#10016,#8016,#8017);
#7032=AXIS2_PLACEMENT_3D('',#10020,#8020,#8021);
#7033=AXIS2_PLACEMENT_3D('',#10024,#8024,#8025);
#7034=AXIS2_PLACEMENT_3D('',#10028,#8028,#8029);
#7035=AXIS2_PLACEMENT_3D('',#10032,#8032,#8033);
#7036=AXIS2_PLACEMENT_3D('',#10036,#8036,#8037);
#7037=AXIS2_PLACEMENT_3D('',#10040,#8040,#8041);
#7038=AXIS2_PLACEMENT_3D('',#10044,#8044,#8045);
#7039=AXIS2_PLACEMENT_3D('',#10048,#8048,#8049);
#7040=AXIS2_PLACEMENT_3D('',#10052,#8052,#8053);
#7041=AXIS2_PLACEMENT_3D('',#10055,#8056,#8057);
#7042=AXIS2_PLACEMENT_3D('',#10059,#8060,#8061);
#7043=AXIS2_PLACEMENT_3D('',#10063,#8064,#8065);
#7044=AXIS2_PLACEMENT_3D('',#10067,#8068,#8069);
#7045=AXIS2_PLACEMENT_3D('',#10071,#8072,#8073);
#7046=AXIS2_PLACEMENT_3D('',#10075,#8076,#8077);
#7047=AXIS2_PLACEMENT_3D('',#10079,#8080,#8081);
#7048=AXIS2_PLACEMENT_3D('',#10083,#8084,#8085);
#7049=AXIS2_PLACEMENT_3D('',#10087,#8088,#8089);
#7050=AXIS2_PLACEMENT_3D('',#10091,#8092,#8093);
#7051=AXIS2_PLACEMENT_3D('',#10095,#8096,#8097);
#7052=AXIS2_PLACEMENT_3D('',#10099,#8100,#8101);
#7053=AXIS2_PLACEMENT_3D('',#10103,#8104,#8105);
#7054=AXIS2_PLACEMENT_3D('',#10107,#8108,#8109);
#7055=AXIS2_PLACEMENT_3D('',#10111,#8112,#8113);
#7056=AXIS2_PLACEMENT_3D('',#10115,#8116,#8117);
#7057=AXIS2_PLACEMENT_3D('',#10119,#8120,#8121);
#7058=AXIS2_PLACEMENT_3D('',#10121,#8123,#8124);
#7059=AXIS2_PLACEMENT_3D('',#10123,#8126,#8127);
#7060=AXIS2_PLACEMENT_3D('',#10127,#8130,#8131);
#7061=AXIS2_PLACEMENT_3D('',#10131,#8134,#8135);
#7062=AXIS2_PLACEMENT_3D('',#10135,#8138,#8139);
#7063=AXIS2_PLACEMENT_3D('',#10139,#8142,#8143);
#7064=AXIS2_PLACEMENT_3D('',#10143,#8146,#8147);
#7065=AXIS2_PLACEMENT_3D('',#10147,#8150,#8151);
#7066=AXIS2_PLACEMENT_3D('',#10151,#8154,#8155);
#7067=AXIS2_PLACEMENT_3D('',#10153,#8157,#8158);
#7068=AXIS2_PLACEMENT_3D('',#10157,#8161,#8162);
#7069=AXIS2_PLACEMENT_3D('',#10161,#8165,#8166);
#7070=AXIS2_PLACEMENT_3D('',#10165,#8169,#8170);
#7071=AXIS2_PLACEMENT_3D('',#10169,#8173,#8174);
#7072=AXIS2_PLACEMENT_3D('',#10173,#8177,#8178);
#7073=AXIS2_PLACEMENT_3D('',#10177,#8181,#8182);
#7074=AXIS2_PLACEMENT_3D('',#10181,#8185,#8186);
#7075=AXIS2_PLACEMENT_3D('',#10183,#8188,#8189);
#7076=AXIS2_PLACEMENT_3D('',#10187,#8192,#8193);
#7077=AXIS2_PLACEMENT_3D('',#10191,#8196,#8197);
#7078=AXIS2_PLACEMENT_3D('',#10195,#8200,#8201);
#7079=AXIS2_PLACEMENT_3D('',#10199,#8204,#8205);
#7080=AXIS2_PLACEMENT_3D('',#10203,#8208,#8209);
#7081=AXIS2_PLACEMENT_3D('',#10207,#8212,#8213);
#7082=AXIS2_PLACEMENT_3D('',#10211,#8216,#8217);
#7083=AXIS2_PLACEMENT_3D('',#10215,#8220,#8221);
#7084=AXIS2_PLACEMENT_3D('',#10219,#8224,#8225);
#7085=AXIS2_PLACEMENT_3D('',#10223,#8228,#8229);
#7086=AXIS2_PLACEMENT_3D('',#10227,#8232,#8233);
#7087=AXIS2_PLACEMENT_3D('',#10231,#8236,#8237);
#7088=AXIS2_PLACEMENT_3D('',#10235,#8240,#8241);
#7089=AXIS2_PLACEMENT_3D('',#10237,#8243,#8244);
#7090=AXIS2_PLACEMENT_3D('',#10241,#8247,#8248);
#7091=AXIS2_PLACEMENT_3D('',#10245,#8251,#8252);
#7092=AXIS2_PLACEMENT_3D('',#10249,#8255,#8256);
#7093=AXIS2_PLACEMENT_3D('',#10253,#8259,#8260);
#7094=AXIS2_PLACEMENT_3D('',#10257,#8263,#8264);
#7095=AXIS2_PLACEMENT_3D('',#10261,#8267,#8268);
#7096=AXIS2_PLACEMENT_3D('',#10265,#8271,#8272);
#7097=AXIS2_PLACEMENT_3D('',#10269,#8275,#8276);
#7098=AXIS2_PLACEMENT_3D('',#10273,#8279,#8280);
#7099=AXIS2_PLACEMENT_3D('',#10275,#8282,#8283);
#7100=AXIS2_PLACEMENT_3D('',#10277,#8285,#8286);
#7101=AXIS2_PLACEMENT_3D('',#10279,#8288,#8289);
#7102=AXIS2_PLACEMENT_3D('',#10282,#8292,#8293);
#7103=AXIS2_PLACEMENT_3D('',#10283,#8294,#8295);
#7104=AXIS2_PLACEMENT_3D('',#10287,#8298,#8299);
#7105=AXIS2_PLACEMENT_3D('',#10289,#8301,#8302);
#7106=AXIS2_PLACEMENT_3D('',#10293,#8305,#8306);
#7107=AXIS2_PLACEMENT_3D('',#10295,#8308,#8309);
#7108=AXIS2_PLACEMENT_3D('',#10299,#8312,#8313);
#7109=AXIS2_PLACEMENT_3D('',#10301,#8315,#8316);
#7110=AXIS2_PLACEMENT_3D('',#10305,#8319,#8320);
#7111=AXIS2_PLACEMENT_3D('',#10307,#8322,#8323);
#7112=AXIS2_PLACEMENT_3D('',#10311,#8326,#8327);
#7113=AXIS2_PLACEMENT_3D('',#10313,#8329,#8330);
#7114=AXIS2_PLACEMENT_3D('',#10317,#8333,#8334);
#7115=AXIS2_PLACEMENT_3D('',#10319,#8336,#8337);
#7116=AXIS2_PLACEMENT_3D('',#10323,#8340,#8341);
#7117=AXIS2_PLACEMENT_3D('',#10325,#8343,#8344);
#7118=AXIS2_PLACEMENT_3D('',#10329,#8347,#8348);
#7119=AXIS2_PLACEMENT_3D('',#10331,#8350,#8351);
#7120=AXIS2_PLACEMENT_3D('',#10335,#8354,#8355);
#7121=AXIS2_PLACEMENT_3D('',#10337,#8357,#8358);
#7122=AXIS2_PLACEMENT_3D('',#10341,#8361,#8362);
#7123=AXIS2_PLACEMENT_3D('',#10343,#8364,#8365);
#7124=AXIS2_PLACEMENT_3D('',#10347,#8368,#8369);
#7125=AXIS2_PLACEMENT_3D('',#10349,#8371,#8372);
#7126=AXIS2_PLACEMENT_3D('',#10353,#8375,#8376);
#7127=AXIS2_PLACEMENT_3D('',#10355,#8378,#8379);
#7128=AXIS2_PLACEMENT_3D('',#10359,#8382,#8383);
#7129=AXIS2_PLACEMENT_3D('',#10361,#8385,#8386);
#7130=AXIS2_PLACEMENT_3D('',#10365,#8389,#8390);
#7131=AXIS2_PLACEMENT_3D('',#10367,#8392,#8393);
#7132=AXIS2_PLACEMENT_3D('',#10371,#8396,#8397);
#7133=AXIS2_PLACEMENT_3D('',#10373,#8399,#8400);
#7134=AXIS2_PLACEMENT_3D('',#10377,#8403,#8404);
#7135=AXIS2_PLACEMENT_3D('',#10379,#8406,#8407);
#7136=AXIS2_PLACEMENT_3D('',#10383,#8410,#8411);
#7137=AXIS2_PLACEMENT_3D('',#10385,#8413,#8414);
#7138=AXIS2_PLACEMENT_3D('',#10389,#8417,#8418);
#7139=AXIS2_PLACEMENT_3D('',#10391,#8420,#8421);
#7140=AXIS2_PLACEMENT_3D('',#10395,#8424,#8425);
#7141=AXIS2_PLACEMENT_3D('',#10397,#8427,#8428);
#7142=AXIS2_PLACEMENT_3D('',#10401,#8431,#8432);
#7143=AXIS2_PLACEMENT_3D('',#10403,#8434,#8435);
#7144=AXIS2_PLACEMENT_3D('',#10407,#8438,#8439);
#7145=AXIS2_PLACEMENT_3D('',#10409,#8441,#8442);
#7146=AXIS2_PLACEMENT_3D('',#10413,#8445,#8446);
#7147=AXIS2_PLACEMENT_3D('',#10415,#8448,#8449);
#7148=AXIS2_PLACEMENT_3D('',#10419,#8452,#8453);
#7149=AXIS2_PLACEMENT_3D('',#10421,#8455,#8456);
#7150=AXIS2_PLACEMENT_3D('',#10425,#8459,#8460);
#7151=AXIS2_PLACEMENT_3D('',#10427,#8462,#8463);
#7152=AXIS2_PLACEMENT_3D('',#10431,#8466,#8467);
#7153=AXIS2_PLACEMENT_3D('',#10433,#8469,#8470);
#7154=AXIS2_PLACEMENT_3D('',#10437,#8473,#8474);
#7155=AXIS2_PLACEMENT_3D('',#10439,#8476,#8477);
#7156=AXIS2_PLACEMENT_3D('',#10443,#8480,#8481);
#7157=AXIS2_PLACEMENT_3D('',#10445,#8483,#8484);
#7158=AXIS2_PLACEMENT_3D('',#10449,#8487,#8488);
#7159=AXIS2_PLACEMENT_3D('',#10451,#8490,#8491);
#7160=AXIS2_PLACEMENT_3D('',#10455,#8494,#8495);
#7161=AXIS2_PLACEMENT_3D('',#10457,#8497,#8498);
#7162=AXIS2_PLACEMENT_3D('',#10461,#8501,#8502);
#7163=AXIS2_PLACEMENT_3D('',#10463,#8504,#8505);
#7164=AXIS2_PLACEMENT_3D('',#10467,#8508,#8509);
#7165=AXIS2_PLACEMENT_3D('',#10469,#8511,#8512);
#7166=AXIS2_PLACEMENT_3D('',#10473,#8515,#8516);
#7167=AXIS2_PLACEMENT_3D('',#10475,#8518,#8519);
#7168=AXIS2_PLACEMENT_3D('',#10479,#8522,#8523);
#7169=AXIS2_PLACEMENT_3D('',#10481,#8525,#8526);
#7170=AXIS2_PLACEMENT_3D('',#10485,#8529,#8530);
#7171=AXIS2_PLACEMENT_3D('',#10487,#8532,#8533);
#7172=AXIS2_PLACEMENT_3D('',#10489,#8535,#8536);
#7173=AXIS2_PLACEMENT_3D('',#10491,#8538,#8539);
#7174=AXIS2_PLACEMENT_3D('',#10493,#8541,#8542);
#7175=AXIS2_PLACEMENT_3D('',#10495,#8544,#8545);
#7176=AXIS2_PLACEMENT_3D('',#10497,#8547,#8548);
#7177=AXIS2_PLACEMENT_3D('',#10499,#8550,#8551);
#7178=AXIS2_PLACEMENT_3D('',#10501,#8553,#8554);
#7179=AXIS2_PLACEMENT_3D('',#10503,#8556,#8557);
#7180=AXIS2_PLACEMENT_3D('',#10505,#8559,#8560);
#7181=AXIS2_PLACEMENT_3D('',#10507,#8562,#8563);
#7182=AXIS2_PLACEMENT_3D('',#10509,#8565,#8566);
#7183=AXIS2_PLACEMENT_3D('',#10511,#8568,#8569);
#7184=AXIS2_PLACEMENT_3D('',#10513,#8571,#8572);
#7185=AXIS2_PLACEMENT_3D('',#10515,#8574,#8575);
#7186=AXIS2_PLACEMENT_3D('',#10517,#8577,#8578);
#7187=AXIS2_PLACEMENT_3D('',#10519,#8580,#8581);
#7188=AXIS2_PLACEMENT_3D('',#10521,#8583,#8584);
#7189=AXIS2_PLACEMENT_3D('',#10523,#8586,#8587);
#7190=AXIS2_PLACEMENT_3D('',#10525,#8589,#8590);
#7191=AXIS2_PLACEMENT_3D('',#10527,#8592,#8593);
#7192=AXIS2_PLACEMENT_3D('',#10529,#8595,#8596);
#7193=AXIS2_PLACEMENT_3D('',#10531,#8598,#8599);
#7194=AXIS2_PLACEMENT_3D('',#10533,#8601,#8602);
#7195=AXIS2_PLACEMENT_3D('',#10535,#8604,#8605);
#7196=AXIS2_PLACEMENT_3D('',#10537,#8607,#8608);
#7197=AXIS2_PLACEMENT_3D('',#10539,#8610,#8611);
#7198=AXIS2_PLACEMENT_3D('',#10541,#8613,#8614);
#7199=AXIS2_PLACEMENT_3D('',#10543,#8616,#8617);
#7200=AXIS2_PLACEMENT_3D('',#10545,#8619,#8620);
#7201=AXIS2_PLACEMENT_3D('',#10547,#8622,#8623);
#7202=AXIS2_PLACEMENT_3D('',#10549,#8625,#8626);
#7203=AXIS2_PLACEMENT_3D('',#10551,#8628,#8629);
#7204=AXIS2_PLACEMENT_3D('',#10553,#8631,#8632);
#7205=AXIS2_PLACEMENT_3D('',#10555,#8634,#8635);
#7206=AXIS2_PLACEMENT_3D('',#10557,#8637,#8638);
#7207=AXIS2_PLACEMENT_3D('',#10559,#8640,#8641);
#7208=AXIS2_PLACEMENT_3D('',#10561,#8643,#8644);
#7209=AXIS2_PLACEMENT_3D('',#10563,#8646,#8647);
#7210=AXIS2_PLACEMENT_3D('',#10565,#8649,#8650);
#7211=AXIS2_PLACEMENT_3D('',#10567,#8652,#8653);
#7212=AXIS2_PLACEMENT_3D('',#10569,#8655,#8656);
#7213=AXIS2_PLACEMENT_3D('',#10571,#8658,#8659);
#7214=AXIS2_PLACEMENT_3D('',#10573,#8661,#8662);
#7215=AXIS2_PLACEMENT_3D('',#10575,#8664,#8665);
#7216=AXIS2_PLACEMENT_3D('',#10577,#8667,#8668);
#7217=AXIS2_PLACEMENT_3D('',#10579,#8670,#8671);
#7218=AXIS2_PLACEMENT_3D('',#10581,#8673,#8674);
#7219=AXIS2_PLACEMENT_3D('',#10583,#8676,#8677);
#7220=AXIS2_PLACEMENT_3D('',#10585,#8679,#8680);
#7221=AXIS2_PLACEMENT_3D('',#10587,#8682,#8683);
#7222=AXIS2_PLACEMENT_3D('',#10589,#8685,#8686);
#7223=AXIS2_PLACEMENT_3D('',#10591,#8688,#8689);
#7224=AXIS2_PLACEMENT_3D('',#10593,#8691,#8692);
#7225=AXIS2_PLACEMENT_3D('',#10595,#8694,#8695);
#7226=AXIS2_PLACEMENT_3D('',#10597,#8697,#8698);
#7227=AXIS2_PLACEMENT_3D('',#10599,#8700,#8701);
#7228=AXIS2_PLACEMENT_3D('',#10601,#8703,#8704);
#7229=AXIS2_PLACEMENT_3D('',#10603,#8706,#8707);
#7230=AXIS2_PLACEMENT_3D('',#10605,#8709,#8710);
#7231=AXIS2_PLACEMENT_3D('',#10607,#8712,#8713);
#7232=AXIS2_PLACEMENT_3D('',#10609,#8715,#8716);
#7233=AXIS2_PLACEMENT_3D('',#10611,#8718,#8719);
#7234=AXIS2_PLACEMENT_3D('',#10613,#8721,#8722);
#7235=AXIS2_PLACEMENT_3D('',#10615,#8724,#8725);
#7236=AXIS2_PLACEMENT_3D('',#10617,#8727,#8728);
#7237=AXIS2_PLACEMENT_3D('',#10619,#8730,#8731);
#7238=AXIS2_PLACEMENT_3D('',#10621,#8733,#8734);
#7239=AXIS2_PLACEMENT_3D('',#10623,#8736,#8737);
#7240=AXIS2_PLACEMENT_3D('',#10625,#8739,#8740);
#7241=AXIS2_PLACEMENT_3D('',#10626,#8741,#8742);
#7242=AXIS2_PLACEMENT_3D('',#10632,#8746,#8747);
#7243=AXIS2_PLACEMENT_3D('',#10634,#8749,#8750);
#7244=AXIS2_PLACEMENT_3D('',#10638,#8753,#8754);
#7245=AXIS2_PLACEMENT_3D('',#10640,#8756,#8757);
#7246=AXIS2_PLACEMENT_3D('',#10644,#8760,#8761);
#7247=AXIS2_PLACEMENT_3D('',#10646,#8763,#8764);
#7248=AXIS2_PLACEMENT_3D('',#10650,#8767,#8768);
#7249=AXIS2_PLACEMENT_3D('',#10652,#8770,#8771);
#7250=AXIS2_PLACEMENT_3D('',#10656,#8774,#8775);
#7251=AXIS2_PLACEMENT_3D('',#10658,#8777,#8778);
#7252=AXIS2_PLACEMENT_3D('',#10662,#8781,#8782);
#7253=AXIS2_PLACEMENT_3D('',#10664,#8784,#8785);
#7254=AXIS2_PLACEMENT_3D('',#10668,#8788,#8789);
#7255=AXIS2_PLACEMENT_3D('',#10670,#8791,#8792);
#7256=AXIS2_PLACEMENT_3D('',#10674,#8795,#8796);
#7257=AXIS2_PLACEMENT_3D('',#10676,#8798,#8799);
#7258=AXIS2_PLACEMENT_3D('',#10680,#8802,#8803);
#7259=AXIS2_PLACEMENT_3D('',#10682,#8805,#8806);
#7260=AXIS2_PLACEMENT_3D('',#10686,#8809,#8810);
#7261=AXIS2_PLACEMENT_3D('',#10688,#8812,#8813);
#7262=AXIS2_PLACEMENT_3D('',#10692,#8816,#8817);
#7263=AXIS2_PLACEMENT_3D('',#10694,#8819,#8820);
#7264=AXIS2_PLACEMENT_3D('',#10698,#8823,#8824);
#7265=AXIS2_PLACEMENT_3D('',#10700,#8826,#8827);
#7266=AXIS2_PLACEMENT_3D('',#10704,#8830,#8831);
#7267=AXIS2_PLACEMENT_3D('',#10706,#8833,#8834);
#7268=AXIS2_PLACEMENT_3D('',#10710,#8837,#8838);
#7269=AXIS2_PLACEMENT_3D('',#10712,#8840,#8841);
#7270=AXIS2_PLACEMENT_3D('',#10716,#8844,#8845);
#7271=AXIS2_PLACEMENT_3D('',#10718,#8847,#8848);
#7272=AXIS2_PLACEMENT_3D('',#10722,#8851,#8852);
#7273=AXIS2_PLACEMENT_3D('',#10724,#8854,#8855);
#7274=AXIS2_PLACEMENT_3D('',#10728,#8858,#8859);
#7275=AXIS2_PLACEMENT_3D('',#10730,#8861,#8862);
#7276=AXIS2_PLACEMENT_3D('',#10734,#8865,#8866);
#7277=AXIS2_PLACEMENT_3D('',#10736,#8868,#8869);
#7278=AXIS2_PLACEMENT_3D('',#10740,#8872,#8873);
#7279=AXIS2_PLACEMENT_3D('',#10742,#8875,#8876);
#7280=AXIS2_PLACEMENT_3D('',#10746,#8879,#8880);
#7281=AXIS2_PLACEMENT_3D('',#10748,#8882,#8883);
#7282=AXIS2_PLACEMENT_3D('',#10752,#8886,#8887);
#7283=AXIS2_PLACEMENT_3D('',#10754,#8889,#8890);
#7284=AXIS2_PLACEMENT_3D('',#10758,#8893,#8894);
#7285=AXIS2_PLACEMENT_3D('',#10760,#8896,#8897);
#7286=AXIS2_PLACEMENT_3D('',#10764,#8900,#8901);
#7287=AXIS2_PLACEMENT_3D('',#10766,#8903,#8904);
#7288=AXIS2_PLACEMENT_3D('',#10770,#8907,#8908);
#7289=AXIS2_PLACEMENT_3D('',#10772,#8910,#8911);
#7290=AXIS2_PLACEMENT_3D('',#10776,#8914,#8915);
#7291=AXIS2_PLACEMENT_3D('',#10778,#8917,#8918);
#7292=AXIS2_PLACEMENT_3D('',#10782,#8921,#8922);
#7293=AXIS2_PLACEMENT_3D('',#10784,#8924,#8925);
#7294=AXIS2_PLACEMENT_3D('',#10788,#8928,#8929);
#7295=AXIS2_PLACEMENT_3D('',#10790,#8931,#8932);
#7296=AXIS2_PLACEMENT_3D('',#10794,#8935,#8936);
#7297=AXIS2_PLACEMENT_3D('',#10796,#8938,#8939);
#7298=AXIS2_PLACEMENT_3D('',#10800,#8942,#8943);
#7299=AXIS2_PLACEMENT_3D('',#10802,#8945,#8946);
#7300=AXIS2_PLACEMENT_3D('',#10806,#8949,#8950);
#7301=AXIS2_PLACEMENT_3D('',#10808,#8952,#8953);
#7302=AXIS2_PLACEMENT_3D('',#10812,#8956,#8957);
#7303=AXIS2_PLACEMENT_3D('',#10814,#8959,#8960);
#7304=AXIS2_PLACEMENT_3D('',#10818,#8963,#8964);
#7305=AXIS2_PLACEMENT_3D('',#10820,#8966,#8967);
#7306=AXIS2_PLACEMENT_3D('',#10824,#8970,#8971);
#7307=AXIS2_PLACEMENT_3D('',#10826,#8973,#8974);
#7308=AXIS2_PLACEMENT_3D('',#10830,#8977,#8978);
#7309=AXIS2_PLACEMENT_3D('',#10832,#8980,#8981);
#7310=AXIS2_PLACEMENT_3D('',#10836,#8984,#8985);
#7311=AXIS2_PLACEMENT_3D('',#10838,#8987,#8988);
#7312=AXIS2_PLACEMENT_3D('',#10842,#8991,#8992);
#7313=AXIS2_PLACEMENT_3D('',#10844,#8994,#8995);
#7314=AXIS2_PLACEMENT_3D('',#10848,#8998,#8999);
#7315=AXIS2_PLACEMENT_3D('',#10850,#9001,#9002);
#7316=AXIS2_PLACEMENT_3D('',#10854,#9005,#9006);
#7317=AXIS2_PLACEMENT_3D('',#10856,#9008,#9009);
#7318=AXIS2_PLACEMENT_3D('',#10860,#9012,#9013);
#7319=AXIS2_PLACEMENT_3D('',#10862,#9015,#9016);
#7320=AXIS2_PLACEMENT_3D('',#10866,#9019,#9020);
#7321=AXIS2_PLACEMENT_3D('',#10868,#9022,#9023);
#7322=AXIS2_PLACEMENT_3D('',#10872,#9026,#9027);
#7323=AXIS2_PLACEMENT_3D('',#10874,#9029,#9030);
#7324=AXIS2_PLACEMENT_3D('',#10878,#9033,#9034);
#7325=AXIS2_PLACEMENT_3D('',#10880,#9036,#9037);
#7326=AXIS2_PLACEMENT_3D('',#10884,#9040,#9041);
#7327=AXIS2_PLACEMENT_3D('',#10886,#9043,#9044);
#7328=AXIS2_PLACEMENT_3D('',#10890,#9047,#9048);
#7329=AXIS2_PLACEMENT_3D('',#10892,#9050,#9051);
#7330=AXIS2_PLACEMENT_3D('',#10896,#9054,#9055);
#7331=AXIS2_PLACEMENT_3D('',#10898,#9057,#9058);
#7332=AXIS2_PLACEMENT_3D('',#10902,#9061,#9062);
#7333=AXIS2_PLACEMENT_3D('',#10904,#9064,#9065);
#7334=AXIS2_PLACEMENT_3D('',#10908,#9068,#9069);
#7335=AXIS2_PLACEMENT_3D('',#10910,#9071,#9072);
#7336=AXIS2_PLACEMENT_3D('',#10914,#9075,#9076);
#7337=AXIS2_PLACEMENT_3D('',#10916,#9078,#9079);
#7338=AXIS2_PLACEMENT_3D('',#10920,#9082,#9083);
#7339=AXIS2_PLACEMENT_3D('',#10922,#9085,#9086);
#7340=AXIS2_PLACEMENT_3D('',#10926,#9089,#9090);
#7341=AXIS2_PLACEMENT_3D('',#10928,#9092,#9093);
#7342=AXIS2_PLACEMENT_3D('',#10932,#9096,#9097);
#7343=AXIS2_PLACEMENT_3D('',#10934,#9099,#9100);
#7344=AXIS2_PLACEMENT_3D('',#10938,#9103,#9104);
#7345=AXIS2_PLACEMENT_3D('',#10940,#9106,#9107);
#7346=AXIS2_PLACEMENT_3D('',#10944,#9110,#9111);
#7347=AXIS2_PLACEMENT_3D('',#10946,#9113,#9114);
#7348=AXIS2_PLACEMENT_3D('',#10950,#9117,#9118);
#7349=AXIS2_PLACEMENT_3D('',#10952,#9120,#9121);
#7350=AXIS2_PLACEMENT_3D('',#10956,#9124,#9125);
#7351=AXIS2_PLACEMENT_3D('',#10958,#9127,#9128);
#7352=AXIS2_PLACEMENT_3D('',#10961,#9131,#9132);
#7353=AXIS2_PLACEMENT_3D('',#10962,#9133,#9134);
#7354=AXIS2_PLACEMENT_3D('',#10965,#9137,#9138);
#7355=AXIS2_PLACEMENT_3D('',#10967,#9140,#9141);
#7356=AXIS2_PLACEMENT_3D('',#10969,#9143,#9144);
#7357=AXIS2_PLACEMENT_3D('',#10971,#9146,#9147);
#7358=AXIS2_PLACEMENT_3D('',#10973,#9149,#9150);
#7359=AXIS2_PLACEMENT_3D('',#10975,#9152,#9153);
#7360=AXIS2_PLACEMENT_3D('',#10977,#9155,#9156);
#7361=AXIS2_PLACEMENT_3D('',#10979,#9158,#9159);
#7362=AXIS2_PLACEMENT_3D('',#10981,#9161,#9162);
#7363=AXIS2_PLACEMENT_3D('',#10983,#9164,#9165);
#7364=AXIS2_PLACEMENT_3D('',#10985,#9167,#9168);
#7365=AXIS2_PLACEMENT_3D('',#10987,#9170,#9171);
#7366=AXIS2_PLACEMENT_3D('',#10989,#9173,#9174);
#7367=AXIS2_PLACEMENT_3D('',#10991,#9176,#9177);
#7368=AXIS2_PLACEMENT_3D('',#10993,#9179,#9180);
#7369=AXIS2_PLACEMENT_3D('',#10995,#9182,#9183);
#7370=AXIS2_PLACEMENT_3D('',#10997,#9185,#9186);
#7371=AXIS2_PLACEMENT_3D('',#10999,#9188,#9189);
#7372=AXIS2_PLACEMENT_3D('',#11001,#9191,#9192);
#7373=AXIS2_PLACEMENT_3D('',#11003,#9194,#9195);
#7374=AXIS2_PLACEMENT_3D('',#11005,#9197,#9198);
#7375=AXIS2_PLACEMENT_3D('',#11007,#9200,#9201);
#7376=AXIS2_PLACEMENT_3D('',#11009,#9203,#9204);
#7377=AXIS2_PLACEMENT_3D('',#11011,#9206,#9207);
#7378=AXIS2_PLACEMENT_3D('',#11013,#9209,#9210);
#7379=AXIS2_PLACEMENT_3D('',#11015,#9212,#9213);
#7380=AXIS2_PLACEMENT_3D('',#11017,#9215,#9216);
#7381=AXIS2_PLACEMENT_3D('',#11019,#9218,#9219);
#7382=AXIS2_PLACEMENT_3D('',#11021,#9221,#9222);
#7383=AXIS2_PLACEMENT_3D('',#11023,#9224,#9225);
#7384=AXIS2_PLACEMENT_3D('',#11025,#9227,#9228);
#7385=AXIS2_PLACEMENT_3D('',#11027,#9230,#9231);
#7386=AXIS2_PLACEMENT_3D('',#11029,#9233,#9234);
#7387=AXIS2_PLACEMENT_3D('',#11031,#9236,#9237);
#7388=AXIS2_PLACEMENT_3D('',#11033,#9239,#9240);
#7389=AXIS2_PLACEMENT_3D('',#11035,#9242,#9243);
#7390=AXIS2_PLACEMENT_3D('',#11037,#9245,#9246);
#7391=AXIS2_PLACEMENT_3D('',#11039,#9248,#9249);
#7392=AXIS2_PLACEMENT_3D('',#11041,#9251,#9252);
#7393=AXIS2_PLACEMENT_3D('',#11043,#9254,#9255);
#7394=AXIS2_PLACEMENT_3D('',#11045,#9257,#9258);
#7395=AXIS2_PLACEMENT_3D('',#11047,#9260,#9261);
#7396=AXIS2_PLACEMENT_3D('',#11049,#9263,#9264);
#7397=AXIS2_PLACEMENT_3D('',#11051,#9266,#9267);
#7398=AXIS2_PLACEMENT_3D('',#11053,#9269,#9270);
#7399=AXIS2_PLACEMENT_3D('',#11055,#9272,#9273);
#7400=AXIS2_PLACEMENT_3D('',#11057,#9275,#9276);
#7401=AXIS2_PLACEMENT_3D('',#11059,#9278,#9279);
#7402=AXIS2_PLACEMENT_3D('',#11061,#9281,#9282);
#7403=AXIS2_PLACEMENT_3D('',#11063,#9284,#9285);
#7404=AXIS2_PLACEMENT_3D('',#11065,#9287,#9288);
#7405=AXIS2_PLACEMENT_3D('',#11067,#9290,#9291);
#7406=AXIS2_PLACEMENT_3D('',#11069,#9293,#9294);
#7407=AXIS2_PLACEMENT_3D('',#11071,#9296,#9297);
#7408=AXIS2_PLACEMENT_3D('',#11073,#9299,#9300);
#7409=AXIS2_PLACEMENT_3D('',#11075,#9302,#9303);
#7410=AXIS2_PLACEMENT_3D('',#11077,#9305,#9306);
#7411=AXIS2_PLACEMENT_3D('',#11079,#9308,#9309);
#7412=AXIS2_PLACEMENT_3D('',#11081,#9311,#9312);
#7413=AXIS2_PLACEMENT_3D('',#11083,#9314,#9315);
#7414=AXIS2_PLACEMENT_3D('',#11085,#9317,#9318);
#7415=AXIS2_PLACEMENT_3D('',#11087,#9320,#9321);
#7416=AXIS2_PLACEMENT_3D('',#11089,#9323,#9324);
#7417=AXIS2_PLACEMENT_3D('',#11091,#9326,#9327);
#7418=AXIS2_PLACEMENT_3D('',#11093,#9329,#9330);
#7419=AXIS2_PLACEMENT_3D('',#11095,#9332,#9333);
#7420=AXIS2_PLACEMENT_3D('',#11097,#9335,#9336);
#7421=AXIS2_PLACEMENT_3D('',#11099,#9338,#9339);
#7422=AXIS2_PLACEMENT_3D('',#11101,#9341,#9342);
#7423=AXIS2_PLACEMENT_3D('',#11103,#9344,#9345);
#7424=AXIS2_PLACEMENT_3D('',#11105,#9347,#9348);
#7425=AXIS2_PLACEMENT_3D('',#11107,#9350,#9351);
#7426=AXIS2_PLACEMENT_3D('',#11109,#9353,#9354);
#7427=AXIS2_PLACEMENT_3D('',#11111,#9356,#9357);
#7428=AXIS2_PLACEMENT_3D('',#11113,#9359,#9360);
#7429=AXIS2_PLACEMENT_3D('',#11115,#9362,#9363);
#7430=AXIS2_PLACEMENT_3D('',#11117,#9365,#9366);
#7431=AXIS2_PLACEMENT_3D('',#11119,#9368,#9369);
#7432=AXIS2_PLACEMENT_3D('',#11121,#9371,#9372);
#7433=AXIS2_PLACEMENT_3D('',#11123,#9374,#9375);
#7434=AXIS2_PLACEMENT_3D('',#11125,#9377,#9378);
#7435=AXIS2_PLACEMENT_3D('',#11127,#9380,#9381);
#7436=AXIS2_PLACEMENT_3D('',#11129,#9383,#9384);
#7437=AXIS2_PLACEMENT_3D('',#11131,#9386,#9387);
#7438=AXIS2_PLACEMENT_3D('',#11133,#9389,#9390);
#7439=AXIS2_PLACEMENT_3D('',#11135,#9392,#9393);
#7440=AXIS2_PLACEMENT_3D('',#11137,#9395,#9396);
#7441=AXIS2_PLACEMENT_3D('',#11139,#9398,#9399);
#7442=AXIS2_PLACEMENT_3D('',#11141,#9401,#9402);
#7443=AXIS2_PLACEMENT_3D('',#11143,#9404,#9405);
#7444=AXIS2_PLACEMENT_3D('',#11145,#9407,#9408);
#7445=AXIS2_PLACEMENT_3D('',#11147,#9410,#9411);
#7446=AXIS2_PLACEMENT_3D('',#11149,#9413,#9414);
#7447=AXIS2_PLACEMENT_3D('',#11151,#9416,#9417);
#7448=AXIS2_PLACEMENT_3D('',#11153,#9419,#9420);
#7449=AXIS2_PLACEMENT_3D('',#11155,#9422,#9423);
#7450=AXIS2_PLACEMENT_3D('',#11157,#9425,#9426);
#7451=AXIS2_PLACEMENT_3D('',#11159,#9428,#9429);
#7452=AXIS2_PLACEMENT_3D('',#11161,#9431,#9432);
#7453=AXIS2_PLACEMENT_3D('',#11163,#9434,#9435);
#7454=AXIS2_PLACEMENT_3D('',#11165,#9437,#9438);
#7455=AXIS2_PLACEMENT_3D('',#11167,#9440,#9441);
#7456=AXIS2_PLACEMENT_3D('',#11169,#9443,#9444);
#7457=AXIS2_PLACEMENT_3D('',#11171,#9446,#9447);
#7458=AXIS2_PLACEMENT_3D('',#11173,#9449,#9450);
#7459=AXIS2_PLACEMENT_3D('',#11175,#9452,#9453);
#7460=AXIS2_PLACEMENT_3D('',#11177,#9455,#9456);
#7461=AXIS2_PLACEMENT_3D('',#11179,#9458,#9459);
#7462=AXIS2_PLACEMENT_3D('',#11181,#9461,#9462);
#7463=AXIS2_PLACEMENT_3D('',#11183,#9464,#9465);
#7464=AXIS2_PLACEMENT_3D('',#11185,#9467,#9468);
#7465=DIRECTION('axis',(0.,0.,1.));
#7466=DIRECTION('refdir',(1.,0.,0.));
#7467=DIRECTION('center_axis',(0.,0.,1.));
#7468=DIRECTION('ref_axis',(1.,0.,0.));
#7469=DIRECTION('',(0.988447166413071,0.151565824676838,0.));
#7470=DIRECTION('',(1.,0.,0.));
#7471=DIRECTION('',(0.,1.,0.));
#7472=DIRECTION('center_axis',(0.,0.,1.));
#7473=DIRECTION('ref_axis',(1.,0.,0.));
#7474=DIRECTION('',(0.986947437798676,0.161042711796058,0.));
#7475=DIRECTION('',(0.652670676968272,-0.757641727616541,0.));
#7476=DIRECTION('center_axis',(0.,0.,1.));
#7477=DIRECTION('ref_axis',(1.,0.,0.));
#7478=DIRECTION('',(0.985207936580004,0.171363128180394,0.));
#7479=DIRECTION('',(0.533314115039427,-0.845917285968145,0.));
#7480=DIRECTION('center_axis',(0.,0.,1.));
#7481=DIRECTION('ref_axis',(1.,0.,0.));
#7482=DIRECTION('',(0.983251374458105,0.182254587394249,0.));
#7483=DIRECTION('',(0.402227032934816,-0.915539957607779,0.));
#7484=DIRECTION('center_axis',(0.,0.,1.));
#7485=DIRECTION('ref_axis',(1.,0.,0.));
#7486=DIRECTION('',(0.981115915656607,0.193420681534572,0.));
#7487=DIRECTION('',(0.262238851422807,-0.965002997303349,0.));
#7488=DIRECTION('center_axis',(0.,0.,1.));
#7489=DIRECTION('ref_axis',(1.,0.,0.));
#7490=DIRECTION('',(0.978855091769627,0.204554905384041,0.));
#7491=DIRECTION('',(0.116484901242044,-0.993192462608648,0.));
#7492=DIRECTION('center_axis',(0.,0.,1.));
#7493=DIRECTION('ref_axis',(1.,0.,0.));
#7494=DIRECTION('',(0.97653608784209,0.21535382314244,0.));
#7495=DIRECTION('',(0.0318123559578499,0.999493858914806,0.));
#7496=DIRECTION('center_axis',(0.,0.,1.));
#7497=DIRECTION('ref_axis',(1.,0.,0.));
#7498=DIRECTION('',(0.970178244588474,-0.242392602459786,0.));
#7499=DIRECTION('',(0.,1.,0.));
#7500=DIRECTION('center_axis',(0.,0.,1.));
#7501=DIRECTION('ref_axis',(1.,0.,0.));
#7502=DIRECTION('',(0.972849525764231,-0.231438545234606,0.));
#7503=DIRECTION('',(0.17943942875423,0.98376902340354,0.));
#7504=DIRECTION('center_axis',(0.,0.,1.));
#7505=DIRECTION('ref_axis',(1.,0.,0.));
#7506=DIRECTION('',(0.975388115981998,-0.220494950511543,0.));
#7507=DIRECTION('',(0.323111297458241,0.94636097206872,0.));
#7508=DIRECTION('center_axis',(0.,0.,1.));
#7509=DIRECTION('ref_axis',(1.,0.,0.));
#7510=DIRECTION('',(0.977731051412634,-0.209861838130579,0.));
#7511=DIRECTION('',(0.459638218317376,0.888106248295793,0.));
#7512=DIRECTION('center_axis',(0.,0.,1.));
#7513=DIRECTION('ref_axis',(1.,0.,0.));
#7514=DIRECTION('',(0.979831084120064,-0.199827542125954,0.));
#7515=DIRECTION('',(0.586045846976356,0.810277893837519,0.));
#7516=DIRECTION('center_axis',(0.,0.,1.));
#7517=DIRECTION('ref_axis',(1.,0.,0.));
#7518=DIRECTION('',(0.981656883429592,-0.190656138677205,0.));
#7519=DIRECTION('',(0.699550447912979,0.714583214765607,0.));
#7520=DIRECTION('center_axis',(0.,0.,1.));
#7521=DIRECTION('ref_axis',(1.,0.,0.));
#7522=DIRECTION('',(0.983191535373047,-0.182577120063798,0.));
#7523=DIRECTION('',(0.797625560560905,0.603152936774664,0.));
#7524=DIRECTION('center_axis',(0.,0.,1.));
#7525=DIRECTION('ref_axis',(1.,0.,0.));
#7526=DIRECTION('',(0.984429705274495,-0.175778711376464,0.));
#7527=DIRECTION('',(0.878125273679726,0.478430772134178,0.));
#7528=DIRECTION('center_axis',(0.,0.,1.));
#7529=DIRECTION('ref_axis',(1.,0.,0.));
#7530=DIRECTION('',(0.704120135451341,0.710080865009039,0.));
#7531=DIRECTION('',(1.,0.,0.));
#7532=DIRECTION('center_axis',(0.,0.,1.));
#7533=DIRECTION('ref_axis',(1.,0.,0.));
#7534=DIRECTION('',(0.690061712043912,0.723750532691359,0.));
#7535=DIRECTION('',(0.939280692762532,0.343149792661365,0.));
#7536=DIRECTION('center_axis',(0.,0.,1.));
#7537=DIRECTION('ref_axis',(1.,0.,0.));
#7538=DIRECTION('',(0.670017425985555,0.742345370347045,0.));
#7539=DIRECTION('',(0.979727543196103,0.200334572909742,0.));
#7540=DIRECTION('center_axis',(0.,0.,1.));
#7541=DIRECTION('ref_axis',(1.,0.,0.));
#7542=DIRECTION('',(0.64365052882974,0.765319538975189,0.));
#7543=DIRECTION('',(0.998591153634266,0.0530632441845233,0.));
#7544=DIRECTION('center_axis',(0.,0.,1.));
#7545=DIRECTION('ref_axis',(1.,0.,0.));
#7546=DIRECTION('',(0.61099581673582,0.791633824398205,0.));
#7547=DIRECTION('',(0.995445210148202,-0.0953353743004241,0.));
#7548=DIRECTION('center_axis',(0.,0.,1.));
#7549=DIRECTION('ref_axis',(1.,0.,0.));
#7550=DIRECTION('',(0.572648996438145,0.819800662892136,0.));
#7551=DIRECTION('',(0.970362788736725,-0.241652763764635,0.));
#7552=DIRECTION('center_axis',(0.,0.,1.));
#7553=DIRECTION('ref_axis',(1.,0.,0.));
#7554=DIRECTION('',(0.529902487709423,0.848058579061237,0.));
#7555=DIRECTION('',(0.923890618108881,-0.382656668268555,0.));
#7556=DIRECTION('center_axis',(0.,0.,1.));
#7557=DIRECTION('ref_axis',(1.,0.,0.));
#7558=DIRECTION('',(0.484714323483409,0.874672524211217,0.));
#7559=DIRECTION('',(0.85705955822352,-0.515217346037286,0.));
#7560=DIRECTION('center_axis',(0.,0.,1.));
#7561=DIRECTION('ref_axis',(1.,0.,0.));
#7562=DIRECTION('',(0.439480450641737,0.898252154744833,0.));
#7563=DIRECTION('',(0.771358772073604,-0.636400537983039,0.));
#7564=DIRECTION('center_axis',(0.,0.,1.));
#7565=DIRECTION('ref_axis',(1.,0.,0.));
#7566=DIRECTION('',(0.396654953927514,0.917967781310848,0.));
#7567=DIRECTION('',(0.668646647177597,-0.743580299105724,0.));
#7568=DIRECTION('center_axis',(0.,0.,1.));
#7569=DIRECTION('ref_axis',(1.,0.,0.));
#7570=DIRECTION('',(0.358357617393535,0.93358439257307,0.));
#7571=DIRECTION('',(0.551184754843788,-0.834383224919937,0.));
#7572=DIRECTION('center_axis',(0.,0.,1.));
#7573=DIRECTION('ref_axis',(1.,0.,0.));
#7574=DIRECTION('',(0.326124846393459,0.945326707844882,0.));
#7575=DIRECTION('',(0.421592191145608,-0.906785544858896,0.));
#7576=DIRECTION('center_axis',(0.,0.,1.));
#7577=DIRECTION('ref_axis',(1.,0.,0.));
#7578=DIRECTION('',(0.300820713962516,0.953680710747094,0.));
#7579=DIRECTION('',(0.282714418335149,-0.959204127214546,0.));
#7580=DIRECTION('center_axis',(0.,0.,1.));
#7581=DIRECTION('ref_axis',(1.,0.,0.));
#7582=DIRECTION('',(0.282719015806497,0.959202772150605,0.));
#7583=DIRECTION('',(0.137581676894519,-0.990490425083904,0.));
#7584=DIRECTION('center_axis',(0.,0.,1.));
#7585=DIRECTION('ref_axis',(1.,0.,0.));
#7586=DIRECTION('',(0.324873103395257,-0.945757615190243,0.));
#7587=DIRECTION('',(0.,1.,0.));
#7588=DIRECTION('center_axis',(0.,0.,1.));
#7589=DIRECTION('ref_axis',(1.,0.,0.));
#7590=DIRECTION('',(0.341669735533832,-0.939820084814238,0.));
#7591=DIRECTION('',(0.0105614338933571,0.999944226501717,0.));
#7592=DIRECTION('center_axis',(0.,0.,1.));
#7593=DIRECTION('ref_axis',(1.,0.,0.));
#7594=DIRECTION('',(0.367035151471867,-0.930207072422062,0.));
#7595=DIRECTION('',(0.158470538630514,0.987363706232994,0.));
#7596=DIRECTION('center_axis',(0.,0.,1.));
#7597=DIRECTION('ref_axis',(1.,0.,0.));
#7598=DIRECTION('',(0.401010838396364,-0.916073309014429,0.));
#7599=DIRECTION('',(0.302890744790586,0.953025286506189,0.));
#7600=DIRECTION('center_axis',(0.,0.,1.));
#7601=DIRECTION('ref_axis',(1.,0.,0.));
#7602=DIRECTION('',(0.442885461466961,-0.896578199612949,0.));
#7603=DIRECTION('',(0.440643824914605,0.89768202586697,0.));
#7604=DIRECTION('center_axis',(0.,0.,1.));
#7605=DIRECTION('ref_axis',(1.,0.,0.));
#7606=DIRECTION('',(0.490985028699787,-0.871168009968611,0.));
#7607=DIRECTION('',(0.568675360246507,0.822562055196145,0.));
#7608=DIRECTION('center_axis',(0.,0.,1.));
#7609=DIRECTION('ref_axis',(1.,0.,0.));
#7610=DIRECTION('',(0.542682033991482,-0.839938217955861,0.));
#7611=DIRECTION('',(0.684198373151571,0.729295952392952,0.));
#7612=DIRECTION('center_axis',(0.,0.,1.));
#7613=DIRECTION('ref_axis',(1.,0.,0.));
#7614=DIRECTION('',(0.594713232804002,-0.803937914722158,0.));
#7615=DIRECTION('',(0.784607738702662,0.619992497025485,0.));
#7616=DIRECTION('center_axis',(0.,0.,1.));
#7617=DIRECTION('ref_axis',(1.,0.,0.));
#7618=DIRECTION('',(0.643802801686887,-0.765191448292592,0.));
#7619=DIRECTION('',(0.867762002972263,0.496979985711261,0.));
#7620=DIRECTION('center_axis',(0.,0.,1.));
#7621=DIRECTION('ref_axis',(1.,0.,0.));
#7622=DIRECTION('',(0.687319294075561,-0.726355414374721,0.));
#7623=DIRECTION('',(0.931762377301083,0.36306868805535,0.));
#7624=DIRECTION('center_axis',(0.,0.,1.));
#7625=DIRECTION('ref_axis',(1.,0.,0.));
#7626=DIRECTION('',(1.,0.,0.));
#7627=DIRECTION('',(0.,1.,0.));
#7628=DIRECTION('center_axis',(0.,-1.,0.));
#7629=DIRECTION('ref_axis',(0.,0.,-1.));
#7630=DIRECTION('',(0.355797611460872,0.,-0.934563031410262));
#7631=DIRECTION('',(0.324207626841141,0.,-0.945985948467542));
#7632=DIRECTION('',(0.167499898008151,0.,0.985872093208474));
#7633=DIRECTION('center_axis',(0.,-1.,0.));
#7634=DIRECTION('ref_axis',(0.,0.,-1.));
#7635=DIRECTION('',(0.397182458274957,0.,-0.917739666157382));
#7636=DIRECTION('',(0.276839781687712,0.,0.960916091693286));
#7637=DIRECTION('center_axis',(0.,-1.,0.));
#7638=DIRECTION('ref_axis',(0.,0.,-1.));
#7639=DIRECTION('',(0.448156327724924,0.,-0.893955203530977));
#7640=DIRECTION('',(0.382682125922545,0.,0.923880073656425));
#7641=DIRECTION('center_axis',(0.,-1.,0.));
#7642=DIRECTION('ref_axis',(0.,0.,-1.));
#7643=DIRECTION('',(0.507394225330799,0.,-0.861714047756539));
#7644=DIRECTION('',(0.48372108470275,0.,0.87522220733594));
#7645=DIRECTION('center_axis',(0.,-1.,0.));
#7646=DIRECTION('ref_axis',(0.,0.,-1.));
#7647=DIRECTION('',(0.572184201292281,0.,-0.820125136666054));
#7648=DIRECTION('',(0.578662504534552,0.,0.815567106892989));
#7649=DIRECTION('center_axis',(0.,-1.,0.));
#7650=DIRECTION('ref_axis',(0.,0.,-1.));
#7651=DIRECTION('',(0.638575079829264,0.,-0.769559528185474));
#7652=DIRECTION('',(0.666345614126007,0.,0.745643026209617));
#7653=DIRECTION('center_axis',(0.,-1.,0.));
#7654=DIRECTION('ref_axis',(0.,0.,-1.));
#7655=DIRECTION('',(0.702092426636099,0.,-0.712085826610974));
#7656=DIRECTION('',(0.745646673807768,0.,0.666341532428689));
#7657=DIRECTION('center_axis',(0.,-1.,0.));
#7658=DIRECTION('ref_axis',(0.,0.,-1.));
#7659=DIRECTION('',(0.758833536732638,0.,-0.651284625589946));
#7660=DIRECTION('',(0.815558238867107,0.,0.578675002929954));
#7661=DIRECTION('center_axis',(0.,-1.,0.));
#7662=DIRECTION('ref_axis',(0.,0.,-1.));
#7663=DIRECTION('',(0.806380945831256,0.,-0.591396457717063));
#7664=DIRECTION('',(0.875224630240074,0.,0.483716700787895));
#7665=DIRECTION('center_axis',(0.,-1.,0.));
#7666=DIRECTION('ref_axis',(0.,0.,-1.));
#7667=DIRECTION('',(0.84405180363635,0.,-0.536261645820606));
#7668=DIRECTION('',(0.923879963111428,0.,0.382682392802735));
#7669=DIRECTION('center_axis',(0.,-1.,0.));
#7670=DIRECTION('ref_axis',(0.,0.,-1.));
#7671=DIRECTION('',(0.87251464076726,0.,-0.48858796715308));
#7672=DIRECTION('',(0.960916850403942,0.,0.276837148175182));
#7673=DIRECTION('center_axis',(0.,-1.,0.));
#7674=DIRECTION('ref_axis',(0.,0.,-1.));
#7675=DIRECTION('',(0.893143423752588,0.,-0.449771969566251));
#7676=DIRECTION('',(0.985871090093282,0.,0.167505802043643));
#7677=DIRECTION('center_axis',(0.,-1.,0.));
#7678=DIRECTION('ref_axis',(0.,0.,-1.));
#7679=DIRECTION('',(0.907466952379476,0.,-0.420123470350213));
#7680=DIRECTION('',(0.998426790933174,0.,0.0560708761023513));
#7681=DIRECTION('center_axis',(0.,-1.,0.));
#7682=DIRECTION('ref_axis',(0.,0.,-1.));
#7683=DIRECTION('',(0.916849973275583,0.,-0.399231920698436));
#7684=DIRECTION('',(0.998426790933174,0.,-0.0560708761023513));
#7685=DIRECTION('center_axis',(0.,-1.,0.));
#7686=DIRECTION('ref_axis',(0.,0.,-1.));
#7687=DIRECTION('',(0.922373589502694,0.,-0.386299056933764));
#7688=DIRECTION('',(0.985871090093282,0.,-0.167505802043643));
#7689=DIRECTION('center_axis',(0.,-1.,0.));
#7690=DIRECTION('ref_axis',(0.,0.,-1.));
#7691=DIRECTION('',(0.994777574593165,0.,0.102066532646799));
#7692=DIRECTION('',(1.,0.,0.));
#7693=DIRECTION('center_axis',(0.,-1.,0.));
#7694=DIRECTION('ref_axis',(0.,0.,-1.));
#7695=DIRECTION('',(0.994161769923123,0.,0.107899838847534));
#7696=DIRECTION('',(0.960916850403942,0.,-0.276837148175182));
#7697=DIRECTION('center_axis',(0.,-1.,0.));
#7698=DIRECTION('ref_axis',(0.,0.,-1.));
#7699=DIRECTION('',(0.993307688159354,0.,0.115498210564142));
#7700=DIRECTION('',(0.923879963111428,0.,-0.382682392802735));
#7701=DIRECTION('center_axis',(0.,-1.,0.));
#7702=DIRECTION('ref_axis',(0.,0.,-1.));
#7703=DIRECTION('',(0.992180287962029,0.,0.124812964789661));
#7704=DIRECTION('',(0.875224630240074,0.,-0.483716700787895));
#7705=DIRECTION('center_axis',(0.,-1.,0.));
#7706=DIRECTION('ref_axis',(0.,0.,-1.));
#7707=DIRECTION('',(0.990742476722248,0.,0.135754723005374));
#7708=DIRECTION('',(0.815558238867107,0.,-0.578675002929954));
#7709=DIRECTION('center_axis',(0.,-1.,0.));
#7710=DIRECTION('ref_axis',(0.,0.,-1.));
#7711=DIRECTION('',(0.988958802267627,0.,0.148190712993025));
#7712=DIRECTION('',(0.745646673807768,0.,-0.666341532428689));
#7713=DIRECTION('center_axis',(0.,-1.,0.));
#7714=DIRECTION('ref_axis',(0.,0.,-1.));
#7715=DIRECTION('',(0.986800002737853,0.,0.161943677235553));
#7716=DIRECTION('',(0.666345614126007,0.,-0.745643026209617));
#7717=DIRECTION('center_axis',(0.,-1.,0.));
#7718=DIRECTION('ref_axis',(0.,0.,-1.));
#7719=DIRECTION('',(0.984247880861842,0.,0.176793973367229));
#7720=DIRECTION('',(0.578675433779759,0.,-0.815557933159753));
#7721=DIRECTION('center_axis',(0.,-1.,0.));
#7722=DIRECTION('ref_axis',(0.,0.,-1.));
#7723=DIRECTION('',(0.98130012620939,0.,0.192483927384691));
#7724=DIRECTION('',(0.483706194515626,0.,-0.875230436734928));
#7725=DIRECTION('center_axis',(0.,-1.,0.));
#7726=DIRECTION('ref_axis',(0.,0.,-1.));
#7727=DIRECTION('',(0.977974159390867,0.,0.208726001168342));
#7728=DIRECTION('',(0.382698717397329,0.,-0.923873201095496));
#7729=DIRECTION('center_axis',(0.,-1.,0.));
#7730=DIRECTION('ref_axis',(0.,0.,-1.));
#7731=DIRECTION('',(0.974309683155824,0.,0.225212435955027));
#7732=DIRECTION('',(0.276821833030861,0.,-0.960921262517088));
#7733=DIRECTION('center_axis',(0.,-1.,0.));
#7734=DIRECTION('ref_axis',(0.,0.,-1.));
#7735=DIRECTION('',(0.97036892320264,0.,0.241628129328001));
#7736=DIRECTION('',(0.167518790858284,0.,-0.985868883122588));
#7737=DIRECTION('center_axis',(0.,-1.,0.));
#7738=DIRECTION('ref_axis',(0.,0.,-1.));
#7739=DIRECTION('',(0.966234939601246,0.,0.257662650560332));
#7740=DIRECTION('',(0.0560600444467674,0.,-0.998427399171631));
#7741=DIRECTION('center_axis',(0.,-1.,0.));
#7742=DIRECTION('ref_axis',(0.,0.,-1.));
#7743=DIRECTION('',(0.969377439337683,0.,-0.245575609748032));
#7744=DIRECTION('',(0.,0.,1.));
#7745=DIRECTION('center_axis',(0.,-1.,0.));
#7746=DIRECTION('ref_axis',(0.,0.,-1.));
#7747=DIRECTION('',(0.973332029612545,0.,-0.22940087212198));
#7748=DIRECTION('',(0.0560600444467674,0.,0.998427399171631));
#7749=DIRECTION('center_axis',(0.,-1.,0.));
#7750=DIRECTION('ref_axis',(0.,0.,-1.));
#7751=DIRECTION('',(0.977079327577687,0.,-0.21287552142117));
#7752=DIRECTION('',(0.167518790858284,0.,0.985868883122588));
#7753=DIRECTION('center_axis',(0.,-1.,0.));
#7754=DIRECTION('ref_axis',(0.,0.,-1.));
#7755=DIRECTION('',(0.980541255756127,0.,-0.196313131909705));
#7756=DIRECTION('',(0.276821833030861,0.,0.960921262517088));
#7757=DIRECTION('center_axis',(0.,-1.,0.));
#7758=DIRECTION('ref_axis',(0.,0.,-1.));
#7759=DIRECTION('',(0.983661030007553,0.,-0.18003049198533));
#7760=DIRECTION('',(0.382698287856596,0.,0.923873379025302));
#7761=DIRECTION('center_axis',(0.,-1.,0.));
#7762=DIRECTION('ref_axis',(0.,0.,-1.));
#7763=DIRECTION('',(0.986404496015269,0.,-0.16433554162403));
#7764=DIRECTION('',(0.483706194515626,0.,0.875230436734928));
#7765=DIRECTION('center_axis',(0.,-1.,0.));
#7766=DIRECTION('ref_axis',(0.,0.,-1.));
#7767=DIRECTION('',(0.9887595343369,0.,-0.14951449179888));
#7768=DIRECTION('',(0.578675433779759,0.,0.815557933159753));
#7769=DIRECTION('center_axis',(0.,-1.,0.));
#7770=DIRECTION('ref_axis',(0.,0.,-1.));
#7771=DIRECTION('',(0.9907331957702,0.,-0.135822438495878));
#7772=DIRECTION('',(0.666346217754161,0.,0.745642486775482));
#7773=DIRECTION('center_axis',(0.,-1.,0.));
#7774=DIRECTION('ref_axis',(0.,0.,-1.));
#7775=DIRECTION('',(0.99234763140415,0.,-0.123475416365256));
#7776=DIRECTION('',(0.745646673807768,0.,0.666341532428689));
#7777=DIRECTION('center_axis',(0.,-1.,0.));
#7778=DIRECTION('ref_axis',(0.,0.,-1.));
#7779=DIRECTION('',(0.993635128055529,0.,-0.112646492595517));
#7780=DIRECTION('',(0.81555852554924,0.,0.578674598892978));
#7781=DIRECTION('center_axis',(0.,-1.,0.));
#7782=DIRECTION('ref_axis',(0.,0.,-1.));
#7783=DIRECTION('',(0.994633209707692,0.,-0.103463897793266));
#7784=DIRECTION('',(0.875224373072102,0.,0.483717166100756));
#7785=DIRECTION('center_axis',(0.,-1.,0.));
#7786=DIRECTION('ref_axis',(0.,0.,-1.));
#7787=DIRECTION('',(0.995380128061876,0.,-0.0960125026208718));
#7788=DIRECTION('',(0.92387974834761,0.,0.382682911289696));
#7789=DIRECTION('center_axis',(0.,-1.,0.));
#7790=DIRECTION('ref_axis',(0.,0.,-1.));
#7791=DIRECTION('',(0.995911280245474,0.,-0.0903367139086959));
#7792=DIRECTION('',(0.960917011995954,0.,0.276836587279876));
#7793=DIRECTION('center_axis',(0.,-1.,0.));
#7794=DIRECTION('ref_axis',(0.,0.,-1.));
#7795=DIRECTION('',(0.93778344191996,0.,0.347220702235269));
#7796=DIRECTION('center_axis',(0.,-1.,0.));
#7797=DIRECTION('ref_axis',(0.,0.,-1.));
#7798=DIRECTION('',(0.933649806612632,0.,0.358187155844812));
#7799=DIRECTION('',(0.985870889466246,0.,0.167506982848578));
#7800=DIRECTION('center_axis',(0.,-1.,0.));
#7801=DIRECTION('ref_axis',(0.,0.,-1.));
#7802=DIRECTION('',(0.926092408450835,0.,0.377296767823065));
#7803=DIRECTION('',(0.998426858945294,0.,0.0560696650305214));
#7804=DIRECTION('center_axis',(0.,-1.,0.));
#7805=DIRECTION('ref_axis',(0.,0.,-1.));
#7806=DIRECTION('',(0.914070575307355,0.,0.405555154519432));
#7807=DIRECTION('',(0.998426858945294,0.,-0.0560696650305214));
#7808=DIRECTION('center_axis',(0.,-1.,0.));
#7809=DIRECTION('ref_axis',(0.,0.,-1.));
#7810=DIRECTION('',(0.896191674275168,0.,0.443667085729685));
#7811=DIRECTION('',(0.985870889466246,0.,-0.167506982848578));
#7812=DIRECTION('center_axis',(0.,-1.,0.));
#7813=DIRECTION('ref_axis',(0.,0.,-1.));
#7814=DIRECTION('',(0.870772758907547,0.,0.491685674333247));
#7815=DIRECTION('',(0.960917011995954,0.,-0.276836587279876));
#7816=DIRECTION('center_axis',(0.,-1.,0.));
#7817=DIRECTION('ref_axis',(0.,0.,-1.));
#7818=DIRECTION('',(0.836103786609829,0.,0.548571287998839));
#7819=DIRECTION('',(0.92387974834761,0.,-0.382682911289696));
#7820=DIRECTION('center_axis',(0.,-1.,0.));
#7821=DIRECTION('ref_axis',(0.,0.,-1.));
#7822=DIRECTION('',(0.790998984466565,0.,0.611817461807738));
#7823=DIRECTION('',(0.875224373072102,0.,-0.483717166100756));
#7824=DIRECTION('center_axis',(0.,-1.,0.));
#7825=DIRECTION('ref_axis',(0.,0.,-1.));
#7826=DIRECTION('',(0.735563681302515,0.,0.6774555858126));
#7827=DIRECTION('',(0.81555852554924,0.,-0.578674598892978));
#7828=DIRECTION('center_axis',(0.,-1.,0.));
#7829=DIRECTION('ref_axis',(0.,0.,-1.));
#7830=DIRECTION('',(0.671816274380603,0.,0.740717823113071));
#7831=DIRECTION('',(0.745646673807768,0.,-0.666341532428689));
#7832=DIRECTION('center_axis',(0.,-1.,0.));
#7833=DIRECTION('ref_axis',(0.,0.,-1.));
#7834=DIRECTION('',(0.603656192642742,0.,0.797244756071853));
#7835=DIRECTION('',(0.666346217754161,0.,-0.745642486775482));
#7836=DIRECTION('center_axis',(0.,-1.,0.));
#7837=DIRECTION('ref_axis',(0.,0.,-1.));
#7838=DIRECTION('',(0.535963642825589,0.,0.844241063659619));
#7839=DIRECTION('',(0.578662504534552,0.,-0.815567106892989));
#7840=DIRECTION('center_axis',(0.,-1.,0.));
#7841=DIRECTION('ref_axis',(0.,0.,-1.));
#7842=DIRECTION('',(0.473297073703339,0.,0.880902877747517));
#7843=DIRECTION('',(0.48372108470275,0.,-0.87522220733594));
#7844=DIRECTION('center_axis',(0.,-1.,0.));
#7845=DIRECTION('ref_axis',(0.,0.,-1.));
#7846=DIRECTION('',(0.418921648808292,0.,0.908022385274582));
#7847=DIRECTION('',(0.382681696394044,0.,-0.923880251572127));
#7848=DIRECTION('center_axis',(0.,-1.,0.));
#7849=DIRECTION('ref_axis',(0.,0.,-1.));
#7850=DIRECTION('',(0.374520823532297,0.,0.927218503234642));
#7851=DIRECTION('',(0.276839781687712,0.,-0.960916091693286));
#7852=DIRECTION('center_axis',(0.,-1.,0.));
#7853=DIRECTION('ref_axis',(0.,0.,-1.));
#7854=DIRECTION('',(0.340457580404856,0.,0.940259876813252));
#7855=DIRECTION('',(0.167499898008151,0.,-0.985872093208474));
#7856=DIRECTION('center_axis',(0.,-1.,0.));
#7857=DIRECTION('ref_axis',(0.,0.,-1.));
#7858=DIRECTION('',(0.316228004104947,0.,0.948683218687778));
#7859=DIRECTION('',(0.0560794216213812,0.,-0.99842631098675));
#7860=DIRECTION('center_axis',(0.,-1.,0.));
#7861=DIRECTION('ref_axis',(0.,0.,-1.));
#7862=DIRECTION('',(0.30189192504552,0.,-0.953342155572861));
#7863=DIRECTION('',(0.,0.,1.));
#7864=DIRECTION('center_axis',(0.,-1.,0.));
#7865=DIRECTION('ref_axis',(0.,0.,-1.));
#7866=DIRECTION('',(0.0560794216213812,0.,0.99842631098675));
#7867=DIRECTION('center_axis',(1.,0.,0.));
#7868=DIRECTION('ref_axis',(0.,0.,-1.));
#7869=DIRECTION('',(0.,0.716000145308476,-0.698100130295248));
#7870=DIRECTION('',(0.,0.,1.));
#7871=DIRECTION('center_axis',(1.,0.,0.));
#7872=DIRECTION('ref_axis',(0.,0.,-1.));
#7873=DIRECTION('',(0.,1.,0.));
#7874=DIRECTION('center_axis',(0.,1.,0.));
#7875=DIRECTION('ref_axis',(0.,0.,1.));
#7876=DIRECTION('',(0.272505189567169,0.,0.96215431281004));
#7877=DIRECTION('',(0.,0.,1.));
#7878=DIRECTION('center_axis',(0.,1.,0.));
#7879=DIRECTION('ref_axis',(0.,0.,1.));
#7880=DIRECTION('',(1.,0.,0.));
#7881=DIRECTION('',(0.,0.,1.));
#7882=DIRECTION('center_axis',(-1.,0.,0.));
#7883=DIRECTION('ref_axis',(0.,0.,1.));
#7884=DIRECTION('',(0.,0.716000145308476,0.698100130295248));
#7885=DIRECTION('center_axis',(-1.,0.,0.));
#7886=DIRECTION('ref_axis',(0.,0.,1.));
#7887=DIRECTION('',(0.,1.,0.));
#7888=DIRECTION('center_axis',(0.,1.,0.));
#7889=DIRECTION('ref_axis',(0.,0.,1.));
#7890=DIRECTION('',(0.374520823532297,0.,0.927218503234642));
#7891=DIRECTION('',(0.340457580404856,0.,0.940259876813252));
#7892=DIRECTION('',(0.167499898008151,0.,-0.985872093208474));
#7893=DIRECTION('center_axis',(0.,1.,0.));
#7894=DIRECTION('ref_axis',(0.,0.,1.));
#7895=DIRECTION('',(0.418921648808292,0.,0.908022385274582));
#7896=DIRECTION('',(0.276839781687712,0.,-0.960916091693286));
#7897=DIRECTION('center_axis',(0.,1.,0.));
#7898=DIRECTION('ref_axis',(0.,0.,1.));
#7899=DIRECTION('',(0.473297073703339,0.,0.880902877747517));
#7900=DIRECTION('',(0.382681696394044,0.,-0.923880251572127));
#7901=DIRECTION('center_axis',(0.,1.,0.));
#7902=DIRECTION('ref_axis',(0.,0.,1.));
#7903=DIRECTION('',(0.535963642825589,0.,0.844241063659619));
#7904=DIRECTION('',(0.48372108470275,0.,-0.87522220733594));
#7905=DIRECTION('center_axis',(0.,1.,0.));
#7906=DIRECTION('ref_axis',(0.,0.,1.));
#7907=DIRECTION('',(0.603656192642742,0.,0.797244756071853));
#7908=DIRECTION('',(0.578662504534552,0.,-0.815567106892989));
#7909=DIRECTION('center_axis',(0.,1.,0.));
#7910=DIRECTION('ref_axis',(0.,0.,1.));
#7911=DIRECTION('',(0.671816274380603,0.,0.740717823113071));
#7912=DIRECTION('',(0.666346217754161,0.,-0.745642486775482));
#7913=DIRECTION('center_axis',(0.,1.,0.));
#7914=DIRECTION('ref_axis',(0.,0.,1.));
#7915=DIRECTION('',(0.735563681302515,0.,0.6774555858126));
#7916=DIRECTION('',(0.745646673807768,0.,-0.666341532428689));
#7917=DIRECTION('center_axis',(0.,1.,0.));
#7918=DIRECTION('ref_axis',(0.,0.,1.));
#7919=DIRECTION('',(0.790998984466565,0.,0.611817461807738));
#7920=DIRECTION('',(0.81555852554924,0.,-0.578674598892978));
#7921=DIRECTION('center_axis',(0.,1.,0.));
#7922=DIRECTION('ref_axis',(0.,0.,1.));
#7923=DIRECTION('',(0.836103786609829,0.,0.548571287998839));
#7924=DIRECTION('',(0.875224373072102,0.,-0.483717166100756));
#7925=DIRECTION('center_axis',(0.,1.,0.));
#7926=DIRECTION('ref_axis',(0.,0.,1.));
#7927=DIRECTION('',(0.870772758907547,0.,0.491685674333247));
#7928=DIRECTION('',(0.92387974834761,0.,-0.382682911289696));
#7929=DIRECTION('center_axis',(0.,1.,0.));
#7930=DIRECTION('ref_axis',(0.,0.,1.));
#7931=DIRECTION('',(0.896191674275168,0.,0.443667085729685));
#7932=DIRECTION('',(0.960917011995954,0.,-0.276836587279876));
#7933=DIRECTION('center_axis',(0.,1.,0.));
#7934=DIRECTION('ref_axis',(0.,0.,1.));
#7935=DIRECTION('',(0.914070575307355,0.,0.405555154519432));
#7936=DIRECTION('',(0.985870889466246,0.,-0.167506982848578));
#7937=DIRECTION('center_axis',(0.,1.,0.));
#7938=DIRECTION('ref_axis',(0.,0.,1.));
#7939=DIRECTION('',(0.926092408450835,0.,0.377296767823065));
#7940=DIRECTION('',(0.998426858945294,0.,-0.0560696650305214));
#7941=DIRECTION('center_axis',(0.,1.,0.));
#7942=DIRECTION('ref_axis',(0.,0.,1.));
#7943=DIRECTION('',(0.933649806612632,0.,0.358187155844812));
#7944=DIRECTION('',(0.998426858945294,0.,0.0560696650305214));
#7945=DIRECTION('center_axis',(0.,1.,0.));
#7946=DIRECTION('ref_axis',(0.,0.,1.));
#7947=DIRECTION('',(0.93778344191996,0.,0.347220702235269));
#7948=DIRECTION('',(0.985870889466246,0.,0.167506982848578));
#7949=DIRECTION('center_axis',(0.,1.,0.));
#7950=DIRECTION('ref_axis',(0.,0.,1.));
#7951=DIRECTION('',(0.9934614620984,0.,-0.114167961028085));
#7952=DIRECTION('center_axis',(0.,1.,0.));
#7953=DIRECTION('ref_axis',(0.,0.,1.));
#7954=DIRECTION('',(0.992556056208401,0.,-0.121788650062414));
#7955=DIRECTION('',(0.960917011995954,0.,0.276836587279876));
#7956=DIRECTION('center_axis',(0.,1.,0.));
#7957=DIRECTION('ref_axis',(0.,0.,1.));
#7958=DIRECTION('',(0.991289328900551,0.,-0.131702188318553));
#7959=DIRECTION('',(0.92387974834761,0.,0.382682911289696));
#7960=DIRECTION('center_axis',(0.,1.,0.));
#7961=DIRECTION('ref_axis',(0.,0.,1.));
#7962=DIRECTION('',(0.989598379270396,0.,-0.143857734395496));
#7963=DIRECTION('',(0.875224373072102,0.,0.483717166100756));
#7964=DIRECTION('center_axis',(0.,1.,0.));
#7965=DIRECTION('ref_axis',(0.,0.,1.));
#7966=DIRECTION('',(0.987416153141682,0.,-0.158143417551548));
#7967=DIRECTION('',(0.81555852554924,0.,0.578674598892978));
#7968=DIRECTION('center_axis',(0.,1.,0.));
#7969=DIRECTION('ref_axis',(0.,0.,1.));
#7970=DIRECTION('',(0.984678358661111,0.,-0.17438041743401));
#7971=DIRECTION('',(0.745646673807768,0.,0.666341532428689));
#7972=DIRECTION('center_axis',(0.,1.,0.));
#7973=DIRECTION('ref_axis',(0.,0.,1.));
#7974=DIRECTION('',(0.981332292642306,0.,-0.192319867453667));
#7975=DIRECTION('',(0.666346217754161,0.,0.745642486775482));
#7976=DIRECTION('center_axis',(0.,1.,0.));
#7977=DIRECTION('ref_axis',(0.,0.,1.));
#7978=DIRECTION('',(0.977346413058265,0.,-0.211645904477605));
#7979=DIRECTION('',(0.578675433779759,0.,0.815557933159753));
#7980=DIRECTION('center_axis',(0.,1.,0.));
#7981=DIRECTION('ref_axis',(0.,0.,1.));
#7982=DIRECTION('',(0.972719781534692,0.,-0.231983246401762));
#7983=DIRECTION('',(0.483706194515626,0.,0.875230436734928));
#7984=DIRECTION('center_axis',(0.,1.,0.));
#7985=DIRECTION('ref_axis',(0.,0.,1.));
#7986=DIRECTION('',(0.967489223053324,0.,-0.252912244218575));
#7987=DIRECTION('',(0.382698287856596,0.,0.923873379025302));
#7988=DIRECTION('center_axis',(0.,1.,0.));
#7989=DIRECTION('ref_axis',(0.,0.,1.));
#7990=DIRECTION('',(0.961733405273921,0.,-0.273986965347311));
#7991=DIRECTION('',(0.276821833030861,0.,0.960921262517088));
#7992=DIRECTION('center_axis',(0.,1.,0.));
#7993=DIRECTION('ref_axis',(0.,0.,1.));
#7994=DIRECTION('',(0.955571681226615,0.,-0.294758820118652));
#7995=DIRECTION('',(0.167518790858284,0.,0.985868883122588));
#7996=DIRECTION('center_axis',(0.,1.,0.));
#7997=DIRECTION('ref_axis',(0.,0.,1.));
#7998=DIRECTION('',(0.949158724925456,0.,-0.314797895319971));
#7999=DIRECTION('',(0.0560600444467674,0.,0.998427399171631));
#8000=DIRECTION('center_axis',(0.,1.,0.));
#8001=DIRECTION('ref_axis',(0.,0.,1.));
#8002=DIRECTION('',(0.944118382212329,0.,0.329606553892325));
#8003=DIRECTION('',(0.,0.,1.));
#8004=DIRECTION('center_axis',(0.,1.,0.));
#8005=DIRECTION('ref_axis',(0.,0.,1.));
#8006=DIRECTION('',(0.950783113713744,0.,0.30985717786877));
#8007=DIRECTION('',(0.0560600444467674,0.,-0.998427399171631));
#8008=DIRECTION('center_axis',(0.,1.,0.));
#8009=DIRECTION('ref_axis',(0.,0.,1.));
#8010=DIRECTION('',(0.957229927244877,0.,0.289328302083925));
#8011=DIRECTION('',(0.167518790858284,0.,-0.985868883122588));
#8012=DIRECTION('center_axis',(0.,1.,0.));
#8013=DIRECTION('ref_axis',(0.,0.,1.));
#8014=DIRECTION('',(0.963296067182025,0.,0.268441216938912));
#8015=DIRECTION('',(0.276821833030861,0.,-0.960921262517088));
#8016=DIRECTION('center_axis',(0.,1.,0.));
#8017=DIRECTION('ref_axis',(0.,0.,1.));
#8018=DIRECTION('',(0.968852450133121,0.,0.24763870834554));
#8019=DIRECTION('',(0.382698717397329,0.,-0.923873201095496));
#8020=DIRECTION('center_axis',(0.,1.,0.));
#8021=DIRECTION('ref_axis',(0.,0.,1.));
#8022=DIRECTION('',(0.973809807060817,0.,0.227364156524669));
#8023=DIRECTION('',(0.483706194515626,0.,-0.875230436734928));
#8024=DIRECTION('center_axis',(0.,1.,0.));
#8025=DIRECTION('ref_axis',(0.,0.,1.));
#8026=DIRECTION('',(0.978120733627937,0.,0.208038050479104));
#8027=DIRECTION('',(0.578675433779759,0.,-0.815557933159753));
#8028=DIRECTION('center_axis',(0.,1.,0.));
#8029=DIRECTION('ref_axis',(0.,0.,1.));
#8030=DIRECTION('',(0.981776442970421,0.,0.190039511755708));
#8031=DIRECTION('',(0.666345614126007,0.,-0.745643026209617));
#8032=DIRECTION('center_axis',(0.,1.,0.));
#8033=DIRECTION('ref_axis',(0.,0.,1.));
#8034=DIRECTION('',(0.984800255476117,0.,0.17369069294057));
#8035=DIRECTION('',(0.745646673807768,0.,-0.666341532428689));
#8036=DIRECTION('center_axis',(0.,1.,0.));
#8037=DIRECTION('ref_axis',(0.,0.,1.));
#8038=DIRECTION('',(0.987238567235344,0.,0.159248269576488));
#8039=DIRECTION('',(0.815558238867107,0.,-0.578675002929954));
#8040=DIRECTION('center_axis',(0.,1.,0.));
#8041=DIRECTION('ref_axis',(0.,0.,1.));
#8042=DIRECTION('',(0.989151393077782,0.,0.146899699020397));
#8043=DIRECTION('',(0.875224630240074,0.,-0.483716700787895));
#8044=DIRECTION('center_axis',(0.,1.,0.));
#8045=DIRECTION('ref_axis',(0.,0.,1.));
#8046=DIRECTION('',(0.990603452891306,0.,0.136765489506023));
#8047=DIRECTION('',(0.923879963111428,0.,-0.382682392802735));
#8048=DIRECTION('center_axis',(0.,1.,0.));
#8049=DIRECTION('ref_axis',(0.,0.,1.));
#8050=DIRECTION('',(0.991656998310828,0.,0.128904606981899));
#8051=DIRECTION('',(0.960916850403942,0.,-0.276837148175182));
#8052=DIRECTION('center_axis',(0.,1.,0.));
#8053=DIRECTION('ref_axis',(0.,0.,1.));
#8054=DIRECTION('',(0.922373589502694,0.,-0.386299056933764));
#8055=DIRECTION('',(1.,0.,0.));
#8056=DIRECTION('center_axis',(0.,1.,0.));
#8057=DIRECTION('ref_axis',(0.,0.,1.));
#8058=DIRECTION('',(0.916849973275583,0.,-0.399231920698436));
#8059=DIRECTION('',(0.985871090093282,0.,-0.167505802043643));
#8060=DIRECTION('center_axis',(0.,1.,0.));
#8061=DIRECTION('ref_axis',(0.,0.,1.));
#8062=DIRECTION('',(0.907466952379476,0.,-0.420123470350213));
#8063=DIRECTION('',(0.998426790933174,0.,-0.0560708761023513));
#8064=DIRECTION('center_axis',(0.,1.,0.));
#8065=DIRECTION('ref_axis',(0.,0.,1.));
#8066=DIRECTION('',(0.893143423752588,0.,-0.449771969566251));
#8067=DIRECTION('',(0.998426790933174,0.,0.0560708761023513));
#8068=DIRECTION('center_axis',(0.,1.,0.));
#8069=DIRECTION('ref_axis',(0.,0.,1.));
#8070=DIRECTION('',(0.87251464076726,0.,-0.48858796715308));
#8071=DIRECTION('',(0.985871090093282,0.,0.167505802043643));
#8072=DIRECTION('center_axis',(0.,1.,0.));
#8073=DIRECTION('ref_axis',(0.,0.,1.));
#8074=DIRECTION('',(0.84405180363635,0.,-0.536261645820606));
#8075=DIRECTION('',(0.960916850403942,0.,0.276837148175182));
#8076=DIRECTION('center_axis',(0.,1.,0.));
#8077=DIRECTION('ref_axis',(0.,0.,1.));
#8078=DIRECTION('',(0.806380945831256,0.,-0.591396457717063));
#8079=DIRECTION('',(0.923879963111428,0.,0.382682392802735));
#8080=DIRECTION('center_axis',(0.,1.,0.));
#8081=DIRECTION('ref_axis',(0.,0.,1.));
#8082=DIRECTION('',(0.758833536732638,0.,-0.651284625589946));
#8083=DIRECTION('',(0.875224630240074,0.,0.483716700787895));
#8084=DIRECTION('center_axis',(0.,1.,0.));
#8085=DIRECTION('ref_axis',(0.,0.,1.));
#8086=DIRECTION('',(0.702092426636099,0.,-0.712085826610974));
#8087=DIRECTION('',(0.815558238867107,0.,0.578675002929954));
#8088=DIRECTION('center_axis',(0.,1.,0.));
#8089=DIRECTION('ref_axis',(0.,0.,1.));
#8090=DIRECTION('',(0.638575079829264,0.,-0.769559528185474));
#8091=DIRECTION('',(0.745646673807768,0.,0.666341532428689));
#8092=DIRECTION('center_axis',(0.,1.,0.));
#8093=DIRECTION('ref_axis',(0.,0.,1.));
#8094=DIRECTION('',(0.572184201292281,0.,-0.820125136666054));
#8095=DIRECTION('',(0.666345614126007,0.,0.745643026209617));
#8096=DIRECTION('center_axis',(0.,1.,0.));
#8097=DIRECTION('ref_axis',(0.,0.,1.));
#8098=DIRECTION('',(0.507394225330799,0.,-0.861714047756539));
#8099=DIRECTION('',(0.578662504534552,0.,0.815567106892989));
#8100=DIRECTION('center_axis',(0.,1.,0.));
#8101=DIRECTION('ref_axis',(0.,0.,1.));
#8102=DIRECTION('',(0.448156327724924,0.,-0.893955203530977));
#8103=DIRECTION('',(0.48372108470275,0.,0.87522220733594));
#8104=DIRECTION('center_axis',(0.,1.,0.));
#8105=DIRECTION('ref_axis',(0.,0.,1.));
#8106=DIRECTION('',(0.397182458274957,0.,-0.917739666157382));
#8107=DIRECTION('',(0.382682125922545,0.,0.923880073656425));
#8108=DIRECTION('center_axis',(0.,1.,0.));
#8109=DIRECTION('ref_axis',(0.,0.,1.));
#8110=DIRECTION('',(0.355797611460872,0.,-0.934563031410262));
#8111=DIRECTION('',(0.276839781687712,0.,0.960916091693286));
#8112=DIRECTION('center_axis',(0.,1.,0.));
#8113=DIRECTION('ref_axis',(0.,0.,1.));
#8114=DIRECTION('',(0.324207626841141,0.,-0.945985948467542));
#8115=DIRECTION('',(0.167499898008151,0.,0.985872093208474));
#8116=DIRECTION('center_axis',(0.,1.,0.));
#8117=DIRECTION('ref_axis',(0.,0.,1.));
#8118=DIRECTION('',(0.30189192504552,0.,-0.953342155572861));
#8119=DIRECTION('',(0.0560794216213812,0.,0.99842631098675));
#8120=DIRECTION('center_axis',(0.,1.,0.));
#8121=DIRECTION('ref_axis',(0.,0.,1.));
#8122=DIRECTION('',(0.316228004104947,0.,0.948683218687778));
#8123=DIRECTION('center_axis',(0.,1.,0.));
#8124=DIRECTION('ref_axis',(0.,0.,1.));
#8125=DIRECTION('',(0.0560794216213812,0.,-0.99842631098675));
#8126=DIRECTION('center_axis',(0.,0.,-1.));
#8127=DIRECTION('ref_axis',(-1.,0.,0.));
#8128=DIRECTION('',(0.988447166413071,0.151565824676838,0.));
#8129=DIRECTION('',(0.,1.,0.));
#8130=DIRECTION('center_axis',(0.,0.,-1.));
#8131=DIRECTION('ref_axis',(-1.,0.,0.));
#8132=DIRECTION('',(0.652670676968272,-0.757641727616541,0.));
#8133=DIRECTION('',(0.986947437798676,0.161042711796058,0.));
#8134=DIRECTION('center_axis',(0.,0.,-1.));
#8135=DIRECTION('ref_axis',(-1.,0.,0.));
#8136=DIRECTION('',(0.985207936580004,0.171363128180394,0.));
#8137=DIRECTION('',(0.533314115039427,-0.845917285968145,0.));
#8138=DIRECTION('center_axis',(0.,0.,-1.));
#8139=DIRECTION('ref_axis',(-1.,0.,0.));
#8140=DIRECTION('',(0.983251374458105,0.182254587394249,0.));
#8141=DIRECTION('',(0.402227032934816,-0.915539957607779,0.));
#8142=DIRECTION('center_axis',(0.,0.,-1.));
#8143=DIRECTION('ref_axis',(-1.,0.,0.));
#8144=DIRECTION('',(0.262238851422807,-0.965002997303349,0.));
#8145=DIRECTION('',(0.981115915656607,0.193420681534572,0.));
#8146=DIRECTION('center_axis',(0.,0.,-1.));
#8147=DIRECTION('ref_axis',(-1.,0.,0.));
#8148=DIRECTION('',(0.978855091769627,0.204554905384041,0.));
#8149=DIRECTION('',(0.116484901242044,-0.993192462608648,0.));
#8150=DIRECTION('center_axis',(0.,0.,-1.));
#8151=DIRECTION('ref_axis',(-1.,0.,0.));
#8152=DIRECTION('',(0.97653608784209,0.21535382314244,0.));
#8153=DIRECTION('',(0.0318123559578499,0.999493858914806,0.));
#8154=DIRECTION('center_axis',(0.,0.,-1.));
#8155=DIRECTION('ref_axis',(-1.,0.,0.));
#8156=DIRECTION('',(0.970178244588474,-0.242392602459786,0.));
#8157=DIRECTION('center_axis',(0.,0.,-1.));
#8158=DIRECTION('ref_axis',(-1.,0.,0.));
#8159=DIRECTION('',(0.972849525764231,-0.231438545234606,0.));
#8160=DIRECTION('',(0.17943942875423,0.98376902340354,0.));
#8161=DIRECTION('center_axis',(0.,0.,-1.));
#8162=DIRECTION('ref_axis',(-1.,0.,0.));
#8163=DIRECTION('',(0.323111297458241,0.94636097206872,0.));
#8164=DIRECTION('',(0.975388115981998,-0.220494950511543,0.));
#8165=DIRECTION('center_axis',(0.,0.,-1.));
#8166=DIRECTION('ref_axis',(-1.,0.,0.));
#8167=DIRECTION('',(0.977731051412634,-0.209861838130579,0.));
#8168=DIRECTION('',(0.459638218317376,0.888106248295793,0.));
#8169=DIRECTION('center_axis',(0.,0.,-1.));
#8170=DIRECTION('ref_axis',(-1.,0.,0.));
#8171=DIRECTION('',(0.979831084120064,-0.199827542125954,0.));
#8172=DIRECTION('',(0.586045846976356,0.810277893837519,0.));
#8173=DIRECTION('center_axis',(0.,0.,-1.));
#8174=DIRECTION('ref_axis',(-1.,0.,0.));
#8175=DIRECTION('',(0.699550447912979,0.714583214765607,0.));
#8176=DIRECTION('',(0.981656883429592,-0.190656138677205,0.));
#8177=DIRECTION('center_axis',(0.,0.,-1.));
#8178=DIRECTION('ref_axis',(-1.,0.,0.));
#8179=DIRECTION('',(0.983191535373047,-0.182577120063798,0.));
#8180=DIRECTION('',(0.797625560560905,0.603152936774664,0.));
#8181=DIRECTION('center_axis',(0.,0.,-1.));
#8182=DIRECTION('ref_axis',(-1.,0.,0.));
#8183=DIRECTION('',(0.984429705274495,-0.175778711376464,0.));
#8184=DIRECTION('',(0.878125273679726,0.478430772134178,0.));
#8185=DIRECTION('center_axis',(0.,0.,-1.));
#8186=DIRECTION('ref_axis',(-1.,0.,0.));
#8187=DIRECTION('',(0.704120135451341,0.710080865009039,0.));
#8188=DIRECTION('center_axis',(0.,0.,-1.));
#8189=DIRECTION('ref_axis',(-1.,0.,0.));
#8190=DIRECTION('',(0.690061712043912,0.723750532691359,0.));
#8191=DIRECTION('',(0.939280692762532,0.343149792661365,0.));
#8192=DIRECTION('center_axis',(0.,0.,-1.));
#8193=DIRECTION('ref_axis',(-1.,0.,0.));
#8194=DIRECTION('',(0.979727543196103,0.200334572909742,0.));
#8195=DIRECTION('',(0.670017425985555,0.742345370347045,0.));
#8196=DIRECTION('center_axis',(0.,0.,-1.));
#8197=DIRECTION('ref_axis',(-1.,0.,0.));
#8198=DIRECTION('',(0.64365052882974,0.765319538975189,0.));
#8199=DIRECTION('',(0.998591153634266,0.0530632441845233,0.));
#8200=DIRECTION('center_axis',(0.,0.,-1.));
#8201=DIRECTION('ref_axis',(-1.,0.,0.));
#8202=DIRECTION('',(0.61099581673582,0.791633824398205,0.));
#8203=DIRECTION('',(0.995445210148202,-0.0953353743004241,0.));
#8204=DIRECTION('center_axis',(0.,0.,-1.));
#8205=DIRECTION('ref_axis',(-1.,0.,0.));
#8206=DIRECTION('',(0.970362788736725,-0.241652763764635,0.));
#8207=DIRECTION('',(0.572648996438145,0.819800662892136,0.));
#8208=DIRECTION('center_axis',(0.,0.,-1.));
#8209=DIRECTION('ref_axis',(-1.,0.,0.));
#8210=DIRECTION('',(0.529902487709423,0.848058579061237,0.));
#8211=DIRECTION('',(0.923890618108881,-0.382656668268555,0.));
#8212=DIRECTION('center_axis',(0.,0.,-1.));
#8213=DIRECTION('ref_axis',(-1.,0.,0.));
#8214=DIRECTION('',(0.484714323483409,0.874672524211217,0.));
#8215=DIRECTION('',(0.85705955822352,-0.515217346037286,0.));
#8216=DIRECTION('center_axis',(0.,0.,-1.));
#8217=DIRECTION('ref_axis',(-1.,0.,0.));
#8218=DIRECTION('',(0.771358772073604,-0.636400537983039,0.));
#8219=DIRECTION('',(0.439480450641737,0.898252154744833,0.));
#8220=DIRECTION('center_axis',(0.,0.,-1.));
#8221=DIRECTION('ref_axis',(-1.,0.,0.));
#8222=DIRECTION('',(0.396654953927514,0.917967781310848,0.));
#8223=DIRECTION('',(0.668646647177597,-0.743580299105724,0.));
#8224=DIRECTION('center_axis',(0.,0.,-1.));
#8225=DIRECTION('ref_axis',(-1.,0.,0.));
#8226=DIRECTION('',(0.358357617393535,0.93358439257307,0.));
#8227=DIRECTION('',(0.551184754843788,-0.834383224919937,0.));
#8228=DIRECTION('center_axis',(0.,0.,-1.));
#8229=DIRECTION('ref_axis',(-1.,0.,0.));
#8230=DIRECTION('',(0.421592191145608,-0.906785544858896,0.));
#8231=DIRECTION('',(0.326124846393459,0.945326707844882,0.));
#8232=DIRECTION('center_axis',(0.,0.,-1.));
#8233=DIRECTION('ref_axis',(-1.,0.,0.));
#8234=DIRECTION('',(0.300820713962516,0.953680710747094,0.));
#8235=DIRECTION('',(0.282714418335149,-0.959204127214546,0.));
#8236=DIRECTION('center_axis',(0.,0.,-1.));
#8237=DIRECTION('ref_axis',(-1.,0.,0.));
#8238=DIRECTION('',(0.282719015806497,0.959202772150605,0.));
#8239=DIRECTION('',(0.137581676894519,-0.990490425083904,0.));
#8240=DIRECTION('center_axis',(0.,0.,-1.));
#8241=DIRECTION('ref_axis',(-1.,0.,0.));
#8242=DIRECTION('',(0.324873103395257,-0.945757615190243,0.));
#8243=DIRECTION('center_axis',(0.,0.,-1.));
#8244=DIRECTION('ref_axis',(-1.,0.,0.));
#8245=DIRECTION('',(0.0105614338933571,0.999944226501717,0.));
#8246=DIRECTION('',(0.341669735533832,-0.939820084814238,0.));
#8247=DIRECTION('center_axis',(0.,0.,-1.));
#8248=DIRECTION('ref_axis',(-1.,0.,0.));
#8249=DIRECTION('',(0.367035151471867,-0.930207072422062,0.));
#8250=DIRECTION('',(0.158470538630514,0.987363706232994,0.));
#8251=DIRECTION('center_axis',(0.,0.,-1.));
#8252=DIRECTION('ref_axis',(-1.,0.,0.));
#8253=DIRECTION('',(0.401010838396364,-0.916073309014429,0.));
#8254=DIRECTION('',(0.302890744790586,0.953025286506189,0.));
#8255=DIRECTION('center_axis',(0.,0.,-1.));
#8256=DIRECTION('ref_axis',(-1.,0.,0.));
#8257=DIRECTION('',(0.440643824914605,0.89768202586697,0.));
#8258=DIRECTION('',(0.442885461466961,-0.896578199612949,0.));
#8259=DIRECTION('center_axis',(0.,0.,-1.));
#8260=DIRECTION('ref_axis',(-1.,0.,0.));
#8261=DIRECTION('',(0.490985028699787,-0.871168009968611,0.));
#8262=DIRECTION('',(0.568675360246507,0.822562055196145,0.));
#8263=DIRECTION('center_axis',(0.,0.,-1.));
#8264=DIRECTION('ref_axis',(-1.,0.,0.));
#8265=DIRECTION('',(0.542682033991482,-0.839938217955861,0.));
#8266=DIRECTION('',(0.684198373151571,0.729295952392952,0.));
#8267=DIRECTION('center_axis',(0.,0.,-1.));
#8268=DIRECTION('ref_axis',(-1.,0.,0.));
#8269=DIRECTION('',(0.784607738702662,0.619992497025485,0.));
#8270=DIRECTION('',(0.594713232804002,-0.803937914722158,0.));
#8271=DIRECTION('center_axis',(0.,0.,-1.));
#8272=DIRECTION('ref_axis',(-1.,0.,0.));
#8273=DIRECTION('',(0.643802801686887,-0.765191448292592,0.));
#8274=DIRECTION('',(0.867762002972263,0.496979985711261,0.));
#8275=DIRECTION('center_axis',(0.,0.,-1.));
#8276=DIRECTION('ref_axis',(-1.,0.,0.));
#8277=DIRECTION('',(0.687319294075561,-0.726355414374721,0.));
#8278=DIRECTION('',(0.931762377301083,0.36306868805535,0.));
#8279=DIRECTION('center_axis',(0.,0.,-1.));
#8280=DIRECTION('ref_axis',(-1.,0.,0.));
#8281=DIRECTION('',(0.,1.,0.));
#8282=DIRECTION('center_axis',(1.,0.,0.));
#8283=DIRECTION('ref_axis',(0.,0.,-1.));
#8284=DIRECTION('',(0.,0.286741056716191,-0.958008124387931));
#8285=DIRECTION('center_axis',(1.,0.,0.));
#8286=DIRECTION('ref_axis',(0.,0.,-1.));
#8287=DIRECTION('',(0.,0.,1.));
#8288=DIRECTION('center_axis',(-1.,0.,0.));
#8289=DIRECTION('ref_axis',(0.,0.,1.));
#8290=DIRECTION('',(0.,0.323497148835905,0.946229144919475));
#8291=DIRECTION('',(0.,0.,1.));
#8292=DIRECTION('center_axis',(-1.,0.,0.));
#8293=DIRECTION('ref_axis',(0.,0.,1.));
#8294=DIRECTION('center_axis',(-0.757641727616541,-0.652670676968272,0.));
#8295=DIRECTION('ref_axis',(0.,0.,1.));
#8296=DIRECTION('',(0.,0.,1.));
#8297=DIRECTION('',(0.0330820354235976,-0.0384027218563468,-0.998714578789283));
#8298=DIRECTION('center_axis',(-0.845917285968145,-0.533314115039427,0.));
#8299=DIRECTION('ref_axis',(0.,0.,1.));
#8300=DIRECTION('',(0.027031953169213,-0.0428767883963247,0.998714601137219));
#8301=DIRECTION('center_axis',(-0.845917285968145,-0.533314115039427,0.));
#8302=DIRECTION('ref_axis',(0.,0.,1.));
#8303=DIRECTION('',(0.,0.,1.));
#8304=DIRECTION('',(0.533314115039427,-0.845917285968145,0.));
#8305=DIRECTION('center_axis',(-0.915539957607779,-0.402227032934816,0.));
#8306=DIRECTION('ref_axis',(0.,0.,1.));
#8307=DIRECTION('',(0.0203879321549911,-0.0464065440969896,0.998714556260906));
#8308=DIRECTION('center_axis',(-0.915539957607779,-0.402227032934816,0.));
#8309=DIRECTION('ref_axis',(0.,0.,1.));
#8310=DIRECTION('',(0.,0.,1.));
#8311=DIRECTION('',(0.402227032934816,-0.915539957607779,0.));
#8312=DIRECTION('center_axis',(-0.965002997303349,-0.262238851422807,0.));
#8313=DIRECTION('ref_axis',(0.,0.,1.));
#8314=DIRECTION('',(0.0132919478941234,-0.0489125447592373,0.998714617439014));
#8315=DIRECTION('center_axis',(-0.965002997303349,-0.262238851422807,0.));
#8316=DIRECTION('ref_axis',(0.,0.,1.));
#8317=DIRECTION('',(0.,0.,1.));
#8318=DIRECTION('',(0.262238851422807,-0.965002997303349,0.));
#8319=DIRECTION('center_axis',(-0.993192462608648,-0.116484901242044,0.));
#8320=DIRECTION('ref_axis',(0.,0.,1.));
#8321=DIRECTION('',(0.0059042037986746,-0.0503413802821031,0.998714616799412));
#8322=DIRECTION('center_axis',(-0.993192462608648,-0.116484901242044,0.));
#8323=DIRECTION('ref_axis',(0.,0.,1.));
#8324=DIRECTION('',(0.,0.,1.));
#8325=DIRECTION('',(0.116484901242044,-0.993192462608648,0.));
#8326=DIRECTION('center_axis',(-0.999493858914806,0.0318123559578499,0.));
#8327=DIRECTION('ref_axis',(0.,0.,1.));
#8328=DIRECTION('',(0.00161248707817096,0.0506617911086734,-0.998714565232271));
#8329=DIRECTION('center_axis',(-0.999493858914806,0.0318123559578499,0.));
#8330=DIRECTION('ref_axis',(0.,0.,1.));
#8331=DIRECTION('',(0.,0.,1.));
#8332=DIRECTION('',(0.0318123559578499,0.999493858914806,0.));
#8333=DIRECTION('center_axis',(-0.983769023403541,0.17943942875423,0.));
#8334=DIRECTION('ref_axis',(0.,0.,1.));
#8335=DIRECTION('',(0.00909531285136642,0.0498646652157686,-0.998714569057173));
#8336=DIRECTION('center_axis',(-0.983769023403541,0.17943942875423,0.));
#8337=DIRECTION('ref_axis',(0.,0.,1.));
#8338=DIRECTION('',(0.,0.,1.));
#8339=DIRECTION('',(0.17943942875423,0.98376902340354,0.));
#8340=DIRECTION('center_axis',(-0.94636097206872,0.323111297458241,0.));
#8341=DIRECTION('ref_axis',(0.,0.,1.));
#8342=DIRECTION('',(0.0163775548792935,0.0479682353343901,-0.99871458590284));
#8343=DIRECTION('center_axis',(-0.94636097206872,0.323111297458241,0.));
#8344=DIRECTION('ref_axis',(0.,0.,1.));
#8345=DIRECTION('',(0.,0.,1.));
#8346=DIRECTION('',(0.323111297458241,0.94636097206872,0.));
#8347=DIRECTION('center_axis',(-0.888106248295793,0.459638218317376,0.));
#8348=DIRECTION('ref_axis',(0.,0.,1.));
#8349=DIRECTION('',(0.0232977035167069,0.0450154822631468,-0.998714585538563));
#8350=DIRECTION('center_axis',(-0.888106248295793,0.459638218317376,0.));
#8351=DIRECTION('ref_axis',(0.,0.,1.));
#8352=DIRECTION('',(0.,0.,1.));
#8353=DIRECTION('',(0.459638218317376,0.888106248295793,0.));
#8354=DIRECTION('center_axis',(-0.810277893837519,0.586045846976356,0.));
#8355=DIRECTION('ref_axis',(0.,0.,1.));
#8356=DIRECTION('',(0.0297046703468544,0.041070229999869,-0.998714608267719));
#8357=DIRECTION('center_axis',(-0.810277893837519,0.586045846976356,0.));
#8358=DIRECTION('ref_axis',(0.,0.,1.));
#8359=DIRECTION('',(0.,0.,1.));
#8360=DIRECTION('',(0.586045846976356,0.810277893837519,0.));
#8361=DIRECTION('center_axis',(-0.714583214765607,0.699550447912979,0.));
#8362=DIRECTION('ref_axis',(0.,0.,1.));
#8363=DIRECTION('',(0.035457784953175,0.0362197437452849,-0.998714611713096));
#8364=DIRECTION('center_axis',(-0.714583214765607,0.699550447912979,0.));
#8365=DIRECTION('ref_axis',(0.,0.,1.));
#8366=DIRECTION('',(0.,0.,1.));
#8367=DIRECTION('',(0.699550447912979,0.714583214765607,0.));
#8368=DIRECTION('center_axis',(-0.603152936774664,0.797625560560905,0.));
#8369=DIRECTION('ref_axis',(0.,0.,1.));
#8370=DIRECTION('',(0.0404294018953904,0.0305721301961535,-0.998714578003971));
#8371=DIRECTION('center_axis',(-0.603152936774664,0.797625560560905,0.));
#8372=DIRECTION('ref_axis',(0.,0.,1.));
#8373=DIRECTION('',(0.,0.,1.));
#8374=DIRECTION('',(0.797625560560905,0.603152936774664,0.));
#8375=DIRECTION('center_axis',(-0.478430772134178,0.878125273679726,0.));
#8376=DIRECTION('ref_axis',(0.,0.,1.));
#8377=DIRECTION('',(0.044508814204562,0.0242498274277343,-0.99871462957535));
#8378=DIRECTION('center_axis',(-0.478430772134178,0.878125273679726,0.));
#8379=DIRECTION('ref_axis',(0.,0.,1.));
#8380=DIRECTION('',(0.,0.,1.));
#8381=DIRECTION('',(0.878125273679726,0.478430772134178,0.));
#8382=DIRECTION('center_axis',(-0.343149792661365,0.939280692762532,0.));
#8383=DIRECTION('ref_axis',(0.,0.,1.));
#8384=DIRECTION('',(0.0476100478071082,0.0173934992590519,-0.998714548572979));
#8385=DIRECTION('center_axis',(-0.343149792661365,0.939280692762532,0.));
#8386=DIRECTION('ref_axis',(0.,0.,1.));
#8387=DIRECTION('',(0.,0.,1.));
#8388=DIRECTION('',(0.939280692762532,0.343149792661365,0.));
#8389=DIRECTION('center_axis',(-0.200334572909742,0.979727543196103,0.));
#8390=DIRECTION('ref_axis',(0.,0.,1.));
#8391=DIRECTION('',(0.0496588736460914,0.0101542406479811,-0.998714617728741));
#8392=DIRECTION('center_axis',(-0.200334572909742,0.979727543196103,0.));
#8393=DIRECTION('ref_axis',(0.,0.,1.));
#8394=DIRECTION('',(0.,0.,1.));
#8395=DIRECTION('',(0.979727543196103,0.200334572909742,0.));
#8396=DIRECTION('center_axis',(-0.0530632441845233,0.998591153634266,0.));
#8397=DIRECTION('ref_axis',(0.,0.,1.));
#8398=DIRECTION('',(0.0506162033995929,0.00268964926327576,-0.998714556687871));
#8399=DIRECTION('center_axis',(-0.0530632441845233,0.998591153634266,0.));
#8400=DIRECTION('ref_axis',(0.,0.,1.));
#8401=DIRECTION('',(0.,0.,1.));
#8402=DIRECTION('',(0.998591153634266,0.0530632441845233,0.));
#8403=DIRECTION('center_axis',(0.0953353743004241,0.995445210148202,0.));
#8404=DIRECTION('ref_axis',(0.,0.,1.));
#8405=DIRECTION('',(0.0504559986055098,-0.00483225140240698,-0.998714594642085));
#8406=DIRECTION('center_axis',(0.0953353743004241,0.995445210148202,0.));
#8407=DIRECTION('ref_axis',(0.,0.,1.));
#8408=DIRECTION('',(0.,0.,1.));
#8409=DIRECTION('',(0.995445210148202,-0.0953353743004241,0.));
#8410=DIRECTION('center_axis',(0.241652763764635,0.970362788736725,0.));
#8411=DIRECTION('ref_axis',(0.,0.,1.));
#8412=DIRECTION('',(0.0491847645165095,-0.0122486501115739,-0.998714588613734));
#8413=DIRECTION('center_axis',(0.241652763764635,0.970362788736725,0.));
#8414=DIRECTION('ref_axis',(0.,0.,1.));
#8415=DIRECTION('',(0.,0.,1.));
#8416=DIRECTION('',(0.970362788736725,-0.241652763764635,0.));
#8417=DIRECTION('center_axis',(0.382656668268555,0.923890618108881,0.));
#8418=DIRECTION('ref_axis',(0.,0.,1.));
#8419=DIRECTION('',(0.0468285552755791,-0.0193954333882749,-0.998714625693688));
#8420=DIRECTION('center_axis',(0.382656668268555,0.923890618108881,0.));
#8421=DIRECTION('ref_axis',(0.,0.,1.));
#8422=DIRECTION('',(0.,0.,1.));
#8423=DIRECTION('',(0.923890618108881,-0.382656668268555,0.));
#8424=DIRECTION('center_axis',(0.515217346037286,0.85705955822352,0.));
#8425=DIRECTION('ref_axis',(0.,0.,-1.));
#8426=DIRECTION('',(0.0434420693117663,-0.0261149968428901,-0.998714570612549));
#8427=DIRECTION('center_axis',(0.515217346037286,0.85705955822352,0.));
#8428=DIRECTION('ref_axis',(0.,0.,-1.));
#8429=DIRECTION('',(0.,0.,1.));
#8430=DIRECTION('',(0.85705955822352,-0.515217346037286,0.));
#8431=DIRECTION('center_axis',(0.636400537983039,0.771358772073604,0.));
#8432=DIRECTION('ref_axis',(0.,0.,-1.));
#8433=DIRECTION('',(0.039098252797985,-0.0322575564259743,-0.998714562165572));
#8434=DIRECTION('center_axis',(0.636400537983039,0.771358772073604,0.));
#8435=DIRECTION('ref_axis',(0.,0.,-1.));
#8436=DIRECTION('',(0.,0.,1.));
#8437=DIRECTION('',(0.771358772073604,-0.636400537983039,0.));
#8438=DIRECTION('center_axis',(0.743580299105724,0.668646647177597,0.));
#8439=DIRECTION('ref_axis',(0.,0.,-1.));
#8440=DIRECTION('',(0.0338908863458087,-0.0376889580054697,-0.998714649070072));
#8441=DIRECTION('center_axis',(0.743580299105724,0.668646647177597,0.));
#8442=DIRECTION('ref_axis',(0.,0.,-1.));
#8443=DIRECTION('',(0.,0.,1.));
#8444=DIRECTION('',(0.668646647177597,-0.743580299105724,0.));
#8445=DIRECTION('center_axis',(0.834383224919937,0.551184754843788,0.));
#8446=DIRECTION('ref_axis',(0.,0.,-1.));
#8447=DIRECTION('',(0.0279384868697228,-0.0422932683984508,-0.99871453398837));
#8448=DIRECTION('center_axis',(0.834383224919937,0.551184754843788,0.));
#8449=DIRECTION('ref_axis',(0.,0.,-1.));
#8450=DIRECTION('',(0.,0.,1.));
#8451=DIRECTION('',(0.551184754843788,-0.834383224919937,0.));
#8452=DIRECTION('center_axis',(0.906785544858896,0.421592191145608,0.));
#8453=DIRECTION('ref_axis',(0.,0.,-1.));
#8454=DIRECTION('',(0.0213687118732318,-0.045961095688817,-0.998714651858058));
#8455=DIRECTION('center_axis',(0.906785544858896,0.421592191145608,0.));
#8456=DIRECTION('ref_axis',(0.,0.,-1.));
#8457=DIRECTION('',(0.,0.,1.));
#8458=DIRECTION('',(0.421592191145608,-0.906785544858896,0.));
#8459=DIRECTION('center_axis',(0.959204127214546,0.282714418335149,0.));
#8460=DIRECTION('ref_axis',(0.,0.,-1.));
#8461=DIRECTION('',(0.0143300346950707,-0.0486194814667879,-0.998714571901071));
#8462=DIRECTION('center_axis',(0.959204127214546,0.282714418335149,0.));
#8463=DIRECTION('ref_axis',(0.,0.,-1.));
#8464=DIRECTION('',(0.,0.,1.));
#8465=DIRECTION('',(0.282714418335149,-0.959204127214546,0.));
#8466=DIRECTION('center_axis',(0.990490425083904,0.137581676894519,0.));
#8467=DIRECTION('ref_axis',(0.,0.,-1.));
#8468=DIRECTION('',(0.00697355103088157,-0.0502046179464569,-0.998714606843652));
#8469=DIRECTION('center_axis',(0.990490425083904,0.137581676894519,0.));
#8470=DIRECTION('ref_axis',(0.,0.,-1.));
#8471=DIRECTION('',(0.,0.,1.));
#8472=DIRECTION('',(0.137581676894519,-0.990490425083904,0.));
#8473=DIRECTION('center_axis',(0.999944226501717,-0.0105614338933571,0.));
#8474=DIRECTION('ref_axis',(0.,0.,-1.));
#8475=DIRECTION('',(0.000535324888659067,0.0506839352612902,0.99871459994019));
#8476=DIRECTION('center_axis',(0.999944226501717,-0.0105614338933571,0.));
#8477=DIRECTION('ref_axis',(0.,0.,-1.));
#8478=DIRECTION('',(0.,0.,1.));
#8479=DIRECTION('',(0.0105614338933571,0.999944226501717,0.));
#8480=DIRECTION('center_axis',(0.987363706232994,-0.158470538630514,0.));
#8481=DIRECTION('ref_axis',(0.,0.,-1.));
#8482=DIRECTION('',(0.00803247800937852,0.0500470139504395,0.998714561669987));
#8483=DIRECTION('center_axis',(0.987363706232994,-0.158470538630514,0.));
#8484=DIRECTION('ref_axis',(0.,0.,-1.));
#8485=DIRECTION('',(0.,0.,1.));
#8486=DIRECTION('',(0.158470538630514,0.987363706232994,0.));
#8487=DIRECTION('center_axis',(0.953025286506189,-0.302890744790586,0.));
#8488=DIRECTION('ref_axis',(0.,0.,-1.));
#8489=DIRECTION('',(0.0153524927602297,0.0483055823363569,0.998714609726519));
#8490=DIRECTION('center_axis',(0.953025286506189,-0.302890744790586,0.));
#8491=DIRECTION('ref_axis',(0.,0.,-1.));
#8492=DIRECTION('',(0.,0.,1.));
#8493=DIRECTION('',(0.302890744790586,0.953025286506189,0.));
#8494=DIRECTION('center_axis',(0.89768202586697,-0.440643824914605,0.));
#8495=DIRECTION('ref_axis',(0.,0.,-1.));
#8496=DIRECTION('',(0.022335160142959,0.0455013111986314,0.998714559471621));
#8497=DIRECTION('center_axis',(0.89768202586697,-0.440643824914605,0.));
#8498=DIRECTION('ref_axis',(0.,0.,-1.));
#8499=DIRECTION('',(0.,0.,1.));
#8500=DIRECTION('',(0.440643824914605,0.89768202586697,0.));
#8501=DIRECTION('center_axis',(0.822562055196145,-0.568675360246507,0.));
#8502=DIRECTION('ref_axis',(0.,0.,-1.));
#8503=DIRECTION('',(0.0288241847240518,0.0416928220974649,0.998714611368304));
#8504=DIRECTION('center_axis',(0.822562055196145,-0.568675360246507,0.));
#8505=DIRECTION('ref_axis',(0.,0.,-1.));
#8506=DIRECTION('',(0.,0.,1.));
#8507=DIRECTION('',(0.568675360246507,0.822562055196145,0.));
#8508=DIRECTION('center_axis',(0.729295952392952,-0.684198373151571,0.));
#8509=DIRECTION('ref_axis',(0.,0.,-1.));
#8510=DIRECTION('',(0.0346801948120329,0.0369660710944304,0.998714570673544));
#8511=DIRECTION('center_axis',(0.729295952392952,-0.684198373151571,0.));
#8512=DIRECTION('ref_axis',(0.,0.,-1.));
#8513=DIRECTION('',(0.,0.,1.));
#8514=DIRECTION('',(0.684198373151571,0.729295952392952,0.));
#8515=DIRECTION('center_axis',(0.619992497025485,-0.784607738702662,0.));
#8516=DIRECTION('ref_axis',(0.,0.,-1.));
#8517=DIRECTION('',(0.0397690389861392,0.0314252645864665,0.998714612030779));
#8518=DIRECTION('center_axis',(0.619992497025485,-0.784607738702662,0.));
#8519=DIRECTION('ref_axis',(0.,0.,-1.));
#8520=DIRECTION('',(0.,0.,1.));
#8521=DIRECTION('',(0.784607738702662,0.619992497025485,0.));
#8522=DIRECTION('center_axis',(0.496979985711261,-0.867762002972264,0.));
#8523=DIRECTION('ref_axis',(0.,0.,-1.));
#8524=DIRECTION('',(0.0439839082998691,0.0251902273244534,0.998714608012725));
#8525=DIRECTION('center_axis',(0.496979985711261,-0.867762002972264,0.));
#8526=DIRECTION('ref_axis',(0.,0.,-1.));
#8527=DIRECTION('',(0.,0.,1.));
#8528=DIRECTION('',(0.867762002972263,0.496979985711261,0.));
#8529=DIRECTION('center_axis',(0.36306868805535,-0.931762377301083,0.));
#8530=DIRECTION('ref_axis',(0.,0.,-1.));
#8531=DIRECTION('',(0.0472284185858466,0.0184029323276179,0.998714578125114));
#8532=DIRECTION('center_axis',(0.36306868805535,-0.931762377301083,0.));
#8533=DIRECTION('ref_axis',(0.,0.,-1.));
#8534=DIRECTION('',(0.0472284185858466,0.0184029323276179,-0.998714578125114));
#8535=DIRECTION('center_axis',(0.36306868805535,-0.931762377301083,0.));
#8536=DIRECTION('ref_axis',(0.,0.,-1.));
#8537=DIRECTION('',(0.,0.,1.));
#8538=DIRECTION('center_axis',(0.496979985711261,-0.867762002972264,0.));
#8539=DIRECTION('ref_axis',(0.,0.,-1.));
#8540=DIRECTION('',(0.0439839082998691,0.0251902273244534,0.998714608012725));
#8541=DIRECTION('center_axis',(0.496979985711261,-0.867762002972264,0.));
#8542=DIRECTION('ref_axis',(0.,0.,-1.));
#8543=DIRECTION('',(0.,0.,1.));
#8544=DIRECTION('center_axis',(0.619992497025485,-0.784607738702662,0.));
#8545=DIRECTION('ref_axis',(0.,0.,-1.));
#8546=DIRECTION('',(0.0397690389861392,0.0314252645864665,0.998714612030779));
#8547=DIRECTION('center_axis',(0.619992497025485,-0.784607738702662,0.));
#8548=DIRECTION('ref_axis',(0.,0.,-1.));
#8549=DIRECTION('',(0.,0.,1.));
#8550=DIRECTION('center_axis',(0.729295952392952,-0.684198373151571,0.));
#8551=DIRECTION('ref_axis',(0.,0.,-1.));
#8552=DIRECTION('',(0.0346801948120329,0.0369660710944304,0.998714570673544));
#8553=DIRECTION('center_axis',(0.729295952392952,-0.684198373151571,0.));
#8554=DIRECTION('ref_axis',(0.,0.,-1.));
#8555=DIRECTION('',(0.,0.,1.));
#8556=DIRECTION('center_axis',(0.822562055196145,-0.568675360246507,0.));
#8557=DIRECTION('ref_axis',(0.,0.,-1.));
#8558=DIRECTION('',(0.0288241847240518,0.0416928220974649,0.998714611368304));
#8559=DIRECTION('center_axis',(0.822562055196145,-0.568675360246507,0.));
#8560=DIRECTION('ref_axis',(0.,0.,-1.));
#8561=DIRECTION('',(0.,0.,1.));
#8562=DIRECTION('center_axis',(0.89768202586697,-0.440643824914605,0.));
#8563=DIRECTION('ref_axis',(0.,0.,-1.));
#8564=DIRECTION('',(0.022335160142959,0.0455013111986314,0.998714559471621));
#8565=DIRECTION('center_axis',(0.89768202586697,-0.440643824914605,0.));
#8566=DIRECTION('ref_axis',(0.,0.,-1.));
#8567=DIRECTION('',(0.,0.,1.));
#8568=DIRECTION('center_axis',(0.953025286506189,-0.302890744790586,0.));
#8569=DIRECTION('ref_axis',(0.,0.,-1.));
#8570=DIRECTION('',(0.0153524927602297,0.0483055823363569,0.998714609726519));
#8571=DIRECTION('center_axis',(0.953025286506189,-0.302890744790586,0.));
#8572=DIRECTION('ref_axis',(0.,0.,-1.));
#8573=DIRECTION('',(0.,0.,1.));
#8574=DIRECTION('center_axis',(0.987363706232994,-0.158470538630514,0.));
#8575=DIRECTION('ref_axis',(0.,0.,-1.));
#8576=DIRECTION('',(0.00803247800937852,0.0500470139504395,0.998714561669987));
#8577=DIRECTION('center_axis',(0.987363706232994,-0.158470538630514,0.));
#8578=DIRECTION('ref_axis',(0.,0.,-1.));
#8579=DIRECTION('',(0.,0.,1.));
#8580=DIRECTION('center_axis',(0.999944226501717,-0.0105614338933571,0.));
#8581=DIRECTION('ref_axis',(0.,0.,-1.));
#8582=DIRECTION('',(0.000535324888659067,0.0506839352612902,0.99871459994019));
#8583=DIRECTION('center_axis',(0.999944226501717,-0.0105614338933571,0.));
#8584=DIRECTION('ref_axis',(0.,0.,-1.));
#8585=DIRECTION('',(0.,0.,1.));
#8586=DIRECTION('center_axis',(0.990490425083904,0.137581676894519,0.));
#8587=DIRECTION('ref_axis',(0.,0.,-1.));
#8588=DIRECTION('',(0.00697355103088157,-0.0502046179464569,-0.998714606843652));
#8589=DIRECTION('center_axis',(0.990490425083904,0.137581676894519,0.));
#8590=DIRECTION('ref_axis',(0.,0.,-1.));
#8591=DIRECTION('',(0.,0.,1.));
#8592=DIRECTION('center_axis',(0.959204127214546,0.282714418335149,0.));
#8593=DIRECTION('ref_axis',(0.,0.,-1.));
#8594=DIRECTION('',(0.0143300346950707,-0.0486194814667879,-0.998714571901071));
#8595=DIRECTION('center_axis',(0.959204127214546,0.282714418335149,0.));
#8596=DIRECTION('ref_axis',(0.,0.,-1.));
#8597=DIRECTION('',(0.,0.,1.));
#8598=DIRECTION('center_axis',(0.906785544858896,0.421592191145608,0.));
#8599=DIRECTION('ref_axis',(0.,0.,-1.));
#8600=DIRECTION('',(0.0213687118732318,-0.045961095688817,-0.998714651858058));
#8601=DIRECTION('center_axis',(0.906785544858896,0.421592191145608,0.));
#8602=DIRECTION('ref_axis',(0.,0.,-1.));
#8603=DIRECTION('',(0.,0.,1.));
#8604=DIRECTION('center_axis',(0.834383224919937,0.551184754843788,0.));
#8605=DIRECTION('ref_axis',(0.,0.,-1.));
#8606=DIRECTION('',(0.0279384868697228,-0.0422932683984508,-0.99871453398837));
#8607=DIRECTION('center_axis',(0.834383224919937,0.551184754843788,0.));
#8608=DIRECTION('ref_axis',(0.,0.,-1.));
#8609=DIRECTION('',(0.,0.,1.));
#8610=DIRECTION('center_axis',(0.743580299105724,0.668646647177597,0.));
#8611=DIRECTION('ref_axis',(0.,0.,-1.));
#8612=DIRECTION('',(0.0338908863458087,-0.0376889580054697,-0.998714649070072));
#8613=DIRECTION('center_axis',(0.743580299105724,0.668646647177597,0.));
#8614=DIRECTION('ref_axis',(0.,0.,-1.));
#8615=DIRECTION('',(0.,0.,1.));
#8616=DIRECTION('center_axis',(0.636400537983039,0.771358772073604,0.));
#8617=DIRECTION('ref_axis',(0.,0.,-1.));
#8618=DIRECTION('',(0.039098252797985,-0.0322575564259743,-0.998714562165572));
#8619=DIRECTION('center_axis',(0.636400537983039,0.771358772073604,0.));
#8620=DIRECTION('ref_axis',(0.,0.,-1.));
#8621=DIRECTION('',(0.,0.,1.));
#8622=DIRECTION('center_axis',(0.515217346037286,0.85705955822352,0.));
#8623=DIRECTION('ref_axis',(0.,0.,-1.));
#8624=DIRECTION('',(0.0434420693117663,-0.0261149968428901,-0.998714570612549));
#8625=DIRECTION('center_axis',(0.515217346037286,0.85705955822352,0.));
#8626=DIRECTION('ref_axis',(0.,0.,-1.));
#8627=DIRECTION('',(0.,0.,1.));
#8628=DIRECTION('center_axis',(0.382656668268555,0.923890618108881,0.));
#8629=DIRECTION('ref_axis',(0.,0.,1.));
#8630=DIRECTION('',(0.0468285552755791,-0.0193954333882749,-0.998714625693688));
#8631=DIRECTION('center_axis',(0.382656668268555,0.923890618108881,0.));
#8632=DIRECTION('ref_axis',(0.,0.,1.));
#8633=DIRECTION('',(0.,0.,1.));
#8634=DIRECTION('center_axis',(0.241652763764635,0.970362788736725,0.));
#8635=DIRECTION('ref_axis',(0.,0.,1.));
#8636=DIRECTION('',(0.0491847645165095,-0.0122486501115739,-0.998714588613734));
#8637=DIRECTION('center_axis',(0.241652763764635,0.970362788736725,0.));
#8638=DIRECTION('ref_axis',(0.,0.,1.));
#8639=DIRECTION('',(0.,0.,1.));
#8640=DIRECTION('center_axis',(0.0953353743004241,0.995445210148202,0.));
#8641=DIRECTION('ref_axis',(0.,0.,1.));
#8642=DIRECTION('',(0.0504559986055098,-0.00483225140240698,-0.998714594642085));
#8643=DIRECTION('center_axis',(0.0953353743004241,0.995445210148202,0.));
#8644=DIRECTION('ref_axis',(0.,0.,1.));
#8645=DIRECTION('',(0.,0.,1.));
#8646=DIRECTION('center_axis',(-0.0530632441845233,0.998591153634266,0.));
#8647=DIRECTION('ref_axis',(0.,0.,1.));
#8648=DIRECTION('',(0.0506162033995929,0.00268964926327576,-0.998714556687871));
#8649=DIRECTION('center_axis',(-0.0530632441845233,0.998591153634266,0.));
#8650=DIRECTION('ref_axis',(0.,0.,1.));
#8651=DIRECTION('',(0.,0.,1.));
#8652=DIRECTION('center_axis',(-0.200334572909742,0.979727543196103,0.));
#8653=DIRECTION('ref_axis',(0.,0.,1.));
#8654=DIRECTION('',(0.0496588736460914,0.0101542406479811,-0.998714617728741));
#8655=DIRECTION('center_axis',(-0.200334572909742,0.979727543196103,0.));
#8656=DIRECTION('ref_axis',(0.,0.,1.));
#8657=DIRECTION('',(0.,0.,1.));
#8658=DIRECTION('center_axis',(-0.343149792661365,0.939280692762532,0.));
#8659=DIRECTION('ref_axis',(0.,0.,1.));
#8660=DIRECTION('',(0.0476100478071082,0.0173934992590519,-0.998714548572979));
#8661=DIRECTION('center_axis',(-0.343149792661365,0.939280692762532,0.));
#8662=DIRECTION('ref_axis',(0.,0.,1.));
#8663=DIRECTION('',(0.,0.,1.));
#8664=DIRECTION('center_axis',(-0.478430772134178,0.878125273679726,0.));
#8665=DIRECTION('ref_axis',(0.,0.,1.));
#8666=DIRECTION('',(0.044508814204562,0.0242498274277343,-0.99871462957535));
#8667=DIRECTION('center_axis',(-0.478430772134178,0.878125273679726,0.));
#8668=DIRECTION('ref_axis',(0.,0.,1.));
#8669=DIRECTION('',(0.,0.,1.));
#8670=DIRECTION('center_axis',(-0.603152936774664,0.797625560560905,0.));
#8671=DIRECTION('ref_axis',(0.,0.,1.));
#8672=DIRECTION('',(0.0404294018953904,0.0305721301961535,-0.998714578003971));
#8673=DIRECTION('center_axis',(-0.603152936774664,0.797625560560905,0.));
#8674=DIRECTION('ref_axis',(0.,0.,1.));
#8675=DIRECTION('',(0.,0.,1.));
#8676=DIRECTION('center_axis',(-0.714583214765607,0.699550447912979,0.));
#8677=DIRECTION('ref_axis',(0.,0.,1.));
#8678=DIRECTION('',(0.035457784953175,0.0362197437452849,-0.998714611713096));
#8679=DIRECTION('center_axis',(-0.714583214765607,0.699550447912979,0.));
#8680=DIRECTION('ref_axis',(0.,0.,1.));
#8681=DIRECTION('',(0.,0.,1.));
#8682=DIRECTION('center_axis',(-0.810277893837519,0.586045846976356,0.));
#8683=DIRECTION('ref_axis',(0.,0.,1.));
#8684=DIRECTION('',(0.0297046703468544,0.041070229999869,-0.998714608267719));
#8685=DIRECTION('center_axis',(-0.810277893837519,0.586045846976356,0.));
#8686=DIRECTION('ref_axis',(0.,0.,1.));
#8687=DIRECTION('',(0.,0.,1.));
#8688=DIRECTION('center_axis',(-0.888106248295793,0.459638218317376,0.));
#8689=DIRECTION('ref_axis',(0.,0.,1.));
#8690=DIRECTION('',(0.0232977035167069,0.0450154822631468,-0.998714585538563));
#8691=DIRECTION('center_axis',(-0.888106248295793,0.459638218317376,0.));
#8692=DIRECTION('ref_axis',(0.,0.,1.));
#8693=DIRECTION('',(0.,0.,1.));
#8694=DIRECTION('center_axis',(-0.94636097206872,0.323111297458241,0.));
#8695=DIRECTION('ref_axis',(0.,0.,1.));
#8696=DIRECTION('',(0.0163775548792935,0.0479682353343901,-0.99871458590284));
#8697=DIRECTION('center_axis',(-0.94636097206872,0.323111297458241,0.));
#8698=DIRECTION('ref_axis',(0.,0.,1.));
#8699=DIRECTION('',(0.,0.,1.));
#8700=DIRECTION('center_axis',(-0.983769023403541,0.17943942875423,0.));
#8701=DIRECTION('ref_axis',(0.,0.,1.));
#8702=DIRECTION('',(0.00909531285136642,0.0498646652157686,-0.998714569057173));
#8703=DIRECTION('center_axis',(-0.983769023403541,0.17943942875423,0.));
#8704=DIRECTION('ref_axis',(0.,0.,1.));
#8705=DIRECTION('',(0.,0.,1.));
#8706=DIRECTION('center_axis',(-0.999493858914806,0.0318123559578499,0.));
#8707=DIRECTION('ref_axis',(0.,0.,1.));
#8708=DIRECTION('',(0.00161248707817096,0.0506617911086734,-0.998714565232271));
#8709=DIRECTION('center_axis',(-0.999493858914806,0.0318123559578499,0.));
#8710=DIRECTION('ref_axis',(0.,0.,1.));
#8711=DIRECTION('',(0.,0.,1.));
#8712=DIRECTION('center_axis',(-0.993192462608648,-0.116484901242044,0.));
#8713=DIRECTION('ref_axis',(0.,0.,1.));
#8714=DIRECTION('',(0.0059042037986746,-0.0503413802821031,0.998714616799412));
#8715=DIRECTION('center_axis',(-0.993192462608648,-0.116484901242044,0.));
#8716=DIRECTION('ref_axis',(0.,0.,1.));
#8717=DIRECTION('',(0.,0.,1.));
#8718=DIRECTION('center_axis',(-0.965002997303349,-0.262238851422807,0.));
#8719=DIRECTION('ref_axis',(0.,0.,1.));
#8720=DIRECTION('',(0.0132919478941234,-0.0489125447592373,0.998714617439014));
#8721=DIRECTION('center_axis',(-0.965002997303349,-0.262238851422807,0.));
#8722=DIRECTION('ref_axis',(0.,0.,1.));
#8723=DIRECTION('',(0.,0.,1.));
#8724=DIRECTION('center_axis',(-0.915539957607779,-0.402227032934816,0.));
#8725=DIRECTION('ref_axis',(0.,0.,1.));
#8726=DIRECTION('',(0.0203879321549911,-0.0464065440969896,0.998714556260906));
#8727=DIRECTION('center_axis',(-0.915539957607779,-0.402227032934816,0.));
#8728=DIRECTION('ref_axis',(0.,0.,1.));
#8729=DIRECTION('',(0.,0.,1.));
#8730=DIRECTION('center_axis',(-0.845917285968145,-0.533314115039427,0.));
#8731=DIRECTION('ref_axis',(0.,0.,1.));
#8732=DIRECTION('',(0.027031953169213,-0.0428767883963247,0.998714601137219));
#8733=DIRECTION('center_axis',(-0.845917285968145,-0.533314115039427,0.));
#8734=DIRECTION('ref_axis',(0.,0.,1.));
#8735=DIRECTION('',(0.,0.,1.));
#8736=DIRECTION('center_axis',(-0.757641727616541,-0.652670676968272,0.));
#8737=DIRECTION('ref_axis',(0.,0.,1.));
#8738=DIRECTION('',(0.0330820354235976,-0.0384027218563468,0.998714578789283));
#8739=DIRECTION('center_axis',(-0.757641727616541,-0.652670676968272,0.));
#8740=DIRECTION('ref_axis',(0.,0.,1.));
#8741=DIRECTION('center_axis',(-0.985872093208474,0.,0.167499898008151));
#8742=DIRECTION('ref_axis',(0.167499898008151,0.,0.985872093208474));
#8743=DIRECTION('',(0.0109337134119035,0.997867251473844,0.0643537283074066));
#8744=DIRECTION('',(0.167499898008151,0.,0.985872093208474));
#8745=DIRECTION('',(0.,1.,0.));
#8746=DIRECTION('center_axis',(-0.985872093208474,0.,0.167499898008151));
#8747=DIRECTION('ref_axis',(0.167499898008151,0.,0.985872093208474));
#8748=DIRECTION('',(0.,1.,0.));
#8749=DIRECTION('center_axis',(-0.960916091693286,0.,0.276839781687712));
#8750=DIRECTION('ref_axis',(0.276839781687712,0.,0.960916091693286));
#8751=DIRECTION('',(0.0180710160125681,0.997867242297144,0.0627248366324458));
#8752=DIRECTION('',(0.276839781687712,0.,0.960916091693286));
#8753=DIRECTION('center_axis',(-0.960916091693286,0.,0.276839781687712));
#8754=DIRECTION('ref_axis',(0.276839781687712,0.,0.960916091693286));
#8755=DIRECTION('',(0.,1.,0.));
#8756=DIRECTION('center_axis',(-0.923880073656425,0.,0.382682125922545));
#8757=DIRECTION('ref_axis',(0.382682125922545,0.,0.923880073656425));
#8758=DIRECTION('',(0.0249799253018356,0.997867253262214,0.0603071156567761));
#8759=DIRECTION('',(0.382682125922545,0.,0.923880073656425));
#8760=DIRECTION('center_axis',(-0.923880073656425,0.,0.382682125922545));
#8761=DIRECTION('ref_axis',(0.382682125922545,0.,0.923880073656425));
#8762=DIRECTION('',(0.,1.,0.));
#8763=DIRECTION('center_axis',(-0.87522220733594,0.,0.48372108470275));
#8764=DIRECTION('ref_axis',(0.48372108470275,0.,0.87522220733594));
#8765=DIRECTION('',(0.0315754271056654,0.997867240890604,0.0571310945148851));
#8766=DIRECTION('',(0.48372108470275,0.,0.87522220733594));
#8767=DIRECTION('center_axis',(-0.87522220733594,0.,0.48372108470275));
#8768=DIRECTION('ref_axis',(0.48372108470275,0.,0.87522220733594));
#8769=DIRECTION('',(0.,1.,0.));
#8770=DIRECTION('center_axis',(-0.815567106892989,0.,0.578662504534552));
#8771=DIRECTION('ref_axis',(0.578662504534552,0.,0.815567106892989));
#8772=DIRECTION('',(0.0377725105021409,0.997867277342862,0.0532365875945167));
#8773=DIRECTION('',(0.578662504534552,0.,0.815567106892989));
#8774=DIRECTION('center_axis',(-0.815567106892989,0.,0.578662504534552));
#8775=DIRECTION('ref_axis',(0.578662504534552,0.,0.815567106892989));
#8776=DIRECTION('',(0.,1.,0.));
#8777=DIRECTION('center_axis',(-0.745643026209617,0.,0.666345614126007));
#8778=DIRECTION('ref_axis',(0.666345614126007,0.,0.745643026209617));
#8779=DIRECTION('',(0.0434963092463902,0.99786725417903,0.0486725191370355));
#8780=DIRECTION('',(0.666345614126007,0.,0.745643026209617));
#8781=DIRECTION('center_axis',(-0.745643026209617,0.,0.666345614126007));
#8782=DIRECTION('ref_axis',(0.666345614126007,0.,0.745643026209617));
#8783=DIRECTION('',(0.,1.,0.));
#8784=DIRECTION('center_axis',(-0.666341532428689,0.,0.745646673807767));
#8785=DIRECTION('ref_axis',(0.745646673807768,0.,0.666341532428689));
#8786=DIRECTION('',(0.0486732308406521,0.997867212629711,0.0434964660420076));
#8787=DIRECTION('',(0.745646673807768,0.,0.666341532428689));
#8788=DIRECTION('center_axis',(-0.666341532428689,0.,0.745646673807767));
#8789=DIRECTION('ref_axis',(0.745646673807768,0.,0.666341532428689));
#8790=DIRECTION('',(0.,1.,0.));
#8791=DIRECTION('center_axis',(-0.578675002929954,0.,0.815558238867107));
#8792=DIRECTION('ref_axis',(0.815558238867107,0.,0.578675002929954));
#8793=DIRECTION('',(0.053236032369793,0.997867275446683,0.0377733431157072));
#8794=DIRECTION('',(0.815558238867107,0.,0.578675002929954));
#8795=DIRECTION('center_axis',(-0.578675002929954,0.,0.815558238867107));
#8796=DIRECTION('ref_axis',(0.815558238867107,0.,0.578675002929954));
#8797=DIRECTION('',(0.,1.,0.));
#8798=DIRECTION('center_axis',(-0.483716700787895,0.,0.875224630240074));
#8799=DIRECTION('ref_axis',(0.875224630240074,0.,0.483716700787895));
#8800=DIRECTION('',(0.0571314110506037,0.997867229053177,0.031575228472689));
#8801=DIRECTION('',(0.875224630240074,0.,0.483716700787895));
#8802=DIRECTION('center_axis',(-0.483716700787895,0.,0.875224630240074));
#8803=DIRECTION('ref_axis',(0.875224630240074,0.,0.483716700787895));
#8804=DIRECTION('',(0.,1.,0.));
#8805=DIRECTION('center_axis',(-0.382682392802736,0.,0.923879963111428));
#8806=DIRECTION('ref_axis',(0.923879963111428,0.,0.382682392802735));
#8807=DIRECTION('',(0.060307352522394,0.997867235979957,0.0249800438242477));
#8808=DIRECTION('',(0.923879963111428,0.,0.382682392802735));
#8809=DIRECTION('center_axis',(-0.382682392802736,0.,0.923879963111428));
#8810=DIRECTION('ref_axis',(0.923879963111428,0.,0.382682392802735));
#8811=DIRECTION('',(0.,1.,0.));
#8812=DIRECTION('center_axis',(-0.276837148175182,0.,0.960916850403942));
#8813=DIRECTION('ref_axis',(0.960916850403942,0.,0.276837148175182));
#8814=DIRECTION('',(0.0627245209816419,0.997867267156908,0.0180707389009908));
#8815=DIRECTION('',(0.960916850403942,0.,0.276837148175182));
#8816=DIRECTION('center_axis',(-0.276837148175182,0.,0.960916850403942));
#8817=DIRECTION('ref_axis',(0.960916850403942,0.,0.276837148175182));
#8818=DIRECTION('',(0.,1.,0.));
#8819=DIRECTION('center_axis',(-0.167505802043643,0.,0.985871090093282));
#8820=DIRECTION('ref_axis',(0.985871090093282,0.,0.167505802043643));
#8821=DIRECTION('',(0.0643537280284023,0.99786724714761,0.0109341098813193));
#8822=DIRECTION('',(0.985871090093282,0.,0.167505802043643));
#8823=DIRECTION('center_axis',(-0.167505802043643,0.,0.985871090093282));
#8824=DIRECTION('ref_axis',(0.985871090093282,0.,0.167505802043643));
#8825=DIRECTION('',(0.,1.,0.));
#8826=DIRECTION('center_axis',(-0.0560708761023513,0.,0.998426790933173));
#8827=DIRECTION('ref_axis',(0.998426790933174,0.,0.0560708761023513));
#8828=DIRECTION('',(0.065173407197311,0.997867241044228,0.0036600881239505));
#8829=DIRECTION('',(0.998426790933174,0.,0.0560708761023513));
#8830=DIRECTION('center_axis',(-0.0560708761023513,0.,0.998426790933173));
#8831=DIRECTION('ref_axis',(0.998426790933174,0.,0.0560708761023513));
#8832=DIRECTION('',(0.,1.,0.));
#8833=DIRECTION('center_axis',(0.0560708761023513,0.,0.998426790933173));
#8834=DIRECTION('ref_axis',(0.998426790933174,0.,-0.0560708761023513));
#8835=DIRECTION('',(0.065173407197311,0.997867241044228,-0.0036600881239505));
#8836=DIRECTION('',(0.998426790933174,0.,-0.0560708761023513));
#8837=DIRECTION('center_axis',(0.0560708761023513,0.,0.998426790933173));
#8838=DIRECTION('ref_axis',(0.998426790933174,0.,-0.0560708761023513));
#8839=DIRECTION('',(0.,1.,0.));
#8840=DIRECTION('center_axis',(0.167505802043643,0.,0.985871090093282));
#8841=DIRECTION('ref_axis',(0.985871090093282,0.,-0.167505802043643));
#8842=DIRECTION('',(0.0643537280284023,0.99786724714761,-0.0109341098813193));
#8843=DIRECTION('',(0.985871090093282,0.,-0.167505802043643));
#8844=DIRECTION('center_axis',(0.167505802043643,0.,0.985871090093282));
#8845=DIRECTION('ref_axis',(0.985871090093282,0.,-0.167505802043643));
#8846=DIRECTION('',(0.,1.,0.));
#8847=DIRECTION('center_axis',(0.276837148175182,0.,0.960916850403942));
#8848=DIRECTION('ref_axis',(0.960916850403942,0.,-0.276837148175182));
#8849=DIRECTION('',(0.0627245209816419,0.997867267156908,-0.0180707389009908));
#8850=DIRECTION('',(0.960916850403942,0.,-0.276837148175182));
#8851=DIRECTION('center_axis',(0.276837148175182,0.,0.960916850403942));
#8852=DIRECTION('ref_axis',(0.960916850403942,0.,-0.276837148175182));
#8853=DIRECTION('',(0.,1.,0.));
#8854=DIRECTION('center_axis',(0.382682392802736,0.,0.923879963111428));
#8855=DIRECTION('ref_axis',(0.923879963111428,0.,-0.382682392802735));
#8856=DIRECTION('',(0.060307352522394,0.997867235979957,-0.0249800438242477));
#8857=DIRECTION('',(0.923879963111428,0.,-0.382682392802735));
#8858=DIRECTION('center_axis',(0.382682392802736,0.,0.923879963111428));
#8859=DIRECTION('ref_axis',(0.923879963111428,0.,-0.382682392802735));
#8860=DIRECTION('',(0.,1.,0.));
#8861=DIRECTION('center_axis',(0.483716700787895,0.,0.875224630240074));
#8862=DIRECTION('ref_axis',(0.875224630240074,0.,-0.483716700787895));
#8863=DIRECTION('',(0.0571314110506037,0.997867229053177,-0.031575228472689));
#8864=DIRECTION('',(0.875224630240074,0.,-0.483716700787895));
#8865=DIRECTION('center_axis',(0.483716700787895,0.,0.875224630240074));
#8866=DIRECTION('ref_axis',(0.875224630240074,0.,-0.483716700787895));
#8867=DIRECTION('',(0.,1.,0.));
#8868=DIRECTION('center_axis',(0.578675002929954,0.,0.815558238867107));
#8869=DIRECTION('ref_axis',(0.815558238867107,0.,-0.578675002929954));
#8870=DIRECTION('',(0.053236032369793,0.997867275446683,-0.0377733431157072));
#8871=DIRECTION('',(0.815558238867107,0.,-0.578675002929954));
#8872=DIRECTION('center_axis',(0.578675002929954,0.,0.815558238867107));
#8873=DIRECTION('ref_axis',(0.815558238867107,0.,-0.578675002929954));
#8874=DIRECTION('',(0.,1.,0.));
#8875=DIRECTION('center_axis',(0.666341532428689,0.,0.745646673807767));
#8876=DIRECTION('ref_axis',(0.745646673807768,0.,-0.666341532428689));
#8877=DIRECTION('',(0.0486732308406521,0.997867212629711,-0.0434964660420076));
#8878=DIRECTION('',(0.745646673807768,0.,-0.666341532428689));
#8879=DIRECTION('center_axis',(0.666341532428689,0.,0.745646673807767));
#8880=DIRECTION('ref_axis',(0.745646673807768,0.,-0.666341532428689));
#8881=DIRECTION('',(0.,1.,0.));
#8882=DIRECTION('center_axis',(0.745643026209617,0.,0.666345614126007));
#8883=DIRECTION('ref_axis',(0.666345614126007,0.,-0.745643026209617));
#8884=DIRECTION('',(0.0434963092463902,0.99786725417903,-0.0486725191370355));
#8885=DIRECTION('',(0.666345614126007,0.,-0.745643026209617));
#8886=DIRECTION('center_axis',(0.745643026209617,0.,0.666345614126007));
#8887=DIRECTION('ref_axis',(0.666345614126007,0.,-0.745643026209617));
#8888=DIRECTION('',(0.,1.,0.));
#8889=DIRECTION('center_axis',(0.815557933159753,0.,0.578675433779759));
#8890=DIRECTION('ref_axis',(0.578675433779759,0.,-0.815557933159753));
#8891=DIRECTION('',(0.0377737775455548,0.997867229516484,-0.0532365850429618));
#8892=DIRECTION('',(0.578675433779759,0.,-0.815557933159753));
#8893=DIRECTION('center_axis',(0.815557933159753,0.,0.578675433779759));
#8894=DIRECTION('ref_axis',(0.578675433779759,0.,-0.815557933159753));
#8895=DIRECTION('',(0.,1.,0.));
#8896=DIRECTION('center_axis',(0.875230436734927,0.,0.483706194515626));
#8897=DIRECTION('ref_axis',(0.483706194515626,0.,-0.875230436734928));
#8898=DIRECTION('',(0.0315741595168344,0.997867280868956,-0.0571310968037737));
#8899=DIRECTION('',(0.483706194515626,0.,-0.875230436734928));
#8900=DIRECTION('center_axis',(0.875230436734927,0.,0.483706194515626));
#8901=DIRECTION('ref_axis',(0.483706194515626,0.,-0.875230436734928));
#8902=DIRECTION('',(0.,1.,0.));
#8903=DIRECTION('center_axis',(0.923873201095496,0.,0.382698717397329));
#8904=DIRECTION('ref_axis',(0.382698717397329,0.,-0.923873201095496));
#8905=DIRECTION('',(0.0249811933638423,0.997867221633137,-0.0603071137452409));
#8906=DIRECTION('',(0.382698717397329,0.,-0.923873201095496));
#8907=DIRECTION('center_axis',(0.923873201095496,0.,0.382698717397329));
#8908=DIRECTION('ref_axis',(0.382698717397329,0.,-0.923873201095496));
#8909=DIRECTION('',(0.,1.,0.));
#8910=DIRECTION('center_axis',(0.960921262517088,0.,0.276821833030861));
#8911=DIRECTION('ref_axis',(0.276821833030861,0.,-0.960921262517088));
#8912=DIRECTION('',(0.0180697475730698,0.997867265176916,-0.0627248380706431));
#8913=DIRECTION('',(0.276821833030861,0.,-0.960921262517088));
#8914=DIRECTION('center_axis',(0.960921262517088,0.,0.276821833030861));
#8915=DIRECTION('ref_axis',(0.276821833030861,0.,-0.960921262517088));
#8916=DIRECTION('',(0.,1.,0.));
#8917=DIRECTION('center_axis',(0.985868883122588,0.,0.167518790858284));
#8918=DIRECTION('ref_axis',(0.167518790858284,0.,-0.985868883122588));
#8919=DIRECTION('',(0.0109349821140158,0.997867237629345,-0.0643537274145573));
#8920=DIRECTION('',(0.167518790858284,0.,-0.985868883122588));
#8921=DIRECTION('center_axis',(0.985868883122588,0.,0.167518790858284));
#8922=DIRECTION('ref_axis',(0.167518790858284,0.,-0.985868883122588));
#8923=DIRECTION('',(0.,1.,0.));
#8924=DIRECTION('center_axis',(0.998427399171631,0.,0.0560600444467674));
#8925=DIRECTION('ref_axis',(0.0560600444467674,0.,-0.998427399171631));
#8926=DIRECTION('',(0.00365937442215314,0.997867248808162,-0.0651733284010307));
#8927=DIRECTION('',(0.0560600444467674,0.,-0.998427399171631));
#8928=DIRECTION('center_axis',(0.998427399171631,0.,0.0560600444467674));
#8929=DIRECTION('ref_axis',(0.0560600444467674,0.,-0.998427399171631));
#8930=DIRECTION('',(0.,1.,0.));
#8931=DIRECTION('center_axis',(0.998427399171631,0.,-0.0560600444467674));
#8932=DIRECTION('ref_axis',(-0.0560600444467674,0.,-0.998427399171631));
#8933=DIRECTION('',(0.00365937442215314,-0.997867248808162,0.0651733284010307));
#8934=DIRECTION('',(0.0560600444467674,0.,0.998427399171631));
#8935=DIRECTION('center_axis',(0.998427399171631,0.,-0.0560600444467674));
#8936=DIRECTION('ref_axis',(-0.0560600444467674,0.,-0.998427399171631));
#8937=DIRECTION('',(0.,1.,0.));
#8938=DIRECTION('center_axis',(0.985868883122588,0.,-0.167518790858284));
#8939=DIRECTION('ref_axis',(-0.167518790858284,0.,-0.985868883122588));
#8940=DIRECTION('',(0.0109349821140158,-0.997867237629345,0.0643537274145573));
#8941=DIRECTION('',(0.167518790858284,0.,0.985868883122588));
#8942=DIRECTION('center_axis',(0.985868883122588,0.,-0.167518790858284));
#8943=DIRECTION('ref_axis',(-0.167518790858284,0.,-0.985868883122588));
#8944=DIRECTION('',(0.,1.,0.));
#8945=DIRECTION('center_axis',(0.960921262517088,0.,-0.276821833030861));
#8946=DIRECTION('ref_axis',(-0.276821833030861,0.,-0.960921262517088));
#8947=DIRECTION('',(0.0180697475730698,-0.997867265176916,0.0627248380706431));
#8948=DIRECTION('',(0.276821833030861,0.,0.960921262517088));
#8949=DIRECTION('center_axis',(0.960921262517088,0.,-0.276821833030861));
#8950=DIRECTION('ref_axis',(-0.276821833030861,0.,-0.960921262517088));
#8951=DIRECTION('',(0.,1.,0.));
#8952=DIRECTION('center_axis',(0.923873379025303,0.,-0.382698287856596));
#8953=DIRECTION('ref_axis',(-0.382698287856596,0.,-0.923873379025303));
#8954=DIRECTION('',(0.0249811932443682,-0.997867216860778,0.0603071927601799));
#8955=DIRECTION('',(0.382698287856596,0.,0.923873379025302));
#8956=DIRECTION('center_axis',(0.923873379025303,0.,-0.382698287856596));
#8957=DIRECTION('ref_axis',(-0.382698287856596,0.,-0.923873379025303));
#8958=DIRECTION('',(0.,1.,0.));
#8959=DIRECTION('center_axis',(0.875230436734927,0.,-0.483706194515626));
#8960=DIRECTION('ref_axis',(-0.483706194515626,0.,-0.875230436734928));
#8961=DIRECTION('',(0.0315741595168344,-0.997867280868956,0.0571310968037737));
#8962=DIRECTION('',(0.483706194515626,0.,0.875230436734928));
#8963=DIRECTION('center_axis',(0.875230436734927,0.,-0.483706194515626));
#8964=DIRECTION('ref_axis',(-0.483706194515626,0.,-0.875230436734928));
#8965=DIRECTION('',(0.,1.,0.));
#8966=DIRECTION('center_axis',(0.815557933159753,0.,-0.578675433779759));
#8967=DIRECTION('ref_axis',(-0.578675433779759,0.,-0.815557933159753));
#8968=DIRECTION('',(0.0377737775455548,-0.997867229516484,0.0532365850429618));
#8969=DIRECTION('',(0.578675433779759,0.,0.815557933159753));
#8970=DIRECTION('center_axis',(0.815557933159753,0.,-0.578675433779759));
#8971=DIRECTION('ref_axis',(-0.578675433779759,0.,-0.815557933159753));
#8972=DIRECTION('',(0.,1.,0.));
#8973=DIRECTION('center_axis',(0.745642486775482,0.,-0.666346217754161));
#8974=DIRECTION('ref_axis',(-0.666346217754161,0.,-0.745642486775482));
#8975=DIRECTION('',(0.0434963094142813,-0.997867258030689,0.0486724400215416));
#8976=DIRECTION('',(0.666346217754161,0.,0.745642486775482));
#8977=DIRECTION('center_axis',(0.745642486775482,0.,-0.666346217754161));
#8978=DIRECTION('ref_axis',(-0.666346217754161,0.,-0.745642486775482));
#8979=DIRECTION('',(0.,1.,0.));
#8980=DIRECTION('center_axis',(0.666341532428689,0.,-0.745646673807767));
#8981=DIRECTION('ref_axis',(-0.745646673807768,0.,-0.666341532428689));
#8982=DIRECTION('',(0.0486732308406521,-0.997867212629711,0.0434964660420076));
#8983=DIRECTION('',(0.745646673807768,0.,0.666341532428689));
#8984=DIRECTION('center_axis',(0.666341532428689,0.,-0.745646673807767));
#8985=DIRECTION('ref_axis',(-0.745646673807768,0.,-0.666341532428689));
#8986=DIRECTION('',(0.,1.,0.));
#8987=DIRECTION('center_axis',(0.578674598892978,0.,-0.81555852554924));
#8988=DIRECTION('ref_axis',(-0.81555852554924,0.,-0.578674598892978));
#8989=DIRECTION('',(0.0532360324495286,-0.997867276941264,0.0377733035206001));
#8990=DIRECTION('',(0.81555852554924,0.,0.578674598892978));
#8991=DIRECTION('center_axis',(0.578674598892978,0.,-0.81555852554924));
#8992=DIRECTION('ref_axis',(-0.81555852554924,0.,-0.578674598892978));
#8993=DIRECTION('',(0.,1.,0.));
#8994=DIRECTION('center_axis',(0.483717166100756,0.,-0.875224373072102));
#8995=DIRECTION('ref_axis',(-0.875224373072102,0.,-0.483717166100756));
#8996=DIRECTION('',(0.0571314109790744,-0.997867227803835,0.0315752680848375));
#8997=DIRECTION('',(0.875224373072102,0.,0.483717166100756));
#8998=DIRECTION('center_axis',(0.483717166100756,0.,-0.875224373072102));
#8999=DIRECTION('ref_axis',(-0.875224373072102,0.,-0.483717166100756));
#9000=DIRECTION('',(0.,1.,0.));
#9001=DIRECTION('center_axis',(0.382682911289696,0.,-0.92387974834761));
#9002=DIRECTION('ref_axis',(-0.92387974834761,0.,-0.382682911289696));
#9003=DIRECTION('',(0.0603073524626595,-0.997867234991568,0.0249800834511863));
#9004=DIRECTION('',(0.92387974834761,0.,0.382682911289696));
#9005=DIRECTION('center_axis',(0.382682911289696,0.,-0.92387974834761));
#9006=DIRECTION('ref_axis',(-0.92387974834761,0.,-0.382682911289696));
#9007=DIRECTION('',(0.,1.,0.));
#9008=DIRECTION('center_axis',(0.276836587279876,0.,-0.960917011995954));
#9009=DIRECTION('ref_axis',(-0.960917011995954,0.,-0.276836587279876));
#9010=DIRECTION('',(0.0627245210265862,-0.997867267871914,0.0180706992622564));
#9011=DIRECTION('',(0.960917011995954,0.,0.276836587279876));
#9012=DIRECTION('center_axis',(0.276836587279876,0.,-0.960917011995954));
#9013=DIRECTION('ref_axis',(-0.960917011995954,0.,-0.276836587279876));
#9014=DIRECTION('',(0.,1.,0.));
#9015=DIRECTION('center_axis',(0.167506982848578,0.,-0.985870889466246));
#9016=DIRECTION('ref_axis',(-0.985870889466246,0.,-0.167506982848578));
#9017=DIRECTION('',(0.0643537279726003,-0.997867246282345,0.0109341891752018));
#9018=DIRECTION('',(0.985870889466246,0.,0.167506982848578));
#9019=DIRECTION('center_axis',(0.167506982848578,0.,-0.985870889466246));
#9020=DIRECTION('ref_axis',(-0.985870889466246,0.,-0.167506982848578));
#9021=DIRECTION('',(0.,1.,0.));
#9022=DIRECTION('center_axis',(0.0560696650305214,0.,-0.998426858945294));
#9023=DIRECTION('ref_axis',(-0.998426858945294,0.,-0.0560696650305214));
#9024=DIRECTION('',(0.0651734072162279,-0.997867241333863,0.00366000882164959));
#9025=DIRECTION('',(0.998426858945294,0.,0.0560696650305214));
#9026=DIRECTION('center_axis',(0.0560696650305214,0.,-0.998426858945294));
#9027=DIRECTION('ref_axis',(-0.998426858945294,0.,-0.0560696650305214));
#9028=DIRECTION('',(0.,1.,0.));
#9029=DIRECTION('center_axis',(-0.0560696650305214,0.,-0.998426858945294));
#9030=DIRECTION('ref_axis',(-0.998426858945294,0.,0.0560696650305214));
#9031=DIRECTION('',(0.0651734072162279,-0.997867241333863,-0.00366000882164959));
#9032=DIRECTION('',(0.998426858945294,0.,-0.0560696650305214));
#9033=DIRECTION('center_axis',(-0.0560696650305214,0.,-0.998426858945294));
#9034=DIRECTION('ref_axis',(-0.998426858945294,0.,0.0560696650305214));
#9035=DIRECTION('',(0.,1.,0.));
#9036=DIRECTION('center_axis',(-0.167506982848578,0.,-0.985870889466246));
#9037=DIRECTION('ref_axis',(-0.985870889466246,0.,0.167506982848578));
#9038=DIRECTION('',(0.0643537279726003,-0.997867246282345,-0.0109341891752018));
#9039=DIRECTION('',(0.985870889466246,0.,-0.167506982848578));
#9040=DIRECTION('center_axis',(-0.167506982848578,0.,-0.985870889466246));
#9041=DIRECTION('ref_axis',(-0.985870889466246,0.,0.167506982848578));
#9042=DIRECTION('',(0.,1.,0.));
#9043=DIRECTION('center_axis',(-0.276836587279876,0.,-0.960917011995954));
#9044=DIRECTION('ref_axis',(-0.960917011995954,0.,0.276836587279876));
#9045=DIRECTION('',(0.0627245210265862,-0.997867267871914,-0.0180706992622564));
#9046=DIRECTION('',(0.960917011995954,0.,-0.276836587279876));
#9047=DIRECTION('center_axis',(-0.276836587279876,0.,-0.960917011995954));
#9048=DIRECTION('ref_axis',(-0.960917011995954,0.,0.276836587279876));
#9049=DIRECTION('',(0.,1.,0.));
#9050=DIRECTION('center_axis',(-0.382682911289696,0.,-0.92387974834761));
#9051=DIRECTION('ref_axis',(-0.92387974834761,0.,0.382682911289696));
#9052=DIRECTION('',(0.0603073524626595,-0.997867234991568,-0.0249800834511863));
#9053=DIRECTION('',(0.92387974834761,0.,-0.382682911289696));
#9054=DIRECTION('center_axis',(-0.382682911289696,0.,-0.92387974834761));
#9055=DIRECTION('ref_axis',(-0.92387974834761,0.,0.382682911289696));
#9056=DIRECTION('',(0.,1.,0.));
#9057=DIRECTION('center_axis',(-0.483717166100756,0.,-0.875224373072102));
#9058=DIRECTION('ref_axis',(-0.875224373072102,0.,0.483717166100756));
#9059=DIRECTION('',(0.0571314109790744,-0.997867227803835,-0.0315752680848375));
#9060=DIRECTION('',(0.875224373072102,0.,-0.483717166100756));
#9061=DIRECTION('center_axis',(-0.483717166100756,0.,-0.875224373072102));
#9062=DIRECTION('ref_axis',(-0.875224373072102,0.,0.483717166100756));
#9063=DIRECTION('',(0.,1.,0.));
#9064=DIRECTION('center_axis',(-0.578674598892978,0.,-0.81555852554924));
#9065=DIRECTION('ref_axis',(-0.81555852554924,0.,0.578674598892978));
#9066=DIRECTION('',(0.0532360324495286,-0.997867276941264,-0.0377733035206001));
#9067=DIRECTION('',(0.81555852554924,0.,-0.578674598892978));
#9068=DIRECTION('center_axis',(-0.578674598892978,0.,-0.81555852554924));
#9069=DIRECTION('ref_axis',(-0.81555852554924,0.,0.578674598892978));
#9070=DIRECTION('',(0.,1.,0.));
#9071=DIRECTION('center_axis',(-0.666341532428689,0.,-0.745646673807767));
#9072=DIRECTION('ref_axis',(-0.745646673807768,0.,0.666341532428689));
#9073=DIRECTION('',(0.0486732308406521,-0.997867212629711,-0.0434964660420076));
#9074=DIRECTION('',(0.745646673807768,0.,-0.666341532428689));
#9075=DIRECTION('center_axis',(-0.666341532428689,0.,-0.745646673807767));
#9076=DIRECTION('ref_axis',(-0.745646673807768,0.,0.666341532428689));
#9077=DIRECTION('',(0.,1.,0.));
#9078=DIRECTION('center_axis',(-0.745642486775482,0.,-0.666346217754161));
#9079=DIRECTION('ref_axis',(-0.666346217754161,0.,0.745642486775482));
#9080=DIRECTION('',(0.0434963094142813,-0.997867258030689,-0.0486724400215416));
#9081=DIRECTION('',(0.666346217754161,0.,-0.745642486775482));
#9082=DIRECTION('center_axis',(-0.745642486775482,0.,-0.666346217754161));
#9083=DIRECTION('ref_axis',(-0.666346217754161,0.,0.745642486775482));
#9084=DIRECTION('',(0.,1.,0.));
#9085=DIRECTION('center_axis',(-0.815567106892989,0.,-0.578662504534552));
#9086=DIRECTION('ref_axis',(-0.578662504534552,0.,0.815567106892989));
#9087=DIRECTION('',(0.0377725105021409,-0.997867277342862,-0.0532365875945167));
#9088=DIRECTION('',(0.578662504534552,0.,-0.815567106892989));
#9089=DIRECTION('center_axis',(-0.815567106892989,0.,-0.578662504534552));
#9090=DIRECTION('ref_axis',(-0.578662504534552,0.,0.815567106892989));
#9091=DIRECTION('',(0.,1.,0.));
#9092=DIRECTION('center_axis',(-0.87522220733594,0.,-0.48372108470275));
#9093=DIRECTION('ref_axis',(-0.48372108470275,0.,0.87522220733594));
#9094=DIRECTION('',(0.0315754271056654,-0.997867240890604,-0.0571310945148851));
#9095=DIRECTION('',(0.48372108470275,0.,-0.87522220733594));
#9096=DIRECTION('center_axis',(-0.87522220733594,0.,-0.48372108470275));
#9097=DIRECTION('ref_axis',(-0.48372108470275,0.,0.87522220733594));
#9098=DIRECTION('',(0.,1.,0.));
#9099=DIRECTION('center_axis',(-0.923880251572127,0.,-0.382681696394044));
#9100=DIRECTION('ref_axis',(-0.382681696394044,0.,0.923880251572127));
#9101=DIRECTION('',(0.0249799251823676,-0.997867248489853,-0.0603071946717176));
#9102=DIRECTION('',(0.382681696394044,0.,-0.923880251572127));
#9103=DIRECTION('center_axis',(-0.923880251572127,0.,-0.382681696394044));
#9104=DIRECTION('ref_axis',(-0.382681696394044,0.,0.923880251572127));
#9105=DIRECTION('',(0.,1.,0.));
#9106=DIRECTION('center_axis',(-0.960916091693286,0.,-0.276839781687712));
#9107=DIRECTION('ref_axis',(-0.276839781687712,0.,0.960916091693286));
#9108=DIRECTION('',(0.0180710160125681,-0.997867242297144,-0.0627248366324458));
#9109=DIRECTION('',(0.276839781687712,0.,-0.960916091693286));
#9110=DIRECTION('center_axis',(-0.960916091693286,0.,-0.276839781687712));
#9111=DIRECTION('ref_axis',(-0.276839781687712,0.,0.960916091693286));
#9112=DIRECTION('',(0.,1.,0.));
#9113=DIRECTION('center_axis',(-0.985872093208474,0.,-0.167499898008151));
#9114=DIRECTION('ref_axis',(-0.167499898008151,0.,0.985872093208474));
#9115=DIRECTION('',(0.0109337134119035,-0.997867251473844,-0.0643537283074066));
#9116=DIRECTION('',(0.167499898008151,0.,-0.985872093208474));
#9117=DIRECTION('center_axis',(-0.985872093208474,0.,-0.167499898008151));
#9118=DIRECTION('ref_axis',(-0.167499898008151,0.,0.985872093208474));
#9119=DIRECTION('',(0.,1.,0.));
#9120=DIRECTION('center_axis',(-0.99842631098675,0.,-0.0560794216213812));
#9121=DIRECTION('ref_axis',(-0.0560794216213812,0.,0.99842631098675));
#9122=DIRECTION('',(0.00366064325897488,-0.99786724417405,-0.0651733280983647));
#9123=DIRECTION('',(0.0560794216213812,0.,-0.99842631098675));
#9124=DIRECTION('center_axis',(-0.99842631098675,0.,-0.0560794216213812));
#9125=DIRECTION('ref_axis',(-0.0560794216213812,0.,0.99842631098675));
#9126=DIRECTION('',(0.,1.,0.));
#9127=DIRECTION('center_axis',(-0.99842631098675,0.,0.0560794216213812));
#9128=DIRECTION('ref_axis',(0.0560794216213812,0.,0.99842631098675));
#9129=DIRECTION('',(0.00366064325897488,0.99786724417405,0.0651733280983647));
#9130=DIRECTION('',(0.0560794216213812,0.,0.99842631098675));
#9131=DIRECTION('center_axis',(-0.99842631098675,0.,0.0560794216213812));
#9132=DIRECTION('ref_axis',(0.0560794216213812,0.,0.99842631098675));
#9133=DIRECTION('center_axis',(-0.985872093208474,0.,-0.167499898008151));
#9134=DIRECTION('ref_axis',(-0.167499898008151,0.,0.985872093208474));
#9135=DIRECTION('',(0.0109337134119035,-0.997867251473844,-0.0643537283074066));
#9136=DIRECTION('',(0.,1.,0.));
#9137=DIRECTION('center_axis',(-0.985872093208474,0.,-0.167499898008151));
#9138=DIRECTION('ref_axis',(-0.167499898008151,0.,0.985872093208474));
#9139=DIRECTION('',(0.,1.,0.));
#9140=DIRECTION('center_axis',(-0.960916091693286,0.,-0.276839781687712));
#9141=DIRECTION('ref_axis',(-0.276839781687712,0.,0.960916091693286));
#9142=DIRECTION('',(0.0180710160125681,-0.997867242297144,-0.0627248366324458));
#9143=DIRECTION('center_axis',(-0.960916091693286,0.,-0.276839781687712));
#9144=DIRECTION('ref_axis',(-0.276839781687712,0.,0.960916091693286));
#9145=DIRECTION('',(0.,1.,0.));
#9146=DIRECTION('center_axis',(-0.923880251572127,0.,-0.382681696394044));
#9147=DIRECTION('ref_axis',(-0.382681696394044,0.,0.923880251572127));
#9148=DIRECTION('',(0.0249799251823676,-0.997867248489853,-0.0603071946717176));
#9149=DIRECTION('center_axis',(-0.923880251572127,0.,-0.382681696394044));
#9150=DIRECTION('ref_axis',(-0.382681696394044,0.,0.923880251572127));
#9151=DIRECTION('',(0.,1.,0.));
#9152=DIRECTION('center_axis',(-0.87522220733594,0.,-0.48372108470275));
#9153=DIRECTION('ref_axis',(-0.48372108470275,0.,0.87522220733594));
#9154=DIRECTION('',(0.0315754271056654,-0.997867240890604,-0.0571310945148851));
#9155=DIRECTION('center_axis',(-0.87522220733594,0.,-0.48372108470275));
#9156=DIRECTION('ref_axis',(-0.48372108470275,0.,0.87522220733594));
#9157=DIRECTION('',(0.,1.,0.));
#9158=DIRECTION('center_axis',(-0.815567106892989,0.,-0.578662504534552));
#9159=DIRECTION('ref_axis',(-0.578662504534552,0.,0.815567106892989));
#9160=DIRECTION('',(0.0377725105021409,-0.997867277342862,-0.0532365875945167));
#9161=DIRECTION('center_axis',(-0.815567106892989,0.,-0.578662504534552));
#9162=DIRECTION('ref_axis',(-0.578662504534552,0.,0.815567106892989));
#9163=DIRECTION('',(0.,1.,0.));
#9164=DIRECTION('center_axis',(-0.745642486775482,0.,-0.666346217754161));
#9165=DIRECTION('ref_axis',(-0.666346217754161,0.,0.745642486775482));
#9166=DIRECTION('',(0.0434963094142813,-0.997867258030689,-0.0486724400215416));
#9167=DIRECTION('center_axis',(-0.745642486775482,0.,-0.666346217754161));
#9168=DIRECTION('ref_axis',(-0.666346217754161,0.,0.745642486775482));
#9169=DIRECTION('',(0.,1.,0.));
#9170=DIRECTION('center_axis',(-0.666341532428689,0.,-0.745646673807767));
#9171=DIRECTION('ref_axis',(-0.745646673807768,0.,0.666341532428689));
#9172=DIRECTION('',(0.0486732308406521,-0.997867212629711,-0.0434964660420076));
#9173=DIRECTION('center_axis',(-0.666341532428689,0.,-0.745646673807767));
#9174=DIRECTION('ref_axis',(-0.745646673807768,0.,0.666341532428689));
#9175=DIRECTION('',(0.,1.,0.));
#9176=DIRECTION('center_axis',(-0.578674598892978,0.,-0.81555852554924));
#9177=DIRECTION('ref_axis',(-0.81555852554924,0.,0.578674598892978));
#9178=DIRECTION('',(0.0532360324495286,-0.997867276941264,-0.0377733035206001));
#9179=DIRECTION('center_axis',(-0.578674598892978,0.,-0.81555852554924));
#9180=DIRECTION('ref_axis',(-0.81555852554924,0.,0.578674598892978));
#9181=DIRECTION('',(0.,1.,0.));
#9182=DIRECTION('center_axis',(-0.483717166100756,0.,-0.875224373072102));
#9183=DIRECTION('ref_axis',(-0.875224373072102,0.,0.483717166100756));
#9184=DIRECTION('',(0.0571314109790744,-0.997867227803835,-0.0315752680848375));
#9185=DIRECTION('center_axis',(-0.483717166100756,0.,-0.875224373072102));
#9186=DIRECTION('ref_axis',(-0.875224373072102,0.,0.483717166100756));
#9187=DIRECTION('',(0.,1.,0.));
#9188=DIRECTION('center_axis',(-0.382682911289696,0.,-0.92387974834761));
#9189=DIRECTION('ref_axis',(-0.92387974834761,0.,0.382682911289696));
#9190=DIRECTION('',(0.0603073524626595,-0.997867234991568,-0.0249800834511863));
#9191=DIRECTION('center_axis',(-0.382682911289696,0.,-0.92387974834761));
#9192=DIRECTION('ref_axis',(-0.92387974834761,0.,0.382682911289696));
#9193=DIRECTION('',(0.,1.,0.));
#9194=DIRECTION('center_axis',(-0.276836587279876,0.,-0.960917011995954));
#9195=DIRECTION('ref_axis',(-0.960917011995954,0.,0.276836587279876));
#9196=DIRECTION('',(0.0627245210265862,-0.997867267871914,-0.0180706992622564));
#9197=DIRECTION('center_axis',(-0.276836587279876,0.,-0.960917011995954));
#9198=DIRECTION('ref_axis',(-0.960917011995954,0.,0.276836587279876));
#9199=DIRECTION('',(0.,1.,0.));
#9200=DIRECTION('center_axis',(-0.167506982848578,0.,-0.985870889466246));
#9201=DIRECTION('ref_axis',(-0.985870889466246,0.,0.167506982848578));
#9202=DIRECTION('',(0.0643537279726003,-0.997867246282345,-0.0109341891752018));
#9203=DIRECTION('center_axis',(-0.167506982848578,0.,-0.985870889466246));
#9204=DIRECTION('ref_axis',(-0.985870889466246,0.,0.167506982848578));
#9205=DIRECTION('',(0.,1.,0.));
#9206=DIRECTION('center_axis',(-0.0560696650305214,0.,-0.998426858945294));
#9207=DIRECTION('ref_axis',(-0.998426858945294,0.,0.0560696650305214));
#9208=DIRECTION('',(0.0651734072162279,-0.997867241333863,-0.00366000882164959));
#9209=DIRECTION('center_axis',(-0.0560696650305214,0.,-0.998426858945294));
#9210=DIRECTION('ref_axis',(-0.998426858945294,0.,0.0560696650305214));
#9211=DIRECTION('',(0.,1.,0.));
#9212=DIRECTION('center_axis',(0.0560696650305214,0.,-0.998426858945294));
#9213=DIRECTION('ref_axis',(-0.998426858945294,0.,-0.0560696650305214));
#9214=DIRECTION('',(0.0651734072162279,-0.997867241333863,0.00366000882164959));
#9215=DIRECTION('center_axis',(0.0560696650305214,0.,-0.998426858945294));
#9216=DIRECTION('ref_axis',(-0.998426858945294,0.,-0.0560696650305214));
#9217=DIRECTION('',(0.,1.,0.));
#9218=DIRECTION('center_axis',(0.167506982848578,0.,-0.985870889466246));
#9219=DIRECTION('ref_axis',(-0.985870889466246,0.,-0.167506982848578));
#9220=DIRECTION('',(0.0643537279726003,-0.997867246282345,0.0109341891752018));
#9221=DIRECTION('center_axis',(0.167506982848578,0.,-0.985870889466246));
#9222=DIRECTION('ref_axis',(-0.985870889466246,0.,-0.167506982848578));
#9223=DIRECTION('',(0.,1.,0.));
#9224=DIRECTION('center_axis',(0.276836587279876,0.,-0.960917011995954));
#9225=DIRECTION('ref_axis',(-0.960917011995954,0.,-0.276836587279876));
#9226=DIRECTION('',(0.0627245210265862,-0.997867267871914,0.0180706992622564));
#9227=DIRECTION('center_axis',(0.276836587279876,0.,-0.960917011995954));
#9228=DIRECTION('ref_axis',(-0.960917011995954,0.,-0.276836587279876));
#9229=DIRECTION('',(0.,1.,0.));
#9230=DIRECTION('center_axis',(0.382682911289696,0.,-0.92387974834761));
#9231=DIRECTION('ref_axis',(-0.92387974834761,0.,-0.382682911289696));
#9232=DIRECTION('',(0.0603073524626595,-0.997867234991568,0.0249800834511863));
#9233=DIRECTION('center_axis',(0.382682911289696,0.,-0.92387974834761));
#9234=DIRECTION('ref_axis',(-0.92387974834761,0.,-0.382682911289696));
#9235=DIRECTION('',(0.,1.,0.));
#9236=DIRECTION('center_axis',(0.483717166100756,0.,-0.875224373072102));
#9237=DIRECTION('ref_axis',(-0.875224373072102,0.,-0.483717166100756));
#9238=DIRECTION('',(0.0571314109790744,-0.997867227803835,0.0315752680848375));
#9239=DIRECTION('center_axis',(0.483717166100756,0.,-0.875224373072102));
#9240=DIRECTION('ref_axis',(-0.875224373072102,0.,-0.483717166100756));
#9241=DIRECTION('',(0.,1.,0.));
#9242=DIRECTION('center_axis',(0.578674598892978,0.,-0.81555852554924));
#9243=DIRECTION('ref_axis',(-0.81555852554924,0.,-0.578674598892978));
#9244=DIRECTION('',(0.0532360324495286,-0.997867276941264,0.0377733035206001));
#9245=DIRECTION('center_axis',(0.578674598892978,0.,-0.81555852554924));
#9246=DIRECTION('ref_axis',(-0.81555852554924,0.,-0.578674598892978));
#9247=DIRECTION('',(0.,1.,0.));
#9248=DIRECTION('center_axis',(0.666341532428689,0.,-0.745646673807767));
#9249=DIRECTION('ref_axis',(-0.745646673807768,0.,-0.666341532428689));
#9250=DIRECTION('',(0.0486732308406521,-0.997867212629711,0.0434964660420076));
#9251=DIRECTION('center_axis',(0.666341532428689,0.,-0.745646673807767));
#9252=DIRECTION('ref_axis',(-0.745646673807768,0.,-0.666341532428689));
#9253=DIRECTION('',(0.,1.,0.));
#9254=DIRECTION('center_axis',(0.745642486775482,0.,-0.666346217754161));
#9255=DIRECTION('ref_axis',(-0.666346217754161,0.,-0.745642486775482));
#9256=DIRECTION('',(0.0434963094142813,-0.997867258030689,0.0486724400215416));
#9257=DIRECTION('center_axis',(0.745642486775482,0.,-0.666346217754161));
#9258=DIRECTION('ref_axis',(-0.666346217754161,0.,-0.745642486775482));
#9259=DIRECTION('',(0.,1.,0.));
#9260=DIRECTION('center_axis',(0.815557933159753,0.,-0.578675433779759));
#9261=DIRECTION('ref_axis',(-0.578675433779759,0.,-0.815557933159753));
#9262=DIRECTION('',(0.0377737775455548,-0.997867229516484,0.0532365850429618));
#9263=DIRECTION('center_axis',(0.815557933159753,0.,-0.578675433779759));
#9264=DIRECTION('ref_axis',(-0.578675433779759,0.,-0.815557933159753));
#9265=DIRECTION('',(0.,1.,0.));
#9266=DIRECTION('center_axis',(0.875230436734927,0.,-0.483706194515626));
#9267=DIRECTION('ref_axis',(-0.483706194515626,0.,-0.875230436734928));
#9268=DIRECTION('',(0.0315741595168344,-0.997867280868956,0.0571310968037737));
#9269=DIRECTION('center_axis',(0.875230436734927,0.,-0.483706194515626));
#9270=DIRECTION('ref_axis',(-0.483706194515626,0.,-0.875230436734928));
#9271=DIRECTION('',(0.,1.,0.));
#9272=DIRECTION('center_axis',(0.923873379025303,0.,-0.382698287856596));
#9273=DIRECTION('ref_axis',(-0.382698287856596,0.,-0.923873379025303));
#9274=DIRECTION('',(0.0249811932443682,-0.997867216860778,0.0603071927601799));
#9275=DIRECTION('center_axis',(0.923873379025303,0.,-0.382698287856596));
#9276=DIRECTION('ref_axis',(-0.382698287856596,0.,-0.923873379025303));
#9277=DIRECTION('',(0.,1.,0.));
#9278=DIRECTION('center_axis',(0.960921262517088,0.,-0.276821833030861));
#9279=DIRECTION('ref_axis',(-0.276821833030861,0.,-0.960921262517088));
#9280=DIRECTION('',(0.0180697475730698,-0.997867265176916,0.0627248380706431));
#9281=DIRECTION('center_axis',(0.960921262517088,0.,-0.276821833030861));
#9282=DIRECTION('ref_axis',(-0.276821833030861,0.,-0.960921262517088));
#9283=DIRECTION('',(0.,1.,0.));
#9284=DIRECTION('center_axis',(0.985868883122588,0.,-0.167518790858284));
#9285=DIRECTION('ref_axis',(-0.167518790858284,0.,-0.985868883122588));
#9286=DIRECTION('',(0.0109349821140158,-0.997867237629345,0.0643537274145573));
#9287=DIRECTION('center_axis',(0.985868883122588,0.,-0.167518790858284));
#9288=DIRECTION('ref_axis',(-0.167518790858284,0.,-0.985868883122588));
#9289=DIRECTION('',(0.,1.,0.));
#9290=DIRECTION('center_axis',(0.998427399171631,0.,-0.0560600444467674));
#9291=DIRECTION('ref_axis',(-0.0560600444467674,0.,-0.998427399171631));
#9292=DIRECTION('',(0.00365937442215314,-0.997867248808162,0.0651733284010307));
#9293=DIRECTION('center_axis',(0.998427399171631,0.,-0.0560600444467674));
#9294=DIRECTION('ref_axis',(-0.0560600444467674,0.,-0.998427399171631));
#9295=DIRECTION('',(0.,1.,0.));
#9296=DIRECTION('center_axis',(0.998427399171631,0.,0.0560600444467674));
#9297=DIRECTION('ref_axis',(0.0560600444467674,0.,-0.998427399171631));
#9298=DIRECTION('',(0.00365937442215314,0.997867248808162,-0.0651733284010307));
#9299=DIRECTION('center_axis',(0.998427399171631,0.,0.0560600444467674));
#9300=DIRECTION('ref_axis',(0.0560600444467674,0.,-0.998427399171631));
#9301=DIRECTION('',(0.,1.,0.));
#9302=DIRECTION('center_axis',(0.985868883122588,0.,0.167518790858284));
#9303=DIRECTION('ref_axis',(0.167518790858284,0.,-0.985868883122588));
#9304=DIRECTION('',(0.0109349821140158,0.997867237629345,-0.0643537274145573));
#9305=DIRECTION('center_axis',(0.985868883122588,0.,0.167518790858284));
#9306=DIRECTION('ref_axis',(0.167518790858284,0.,-0.985868883122588));
#9307=DIRECTION('',(0.,1.,0.));
#9308=DIRECTION('center_axis',(0.960921262517088,0.,0.276821833030861));
#9309=DIRECTION('ref_axis',(0.276821833030861,0.,-0.960921262517088));
#9310=DIRECTION('',(0.0180697475730698,0.997867265176916,-0.0627248380706431));
#9311=DIRECTION('center_axis',(0.960921262517088,0.,0.276821833030861));
#9312=DIRECTION('ref_axis',(0.276821833030861,0.,-0.960921262517088));
#9313=DIRECTION('',(0.,1.,0.));
#9314=DIRECTION('center_axis',(0.923873201095496,0.,0.382698717397329));
#9315=DIRECTION('ref_axis',(0.382698717397329,0.,-0.923873201095496));
#9316=DIRECTION('',(0.0249811933638423,0.997867221633137,-0.0603071137452409));
#9317=DIRECTION('center_axis',(0.923873201095496,0.,0.382698717397329));
#9318=DIRECTION('ref_axis',(0.382698717397329,0.,-0.923873201095496));
#9319=DIRECTION('',(0.,1.,0.));
#9320=DIRECTION('center_axis',(0.875230436734927,0.,0.483706194515626));
#9321=DIRECTION('ref_axis',(0.483706194515626,0.,-0.875230436734928));
#9322=DIRECTION('',(0.0315741595168344,0.997867280868956,-0.0571310968037737));
#9323=DIRECTION('center_axis',(0.875230436734927,0.,0.483706194515626));
#9324=DIRECTION('ref_axis',(0.483706194515626,0.,-0.875230436734928));
#9325=DIRECTION('',(0.,1.,0.));
#9326=DIRECTION('center_axis',(0.815557933159753,0.,0.578675433779759));
#9327=DIRECTION('ref_axis',(0.578675433779759,0.,-0.815557933159753));
#9328=DIRECTION('',(0.0377737775455548,0.997867229516484,-0.0532365850429618));
#9329=DIRECTION('center_axis',(0.815557933159753,0.,0.578675433779759));
#9330=DIRECTION('ref_axis',(0.578675433779759,0.,-0.815557933159753));
#9331=DIRECTION('',(0.,1.,0.));
#9332=DIRECTION('center_axis',(0.745643026209617,0.,0.666345614126007));
#9333=DIRECTION('ref_axis',(0.666345614126007,0.,-0.745643026209617));
#9334=DIRECTION('',(0.0434963092463902,0.99786725417903,-0.0486725191370355));
#9335=DIRECTION('center_axis',(0.745643026209617,0.,0.666345614126007));
#9336=DIRECTION('ref_axis',(0.666345614126007,0.,-0.745643026209617));
#9337=DIRECTION('',(0.,1.,0.));
#9338=DIRECTION('center_axis',(0.666341532428689,0.,0.745646673807767));
#9339=DIRECTION('ref_axis',(0.745646673807768,0.,-0.666341532428689));
#9340=DIRECTION('',(0.0486732308406521,0.997867212629711,-0.0434964660420076));
#9341=DIRECTION('center_axis',(0.666341532428689,0.,0.745646673807767));
#9342=DIRECTION('ref_axis',(0.745646673807768,0.,-0.666341532428689));
#9343=DIRECTION('',(0.,1.,0.));
#9344=DIRECTION('center_axis',(0.578675002929954,0.,0.815558238867107));
#9345=DIRECTION('ref_axis',(0.815558238867107,0.,-0.578675002929954));
#9346=DIRECTION('',(0.053236032369793,0.997867275446683,-0.0377733431157072));
#9347=DIRECTION('center_axis',(0.578675002929954,0.,0.815558238867107));
#9348=DIRECTION('ref_axis',(0.815558238867107,0.,-0.578675002929954));
#9349=DIRECTION('',(0.,1.,0.));
#9350=DIRECTION('center_axis',(0.483716700787895,0.,0.875224630240074));
#9351=DIRECTION('ref_axis',(0.875224630240074,0.,-0.483716700787895));
#9352=DIRECTION('',(0.0571314110506037,0.997867229053177,-0.031575228472689));
#9353=DIRECTION('center_axis',(0.483716700787895,0.,0.875224630240074));
#9354=DIRECTION('ref_axis',(0.875224630240074,0.,-0.483716700787895));
#9355=DIRECTION('',(0.,1.,0.));
#9356=DIRECTION('center_axis',(0.382682392802736,0.,0.923879963111428));
#9357=DIRECTION('ref_axis',(0.923879963111428,0.,-0.382682392802735));
#9358=DIRECTION('',(0.060307352522394,0.997867235979957,-0.0249800438242477));
#9359=DIRECTION('center_axis',(0.382682392802736,0.,0.923879963111428));
#9360=DIRECTION('ref_axis',(0.923879963111428,0.,-0.382682392802735));
#9361=DIRECTION('',(0.,1.,0.));
#9362=DIRECTION('center_axis',(0.276837148175182,0.,0.960916850403942));
#9363=DIRECTION('ref_axis',(0.960916850403942,0.,-0.276837148175182));
#9364=DIRECTION('',(0.0627245209816419,0.997867267156908,-0.0180707389009908));
#9365=DIRECTION('center_axis',(0.276837148175182,0.,0.960916850403942));
#9366=DIRECTION('ref_axis',(0.960916850403942,0.,-0.276837148175182));
#9367=DIRECTION('',(0.,1.,0.));
#9368=DIRECTION('center_axis',(0.167505802043643,0.,0.985871090093282));
#9369=DIRECTION('ref_axis',(0.985871090093282,0.,-0.167505802043643));
#9370=DIRECTION('',(0.0643537280284023,0.99786724714761,-0.0109341098813193));
#9371=DIRECTION('center_axis',(0.167505802043643,0.,0.985871090093282));
#9372=DIRECTION('ref_axis',(0.985871090093282,0.,-0.167505802043643));
#9373=DIRECTION('',(0.,1.,0.));
#9374=DIRECTION('center_axis',(0.0560708761023513,0.,0.998426790933173));
#9375=DIRECTION('ref_axis',(0.998426790933174,0.,-0.0560708761023513));
#9376=DIRECTION('',(0.065173407197311,0.997867241044228,-0.0036600881239505));
#9377=DIRECTION('center_axis',(0.0560708761023513,0.,0.998426790933173));
#9378=DIRECTION('ref_axis',(0.998426790933174,0.,-0.0560708761023513));
#9379=DIRECTION('',(0.,1.,0.));
#9380=DIRECTION('center_axis',(-0.0560708761023513,0.,0.998426790933173));
#9381=DIRECTION('ref_axis',(0.998426790933174,0.,0.0560708761023513));
#9382=DIRECTION('',(0.065173407197311,0.997867241044228,0.0036600881239505));
#9383=DIRECTION('center_axis',(-0.0560708761023513,0.,0.998426790933173));
#9384=DIRECTION('ref_axis',(0.998426790933174,0.,0.0560708761023513));
#9385=DIRECTION('',(0.,1.,0.));
#9386=DIRECTION('center_axis',(-0.167505802043643,0.,0.985871090093282));
#9387=DIRECTION('ref_axis',(0.985871090093282,0.,0.167505802043643));
#9388=DIRECTION('',(0.0643537280284023,0.99786724714761,0.0109341098813193));
#9389=DIRECTION('center_axis',(-0.167505802043643,0.,0.985871090093282));
#9390=DIRECTION('ref_axis',(0.985871090093282,0.,0.167505802043643));
#9391=DIRECTION('',(0.,1.,0.));
#9392=DIRECTION('center_axis',(-0.276837148175182,0.,0.960916850403942));
#9393=DIRECTION('ref_axis',(0.960916850403942,0.,0.276837148175182));
#9394=DIRECTION('',(0.0627245209816419,0.997867267156908,0.0180707389009908));
#9395=DIRECTION('center_axis',(-0.276837148175182,0.,0.960916850403942));
#9396=DIRECTION('ref_axis',(0.960916850403942,0.,0.276837148175182));
#9397=DIRECTION('',(0.,1.,0.));
#9398=DIRECTION('center_axis',(-0.382682392802736,0.,0.923879963111428));
#9399=DIRECTION('ref_axis',(0.923879963111428,0.,0.382682392802735));
#9400=DIRECTION('',(0.060307352522394,0.997867235979957,0.0249800438242477));
#9401=DIRECTION('center_axis',(-0.382682392802736,0.,0.923879963111428));
#9402=DIRECTION('ref_axis',(0.923879963111428,0.,0.382682392802735));
#9403=DIRECTION('',(0.,1.,0.));
#9404=DIRECTION('center_axis',(-0.483716700787895,0.,0.875224630240074));
#9405=DIRECTION('ref_axis',(0.875224630240074,0.,0.483716700787895));
#9406=DIRECTION('',(0.0571314110506037,0.997867229053177,0.031575228472689));
#9407=DIRECTION('center_axis',(-0.483716700787895,0.,0.875224630240074));
#9408=DIRECTION('ref_axis',(0.875224630240074,0.,0.483716700787895));
#9409=DIRECTION('',(0.,1.,0.));
#9410=DIRECTION('center_axis',(-0.578675002929954,0.,0.815558238867107));
#9411=DIRECTION('ref_axis',(0.815558238867107,0.,0.578675002929954));
#9412=DIRECTION('',(0.053236032369793,0.997867275446683,0.0377733431157072));
#9413=DIRECTION('center_axis',(-0.578675002929954,0.,0.815558238867107));
#9414=DIRECTION('ref_axis',(0.815558238867107,0.,0.578675002929954));
#9415=DIRECTION('',(0.,1.,0.));
#9416=DIRECTION('center_axis',(-0.666341532428689,0.,0.745646673807767));
#9417=DIRECTION('ref_axis',(0.745646673807768,0.,0.666341532428689));
#9418=DIRECTION('',(0.0486732308406521,0.997867212629711,0.0434964660420076));
#9419=DIRECTION('center_axis',(-0.666341532428689,0.,0.745646673807767));
#9420=DIRECTION('ref_axis',(0.745646673807768,0.,0.666341532428689));
#9421=DIRECTION('',(0.,1.,0.));
#9422=DIRECTION('center_axis',(-0.745643026209617,0.,0.666345614126007));
#9423=DIRECTION('ref_axis',(0.666345614126007,0.,0.745643026209617));
#9424=DIRECTION('',(0.0434963092463902,0.99786725417903,0.0486725191370355));
#9425=DIRECTION('center_axis',(-0.745643026209617,0.,0.666345614126007));
#9426=DIRECTION('ref_axis',(0.666345614126007,0.,0.745643026209617));
#9427=DIRECTION('',(0.,1.,0.));
#9428=DIRECTION('center_axis',(-0.815567106892989,0.,0.578662504534552));
#9429=DIRECTION('ref_axis',(0.578662504534552,0.,0.815567106892989));
#9430=DIRECTION('',(0.0377725105021409,0.997867277342862,0.0532365875945167));
#9431=DIRECTION('center_axis',(-0.815567106892989,0.,0.578662504534552));
#9432=DIRECTION('ref_axis',(0.578662504534552,0.,0.815567106892989));
#9433=DIRECTION('',(0.,1.,0.));
#9434=DIRECTION('center_axis',(-0.87522220733594,0.,0.48372108470275));
#9435=DIRECTION('ref_axis',(0.48372108470275,0.,0.87522220733594));
#9436=DIRECTION('',(0.0315754271056654,0.997867240890604,0.0571310945148851));
#9437=DIRECTION('center_axis',(-0.87522220733594,0.,0.48372108470275));
#9438=DIRECTION('ref_axis',(0.48372108470275,0.,0.87522220733594));
#9439=DIRECTION('',(0.,1.,0.));
#9440=DIRECTION('center_axis',(-0.923880073656425,0.,0.382682125922545));
#9441=DIRECTION('ref_axis',(0.382682125922545,0.,0.923880073656425));
#9442=DIRECTION('',(0.0249799253018356,0.997867253262214,0.0603071156567761));
#9443=DIRECTION('center_axis',(-0.923880073656425,0.,0.382682125922545));
#9444=DIRECTION('ref_axis',(0.382682125922545,0.,0.923880073656425));
#9445=DIRECTION('',(0.,1.,0.));
#9446=DIRECTION('center_axis',(-0.960916091693286,0.,0.276839781687712));
#9447=DIRECTION('ref_axis',(0.276839781687712,0.,0.960916091693286));
#9448=DIRECTION('',(0.0180710160125681,0.997867242297144,0.0627248366324458));
#9449=DIRECTION('center_axis',(-0.960916091693286,0.,0.276839781687712));
#9450=DIRECTION('ref_axis',(0.276839781687712,0.,0.960916091693286));
#9451=DIRECTION('',(0.,1.,0.));
#9452=DIRECTION('center_axis',(-0.985872093208474,0.,0.167499898008151));
#9453=DIRECTION('ref_axis',(0.167499898008151,0.,0.985872093208474));
#9454=DIRECTION('',(0.0109337134119035,0.997867251473844,0.0643537283074066));
#9455=DIRECTION('center_axis',(-0.985872093208474,0.,0.167499898008151));
#9456=DIRECTION('ref_axis',(0.167499898008151,0.,0.985872093208474));
#9457=DIRECTION('',(0.,1.,0.));
#9458=DIRECTION('center_axis',(-0.99842631098675,0.,0.0560794216213812));
#9459=DIRECTION('ref_axis',(0.0560794216213812,0.,0.99842631098675));
#9460=DIRECTION('',(0.00366064325897488,0.99786724417405,0.0651733280983647));
#9461=DIRECTION('center_axis',(-0.99842631098675,0.,0.0560794216213812));
#9462=DIRECTION('ref_axis',(0.0560794216213812,0.,0.99842631098675));
#9463=DIRECTION('',(0.,1.,0.));
#9464=DIRECTION('center_axis',(-0.99842631098675,0.,-0.0560794216213812));
#9465=DIRECTION('ref_axis',(-0.0560794216213812,0.,0.99842631098675));
#9466=DIRECTION('',(0.00366064325897488,-0.99786724417405,-0.0651733280983647));
#9467=DIRECTION('center_axis',(-0.99842631098675,0.,-0.0560794216213812));
#9468=DIRECTION('ref_axis',(-0.0560794216213812,0.,0.99842631098675));
#9469=CARTESIAN_POINT('',(0.,0.,0.));
#9470=CARTESIAN_POINT('Origin',(-383.847846984863,500.,48.205114364624));
#9471=CARTESIAN_POINT('',(-383.847846984863,498.,48.205114364624));
#9472=CARTESIAN_POINT('',(-370.804706573486,500.,48.205114364624));
#9473=CARTESIAN_POINT('',(-383.847846984863,498.,48.205114364624));
#9474=CARTESIAN_POINT('',(-383.847846984863,500.,48.205114364624));
#9475=CARTESIAN_POINT('',(-383.847846984863,500.,48.205114364624));
#9476=CARTESIAN_POINT('',(-383.847846984863,498.,48.205114364624));
#9477=CARTESIAN_POINT('Origin',(-383.847846984863,498.,48.205114364624));
#9478=CARTESIAN_POINT('',(-383.750957489014,497.88752746582,48.205114364624));
#9479=CARTESIAN_POINT('',(-383.750957489014,497.88752746582,48.205114364624));
#9480=CARTESIAN_POINT('',(-383.847846984863,498.,48.205114364624));
#9481=CARTESIAN_POINT('Origin',(-383.750957489014,497.88752746582,48.205114364624));
#9482=CARTESIAN_POINT('',(-383.671787261963,497.761951446533,48.205114364624));
#9483=CARTESIAN_POINT('',(-383.671787261963,497.761951446533,48.205114364624));
#9484=CARTESIAN_POINT('',(-383.750957489014,497.88752746582,48.205114364624));
#9485=CARTESIAN_POINT('Origin',(-383.671787261963,497.761951446533,48.205114364624));
#9486=CARTESIAN_POINT('',(-383.612075805664,497.626037597656,48.205114364624));
#9487=CARTESIAN_POINT('',(-383.612075805664,497.626037597656,48.205114364624));
#9488=CARTESIAN_POINT('',(-383.671787261963,497.761951446533,48.205114364624));
#9489=CARTESIAN_POINT('Origin',(-383.612075805664,497.626037597656,48.205114364624));
#9490=CARTESIAN_POINT('',(-383.573146820068,497.48278427124,48.205114364624));
#9491=CARTESIAN_POINT('',(-383.573146820068,497.48278427124,48.205114364624));
#9492=CARTESIAN_POINT('',(-383.612075805664,497.626037597656,48.205114364624));
#9493=CARTESIAN_POINT('Origin',(-383.573146820068,497.48278427124,48.205114364624));
#9494=CARTESIAN_POINT('',(-383.555854797363,497.335346221924,48.205114364624));
#9495=CARTESIAN_POINT('',(-383.555854797363,497.335346221924,48.205114364624));
#9496=CARTESIAN_POINT('',(-383.573146820068,497.48278427124,48.205114364624));
#9497=CARTESIAN_POINT('Origin',(-383.555854797363,497.335346221924,48.205114364624));
#9498=CARTESIAN_POINT('',(-383.560577392578,497.18696975708,48.205114364624));
#9499=CARTESIAN_POINT('',(-383.560577392578,497.18696975708,48.205114364624));
#9500=CARTESIAN_POINT('',(-383.560577392578,497.18696975708,48.205114364624));
#9501=CARTESIAN_POINT('Origin',(-370.804706573486,500.,48.205114364624));
#9502=CARTESIAN_POINT('',(-370.804706573486,494.,48.205114364624));
#9503=CARTESIAN_POINT('',(-383.560577392578,497.18696975708,48.205114364624));
#9504=CARTESIAN_POINT('',(-370.804706573486,494.,48.205114364624));
#9505=CARTESIAN_POINT('Origin',(-383.560577392578,497.18696975708,48.205114364624));
#9506=CARTESIAN_POINT('',(-383.587215423584,497.040927886963,48.205114364624));
#9507=CARTESIAN_POINT('',(-383.587215423584,497.040927886963,48.205114364624));
#9508=CARTESIAN_POINT('',(-383.587215423584,497.040927886963,48.205114364624));
#9509=CARTESIAN_POINT('Origin',(-383.587215423584,497.040927886963,48.205114364624));
#9510=CARTESIAN_POINT('',(-383.635181427002,496.900440216064,48.205114364624));
#9511=CARTESIAN_POINT('',(-383.635181427002,496.900440216064,48.205114364624));
#9512=CARTESIAN_POINT('',(-383.635181427002,496.900440216064,48.205114364624));
#9513=CARTESIAN_POINT('Origin',(-383.635181427002,496.900440216064,48.205114364624));
#9514=CARTESIAN_POINT('',(-383.703414916992,496.768600463867,48.205114364624));
#9515=CARTESIAN_POINT('',(-383.703414916992,496.768600463867,48.205114364624));
#9516=CARTESIAN_POINT('',(-383.703414916992,496.768600463867,48.205114364624));
#9517=CARTESIAN_POINT('Origin',(-383.703414916992,496.768600463867,48.205114364624));
#9518=CARTESIAN_POINT('',(-383.790412902832,496.648315429688,48.205114364624));
#9519=CARTESIAN_POINT('',(-383.790412902832,496.648315429688,48.205114364624));
#9520=CARTESIAN_POINT('',(-383.790412902832,496.648315429688,48.205114364624));
#9521=CARTESIAN_POINT('Origin',(-383.790412902832,496.648315429688,48.205114364624));
#9522=CARTESIAN_POINT('',(-383.894260406494,496.542236328125,48.205114364624));
#9523=CARTESIAN_POINT('',(-383.894260406494,496.542236328125,48.205114364624));
#9524=CARTESIAN_POINT('',(-383.894260406494,496.542236328125,48.205114364624));
#9525=CARTESIAN_POINT('Origin',(-383.894260406494,496.542236328125,48.205114364624));
#9526=CARTESIAN_POINT('',(-384.012668609619,496.452697753906,48.205114364624));
#9527=CARTESIAN_POINT('',(-384.012668609619,496.452697753906,48.205114364624));
#9528=CARTESIAN_POINT('',(-384.012668609619,496.452697753906,48.205114364624));
#9529=CARTESIAN_POINT('Origin',(-384.012668609619,496.452697753906,48.205114364624));
#9530=CARTESIAN_POINT('',(-384.14302444458,496.381675720215,48.205114364624));
#9531=CARTESIAN_POINT('',(-384.14302444458,496.381675720215,48.205114364624));
#9532=CARTESIAN_POINT('',(-384.14302444458,496.381675720215,48.205114364624));
#9533=CARTESIAN_POINT('Origin',(-370.804706573486,494.,48.205114364624));
#9534=CARTESIAN_POINT('',(-386.504707336426,494.,48.205114364624));
#9535=CARTESIAN_POINT('',(-386.504707336426,494.,48.205114364624));
#9536=CARTESIAN_POINT('',(-386.504707336426,494.,48.205114364624));
#9537=CARTESIAN_POINT('Origin',(-384.14302444458,496.381675720215,48.205114364624));
#9538=CARTESIAN_POINT('',(-384.28246307373,496.33073425293,48.205114364624));
#9539=CARTESIAN_POINT('',(-386.504707336426,494.,48.205114364624));
#9540=CARTESIAN_POINT('',(-384.28246307373,496.33073425293,48.205114364624));
#9541=CARTESIAN_POINT('Origin',(-384.28246307373,496.33073425293,48.205114364624));
#9542=CARTESIAN_POINT('',(-384.42790222168,496.300994873047,48.205114364624));
#9543=CARTESIAN_POINT('',(-386.504707336426,494.,48.205114364624));
#9544=CARTESIAN_POINT('',(-384.42790222168,496.300994873047,48.205114364624));
#9545=CARTESIAN_POINT('Origin',(-384.42790222168,496.300994873047,48.205114364624));
#9546=CARTESIAN_POINT('',(-384.576145172119,496.293117523193,48.205114364624));
#9547=CARTESIAN_POINT('',(-386.504707336426,494.,48.205114364624));
#9548=CARTESIAN_POINT('',(-384.576145172119,496.293117523193,48.205114364624));
#9549=CARTESIAN_POINT('Origin',(-384.576145172119,496.293117523193,48.205114364624));
#9550=CARTESIAN_POINT('',(-384.723918914795,496.307270050049,48.205114364624));
#9551=CARTESIAN_POINT('',(-386.504707336426,494.,48.205114364624));
#9552=CARTESIAN_POINT('',(-384.723918914795,496.307270050049,48.205114364624));
#9553=CARTESIAN_POINT('Origin',(-384.723918914795,496.307270050049,48.205114364624));
#9554=CARTESIAN_POINT('',(-384.867969512939,496.343143463135,48.205114364624));
#9555=CARTESIAN_POINT('',(-386.504707336426,494.,48.205114364624));
#9556=CARTESIAN_POINT('',(-384.867969512939,496.343143463135,48.205114364624));
#9557=CARTESIAN_POINT('Origin',(-384.867969512939,496.343143463135,48.205114364624));
#9558=CARTESIAN_POINT('',(-385.00511932373,496.399948120117,48.205114364624));
#9559=CARTESIAN_POINT('',(-386.504707336426,494.,48.205114364624));
#9560=CARTESIAN_POINT('',(-385.00511932373,496.399948120117,48.205114364624));
#9561=CARTESIAN_POINT('Origin',(-385.00511932373,496.399948120117,48.205114364624));
#9562=CARTESIAN_POINT('',(-385.132350921631,496.476432800293,48.205114364624));
#9563=CARTESIAN_POINT('',(-386.504707336426,494.,48.205114364624));
#9564=CARTESIAN_POINT('',(-385.132350921631,496.476432800293,48.205114364624));
#9565=CARTESIAN_POINT('Origin',(-385.132350921631,496.476432800293,48.205114364624));
#9566=CARTESIAN_POINT('',(-385.24686050415,496.570907592773,48.205114364624));
#9567=CARTESIAN_POINT('',(-386.504707336426,494.,48.205114364624));
#9568=CARTESIAN_POINT('',(-385.24686050415,496.570907592773,48.205114364624));
#9569=CARTESIAN_POINT('Origin',(-385.24686050415,496.570907592773,48.205114364624));
#9570=CARTESIAN_POINT('',(-385.346118927002,496.681289672852,48.205114364624));
#9571=CARTESIAN_POINT('',(-386.504707336426,494.,48.205114364624));
#9572=CARTESIAN_POINT('',(-385.346118927002,496.681289672852,48.205114364624));
#9573=CARTESIAN_POINT('Origin',(-385.346118927002,496.681289672852,48.205114364624));
#9574=CARTESIAN_POINT('',(-385.42794418335,496.805156707764,48.205114364624));
#9575=CARTESIAN_POINT('',(-386.504707336426,494.,48.205114364624));
#9576=CARTESIAN_POINT('',(-385.42794418335,496.805156707764,48.205114364624));
#9577=CARTESIAN_POINT('Origin',(-385.42794418335,496.805156707764,48.205114364624));
#9578=CARTESIAN_POINT('',(-385.490528106689,496.939765930176,48.205114364624));
#9579=CARTESIAN_POINT('',(-386.504707336426,494.,48.205114364624));
#9580=CARTESIAN_POINT('',(-385.490528106689,496.939765930176,48.205114364624));
#9581=CARTESIAN_POINT('Origin',(-385.490528106689,496.939765930176,48.205114364624));
#9582=CARTESIAN_POINT('',(-385.532497406006,497.082160949707,48.205114364624));
#9583=CARTESIAN_POINT('',(-386.504707336426,494.,48.205114364624));
#9584=CARTESIAN_POINT('',(-385.532497406006,497.082160949707,48.205114364624));
#9585=CARTESIAN_POINT('Origin',(-385.532497406006,497.082160949707,48.205114364624));
#9586=CARTESIAN_POINT('',(-385.552921295166,497.229198455811,48.205114364624));
#9587=CARTESIAN_POINT('',(-386.504707336426,494.,48.205114364624));
#9588=CARTESIAN_POINT('',(-385.552921295166,497.229198455811,48.205114364624));
#9589=CARTESIAN_POINT('Origin',(-386.504707336426,494.,48.205114364624));
#9590=CARTESIAN_POINT('',(-386.504707336426,500.,48.205114364624));
#9591=CARTESIAN_POINT('',(-386.504707336426,500.,48.205114364624));
#9592=CARTESIAN_POINT('',(-386.504707336426,494.,48.205114364624));
#9593=CARTESIAN_POINT('Origin',(-385.552921295166,497.229198455811,48.205114364624));
#9594=CARTESIAN_POINT('',(-385.55135345459,497.377639770508,48.205114364624));
#9595=CARTESIAN_POINT('',(-386.504707336426,500.,48.205114364624));
#9596=CARTESIAN_POINT('',(-385.552921295166,497.229198455811,48.205114364624));
#9597=CARTESIAN_POINT('Origin',(-385.55135345459,497.377639770508,48.205114364624));
#9598=CARTESIAN_POINT('',(-385.527828216553,497.524215698242,48.205114364624));
#9599=CARTESIAN_POINT('',(-386.504707336426,500.,48.205114364624));
#9600=CARTESIAN_POINT('',(-385.55135345459,497.377639770508,48.205114364624));
#9601=CARTESIAN_POINT('Origin',(-385.527828216553,497.524215698242,48.205114364624));
#9602=CARTESIAN_POINT('',(-385.482864379883,497.665691375732,48.205114364624));
#9603=CARTESIAN_POINT('',(-386.504707336426,500.,48.205114364624));
#9604=CARTESIAN_POINT('',(-385.527828216553,497.524215698242,48.205114364624));
#9605=CARTESIAN_POINT('Origin',(-385.482864379883,497.665691375732,48.205114364624));
#9606=CARTESIAN_POINT('',(-385.417449951172,497.79895401001,48.205114364624));
#9607=CARTESIAN_POINT('',(-386.504707336426,500.,48.205114364624));
#9608=CARTESIAN_POINT('',(-385.482864379883,497.665691375732,48.205114364624));
#9609=CARTESIAN_POINT('Origin',(-385.417449951172,497.79895401001,48.205114364624));
#9610=CARTESIAN_POINT('',(-385.333030700684,497.921062469482,48.205114364624));
#9611=CARTESIAN_POINT('',(-386.504707336426,500.,48.205114364624));
#9612=CARTESIAN_POINT('',(-385.417449951172,497.79895401001,48.205114364624));
#9613=CARTESIAN_POINT('Origin',(-385.333030700684,497.921062469482,48.205114364624));
#9614=CARTESIAN_POINT('',(-385.231460571289,498.029327392578,48.205114364624));
#9615=CARTESIAN_POINT('',(-386.504707336426,500.,48.205114364624));
#9616=CARTESIAN_POINT('',(-385.333030700684,497.921062469482,48.205114364624));
#9617=CARTESIAN_POINT('Origin',(-385.231460571289,498.029327392578,48.205114364624));
#9618=CARTESIAN_POINT('',(-385.114986419678,498.121364593506,48.205114364624));
#9619=CARTESIAN_POINT('',(-386.504707336426,500.,48.205114364624));
#9620=CARTESIAN_POINT('',(-385.231460571289,498.029327392578,48.205114364624));
#9621=CARTESIAN_POINT('Origin',(-385.114986419678,498.121364593506,48.205114364624));
#9622=CARTESIAN_POINT('',(-384.986167907715,498.195140838623,48.205114364624));
#9623=CARTESIAN_POINT('',(-386.504707336426,500.,48.205114364624));
#9624=CARTESIAN_POINT('',(-385.114986419678,498.121364593506,48.205114364624));
#9625=CARTESIAN_POINT('Origin',(-384.986167907715,498.195140838623,48.205114364624));
#9626=CARTESIAN_POINT('',(-384.847846984863,498.249038696289,48.205114364624));
#9627=CARTESIAN_POINT('',(-386.504707336426,500.,48.205114364624));
#9628=CARTESIAN_POINT('',(-384.986167907715,498.195140838623,48.205114364624));
#9629=CARTESIAN_POINT('Origin',(-384.847846984863,498.249038696289,48.205114364624));
#9630=CARTESIAN_POINT('',(-384.847846984863,500.,48.205114364624));
#9631=CARTESIAN_POINT('',(-386.504707336426,500.,48.205114364624));
#9632=CARTESIAN_POINT('',(-384.847846984863,498.249038696289,48.205114364624));
#9633=CARTESIAN_POINT('Origin',(-371.765712738037,494.,45.1591765880585));
#9634=CARTESIAN_POINT('',(-371.798583984375,494.,44.9657027721405));
#9635=CARTESIAN_POINT('',(-370.804706573486,494.,42.3551144599915));
#9636=CARTESIAN_POINT('',(-371.798583984375,494.,44.9657027721405));
#9637=CARTESIAN_POINT('',(-371.765712738037,494.,45.1591765880585));
#9638=CARTESIAN_POINT('',(-371.765712738037,494.,45.1591765880585));
#9639=CARTESIAN_POINT('',(-371.798583984375,494.,44.9657027721405));
#9640=CARTESIAN_POINT('Origin',(-371.798583984375,494.,44.9657027721405));
#9641=CARTESIAN_POINT('',(-371.852912902832,494.,44.7771260738373));
#9642=CARTESIAN_POINT('',(-371.852912902832,494.,44.7771260738373));
#9643=CARTESIAN_POINT('',(-371.852912902832,494.,44.7771260738373));
#9644=CARTESIAN_POINT('Origin',(-371.852912902832,494.,44.7771260738373));
#9645=CARTESIAN_POINT('',(-371.9280128479,494.,44.5958180427551));
#9646=CARTESIAN_POINT('',(-371.9280128479,494.,44.5958180427551));
#9647=CARTESIAN_POINT('',(-371.9280128479,494.,44.5958180427551));
#9648=CARTESIAN_POINT('Origin',(-371.9280128479,494.,44.5958180427551));
#9649=CARTESIAN_POINT('',(-372.022941589355,494.,44.4240584373474));
#9650=CARTESIAN_POINT('',(-372.022941589355,494.,44.4240584373474));
#9651=CARTESIAN_POINT('',(-372.022941589355,494.,44.4240584373474));
#9652=CARTESIAN_POINT('Origin',(-372.022941589355,494.,44.4240584373474));
#9653=CARTESIAN_POINT('',(-372.136501312256,494.,44.2640073299408));
#9654=CARTESIAN_POINT('',(-372.136501312256,494.,44.2640073299408));
#9655=CARTESIAN_POINT('',(-372.136501312256,494.,44.2640073299408));
#9656=CARTESIAN_POINT('Origin',(-372.136501312256,494.,44.2640073299408));
#9657=CARTESIAN_POINT('',(-372.267269134521,494.,44.1176776885986));
#9658=CARTESIAN_POINT('',(-372.267269134521,494.,44.1176776885986));
#9659=CARTESIAN_POINT('',(-372.267269134521,494.,44.1176776885986));
#9660=CARTESIAN_POINT('Origin',(-372.267269134521,494.,44.1176776885986));
#9661=CARTESIAN_POINT('',(-372.413600921631,494.,43.9869093894958));
#9662=CARTESIAN_POINT('',(-372.413600921631,494.,43.9869093894958));
#9663=CARTESIAN_POINT('',(-372.413600921631,494.,43.9869093894958));
#9664=CARTESIAN_POINT('Origin',(-372.413600921631,494.,43.9869093894958));
#9665=CARTESIAN_POINT('',(-372.573650360107,494.,43.8733471632004));
#9666=CARTESIAN_POINT('',(-372.573650360107,494.,43.8733471632004));
#9667=CARTESIAN_POINT('',(-372.573650360107,494.,43.8733471632004));
#9668=CARTESIAN_POINT('Origin',(-372.573650360107,494.,43.8733471632004));
#9669=CARTESIAN_POINT('',(-372.745410919189,494.,43.7784190177917));
#9670=CARTESIAN_POINT('',(-372.745410919189,494.,43.7784190177917));
#9671=CARTESIAN_POINT('',(-372.745410919189,494.,43.7784190177917));
#9672=CARTESIAN_POINT('Origin',(-372.745410919189,494.,43.7784190177917));
#9673=CARTESIAN_POINT('',(-372.926719665527,494.,43.7033187150955));
#9674=CARTESIAN_POINT('',(-372.926719665527,494.,43.7033187150955));
#9675=CARTESIAN_POINT('',(-372.926719665527,494.,43.7033187150955));
#9676=CARTESIAN_POINT('Origin',(-372.926719665527,494.,43.7033187150955));
#9677=CARTESIAN_POINT('',(-373.115295410156,494.,43.6489906311035));
#9678=CARTESIAN_POINT('',(-373.115295410156,494.,43.6489906311035));
#9679=CARTESIAN_POINT('',(-373.115295410156,494.,43.6489906311035));
#9680=CARTESIAN_POINT('Origin',(-373.115295410156,494.,43.6489906311035));
#9681=CARTESIAN_POINT('',(-373.308769226074,494.,43.6161181926727));
#9682=CARTESIAN_POINT('',(-373.308769226074,494.,43.6161181926727));
#9683=CARTESIAN_POINT('',(-373.308769226074,494.,43.6161181926727));
#9684=CARTESIAN_POINT('Origin',(-373.308769226074,494.,43.6161181926727));
#9685=CARTESIAN_POINT('',(-373.504707336426,494.,43.6051144599915));
#9686=CARTESIAN_POINT('',(-373.504707336426,494.,43.6051144599915));
#9687=CARTESIAN_POINT('',(-373.504707336426,494.,43.6051144599915));
#9688=CARTESIAN_POINT('Origin',(-373.504707336426,494.,43.6051144599915));
#9689=CARTESIAN_POINT('',(-373.700645446777,494.,43.6161181926727));
#9690=CARTESIAN_POINT('',(-373.700645446777,494.,43.6161181926727));
#9691=CARTESIAN_POINT('',(-373.700645446777,494.,43.6161181926727));
#9692=CARTESIAN_POINT('Origin',(-373.700645446777,494.,43.6161181926727));
#9693=CARTESIAN_POINT('',(-373.894119262695,494.,43.6489906311035));
#9694=CARTESIAN_POINT('',(-373.894119262695,494.,43.6489906311035));
#9695=CARTESIAN_POINT('',(-373.894119262695,494.,43.6489906311035));
#9696=CARTESIAN_POINT('Origin',(-370.804706573486,494.,42.3551144599915));
#9697=CARTESIAN_POINT('',(-386.504707336426,494.,42.3551144599915));
#9698=CARTESIAN_POINT('',(-386.504707336426,494.,42.3551144599915));
#9699=CARTESIAN_POINT('',(-386.504707336426,494.,42.3551144599915));
#9700=CARTESIAN_POINT('Origin',(-373.894119262695,494.,43.6489906311035));
#9701=CARTESIAN_POINT('',(-374.082695007324,494.,43.7033187150955));
#9702=CARTESIAN_POINT('',(-386.504707336426,494.,42.3551144599915));
#9703=CARTESIAN_POINT('',(-374.082695007324,494.,43.7033187150955));
#9704=CARTESIAN_POINT('Origin',(-374.082695007324,494.,43.7033187150955));
#9705=CARTESIAN_POINT('',(-374.264003753662,494.,43.7784190177917));
#9706=CARTESIAN_POINT('',(-386.504707336426,494.,42.3551144599915));
#9707=CARTESIAN_POINT('',(-374.264003753662,494.,43.7784190177917));
#9708=CARTESIAN_POINT('Origin',(-374.264003753662,494.,43.7784190177917));
#9709=CARTESIAN_POINT('',(-374.435764312744,494.,43.8733471632004));
#9710=CARTESIAN_POINT('',(-386.504707336426,494.,42.3551144599915));
#9711=CARTESIAN_POINT('',(-374.435764312744,494.,43.8733471632004));
#9712=CARTESIAN_POINT('Origin',(-374.435764312744,494.,43.8733471632004));
#9713=CARTESIAN_POINT('',(-374.595813751221,494.,43.9869093894958));
#9714=CARTESIAN_POINT('',(-386.504707336426,494.,42.3551144599915));
#9715=CARTESIAN_POINT('',(-374.595813751221,494.,43.9869093894958));
#9716=CARTESIAN_POINT('Origin',(-374.595813751221,494.,43.9869093894958));
#9717=CARTESIAN_POINT('',(-374.74214553833,494.,44.1176776885986));
#9718=CARTESIAN_POINT('',(-386.504707336426,494.,42.3551144599915));
#9719=CARTESIAN_POINT('',(-374.74214553833,494.,44.1176776885986));
#9720=CARTESIAN_POINT('Origin',(-374.74214553833,494.,44.1176776885986));
#9721=CARTESIAN_POINT('',(-374.872913360596,494.,44.2640073299408));
#9722=CARTESIAN_POINT('',(-386.504707336426,494.,42.3551144599915));
#9723=CARTESIAN_POINT('',(-374.872913360596,494.,44.2640073299408));
#9724=CARTESIAN_POINT('Origin',(-374.872913360596,494.,44.2640073299408));
#9725=CARTESIAN_POINT('',(-374.986476898193,494.,44.4240584373474));
#9726=CARTESIAN_POINT('',(-386.504707336426,494.,42.3551144599915));
#9727=CARTESIAN_POINT('',(-374.986476898193,494.,44.4240584373474));
#9728=CARTESIAN_POINT('Origin',(-374.986476898193,494.,44.4240584373474));
#9729=CARTESIAN_POINT('',(-375.081401824951,494.,44.5958180427551));
#9730=CARTESIAN_POINT('',(-386.504707336426,494.,42.3551144599915));
#9731=CARTESIAN_POINT('',(-375.081401824951,494.,44.5958180427551));
#9732=CARTESIAN_POINT('Origin',(-375.081401824951,494.,44.5958180427551));
#9733=CARTESIAN_POINT('',(-375.156505584717,494.,44.7771260738373));
#9734=CARTESIAN_POINT('',(-386.504707336426,494.,42.3551144599915));
#9735=CARTESIAN_POINT('',(-375.156505584717,494.,44.7771260738373));
#9736=CARTESIAN_POINT('Origin',(-375.156505584717,494.,44.7771260738373));
#9737=CARTESIAN_POINT('',(-375.210830688477,494.,44.9657027721405));
#9738=CARTESIAN_POINT('',(-386.504707336426,494.,42.3551144599915));
#9739=CARTESIAN_POINT('',(-375.210830688477,494.,44.9657027721405));
#9740=CARTESIAN_POINT('Origin',(-375.210830688477,494.,44.9657027721405));
#9741=CARTESIAN_POINT('',(-375.243705749512,494.,45.1591765880585));
#9742=CARTESIAN_POINT('',(-386.504707336426,494.,42.3551144599915));
#9743=CARTESIAN_POINT('',(-375.243705749512,494.,45.1591765880585));
#9744=CARTESIAN_POINT('Origin',(-375.243705749512,494.,45.1591765880585));
#9745=CARTESIAN_POINT('',(-375.254707336426,494.,45.3551144599915));
#9746=CARTESIAN_POINT('',(-386.504707336426,494.,42.3551144599915));
#9747=CARTESIAN_POINT('',(-375.254707336426,494.,45.3551144599915));
#9748=CARTESIAN_POINT('Origin',(-386.504707336426,494.,42.3551144599915));
#9749=CARTESIAN_POINT('',(-386.504707336426,494.,48.205114364624));
#9750=CARTESIAN_POINT('',(-386.504707336426,494.,42.3551144599915));
#9751=CARTESIAN_POINT('Origin',(-375.254707336426,494.,45.3551144599915));
#9752=CARTESIAN_POINT('',(-375.243705749512,494.,45.5510523319244));
#9753=CARTESIAN_POINT('',(-386.504707336426,494.,48.205114364624));
#9754=CARTESIAN_POINT('',(-375.254707336426,494.,45.3551144599915));
#9755=CARTESIAN_POINT('Origin',(-375.243705749512,494.,45.5510523319244));
#9756=CARTESIAN_POINT('',(-375.210830688477,494.,45.7445261478424));
#9757=CARTESIAN_POINT('',(-386.504707336426,494.,48.205114364624));
#9758=CARTESIAN_POINT('',(-375.243705749512,494.,45.5510523319244));
#9759=CARTESIAN_POINT('Origin',(-375.210830688477,494.,45.7445261478424));
#9760=CARTESIAN_POINT('',(-375.156505584717,494.,45.9331028461456));
#9761=CARTESIAN_POINT('',(-386.504707336426,494.,48.205114364624));
#9762=CARTESIAN_POINT('',(-375.210830688477,494.,45.7445261478424));
#9763=CARTESIAN_POINT('Origin',(-375.156505584717,494.,45.9331028461456));
#9764=CARTESIAN_POINT('',(-375.081401824951,494.,46.1144111156464));
#9765=CARTESIAN_POINT('',(-386.504707336426,494.,48.205114364624));
#9766=CARTESIAN_POINT('',(-375.156505584717,494.,45.9331028461456));
#9767=CARTESIAN_POINT('Origin',(-375.081401824951,494.,46.1144111156464));
#9768=CARTESIAN_POINT('',(-374.986476898193,494.,46.2861707210541));
#9769=CARTESIAN_POINT('',(-386.504707336426,494.,48.205114364624));
#9770=CARTESIAN_POINT('',(-375.081401824951,494.,46.1144111156464));
#9771=CARTESIAN_POINT('Origin',(-374.986476898193,494.,46.2861707210541));
#9772=CARTESIAN_POINT('',(-374.872913360596,494.,46.4462218284607));
#9773=CARTESIAN_POINT('',(-386.504707336426,494.,48.205114364624));
#9774=CARTESIAN_POINT('',(-374.986476898193,494.,46.2861707210541));
#9775=CARTESIAN_POINT('Origin',(-374.872913360596,494.,46.4462218284607));
#9776=CARTESIAN_POINT('',(-374.74214553833,494.,46.5925512313843));
#9777=CARTESIAN_POINT('',(-386.504707336426,494.,48.205114364624));
#9778=CARTESIAN_POINT('',(-374.872913360596,494.,46.4462218284607));
#9779=CARTESIAN_POINT('Origin',(-374.74214553833,494.,46.5925512313843));
#9780=CARTESIAN_POINT('',(-374.595813751221,494.,46.7233195304871));
#9781=CARTESIAN_POINT('',(-386.504707336426,494.,48.205114364624));
#9782=CARTESIAN_POINT('',(-374.74214553833,494.,46.5925512313843));
#9783=CARTESIAN_POINT('Origin',(-374.595813751221,494.,46.7233195304871));
#9784=CARTESIAN_POINT('',(-374.435764312744,494.,46.8368816375732));
#9785=CARTESIAN_POINT('',(-386.504707336426,494.,48.205114364624));
#9786=CARTESIAN_POINT('',(-374.595813751221,494.,46.7233195304871));
#9787=CARTESIAN_POINT('Origin',(-374.435764312744,494.,46.8368816375732));
#9788=CARTESIAN_POINT('',(-374.264003753662,494.,46.9318099021912));
#9789=CARTESIAN_POINT('',(-386.504707336426,494.,48.205114364624));
#9790=CARTESIAN_POINT('',(-374.435764312744,494.,46.8368816375732));
#9791=CARTESIAN_POINT('Origin',(-374.264003753662,494.,46.9318099021912));
#9792=CARTESIAN_POINT('',(-374.082695007324,494.,47.0069103240967));
#9793=CARTESIAN_POINT('',(-386.504707336426,494.,48.205114364624));
#9794=CARTESIAN_POINT('',(-374.264003753662,494.,46.9318099021912));
#9795=CARTESIAN_POINT('Origin',(-374.082695007324,494.,47.0069103240967));
#9796=CARTESIAN_POINT('',(-373.894119262695,494.,47.0612382888794));
#9797=CARTESIAN_POINT('',(-386.504707336426,494.,48.205114364624));
#9798=CARTESIAN_POINT('',(-374.082695007324,494.,47.0069103240967));
#9799=CARTESIAN_POINT('Origin',(-386.504707336426,494.,48.205114364624));
#9800=CARTESIAN_POINT('',(-373.894119262695,494.,47.0612382888794));
#9801=CARTESIAN_POINT('Origin',(-373.894119262695,494.,47.0612382888794));
#9802=CARTESIAN_POINT('',(-373.700645446777,494.,47.0941109657288));
#9803=CARTESIAN_POINT('',(-373.700645446777,494.,47.0941109657288));
#9804=CARTESIAN_POINT('',(-373.894119262695,494.,47.0612382888794));
#9805=CARTESIAN_POINT('Origin',(-373.700645446777,494.,47.0941109657288));
#9806=CARTESIAN_POINT('',(-373.504707336426,494.,47.1051144599915));
#9807=CARTESIAN_POINT('',(-373.504707336426,494.,47.1051144599915));
#9808=CARTESIAN_POINT('',(-373.700645446777,494.,47.0941109657288));
#9809=CARTESIAN_POINT('Origin',(-373.504707336426,494.,47.1051144599915));
#9810=CARTESIAN_POINT('',(-373.308769226074,494.,47.0941109657288));
#9811=CARTESIAN_POINT('',(-373.308769226074,494.,47.0941109657288));
#9812=CARTESIAN_POINT('',(-373.504707336426,494.,47.1051144599915));
#9813=CARTESIAN_POINT('Origin',(-373.308769226074,494.,47.0941109657288));
#9814=CARTESIAN_POINT('',(-373.115295410156,494.,47.0612382888794));
#9815=CARTESIAN_POINT('',(-373.115295410156,494.,47.0612382888794));
#9816=CARTESIAN_POINT('',(-373.308769226074,494.,47.0941109657288));
#9817=CARTESIAN_POINT('Origin',(-373.115295410156,494.,47.0612382888794));
#9818=CARTESIAN_POINT('',(-372.926719665527,494.,47.0069103240967));
#9819=CARTESIAN_POINT('',(-372.926719665527,494.,47.0069103240967));
#9820=CARTESIAN_POINT('',(-373.115295410156,494.,47.0612382888794));
#9821=CARTESIAN_POINT('Origin',(-372.926719665527,494.,47.0069103240967));
#9822=CARTESIAN_POINT('',(-372.745410919189,494.,46.9318099021912));
#9823=CARTESIAN_POINT('',(-372.745410919189,494.,46.9318099021912));
#9824=CARTESIAN_POINT('',(-372.926719665527,494.,47.0069103240967));
#9825=CARTESIAN_POINT('Origin',(-372.745410919189,494.,46.9318099021912));
#9826=CARTESIAN_POINT('',(-372.573650360107,494.,46.8368816375732));
#9827=CARTESIAN_POINT('',(-372.573650360107,494.,46.8368816375732));
#9828=CARTESIAN_POINT('',(-372.745410919189,494.,46.9318099021912));
#9829=CARTESIAN_POINT('Origin',(-372.573650360107,494.,46.8368816375732));
#9830=CARTESIAN_POINT('',(-372.413600921631,494.,46.7233195304871));
#9831=CARTESIAN_POINT('',(-372.413600921631,494.,46.7233195304871));
#9832=CARTESIAN_POINT('',(-372.573650360107,494.,46.8368816375732));
#9833=CARTESIAN_POINT('Origin',(-372.413600921631,494.,46.7233195304871));
#9834=CARTESIAN_POINT('',(-372.267269134521,494.,46.5925512313843));
#9835=CARTESIAN_POINT('',(-372.267269134521,494.,46.5925512313843));
#9836=CARTESIAN_POINT('',(-372.413600921631,494.,46.7233195304871));
#9837=CARTESIAN_POINT('Origin',(-372.267269134521,494.,46.5925512313843));
#9838=CARTESIAN_POINT('',(-372.136501312256,494.,46.4462218284607));
#9839=CARTESIAN_POINT('',(-372.136501312256,494.,46.4462218284607));
#9840=CARTESIAN_POINT('',(-372.267269134521,494.,46.5925512313843));
#9841=CARTESIAN_POINT('Origin',(-372.136501312256,494.,46.4462218284607));
#9842=CARTESIAN_POINT('',(-372.022941589355,494.,46.2861707210541));
#9843=CARTESIAN_POINT('',(-372.022941589355,494.,46.2861707210541));
#9844=CARTESIAN_POINT('',(-372.136501312256,494.,46.4462218284607));
#9845=CARTESIAN_POINT('Origin',(-372.022941589355,494.,46.2861707210541));
#9846=CARTESIAN_POINT('',(-371.9280128479,494.,46.1144111156464));
#9847=CARTESIAN_POINT('',(-371.9280128479,494.,46.1144111156464));
#9848=CARTESIAN_POINT('',(-372.022941589355,494.,46.2861707210541));
#9849=CARTESIAN_POINT('Origin',(-371.9280128479,494.,46.1144111156464));
#9850=CARTESIAN_POINT('',(-371.852912902832,494.,45.9331028461456));
#9851=CARTESIAN_POINT('',(-371.852912902832,494.,45.9331028461456));
#9852=CARTESIAN_POINT('',(-371.9280128479,494.,46.1144111156464));
#9853=CARTESIAN_POINT('Origin',(-371.852912902832,494.,45.9331028461456));
#9854=CARTESIAN_POINT('',(-371.798583984375,494.,45.7445261478424));
#9855=CARTESIAN_POINT('',(-371.798583984375,494.,45.7445261478424));
#9856=CARTESIAN_POINT('',(-371.852912902832,494.,45.9331028461456));
#9857=CARTESIAN_POINT('Origin',(-371.798583984375,494.,45.7445261478424));
#9858=CARTESIAN_POINT('',(-371.765712738037,494.,45.5510523319244));
#9859=CARTESIAN_POINT('',(-371.765712738037,494.,45.5510523319244));
#9860=CARTESIAN_POINT('',(-371.798583984375,494.,45.7445261478424));
#9861=CARTESIAN_POINT('Origin',(-371.765712738037,494.,45.5510523319244));
#9862=CARTESIAN_POINT('',(-371.754707336426,494.,45.3551144599915));
#9863=CARTESIAN_POINT('',(-371.754707336426,494.,45.3551144599915));
#9864=CARTESIAN_POINT('',(-371.765712738037,494.,45.5510523319244));
#9865=CARTESIAN_POINT('Origin',(-370.804706573486,494.,48.205114364624));
#9866=CARTESIAN_POINT('',(-371.754707336426,494.,45.3551144599915));
#9867=CARTESIAN_POINT('',(-370.804706573486,494.,42.3551144599915));
#9868=CARTESIAN_POINT('Origin',(-371.754707336426,494.,45.3551144599915));
#9869=CARTESIAN_POINT('',(-371.765712738037,494.,45.1591765880585));
#9870=CARTESIAN_POINT('Origin',(-370.804706573486,500.,48.205114364624));
#9871=CARTESIAN_POINT('',(-370.804706573486,500.,42.3551144599915));
#9872=CARTESIAN_POINT('',(-370.804706573486,494.,48.205114364624));
#9873=CARTESIAN_POINT('',(-370.804706573486,500.,42.3551144599915));
#9874=CARTESIAN_POINT('Origin',(-370.804706573486,494.,48.205114364624));
#9875=CARTESIAN_POINT('',(-370.804706573486,494.,42.3551144599915));
#9876=CARTESIAN_POINT('Origin',(-386.504707336426,500.,48.205114364624));
#9877=CARTESIAN_POINT('',(-386.504707336426,500.,42.3551144599915));
#9878=CARTESIAN_POINT('',(-386.504707336426,500.,42.3551144599915));
#9879=CARTESIAN_POINT('',(-386.504707336426,500.,42.3551144599915));
#9880=CARTESIAN_POINT('Origin',(-384.847846984863,500.,48.205114364624));
#9881=CARTESIAN_POINT('',(-384.847846984863,500.,42.3551144599915));
#9882=CARTESIAN_POINT('',(-386.504707336426,500.,42.3551144599915));
#9883=CARTESIAN_POINT('',(-384.847846984863,500.,42.3551144599915));
#9884=CARTESIAN_POINT('Origin',(-386.504707336426,494.,48.205114364624));
#9885=CARTESIAN_POINT('',(-386.504707336426,494.,42.3551144599915));
#9886=CARTESIAN_POINT('Origin',(-386.504707336426,500.,48.205114364624));
#9887=CARTESIAN_POINT('',(-386.504707336426,494.,42.3551144599915));
#9888=CARTESIAN_POINT('Origin',(-371.765712738037,500.,45.5510523319244));
#9889=CARTESIAN_POINT('',(-371.798583984375,500.,45.7445261478424));
#9890=CARTESIAN_POINT('',(-371.798583984375,500.,45.7445261478424));
#9891=CARTESIAN_POINT('',(-371.765712738037,500.,45.5510523319244));
#9892=CARTESIAN_POINT('',(-371.765712738037,500.,45.5510523319244));
#9893=CARTESIAN_POINT('',(-371.798583984375,500.,45.7445261478424));
#9894=CARTESIAN_POINT('Origin',(-371.798583984375,500.,45.7445261478424));
#9895=CARTESIAN_POINT('',(-371.852912902832,500.,45.9331028461456));
#9896=CARTESIAN_POINT('',(-371.852912902832,500.,45.9331028461456));
#9897=CARTESIAN_POINT('',(-371.852912902832,500.,45.9331028461456));
#9898=CARTESIAN_POINT('Origin',(-371.852912902832,500.,45.9331028461456));
#9899=CARTESIAN_POINT('',(-371.9280128479,500.,46.1144111156464));
#9900=CARTESIAN_POINT('',(-371.9280128479,500.,46.1144111156464));
#9901=CARTESIAN_POINT('',(-371.9280128479,500.,46.1144111156464));
#9902=CARTESIAN_POINT('Origin',(-371.9280128479,500.,46.1144111156464));
#9903=CARTESIAN_POINT('',(-372.022941589355,500.,46.2861707210541));
#9904=CARTESIAN_POINT('',(-372.022941589355,500.,46.2861707210541));
#9905=CARTESIAN_POINT('',(-372.022941589355,500.,46.2861707210541));
#9906=CARTESIAN_POINT('Origin',(-372.022941589355,500.,46.2861707210541));
#9907=CARTESIAN_POINT('',(-372.136501312256,500.,46.4462218284607));
#9908=CARTESIAN_POINT('',(-372.136501312256,500.,46.4462218284607));
#9909=CARTESIAN_POINT('',(-372.136501312256,500.,46.4462218284607));
#9910=CARTESIAN_POINT('Origin',(-372.136501312256,500.,46.4462218284607));
#9911=CARTESIAN_POINT('',(-372.267269134521,500.,46.5925512313843));
#9912=CARTESIAN_POINT('',(-372.267269134521,500.,46.5925512313843));
#9913=CARTESIAN_POINT('',(-372.267269134521,500.,46.5925512313843));
#9914=CARTESIAN_POINT('Origin',(-372.267269134521,500.,46.5925512313843));
#9915=CARTESIAN_POINT('',(-372.413600921631,500.,46.7233195304871));
#9916=CARTESIAN_POINT('',(-372.413600921631,500.,46.7233195304871));
#9917=CARTESIAN_POINT('',(-372.413600921631,500.,46.7233195304871));
#9918=CARTESIAN_POINT('Origin',(-372.413600921631,500.,46.7233195304871));
#9919=CARTESIAN_POINT('',(-372.573650360107,500.,46.8368816375732));
#9920=CARTESIAN_POINT('',(-372.573650360107,500.,46.8368816375732));
#9921=CARTESIAN_POINT('',(-372.573650360107,500.,46.8368816375732));
#9922=CARTESIAN_POINT('Origin',(-372.573650360107,500.,46.8368816375732));
#9923=CARTESIAN_POINT('',(-372.745410919189,500.,46.9318099021912));
#9924=CARTESIAN_POINT('',(-372.745410919189,500.,46.9318099021912));
#9925=CARTESIAN_POINT('',(-372.745410919189,500.,46.9318099021912));
#9926=CARTESIAN_POINT('Origin',(-372.745410919189,500.,46.9318099021912));
#9927=CARTESIAN_POINT('',(-372.926719665527,500.,47.0069103240967));
#9928=CARTESIAN_POINT('',(-372.926719665527,500.,47.0069103240967));
#9929=CARTESIAN_POINT('',(-372.926719665527,500.,47.0069103240967));
#9930=CARTESIAN_POINT('Origin',(-372.926719665527,500.,47.0069103240967));
#9931=CARTESIAN_POINT('',(-373.115295410156,500.,47.0612382888794));
#9932=CARTESIAN_POINT('',(-373.115295410156,500.,47.0612382888794));
#9933=CARTESIAN_POINT('',(-373.115295410156,500.,47.0612382888794));
#9934=CARTESIAN_POINT('Origin',(-373.115295410156,500.,47.0612382888794));
#9935=CARTESIAN_POINT('',(-373.308769226074,500.,47.0941109657288));
#9936=CARTESIAN_POINT('',(-373.308769226074,500.,47.0941109657288));
#9937=CARTESIAN_POINT('',(-373.308769226074,500.,47.0941109657288));
#9938=CARTESIAN_POINT('Origin',(-373.308769226074,500.,47.0941109657288));
#9939=CARTESIAN_POINT('',(-373.504707336426,500.,47.1051144599915));
#9940=CARTESIAN_POINT('',(-373.504707336426,500.,47.1051144599915));
#9941=CARTESIAN_POINT('',(-373.504707336426,500.,47.1051144599915));
#9942=CARTESIAN_POINT('Origin',(-373.504707336426,500.,47.1051144599915));
#9943=CARTESIAN_POINT('',(-373.700645446777,500.,47.0941109657288));
#9944=CARTESIAN_POINT('',(-373.700645446777,500.,47.0941109657288));
#9945=CARTESIAN_POINT('',(-373.700645446777,500.,47.0941109657288));
#9946=CARTESIAN_POINT('Origin',(-373.700645446777,500.,47.0941109657288));
#9947=CARTESIAN_POINT('',(-373.894119262695,500.,47.0612382888794));
#9948=CARTESIAN_POINT('',(-373.894119262695,500.,47.0612382888794));
#9949=CARTESIAN_POINT('',(-373.894119262695,500.,47.0612382888794));
#9950=CARTESIAN_POINT('Origin',(-370.804706573486,500.,48.205114364624));
#9951=CARTESIAN_POINT('',(-383.847846984863,500.,48.205114364624));
#9952=CARTESIAN_POINT('Origin',(-373.894119262695,500.,47.0612382888794));
#9953=CARTESIAN_POINT('',(-374.082695007324,500.,47.0069103240967));
#9954=CARTESIAN_POINT('',(-383.847846984863,500.,48.205114364624));
#9955=CARTESIAN_POINT('',(-374.082695007324,500.,47.0069103240967));
#9956=CARTESIAN_POINT('Origin',(-374.082695007324,500.,47.0069103240967));
#9957=CARTESIAN_POINT('',(-374.264003753662,500.,46.9318099021912));
#9958=CARTESIAN_POINT('',(-383.847846984863,500.,48.205114364624));
#9959=CARTESIAN_POINT('',(-374.264003753662,500.,46.9318099021912));
#9960=CARTESIAN_POINT('Origin',(-374.264003753662,500.,46.9318099021912));
#9961=CARTESIAN_POINT('',(-374.435764312744,500.,46.8368816375732));
#9962=CARTESIAN_POINT('',(-383.847846984863,500.,48.205114364624));
#9963=CARTESIAN_POINT('',(-374.435764312744,500.,46.8368816375732));
#9964=CARTESIAN_POINT('Origin',(-374.435764312744,500.,46.8368816375732));
#9965=CARTESIAN_POINT('',(-374.595813751221,500.,46.7233195304871));
#9966=CARTESIAN_POINT('',(-383.847846984863,500.,48.205114364624));
#9967=CARTESIAN_POINT('',(-374.595813751221,500.,46.7233195304871));
#9968=CARTESIAN_POINT('Origin',(-374.595813751221,500.,46.7233195304871));
#9969=CARTESIAN_POINT('',(-374.74214553833,500.,46.5925512313843));
#9970=CARTESIAN_POINT('',(-383.847846984863,500.,48.205114364624));
#9971=CARTESIAN_POINT('',(-374.74214553833,500.,46.5925512313843));
#9972=CARTESIAN_POINT('Origin',(-374.74214553833,500.,46.5925512313843));
#9973=CARTESIAN_POINT('',(-374.872913360596,500.,46.4462218284607));
#9974=CARTESIAN_POINT('',(-383.847846984863,500.,48.205114364624));
#9975=CARTESIAN_POINT('',(-374.872913360596,500.,46.4462218284607));
#9976=CARTESIAN_POINT('Origin',(-374.872913360596,500.,46.4462218284607));
#9977=CARTESIAN_POINT('',(-374.986476898193,500.,46.2861707210541));
#9978=CARTESIAN_POINT('',(-383.847846984863,500.,48.205114364624));
#9979=CARTESIAN_POINT('',(-374.986476898193,500.,46.2861707210541));
#9980=CARTESIAN_POINT('Origin',(-374.986476898193,500.,46.2861707210541));
#9981=CARTESIAN_POINT('',(-375.081401824951,500.,46.1144111156464));
#9982=CARTESIAN_POINT('',(-383.847846984863,500.,48.205114364624));
#9983=CARTESIAN_POINT('',(-375.081401824951,500.,46.1144111156464));
#9984=CARTESIAN_POINT('Origin',(-375.081401824951,500.,46.1144111156464));
#9985=CARTESIAN_POINT('',(-375.156505584717,500.,45.9331028461456));
#9986=CARTESIAN_POINT('',(-383.847846984863,500.,48.205114364624));
#9987=CARTESIAN_POINT('',(-375.156505584717,500.,45.9331028461456));
#9988=CARTESIAN_POINT('Origin',(-375.156505584717,500.,45.9331028461456));
#9989=CARTESIAN_POINT('',(-375.210830688477,500.,45.7445261478424));
#9990=CARTESIAN_POINT('',(-383.847846984863,500.,48.205114364624));
#9991=CARTESIAN_POINT('',(-375.210830688477,500.,45.7445261478424));
#9992=CARTESIAN_POINT('Origin',(-375.210830688477,500.,45.7445261478424));
#9993=CARTESIAN_POINT('',(-375.243705749512,500.,45.5510523319244));
#9994=CARTESIAN_POINT('',(-383.847846984863,500.,48.205114364624));
#9995=CARTESIAN_POINT('',(-375.243705749512,500.,45.5510523319244));
#9996=CARTESIAN_POINT('Origin',(-375.243705749512,500.,45.5510523319244));
#9997=CARTESIAN_POINT('',(-375.254707336426,500.,45.3551144599915));
#9998=CARTESIAN_POINT('',(-383.847846984863,500.,48.205114364624));
#9999=CARTESIAN_POINT('',(-375.254707336426,500.,45.3551144599915));
#10000=CARTESIAN_POINT('Origin',(-383.847846984863,500.,48.205114364624));
#10001=CARTESIAN_POINT('',(-383.847846984863,500.,42.3551144599915));
#10002=CARTESIAN_POINT('',(-383.847846984863,500.,42.3551144599915));
#10003=CARTESIAN_POINT('',(-383.847846984863,500.,42.3551144599915));
#10004=CARTESIAN_POINT('Origin',(-375.254707336426,500.,45.3551144599915));
#10005=CARTESIAN_POINT('',(-375.243705749512,500.,45.1591765880585));
#10006=CARTESIAN_POINT('',(-383.847846984863,500.,42.3551144599915));
#10007=CARTESIAN_POINT('',(-375.254707336426,500.,45.3551144599915));
#10008=CARTESIAN_POINT('Origin',(-375.243705749512,500.,45.1591765880585));
#10009=CARTESIAN_POINT('',(-375.210830688477,500.,44.9657027721405));
#10010=CARTESIAN_POINT('',(-383.847846984863,500.,42.3551144599915));
#10011=CARTESIAN_POINT('',(-375.243705749512,500.,45.1591765880585));
#10012=CARTESIAN_POINT('Origin',(-375.210830688477,500.,44.9657027721405));
#10013=CARTESIAN_POINT('',(-375.156505584717,500.,44.7771260738373));
#10014=CARTESIAN_POINT('',(-383.847846984863,500.,42.3551144599915));
#10015=CARTESIAN_POINT('',(-375.210830688477,500.,44.9657027721405));
#10016=CARTESIAN_POINT('Origin',(-375.156505584717,500.,44.7771260738373));
#10017=CARTESIAN_POINT('',(-375.081401824951,500.,44.5958180427551));
#10018=CARTESIAN_POINT('',(-383.847846984863,500.,42.3551144599915));
#10019=CARTESIAN_POINT('',(-375.156505584717,500.,44.7771260738373));
#10020=CARTESIAN_POINT('Origin',(-375.081401824951,500.,44.5958180427551));
#10021=CARTESIAN_POINT('',(-374.986476898193,500.,44.4240584373474));
#10022=CARTESIAN_POINT('',(-383.847846984863,500.,42.3551144599915));
#10023=CARTESIAN_POINT('',(-375.081401824951,500.,44.5958180427551));
#10024=CARTESIAN_POINT('Origin',(-374.986476898193,500.,44.4240584373474));
#10025=CARTESIAN_POINT('',(-374.872913360596,500.,44.2640073299408));
#10026=CARTESIAN_POINT('',(-383.847846984863,500.,42.3551144599915));
#10027=CARTESIAN_POINT('',(-374.986476898193,500.,44.4240584373474));
#10028=CARTESIAN_POINT('Origin',(-374.872913360596,500.,44.2640073299408));
#10029=CARTESIAN_POINT('',(-374.74214553833,500.,44.1176776885986));
#10030=CARTESIAN_POINT('',(-383.847846984863,500.,42.3551144599915));
#10031=CARTESIAN_POINT('',(-374.872913360596,500.,44.2640073299408));
#10032=CARTESIAN_POINT('Origin',(-374.74214553833,500.,44.1176776885986));
#10033=CARTESIAN_POINT('',(-374.595813751221,500.,43.9869093894958));
#10034=CARTESIAN_POINT('',(-383.847846984863,500.,42.3551144599915));
#10035=CARTESIAN_POINT('',(-374.74214553833,500.,44.1176776885986));
#10036=CARTESIAN_POINT('Origin',(-374.595813751221,500.,43.9869093894958));
#10037=CARTESIAN_POINT('',(-374.435764312744,500.,43.8733471632004));
#10038=CARTESIAN_POINT('',(-383.847846984863,500.,42.3551144599915));
#10039=CARTESIAN_POINT('',(-374.595813751221,500.,43.9869093894958));
#10040=CARTESIAN_POINT('Origin',(-374.435764312744,500.,43.8733471632004));
#10041=CARTESIAN_POINT('',(-374.264003753662,500.,43.7784190177917));
#10042=CARTESIAN_POINT('',(-383.847846984863,500.,42.3551144599915));
#10043=CARTESIAN_POINT('',(-374.435764312744,500.,43.8733471632004));
#10044=CARTESIAN_POINT('Origin',(-374.264003753662,500.,43.7784190177917));
#10045=CARTESIAN_POINT('',(-374.082695007324,500.,43.7033187150955));
#10046=CARTESIAN_POINT('',(-383.847846984863,500.,42.3551144599915));
#10047=CARTESIAN_POINT('',(-374.264003753662,500.,43.7784190177917));
#10048=CARTESIAN_POINT('Origin',(-374.082695007324,500.,43.7033187150955));
#10049=CARTESIAN_POINT('',(-373.894119262695,500.,43.6489906311035));
#10050=CARTESIAN_POINT('',(-383.847846984863,500.,42.3551144599915));
#10051=CARTESIAN_POINT('',(-374.082695007324,500.,43.7033187150955));
#10052=CARTESIAN_POINT('Origin',(-383.847846984863,500.,42.3551144599915));
#10053=CARTESIAN_POINT('',(-373.894119262695,500.,43.6489906311035));
#10054=CARTESIAN_POINT('',(-383.847846984863,500.,42.3551144599915));
#10055=CARTESIAN_POINT('Origin',(-373.894119262695,500.,43.6489906311035));
#10056=CARTESIAN_POINT('',(-373.700645446777,500.,43.6161181926727));
#10057=CARTESIAN_POINT('',(-373.700645446777,500.,43.6161181926727));
#10058=CARTESIAN_POINT('',(-373.894119262695,500.,43.6489906311035));
#10059=CARTESIAN_POINT('Origin',(-373.700645446777,500.,43.6161181926727));
#10060=CARTESIAN_POINT('',(-373.504707336426,500.,43.6051144599915));
#10061=CARTESIAN_POINT('',(-373.504707336426,500.,43.6051144599915));
#10062=CARTESIAN_POINT('',(-373.700645446777,500.,43.6161181926727));
#10063=CARTESIAN_POINT('Origin',(-373.504707336426,500.,43.6051144599915));
#10064=CARTESIAN_POINT('',(-373.308769226074,500.,43.6161181926727));
#10065=CARTESIAN_POINT('',(-373.308769226074,500.,43.6161181926727));
#10066=CARTESIAN_POINT('',(-373.504707336426,500.,43.6051144599915));
#10067=CARTESIAN_POINT('Origin',(-373.308769226074,500.,43.6161181926727));
#10068=CARTESIAN_POINT('',(-373.115295410156,500.,43.6489906311035));
#10069=CARTESIAN_POINT('',(-373.115295410156,500.,43.6489906311035));
#10070=CARTESIAN_POINT('',(-373.308769226074,500.,43.6161181926727));
#10071=CARTESIAN_POINT('Origin',(-373.115295410156,500.,43.6489906311035));
#10072=CARTESIAN_POINT('',(-372.926719665527,500.,43.7033187150955));
#10073=CARTESIAN_POINT('',(-372.926719665527,500.,43.7033187150955));
#10074=CARTESIAN_POINT('',(-373.115295410156,500.,43.6489906311035));
#10075=CARTESIAN_POINT('Origin',(-372.926719665527,500.,43.7033187150955));
#10076=CARTESIAN_POINT('',(-372.745410919189,500.,43.7784190177917));
#10077=CARTESIAN_POINT('',(-372.745410919189,500.,43.7784190177917));
#10078=CARTESIAN_POINT('',(-372.926719665527,500.,43.7033187150955));
#10079=CARTESIAN_POINT('Origin',(-372.745410919189,500.,43.7784190177917));
#10080=CARTESIAN_POINT('',(-372.573650360107,500.,43.8733471632004));
#10081=CARTESIAN_POINT('',(-372.573650360107,500.,43.8733471632004));
#10082=CARTESIAN_POINT('',(-372.745410919189,500.,43.7784190177917));
#10083=CARTESIAN_POINT('Origin',(-372.573650360107,500.,43.8733471632004));
#10084=CARTESIAN_POINT('',(-372.413600921631,500.,43.9869093894958));
#10085=CARTESIAN_POINT('',(-372.413600921631,500.,43.9869093894958));
#10086=CARTESIAN_POINT('',(-372.573650360107,500.,43.8733471632004));
#10087=CARTESIAN_POINT('Origin',(-372.413600921631,500.,43.9869093894958));
#10088=CARTESIAN_POINT('',(-372.267269134521,500.,44.1176776885986));
#10089=CARTESIAN_POINT('',(-372.267269134521,500.,44.1176776885986));
#10090=CARTESIAN_POINT('',(-372.413600921631,500.,43.9869093894958));
#10091=CARTESIAN_POINT('Origin',(-372.267269134521,500.,44.1176776885986));
#10092=CARTESIAN_POINT('',(-372.136501312256,500.,44.2640073299408));
#10093=CARTESIAN_POINT('',(-372.136501312256,500.,44.2640073299408));
#10094=CARTESIAN_POINT('',(-372.267269134521,500.,44.1176776885986));
#10095=CARTESIAN_POINT('Origin',(-372.136501312256,500.,44.2640073299408));
#10096=CARTESIAN_POINT('',(-372.022941589355,500.,44.4240584373474));
#10097=CARTESIAN_POINT('',(-372.022941589355,500.,44.4240584373474));
#10098=CARTESIAN_POINT('',(-372.136501312256,500.,44.2640073299408));
#10099=CARTESIAN_POINT('Origin',(-372.022941589355,500.,44.4240584373474));
#10100=CARTESIAN_POINT('',(-371.9280128479,500.,44.5958180427551));
#10101=CARTESIAN_POINT('',(-371.9280128479,500.,44.5958180427551));
#10102=CARTESIAN_POINT('',(-372.022941589355,500.,44.4240584373474));
#10103=CARTESIAN_POINT('Origin',(-371.9280128479,500.,44.5958180427551));
#10104=CARTESIAN_POINT('',(-371.852912902832,500.,44.7771260738373));
#10105=CARTESIAN_POINT('',(-371.852912902832,500.,44.7771260738373));
#10106=CARTESIAN_POINT('',(-371.9280128479,500.,44.5958180427551));
#10107=CARTESIAN_POINT('Origin',(-371.852912902832,500.,44.7771260738373));
#10108=CARTESIAN_POINT('',(-371.798583984375,500.,44.9657027721405));
#10109=CARTESIAN_POINT('',(-371.798583984375,500.,44.9657027721405));
#10110=CARTESIAN_POINT('',(-371.852912902832,500.,44.7771260738373));
#10111=CARTESIAN_POINT('Origin',(-371.798583984375,500.,44.9657027721405));
#10112=CARTESIAN_POINT('',(-371.765712738037,500.,45.1591765880585));
#10113=CARTESIAN_POINT('',(-371.765712738037,500.,45.1591765880585));
#10114=CARTESIAN_POINT('',(-371.798583984375,500.,44.9657027721405));
#10115=CARTESIAN_POINT('Origin',(-371.765712738037,500.,45.1591765880585));
#10116=CARTESIAN_POINT('',(-371.754707336426,500.,45.3551144599915));
#10117=CARTESIAN_POINT('',(-371.754707336426,500.,45.3551144599915));
#10118=CARTESIAN_POINT('',(-371.765712738037,500.,45.1591765880585));
#10119=CARTESIAN_POINT('Origin',(-370.804706573486,500.,42.3551144599915));
#10120=CARTESIAN_POINT('',(-371.754707336426,500.,45.3551144599915));
#10121=CARTESIAN_POINT('Origin',(-371.754707336426,500.,45.3551144599915));
#10122=CARTESIAN_POINT('',(-371.765712738037,500.,45.5510523319244));
#10123=CARTESIAN_POINT('Origin',(-383.847846984863,500.,42.3551144599915));
#10124=CARTESIAN_POINT('',(-383.847846984863,498.,42.3551144599915));
#10125=CARTESIAN_POINT('',(-383.847846984863,498.,42.3551144599915));
#10126=CARTESIAN_POINT('',(-383.847846984863,498.,42.3551144599915));
#10127=CARTESIAN_POINT('Origin',(-370.804706573486,500.,42.3551144599915));
#10128=CARTESIAN_POINT('',(-383.750957489014,497.88752746582,42.3551144599915));
#10129=CARTESIAN_POINT('',(-383.847846984863,498.,42.3551144599915));
#10130=CARTESIAN_POINT('',(-383.750957489014,497.88752746582,42.3551144599915));
#10131=CARTESIAN_POINT('Origin',(-383.750957489014,497.88752746582,42.3551144599915));
#10132=CARTESIAN_POINT('',(-383.671787261963,497.761951446533,42.3551144599915));
#10133=CARTESIAN_POINT('',(-383.671787261963,497.761951446533,42.3551144599915));
#10134=CARTESIAN_POINT('',(-383.750957489014,497.88752746582,42.3551144599915));
#10135=CARTESIAN_POINT('Origin',(-383.671787261963,497.761951446533,42.3551144599915));
#10136=CARTESIAN_POINT('',(-383.612075805664,497.626037597656,42.3551144599915));
#10137=CARTESIAN_POINT('',(-383.612075805664,497.626037597656,42.3551144599915));
#10138=CARTESIAN_POINT('',(-383.671787261963,497.761951446533,42.3551144599915));
#10139=CARTESIAN_POINT('Origin',(-370.804706573486,500.,42.3551144599915));
#10140=CARTESIAN_POINT('',(-383.573146820068,497.48278427124,42.3551144599915));
#10141=CARTESIAN_POINT('',(-383.612075805664,497.626037597656,42.3551144599915));
#10142=CARTESIAN_POINT('',(-383.573146820068,497.48278427124,42.3551144599915));
#10143=CARTESIAN_POINT('Origin',(-383.573146820068,497.48278427124,42.3551144599915));
#10144=CARTESIAN_POINT('',(-383.555854797363,497.335346221924,42.3551144599915));
#10145=CARTESIAN_POINT('',(-383.555854797363,497.335346221924,42.3551144599915));
#10146=CARTESIAN_POINT('',(-383.573146820068,497.48278427124,42.3551144599915));
#10147=CARTESIAN_POINT('Origin',(-383.555854797363,497.335346221924,42.3551144599915));
#10148=CARTESIAN_POINT('',(-383.560577392578,497.18696975708,42.3551144599915));
#10149=CARTESIAN_POINT('',(-383.560577392578,497.18696975708,42.3551144599915));
#10150=CARTESIAN_POINT('',(-383.560577392578,497.18696975708,42.3551144599915));
#10151=CARTESIAN_POINT('Origin',(-370.804706573486,500.,42.3551144599915));
#10152=CARTESIAN_POINT('',(-383.560577392578,497.18696975708,42.3551144599915));
#10153=CARTESIAN_POINT('Origin',(-383.560577392578,497.18696975708,42.3551144599915));
#10154=CARTESIAN_POINT('',(-383.587215423584,497.040927886963,42.3551144599915));
#10155=CARTESIAN_POINT('',(-383.587215423584,497.040927886963,42.3551144599915));
#10156=CARTESIAN_POINT('',(-383.587215423584,497.040927886963,42.3551144599915));
#10157=CARTESIAN_POINT('Origin',(-370.804706573486,494.,42.3551144599915));
#10158=CARTESIAN_POINT('',(-383.635181427002,496.900440216064,42.3551144599915));
#10159=CARTESIAN_POINT('',(-383.635181427002,496.900440216064,42.3551144599915));
#10160=CARTESIAN_POINT('',(-383.635181427002,496.900440216064,42.3551144599915));
#10161=CARTESIAN_POINT('Origin',(-383.635181427002,496.900440216064,42.3551144599915));
#10162=CARTESIAN_POINT('',(-383.703414916992,496.768600463867,42.3551144599915));
#10163=CARTESIAN_POINT('',(-383.703414916992,496.768600463867,42.3551144599915));
#10164=CARTESIAN_POINT('',(-383.703414916992,496.768600463867,42.3551144599915));
#10165=CARTESIAN_POINT('Origin',(-383.703414916992,496.768600463867,42.3551144599915));
#10166=CARTESIAN_POINT('',(-383.790412902832,496.648315429688,42.3551144599915));
#10167=CARTESIAN_POINT('',(-383.790412902832,496.648315429688,42.3551144599915));
#10168=CARTESIAN_POINT('',(-383.790412902832,496.648315429688,42.3551144599915));
#10169=CARTESIAN_POINT('Origin',(-370.804706573486,494.,42.3551144599915));
#10170=CARTESIAN_POINT('',(-383.894260406494,496.542236328125,42.3551144599915));
#10171=CARTESIAN_POINT('',(-383.894260406494,496.542236328125,42.3551144599915));
#10172=CARTESIAN_POINT('',(-383.894260406494,496.542236328125,42.3551144599915));
#10173=CARTESIAN_POINT('Origin',(-383.894260406494,496.542236328125,42.3551144599915));
#10174=CARTESIAN_POINT('',(-384.012668609619,496.452697753906,42.3551144599915));
#10175=CARTESIAN_POINT('',(-384.012668609619,496.452697753906,42.3551144599915));
#10176=CARTESIAN_POINT('',(-384.012668609619,496.452697753906,42.3551144599915));
#10177=CARTESIAN_POINT('Origin',(-384.012668609619,496.452697753906,42.3551144599915));
#10178=CARTESIAN_POINT('',(-384.14302444458,496.381675720215,42.3551144599915));
#10179=CARTESIAN_POINT('',(-384.14302444458,496.381675720215,42.3551144599915));
#10180=CARTESIAN_POINT('',(-384.14302444458,496.381675720215,42.3551144599915));
#10181=CARTESIAN_POINT('Origin',(-370.804706573486,494.,42.3551144599915));
#10182=CARTESIAN_POINT('',(-386.504707336426,494.,42.3551144599915));
#10183=CARTESIAN_POINT('Origin',(-384.14302444458,496.381675720215,42.3551144599915));
#10184=CARTESIAN_POINT('',(-384.28246307373,496.33073425293,42.3551144599915));
#10185=CARTESIAN_POINT('',(-386.504707336426,494.,42.3551144599915));
#10186=CARTESIAN_POINT('',(-384.28246307373,496.33073425293,42.3551144599915));
#10187=CARTESIAN_POINT('Origin',(-386.504707336426,494.,42.3551144599915));
#10188=CARTESIAN_POINT('',(-384.42790222168,496.300994873047,42.3551144599915));
#10189=CARTESIAN_POINT('',(-384.42790222168,496.300994873047,42.3551144599915));
#10190=CARTESIAN_POINT('',(-386.504707336426,494.,42.3551144599915));
#10191=CARTESIAN_POINT('Origin',(-384.42790222168,496.300994873047,42.3551144599915));
#10192=CARTESIAN_POINT('',(-384.576145172119,496.293117523193,42.3551144599915));
#10193=CARTESIAN_POINT('',(-386.504707336426,494.,42.3551144599915));
#10194=CARTESIAN_POINT('',(-384.576145172119,496.293117523193,42.3551144599915));
#10195=CARTESIAN_POINT('Origin',(-384.576145172119,496.293117523193,42.3551144599915));
#10196=CARTESIAN_POINT('',(-384.723918914795,496.307270050049,42.3551144599915));
#10197=CARTESIAN_POINT('',(-386.504707336426,494.,42.3551144599915));
#10198=CARTESIAN_POINT('',(-384.723918914795,496.307270050049,42.3551144599915));
#10199=CARTESIAN_POINT('Origin',(-386.504707336426,494.,42.3551144599915));
#10200=CARTESIAN_POINT('',(-384.867969512939,496.343143463135,42.3551144599915));
#10201=CARTESIAN_POINT('',(-384.867969512939,496.343143463135,42.3551144599915));
#10202=CARTESIAN_POINT('',(-386.504707336426,494.,42.3551144599915));
#10203=CARTESIAN_POINT('Origin',(-384.867969512939,496.343143463135,42.3551144599915));
#10204=CARTESIAN_POINT('',(-385.00511932373,496.399948120117,42.3551144599915));
#10205=CARTESIAN_POINT('',(-386.504707336426,494.,42.3551144599915));
#10206=CARTESIAN_POINT('',(-385.00511932373,496.399948120117,42.3551144599915));
#10207=CARTESIAN_POINT('Origin',(-385.00511932373,496.399948120117,42.3551144599915));
#10208=CARTESIAN_POINT('',(-385.132350921631,496.476432800293,42.3551144599915));
#10209=CARTESIAN_POINT('',(-386.504707336426,494.,42.3551144599915));
#10210=CARTESIAN_POINT('',(-385.132350921631,496.476432800293,42.3551144599915));
#10211=CARTESIAN_POINT('Origin',(-386.504707336426,494.,42.3551144599915));
#10212=CARTESIAN_POINT('',(-385.24686050415,496.570907592773,42.3551144599915));
#10213=CARTESIAN_POINT('',(-385.24686050415,496.570907592773,42.3551144599915));
#10214=CARTESIAN_POINT('',(-386.504707336426,494.,42.3551144599915));
#10215=CARTESIAN_POINT('Origin',(-385.24686050415,496.570907592773,42.3551144599915));
#10216=CARTESIAN_POINT('',(-385.346118927002,496.681289672852,42.3551144599915));
#10217=CARTESIAN_POINT('',(-386.504707336426,494.,42.3551144599915));
#10218=CARTESIAN_POINT('',(-385.346118927002,496.681289672852,42.3551144599915));
#10219=CARTESIAN_POINT('Origin',(-385.346118927002,496.681289672852,42.3551144599915));
#10220=CARTESIAN_POINT('',(-385.42794418335,496.805156707764,42.3551144599915));
#10221=CARTESIAN_POINT('',(-386.504707336426,494.,42.3551144599915));
#10222=CARTESIAN_POINT('',(-385.42794418335,496.805156707764,42.3551144599915));
#10223=CARTESIAN_POINT('Origin',(-386.504707336426,494.,42.3551144599915));
#10224=CARTESIAN_POINT('',(-385.490528106689,496.939765930176,42.3551144599915));
#10225=CARTESIAN_POINT('',(-385.490528106689,496.939765930176,42.3551144599915));
#10226=CARTESIAN_POINT('',(-386.504707336426,494.,42.3551144599915));
#10227=CARTESIAN_POINT('Origin',(-385.490528106689,496.939765930176,42.3551144599915));
#10228=CARTESIAN_POINT('',(-385.532497406006,497.082160949707,42.3551144599915));
#10229=CARTESIAN_POINT('',(-386.504707336426,494.,42.3551144599915));
#10230=CARTESIAN_POINT('',(-385.532497406006,497.082160949707,42.3551144599915));
#10231=CARTESIAN_POINT('Origin',(-385.532497406006,497.082160949707,42.3551144599915));
#10232=CARTESIAN_POINT('',(-385.552921295166,497.229198455811,42.3551144599915));
#10233=CARTESIAN_POINT('',(-386.504707336426,494.,42.3551144599915));
#10234=CARTESIAN_POINT('',(-385.552921295166,497.229198455811,42.3551144599915));
#10235=CARTESIAN_POINT('Origin',(-386.504707336426,494.,42.3551144599915));
#10236=CARTESIAN_POINT('',(-386.504707336426,500.,42.3551144599915));
#10237=CARTESIAN_POINT('Origin',(-386.504707336426,500.,42.3551144599915));
#10238=CARTESIAN_POINT('',(-385.55135345459,497.377639770508,42.3551144599915));
#10239=CARTESIAN_POINT('',(-385.552921295166,497.229198455811,42.3551144599915));
#10240=CARTESIAN_POINT('',(-386.504707336426,500.,42.3551144599915));
#10241=CARTESIAN_POINT('Origin',(-385.55135345459,497.377639770508,42.3551144599915));
#10242=CARTESIAN_POINT('',(-385.527828216553,497.524215698242,42.3551144599915));
#10243=CARTESIAN_POINT('',(-386.504707336426,500.,42.3551144599915));
#10244=CARTESIAN_POINT('',(-385.55135345459,497.377639770508,42.3551144599915));
#10245=CARTESIAN_POINT('Origin',(-385.527828216553,497.524215698242,42.3551144599915));
#10246=CARTESIAN_POINT('',(-385.482864379883,497.665691375732,42.3551144599915));
#10247=CARTESIAN_POINT('',(-386.504707336426,500.,42.3551144599915));
#10248=CARTESIAN_POINT('',(-385.527828216553,497.524215698242,42.3551144599915));
#10249=CARTESIAN_POINT('Origin',(-386.504707336426,500.,42.3551144599915));
#10250=CARTESIAN_POINT('',(-385.417449951172,497.79895401001,42.3551144599915));
#10251=CARTESIAN_POINT('',(-385.482864379883,497.665691375732,42.3551144599915));
#10252=CARTESIAN_POINT('',(-386.504707336426,500.,42.3551144599915));
#10253=CARTESIAN_POINT('Origin',(-385.417449951172,497.79895401001,42.3551144599915));
#10254=CARTESIAN_POINT('',(-385.333030700684,497.921062469482,42.3551144599915));
#10255=CARTESIAN_POINT('',(-386.504707336426,500.,42.3551144599915));
#10256=CARTESIAN_POINT('',(-385.417449951172,497.79895401001,42.3551144599915));
#10257=CARTESIAN_POINT('Origin',(-385.333030700684,497.921062469482,42.3551144599915));
#10258=CARTESIAN_POINT('',(-385.231460571289,498.029327392578,42.3551144599915));
#10259=CARTESIAN_POINT('',(-386.504707336426,500.,42.3551144599915));
#10260=CARTESIAN_POINT('',(-385.333030700684,497.921062469482,42.3551144599915));
#10261=CARTESIAN_POINT('Origin',(-386.504707336426,500.,42.3551144599915));
#10262=CARTESIAN_POINT('',(-385.114986419678,498.121364593506,42.3551144599915));
#10263=CARTESIAN_POINT('',(-385.231460571289,498.029327392578,42.3551144599915));
#10264=CARTESIAN_POINT('',(-386.504707336426,500.,42.3551144599915));
#10265=CARTESIAN_POINT('Origin',(-385.114986419678,498.121364593506,42.3551144599915));
#10266=CARTESIAN_POINT('',(-384.986167907715,498.195140838623,42.3551144599915));
#10267=CARTESIAN_POINT('',(-386.504707336426,500.,42.3551144599915));
#10268=CARTESIAN_POINT('',(-385.114986419678,498.121364593506,42.3551144599915));
#10269=CARTESIAN_POINT('Origin',(-384.986167907715,498.195140838623,42.3551144599915));
#10270=CARTESIAN_POINT('',(-384.847846984863,498.249038696289,42.3551144599915));
#10271=CARTESIAN_POINT('',(-386.504707336426,500.,42.3551144599915));
#10272=CARTESIAN_POINT('',(-384.986167907715,498.195140838623,42.3551144599915));
#10273=CARTESIAN_POINT('Origin',(-386.504707336426,500.,42.3551144599915));
#10274=CARTESIAN_POINT('',(-384.847846984863,498.249038696289,42.3551144599915));
#10275=CARTESIAN_POINT('Origin',(-384.847846984863,500.,48.205114364624));
#10276=CARTESIAN_POINT('',(-384.847846984863,498.249038696289,48.205114364624));
#10277=CARTESIAN_POINT('Origin',(-384.847846984863,498.249038696289,48.205114364624));
#10278=CARTESIAN_POINT('',(-384.847846984863,498.249038696289,42.3551144599915));
#10279=CARTESIAN_POINT('Origin',(-383.847846984863,498.,48.205114364624));
#10280=CARTESIAN_POINT('',(-383.847846984863,498.,42.3551144599915));
#10281=CARTESIAN_POINT('',(-383.847846984863,498.,42.3551144599915));
#10282=CARTESIAN_POINT('Origin',(-383.847846984863,500.,48.205114364624));
#10283=CARTESIAN_POINT('Origin',(-383.847846984863,498.,48.205114364624));
#10284=CARTESIAN_POINT('',(-383.750957489014,497.88752746582,45.2801144123077));
#10285=CARTESIAN_POINT('',(-383.750957489014,497.88752746582,45.2801144123077));
#10286=CARTESIAN_POINT('',(-383.847846984863,498.,48.205114364624));
#10287=CARTESIAN_POINT('Origin',(-383.750957489014,497.88752746582,48.205114364624));
#10288=CARTESIAN_POINT('',(-383.750957489014,497.88752746582,45.2801144123077));
#10289=CARTESIAN_POINT('Origin',(-383.750957489014,497.88752746582,45.2801144123077));
#10290=CARTESIAN_POINT('',(-383.671787261963,497.761951446533,45.2801144123077));
#10291=CARTESIAN_POINT('',(-383.671787261963,497.761951446533,45.2801144123077));
#10292=CARTESIAN_POINT('',(-383.750957489014,497.88752746582,45.2801144123077));
#10293=CARTESIAN_POINT('Origin',(-383.671787261963,497.761951446533,48.205114364624));
#10294=CARTESIAN_POINT('',(-383.671787261963,497.761951446533,45.2801144123077));
#10295=CARTESIAN_POINT('Origin',(-383.671787261963,497.761951446533,45.2801144123077));
#10296=CARTESIAN_POINT('',(-383.612075805664,497.626037597656,45.2801144123077));
#10297=CARTESIAN_POINT('',(-383.612075805664,497.626037597656,45.2801144123077));
#10298=CARTESIAN_POINT('',(-383.671787261963,497.761951446533,45.2801144123077));
#10299=CARTESIAN_POINT('Origin',(-383.612075805664,497.626037597656,48.205114364624));
#10300=CARTESIAN_POINT('',(-383.612075805664,497.626037597656,45.2801144123077));
#10301=CARTESIAN_POINT('Origin',(-383.612075805664,497.626037597656,45.2801144123077));
#10302=CARTESIAN_POINT('',(-383.573146820068,497.48278427124,45.2801144123077));
#10303=CARTESIAN_POINT('',(-383.573146820068,497.48278427124,45.2801144123077));
#10304=CARTESIAN_POINT('',(-383.612075805664,497.626037597656,45.2801144123077));
#10305=CARTESIAN_POINT('Origin',(-383.573146820068,497.48278427124,48.205114364624));
#10306=CARTESIAN_POINT('',(-383.573146820068,497.48278427124,45.2801144123077));
#10307=CARTESIAN_POINT('Origin',(-383.573146820068,497.48278427124,45.2801144123077));
#10308=CARTESIAN_POINT('',(-383.555854797363,497.335346221924,45.2801144123077));
#10309=CARTESIAN_POINT('',(-383.555854797363,497.335346221924,45.2801144123077));
#10310=CARTESIAN_POINT('',(-383.573146820068,497.48278427124,45.2801144123077));
#10311=CARTESIAN_POINT('Origin',(-383.555854797363,497.335346221924,48.205114364624));
#10312=CARTESIAN_POINT('',(-383.560577392578,497.18696975708,48.205114364624));
#10313=CARTESIAN_POINT('Origin',(-383.555854797363,497.335346221924,45.2801144123077));
#10314=CARTESIAN_POINT('',(-383.560577392578,497.18696975708,45.2801144123077));
#10315=CARTESIAN_POINT('',(-383.560577392578,497.18696975708,45.2801144123077));
#10316=CARTESIAN_POINT('',(-383.560577392578,497.18696975708,45.2801144123077));
#10317=CARTESIAN_POINT('Origin',(-383.560577392578,497.18696975708,48.205114364624));
#10318=CARTESIAN_POINT('',(-383.587215423584,497.040927886963,48.205114364624));
#10319=CARTESIAN_POINT('Origin',(-383.560577392578,497.18696975708,45.2801144123077));
#10320=CARTESIAN_POINT('',(-383.587215423584,497.040927886963,45.2801144123077));
#10321=CARTESIAN_POINT('',(-383.587215423584,497.040927886963,45.2801144123077));
#10322=CARTESIAN_POINT('',(-383.587215423584,497.040927886963,45.2801144123077));
#10323=CARTESIAN_POINT('Origin',(-383.587215423584,497.040927886963,48.205114364624));
#10324=CARTESIAN_POINT('',(-383.635181427002,496.900440216064,48.205114364624));
#10325=CARTESIAN_POINT('Origin',(-383.587215423584,497.040927886963,45.2801144123077));
#10326=CARTESIAN_POINT('',(-383.635181427002,496.900440216064,45.2801144123077));
#10327=CARTESIAN_POINT('',(-383.635181427002,496.900440216064,45.2801144123077));
#10328=CARTESIAN_POINT('',(-383.635181427002,496.900440216064,45.2801144123077));
#10329=CARTESIAN_POINT('Origin',(-383.635181427002,496.900440216064,48.205114364624));
#10330=CARTESIAN_POINT('',(-383.703414916992,496.768600463867,48.205114364624));
#10331=CARTESIAN_POINT('Origin',(-383.635181427002,496.900440216064,45.2801144123077));
#10332=CARTESIAN_POINT('',(-383.703414916992,496.768600463867,45.2801144123077));
#10333=CARTESIAN_POINT('',(-383.703414916992,496.768600463867,45.2801144123077));
#10334=CARTESIAN_POINT('',(-383.703414916992,496.768600463867,45.2801144123077));
#10335=CARTESIAN_POINT('Origin',(-383.703414916992,496.768600463867,48.205114364624));
#10336=CARTESIAN_POINT('',(-383.790412902832,496.648315429688,48.205114364624));
#10337=CARTESIAN_POINT('Origin',(-383.703414916992,496.768600463867,45.2801144123077));
#10338=CARTESIAN_POINT('',(-383.790412902832,496.648315429688,45.2801144123077));
#10339=CARTESIAN_POINT('',(-383.790412902832,496.648315429688,45.2801144123077));
#10340=CARTESIAN_POINT('',(-383.790412902832,496.648315429688,45.2801144123077));
#10341=CARTESIAN_POINT('Origin',(-383.790412902832,496.648315429688,48.205114364624));
#10342=CARTESIAN_POINT('',(-383.894260406494,496.542236328125,48.205114364624));
#10343=CARTESIAN_POINT('Origin',(-383.790412902832,496.648315429688,45.2801144123077));
#10344=CARTESIAN_POINT('',(-383.894260406494,496.542236328125,45.2801144123077));
#10345=CARTESIAN_POINT('',(-383.894260406494,496.542236328125,45.2801144123077));
#10346=CARTESIAN_POINT('',(-383.894260406494,496.542236328125,45.2801144123077));
#10347=CARTESIAN_POINT('Origin',(-383.894260406494,496.542236328125,48.205114364624));
#10348=CARTESIAN_POINT('',(-384.012668609619,496.452697753906,48.205114364624));
#10349=CARTESIAN_POINT('Origin',(-383.894260406494,496.542236328125,45.2801144123077));
#10350=CARTESIAN_POINT('',(-384.012668609619,496.452697753906,45.2801144123077));
#10351=CARTESIAN_POINT('',(-384.012668609619,496.452697753906,45.2801144123077));
#10352=CARTESIAN_POINT('',(-384.012668609619,496.452697753906,45.2801144123077));
#10353=CARTESIAN_POINT('Origin',(-384.012668609619,496.452697753906,48.205114364624));
#10354=CARTESIAN_POINT('',(-384.14302444458,496.381675720215,48.205114364624));
#10355=CARTESIAN_POINT('Origin',(-384.012668609619,496.452697753906,45.2801144123077));
#10356=CARTESIAN_POINT('',(-384.14302444458,496.381675720215,45.2801144123077));
#10357=CARTESIAN_POINT('',(-384.14302444458,496.381675720215,45.2801144123077));
#10358=CARTESIAN_POINT('',(-384.14302444458,496.381675720215,45.2801144123077));
#10359=CARTESIAN_POINT('Origin',(-384.14302444458,496.381675720215,48.205114364624));
#10360=CARTESIAN_POINT('',(-384.28246307373,496.33073425293,48.205114364624));
#10361=CARTESIAN_POINT('Origin',(-384.14302444458,496.381675720215,45.2801144123077));
#10362=CARTESIAN_POINT('',(-384.28246307373,496.33073425293,45.2801144123077));
#10363=CARTESIAN_POINT('',(-384.28246307373,496.33073425293,45.2801144123077));
#10364=CARTESIAN_POINT('',(-384.28246307373,496.33073425293,45.2801144123077));
#10365=CARTESIAN_POINT('Origin',(-384.28246307373,496.33073425293,48.205114364624));
#10366=CARTESIAN_POINT('',(-384.42790222168,496.300994873047,48.205114364624));
#10367=CARTESIAN_POINT('Origin',(-384.28246307373,496.33073425293,45.2801144123077));
#10368=CARTESIAN_POINT('',(-384.42790222168,496.300994873047,45.2801144123077));
#10369=CARTESIAN_POINT('',(-384.42790222168,496.300994873047,45.2801144123077));
#10370=CARTESIAN_POINT('',(-384.42790222168,496.300994873047,45.2801144123077));
#10371=CARTESIAN_POINT('Origin',(-384.42790222168,496.300994873047,48.205114364624));
#10372=CARTESIAN_POINT('',(-384.576145172119,496.293117523193,48.205114364624));
#10373=CARTESIAN_POINT('Origin',(-384.42790222168,496.300994873047,45.2801144123077));
#10374=CARTESIAN_POINT('',(-384.576145172119,496.293117523193,45.2801144123077));
#10375=CARTESIAN_POINT('',(-384.576145172119,496.293117523193,45.2801144123077));
#10376=CARTESIAN_POINT('',(-384.576145172119,496.293117523193,45.2801144123077));
#10377=CARTESIAN_POINT('Origin',(-384.576145172119,496.293117523193,48.205114364624));
#10378=CARTESIAN_POINT('',(-384.723918914795,496.307270050049,48.205114364624));
#10379=CARTESIAN_POINT('Origin',(-384.576145172119,496.293117523193,45.2801144123077));
#10380=CARTESIAN_POINT('',(-384.723918914795,496.307270050049,45.2801144123077));
#10381=CARTESIAN_POINT('',(-384.723918914795,496.307270050049,45.2801144123077));
#10382=CARTESIAN_POINT('',(-384.723918914795,496.307270050049,45.2801144123077));
#10383=CARTESIAN_POINT('Origin',(-384.723918914795,496.307270050049,48.205114364624));
#10384=CARTESIAN_POINT('',(-384.867969512939,496.343143463135,48.205114364624));
#10385=CARTESIAN_POINT('Origin',(-384.723918914795,496.307270050049,45.2801144123077));
#10386=CARTESIAN_POINT('',(-384.867969512939,496.343143463135,45.2801144123077));
#10387=CARTESIAN_POINT('',(-384.867969512939,496.343143463135,45.2801144123077));
#10388=CARTESIAN_POINT('',(-384.867969512939,496.343143463135,45.2801144123077));
#10389=CARTESIAN_POINT('Origin',(-384.867969512939,496.343143463135,48.205114364624));
#10390=CARTESIAN_POINT('',(-385.00511932373,496.399948120117,48.205114364624));
#10391=CARTESIAN_POINT('Origin',(-384.867969512939,496.343143463135,45.2801144123077));
#10392=CARTESIAN_POINT('',(-385.00511932373,496.399948120117,45.2801144123077));
#10393=CARTESIAN_POINT('',(-385.00511932373,496.399948120117,45.2801144123077));
#10394=CARTESIAN_POINT('',(-385.00511932373,496.399948120117,45.2801144123077));
#10395=CARTESIAN_POINT('Origin',(-385.00511932373,496.399948120117,48.205114364624));
#10396=CARTESIAN_POINT('',(-385.132350921631,496.476432800293,48.205114364624));
#10397=CARTESIAN_POINT('Origin',(-385.00511932373,496.399948120117,45.2801144123077));
#10398=CARTESIAN_POINT('',(-385.132350921631,496.476432800293,45.2801144123077));
#10399=CARTESIAN_POINT('',(-385.132350921631,496.476432800293,45.2801144123077));
#10400=CARTESIAN_POINT('',(-385.132350921631,496.476432800293,45.2801144123077));
#10401=CARTESIAN_POINT('Origin',(-385.132350921631,496.476432800293,48.205114364624));
#10402=CARTESIAN_POINT('',(-385.24686050415,496.570907592773,48.205114364624));
#10403=CARTESIAN_POINT('Origin',(-385.132350921631,496.476432800293,45.2801144123077));
#10404=CARTESIAN_POINT('',(-385.24686050415,496.570907592773,45.2801144123077));
#10405=CARTESIAN_POINT('',(-385.24686050415,496.570907592773,45.2801144123077));
#10406=CARTESIAN_POINT('',(-385.24686050415,496.570907592773,45.2801144123077));
#10407=CARTESIAN_POINT('Origin',(-385.24686050415,496.570907592773,48.205114364624));
#10408=CARTESIAN_POINT('',(-385.346118927002,496.681289672852,48.205114364624));
#10409=CARTESIAN_POINT('Origin',(-385.24686050415,496.570907592773,45.2801144123077));
#10410=CARTESIAN_POINT('',(-385.346118927002,496.681289672852,45.2801144123077));
#10411=CARTESIAN_POINT('',(-385.346118927002,496.681289672852,45.2801144123077));
#10412=CARTESIAN_POINT('',(-385.346118927002,496.681289672852,45.2801144123077));
#10413=CARTESIAN_POINT('Origin',(-385.346118927002,496.681289672852,48.205114364624));
#10414=CARTESIAN_POINT('',(-385.42794418335,496.805156707764,48.205114364624));
#10415=CARTESIAN_POINT('Origin',(-385.346118927002,496.681289672852,45.2801144123077));
#10416=CARTESIAN_POINT('',(-385.42794418335,496.805156707764,45.2801144123077));
#10417=CARTESIAN_POINT('',(-385.42794418335,496.805156707764,45.2801144123077));
#10418=CARTESIAN_POINT('',(-385.42794418335,496.805156707764,45.2801144123077));
#10419=CARTESIAN_POINT('Origin',(-385.42794418335,496.805156707764,48.205114364624));
#10420=CARTESIAN_POINT('',(-385.490528106689,496.939765930176,48.205114364624));
#10421=CARTESIAN_POINT('Origin',(-385.42794418335,496.805156707764,45.2801144123077));
#10422=CARTESIAN_POINT('',(-385.490528106689,496.939765930176,45.2801144123077));
#10423=CARTESIAN_POINT('',(-385.490528106689,496.939765930176,45.2801144123077));
#10424=CARTESIAN_POINT('',(-385.490528106689,496.939765930176,45.2801144123077));
#10425=CARTESIAN_POINT('Origin',(-385.490528106689,496.939765930176,48.205114364624));
#10426=CARTESIAN_POINT('',(-385.532497406006,497.082160949707,48.205114364624));
#10427=CARTESIAN_POINT('Origin',(-385.490528106689,496.939765930176,45.2801144123077));
#10428=CARTESIAN_POINT('',(-385.532497406006,497.082160949707,45.2801144123077));
#10429=CARTESIAN_POINT('',(-385.532497406006,497.082160949707,45.2801144123077));
#10430=CARTESIAN_POINT('',(-385.532497406006,497.082160949707,45.2801144123077));
#10431=CARTESIAN_POINT('Origin',(-385.532497406006,497.082160949707,48.205114364624));
#10432=CARTESIAN_POINT('',(-385.552921295166,497.229198455811,48.205114364624));
#10433=CARTESIAN_POINT('Origin',(-385.532497406006,497.082160949707,45.2801144123077));
#10434=CARTESIAN_POINT('',(-385.552921295166,497.229198455811,45.2801144123077));
#10435=CARTESIAN_POINT('',(-385.552921295166,497.229198455811,45.2801144123077));
#10436=CARTESIAN_POINT('',(-385.552921295166,497.229198455811,45.2801144123077));
#10437=CARTESIAN_POINT('Origin',(-385.552921295166,497.229198455811,48.205114364624));
#10438=CARTESIAN_POINT('',(-385.552921295166,497.229198455811,45.2801144123077));
#10439=CARTESIAN_POINT('Origin',(-385.552921295166,497.229198455811,45.2801144123077));
#10440=CARTESIAN_POINT('',(-385.55135345459,497.377639770508,45.2801144123077));
#10441=CARTESIAN_POINT('',(-385.55135345459,497.377639770508,45.2801144123077));
#10442=CARTESIAN_POINT('',(-385.552921295166,497.229198455811,45.2801144123077));
#10443=CARTESIAN_POINT('Origin',(-385.55135345459,497.377639770508,48.205114364624));
#10444=CARTESIAN_POINT('',(-385.55135345459,497.377639770508,45.2801144123077));
#10445=CARTESIAN_POINT('Origin',(-385.55135345459,497.377639770508,45.2801144123077));
#10446=CARTESIAN_POINT('',(-385.527828216553,497.524215698242,45.2801144123077));
#10447=CARTESIAN_POINT('',(-385.527828216553,497.524215698242,45.2801144123077));
#10448=CARTESIAN_POINT('',(-385.55135345459,497.377639770508,45.2801144123077));
#10449=CARTESIAN_POINT('Origin',(-385.527828216553,497.524215698242,48.205114364624));
#10450=CARTESIAN_POINT('',(-385.527828216553,497.524215698242,45.2801144123077));
#10451=CARTESIAN_POINT('Origin',(-385.527828216553,497.524215698242,45.2801144123077));
#10452=CARTESIAN_POINT('',(-385.482864379883,497.665691375732,45.2801144123077));
#10453=CARTESIAN_POINT('',(-385.482864379883,497.665691375732,45.2801144123077));
#10454=CARTESIAN_POINT('',(-385.527828216553,497.524215698242,45.2801144123077));
#10455=CARTESIAN_POINT('Origin',(-385.482864379883,497.665691375732,48.205114364624));
#10456=CARTESIAN_POINT('',(-385.482864379883,497.665691375732,45.2801144123077));
#10457=CARTESIAN_POINT('Origin',(-385.482864379883,497.665691375732,45.2801144123077));
#10458=CARTESIAN_POINT('',(-385.417449951172,497.79895401001,45.2801144123077));
#10459=CARTESIAN_POINT('',(-385.417449951172,497.79895401001,45.2801144123077));
#10460=CARTESIAN_POINT('',(-385.482864379883,497.665691375732,45.2801144123077));
#10461=CARTESIAN_POINT('Origin',(-385.417449951172,497.79895401001,48.205114364624));
#10462=CARTESIAN_POINT('',(-385.417449951172,497.79895401001,45.2801144123077));
#10463=CARTESIAN_POINT('Origin',(-385.417449951172,497.79895401001,45.2801144123077));
#10464=CARTESIAN_POINT('',(-385.333030700684,497.921062469482,45.2801144123077));
#10465=CARTESIAN_POINT('',(-385.333030700684,497.921062469482,45.2801144123077));
#10466=CARTESIAN_POINT('',(-385.417449951172,497.79895401001,45.2801144123077));
#10467=CARTESIAN_POINT('Origin',(-385.333030700684,497.921062469482,48.205114364624));
#10468=CARTESIAN_POINT('',(-385.333030700684,497.921062469482,45.2801144123077));
#10469=CARTESIAN_POINT('Origin',(-385.333030700684,497.921062469482,45.2801144123077));
#10470=CARTESIAN_POINT('',(-385.231460571289,498.029327392578,45.2801144123077));
#10471=CARTESIAN_POINT('',(-385.231460571289,498.029327392578,45.2801144123077));
#10472=CARTESIAN_POINT('',(-385.333030700684,497.921062469482,45.2801144123077));
#10473=CARTESIAN_POINT('Origin',(-385.231460571289,498.029327392578,48.205114364624));
#10474=CARTESIAN_POINT('',(-385.231460571289,498.029327392578,45.2801144123077));
#10475=CARTESIAN_POINT('Origin',(-385.231460571289,498.029327392578,45.2801144123077));
#10476=CARTESIAN_POINT('',(-385.114986419678,498.121364593506,45.2801144123077));
#10477=CARTESIAN_POINT('',(-385.114986419678,498.121364593506,45.2801144123077));
#10478=CARTESIAN_POINT('',(-385.231460571289,498.029327392578,45.2801144123077));
#10479=CARTESIAN_POINT('Origin',(-385.114986419678,498.121364593506,48.205114364624));
#10480=CARTESIAN_POINT('',(-385.114986419678,498.121364593506,45.2801144123077));
#10481=CARTESIAN_POINT('Origin',(-385.114986419678,498.121364593506,45.2801144123077));
#10482=CARTESIAN_POINT('',(-384.986167907715,498.195140838623,45.2801144123077));
#10483=CARTESIAN_POINT('',(-384.986167907715,498.195140838623,45.2801144123077));
#10484=CARTESIAN_POINT('',(-385.114986419678,498.121364593506,45.2801144123077));
#10485=CARTESIAN_POINT('Origin',(-384.986167907715,498.195140838623,48.205114364624));
#10486=CARTESIAN_POINT('',(-384.986167907715,498.195140838623,45.2801144123077));
#10487=CARTESIAN_POINT('Origin',(-384.986167907715,498.195140838623,45.2801144123077));
#10488=CARTESIAN_POINT('',(-384.986167907715,498.195140838623,45.2801144123077));
#10489=CARTESIAN_POINT('Origin',(-384.847846984863,498.249038696289,42.3551144599915));
#10490=CARTESIAN_POINT('',(-384.986167907715,498.195140838623,42.3551144599915));
#10491=CARTESIAN_POINT('Origin',(-384.986167907715,498.195140838623,42.3551144599915));
#10492=CARTESIAN_POINT('',(-385.114986419678,498.121364593506,42.3551144599915));
#10493=CARTESIAN_POINT('Origin',(-384.986167907715,498.195140838623,45.2801144123077));
#10494=CARTESIAN_POINT('',(-385.114986419678,498.121364593506,42.3551144599915));
#10495=CARTESIAN_POINT('Origin',(-385.114986419678,498.121364593506,42.3551144599915));
#10496=CARTESIAN_POINT('',(-385.231460571289,498.029327392578,42.3551144599915));
#10497=CARTESIAN_POINT('Origin',(-385.114986419678,498.121364593506,45.2801144123077));
#10498=CARTESIAN_POINT('',(-385.231460571289,498.029327392578,42.3551144599915));
#10499=CARTESIAN_POINT('Origin',(-385.231460571289,498.029327392578,42.3551144599915));
#10500=CARTESIAN_POINT('',(-385.333030700684,497.921062469482,42.3551144599915));
#10501=CARTESIAN_POINT('Origin',(-385.231460571289,498.029327392578,45.2801144123077));
#10502=CARTESIAN_POINT('',(-385.333030700684,497.921062469482,42.3551144599915));
#10503=CARTESIAN_POINT('Origin',(-385.333030700684,497.921062469482,42.3551144599915));
#10504=CARTESIAN_POINT('',(-385.417449951172,497.79895401001,42.3551144599915));
#10505=CARTESIAN_POINT('Origin',(-385.333030700684,497.921062469482,45.2801144123077));
#10506=CARTESIAN_POINT('',(-385.417449951172,497.79895401001,42.3551144599915));
#10507=CARTESIAN_POINT('Origin',(-385.417449951172,497.79895401001,42.3551144599915));
#10508=CARTESIAN_POINT('',(-385.482864379883,497.665691375732,42.3551144599915));
#10509=CARTESIAN_POINT('Origin',(-385.417449951172,497.79895401001,45.2801144123077));
#10510=CARTESIAN_POINT('',(-385.482864379883,497.665691375732,42.3551144599915));
#10511=CARTESIAN_POINT('Origin',(-385.482864379883,497.665691375732,42.3551144599915));
#10512=CARTESIAN_POINT('',(-385.527828216553,497.524215698242,42.3551144599915));
#10513=CARTESIAN_POINT('Origin',(-385.482864379883,497.665691375732,45.2801144123077));
#10514=CARTESIAN_POINT('',(-385.527828216553,497.524215698242,42.3551144599915));
#10515=CARTESIAN_POINT('Origin',(-385.527828216553,497.524215698242,42.3551144599915));
#10516=CARTESIAN_POINT('',(-385.55135345459,497.377639770508,42.3551144599915));
#10517=CARTESIAN_POINT('Origin',(-385.527828216553,497.524215698242,45.2801144123077));
#10518=CARTESIAN_POINT('',(-385.55135345459,497.377639770508,42.3551144599915));
#10519=CARTESIAN_POINT('Origin',(-385.55135345459,497.377639770508,42.3551144599915));
#10520=CARTESIAN_POINT('',(-385.552921295166,497.229198455811,42.3551144599915));
#10521=CARTESIAN_POINT('Origin',(-385.55135345459,497.377639770508,45.2801144123077));
#10522=CARTESIAN_POINT('',(-385.552921295166,497.229198455811,42.3551144599915));
#10523=CARTESIAN_POINT('Origin',(-385.552921295166,497.229198455811,42.3551144599915));
#10524=CARTESIAN_POINT('',(-385.552921295166,497.229198455811,45.2801144123077));
#10525=CARTESIAN_POINT('Origin',(-385.552921295166,497.229198455811,45.2801144123077));
#10526=CARTESIAN_POINT('',(-385.532497406006,497.082160949707,42.3551144599915));
#10527=CARTESIAN_POINT('Origin',(-385.532497406006,497.082160949707,42.3551144599915));
#10528=CARTESIAN_POINT('',(-385.532497406006,497.082160949707,45.2801144123077));
#10529=CARTESIAN_POINT('Origin',(-385.532497406006,497.082160949707,45.2801144123077));
#10530=CARTESIAN_POINT('',(-385.490528106689,496.939765930176,42.3551144599915));
#10531=CARTESIAN_POINT('Origin',(-385.490528106689,496.939765930176,42.3551144599915));
#10532=CARTESIAN_POINT('',(-385.490528106689,496.939765930176,45.2801144123077));
#10533=CARTESIAN_POINT('Origin',(-385.490528106689,496.939765930176,45.2801144123077));
#10534=CARTESIAN_POINT('',(-385.42794418335,496.805156707764,42.3551144599915));
#10535=CARTESIAN_POINT('Origin',(-385.42794418335,496.805156707764,42.3551144599915));
#10536=CARTESIAN_POINT('',(-385.42794418335,496.805156707764,45.2801144123077));
#10537=CARTESIAN_POINT('Origin',(-385.42794418335,496.805156707764,45.2801144123077));
#10538=CARTESIAN_POINT('',(-385.346118927002,496.681289672852,42.3551144599915));
#10539=CARTESIAN_POINT('Origin',(-385.346118927002,496.681289672852,42.3551144599915));
#10540=CARTESIAN_POINT('',(-385.346118927002,496.681289672852,45.2801144123077));
#10541=CARTESIAN_POINT('Origin',(-385.346118927002,496.681289672852,45.2801144123077));
#10542=CARTESIAN_POINT('',(-385.24686050415,496.570907592773,42.3551144599915));
#10543=CARTESIAN_POINT('Origin',(-385.24686050415,496.570907592773,42.3551144599915));
#10544=CARTESIAN_POINT('',(-385.24686050415,496.570907592773,45.2801144123077));
#10545=CARTESIAN_POINT('Origin',(-385.24686050415,496.570907592773,45.2801144123077));
#10546=CARTESIAN_POINT('',(-385.132350921631,496.476432800293,42.3551144599915));
#10547=CARTESIAN_POINT('Origin',(-385.132350921631,496.476432800293,42.3551144599915));
#10548=CARTESIAN_POINT('',(-385.132350921631,496.476432800293,45.2801144123077));
#10549=CARTESIAN_POINT('Origin',(-385.132350921631,496.476432800293,45.2801144123077));
#10550=CARTESIAN_POINT('',(-385.00511932373,496.399948120117,42.3551144599915));
#10551=CARTESIAN_POINT('Origin',(-385.00511932373,496.399948120117,42.3551144599915));
#10552=CARTESIAN_POINT('',(-385.00511932373,496.399948120117,45.2801144123077));
#10553=CARTESIAN_POINT('Origin',(-385.00511932373,496.399948120117,45.2801144123077));
#10554=CARTESIAN_POINT('',(-384.867969512939,496.343143463135,42.3551144599915));
#10555=CARTESIAN_POINT('Origin',(-384.867969512939,496.343143463135,42.3551144599915));
#10556=CARTESIAN_POINT('',(-384.867969512939,496.343143463135,45.2801144123077));
#10557=CARTESIAN_POINT('Origin',(-384.867969512939,496.343143463135,45.2801144123077));
#10558=CARTESIAN_POINT('',(-384.723918914795,496.307270050049,42.3551144599915));
#10559=CARTESIAN_POINT('Origin',(-384.723918914795,496.307270050049,42.3551144599915));
#10560=CARTESIAN_POINT('',(-384.723918914795,496.307270050049,45.2801144123077));
#10561=CARTESIAN_POINT('Origin',(-384.723918914795,496.307270050049,45.2801144123077));
#10562=CARTESIAN_POINT('',(-384.576145172119,496.293117523193,42.3551144599915));
#10563=CARTESIAN_POINT('Origin',(-384.576145172119,496.293117523193,42.3551144599915));
#10564=CARTESIAN_POINT('',(-384.576145172119,496.293117523193,45.2801144123077));
#10565=CARTESIAN_POINT('Origin',(-384.576145172119,496.293117523193,45.2801144123077));
#10566=CARTESIAN_POINT('',(-384.42790222168,496.300994873047,42.3551144599915));
#10567=CARTESIAN_POINT('Origin',(-384.42790222168,496.300994873047,42.3551144599915));
#10568=CARTESIAN_POINT('',(-384.42790222168,496.300994873047,45.2801144123077));
#10569=CARTESIAN_POINT('Origin',(-384.42790222168,496.300994873047,45.2801144123077));
#10570=CARTESIAN_POINT('',(-384.28246307373,496.33073425293,42.3551144599915));
#10571=CARTESIAN_POINT('Origin',(-384.28246307373,496.33073425293,42.3551144599915));
#10572=CARTESIAN_POINT('',(-384.28246307373,496.33073425293,45.2801144123077));
#10573=CARTESIAN_POINT('Origin',(-384.28246307373,496.33073425293,45.2801144123077));
#10574=CARTESIAN_POINT('',(-384.14302444458,496.381675720215,42.3551144599915));
#10575=CARTESIAN_POINT('Origin',(-384.14302444458,496.381675720215,42.3551144599915));
#10576=CARTESIAN_POINT('',(-384.14302444458,496.381675720215,45.2801144123077));
#10577=CARTESIAN_POINT('Origin',(-384.14302444458,496.381675720215,45.2801144123077));
#10578=CARTESIAN_POINT('',(-384.012668609619,496.452697753906,42.3551144599915));
#10579=CARTESIAN_POINT('Origin',(-384.012668609619,496.452697753906,42.3551144599915));
#10580=CARTESIAN_POINT('',(-384.012668609619,496.452697753906,45.2801144123077));
#10581=CARTESIAN_POINT('Origin',(-384.012668609619,496.452697753906,45.2801144123077));
#10582=CARTESIAN_POINT('',(-383.894260406494,496.542236328125,42.3551144599915));
#10583=CARTESIAN_POINT('Origin',(-383.894260406494,496.542236328125,42.3551144599915));
#10584=CARTESIAN_POINT('',(-383.894260406494,496.542236328125,45.2801144123077));
#10585=CARTESIAN_POINT('Origin',(-383.894260406494,496.542236328125,45.2801144123077));
#10586=CARTESIAN_POINT('',(-383.790412902832,496.648315429688,42.3551144599915));
#10587=CARTESIAN_POINT('Origin',(-383.790412902832,496.648315429688,42.3551144599915));
#10588=CARTESIAN_POINT('',(-383.790412902832,496.648315429688,45.2801144123077));
#10589=CARTESIAN_POINT('Origin',(-383.790412902832,496.648315429688,45.2801144123077));
#10590=CARTESIAN_POINT('',(-383.703414916992,496.768600463867,42.3551144599915));
#10591=CARTESIAN_POINT('Origin',(-383.703414916992,496.768600463867,42.3551144599915));
#10592=CARTESIAN_POINT('',(-383.703414916992,496.768600463867,45.2801144123077));
#10593=CARTESIAN_POINT('Origin',(-383.703414916992,496.768600463867,45.2801144123077));
#10594=CARTESIAN_POINT('',(-383.635181427002,496.900440216064,42.3551144599915));
#10595=CARTESIAN_POINT('Origin',(-383.635181427002,496.900440216064,42.3551144599915));
#10596=CARTESIAN_POINT('',(-383.635181427002,496.900440216064,45.2801144123077));
#10597=CARTESIAN_POINT('Origin',(-383.635181427002,496.900440216064,45.2801144123077));
#10598=CARTESIAN_POINT('',(-383.587215423584,497.040927886963,42.3551144599915));
#10599=CARTESIAN_POINT('Origin',(-383.587215423584,497.040927886963,42.3551144599915));
#10600=CARTESIAN_POINT('',(-383.587215423584,497.040927886963,45.2801144123077));
#10601=CARTESIAN_POINT('Origin',(-383.587215423584,497.040927886963,45.2801144123077));
#10602=CARTESIAN_POINT('',(-383.560577392578,497.18696975708,42.3551144599915));
#10603=CARTESIAN_POINT('Origin',(-383.560577392578,497.18696975708,42.3551144599915));
#10604=CARTESIAN_POINT('',(-383.560577392578,497.18696975708,45.2801144123077));
#10605=CARTESIAN_POINT('Origin',(-383.560577392578,497.18696975708,45.2801144123077));
#10606=CARTESIAN_POINT('',(-383.555854797363,497.335346221924,42.3551144599915));
#10607=CARTESIAN_POINT('Origin',(-383.555854797363,497.335346221924,42.3551144599915));
#10608=CARTESIAN_POINT('',(-383.573146820068,497.48278427124,42.3551144599915));
#10609=CARTESIAN_POINT('Origin',(-383.555854797363,497.335346221924,45.2801144123077));
#10610=CARTESIAN_POINT('',(-383.573146820068,497.48278427124,42.3551144599915));
#10611=CARTESIAN_POINT('Origin',(-383.573146820068,497.48278427124,42.3551144599915));
#10612=CARTESIAN_POINT('',(-383.612075805664,497.626037597656,42.3551144599915));
#10613=CARTESIAN_POINT('Origin',(-383.573146820068,497.48278427124,45.2801144123077));
#10614=CARTESIAN_POINT('',(-383.612075805664,497.626037597656,42.3551144599915));
#10615=CARTESIAN_POINT('Origin',(-383.612075805664,497.626037597656,42.3551144599915));
#10616=CARTESIAN_POINT('',(-383.671787261963,497.761951446533,42.3551144599915));
#10617=CARTESIAN_POINT('Origin',(-383.612075805664,497.626037597656,45.2801144123077));
#10618=CARTESIAN_POINT('',(-383.671787261963,497.761951446533,42.3551144599915));
#10619=CARTESIAN_POINT('Origin',(-383.671787261963,497.761951446533,42.3551144599915));
#10620=CARTESIAN_POINT('',(-383.750957489014,497.88752746582,42.3551144599915));
#10621=CARTESIAN_POINT('Origin',(-383.671787261963,497.761951446533,45.2801144123077));
#10622=CARTESIAN_POINT('',(-383.750957489014,497.88752746582,42.3551144599915));
#10623=CARTESIAN_POINT('Origin',(-383.750957489014,497.88752746582,42.3551144599915));
#10624=CARTESIAN_POINT('',(-383.847846984863,498.,42.3551144599915));
#10625=CARTESIAN_POINT('Origin',(-383.750957489014,497.88752746582,45.2801144123077));
#10626=CARTESIAN_POINT('Origin',(-371.765712738037,497.,45.1591765880585));
#10627=CARTESIAN_POINT('',(-371.798583984375,497.,44.9657027721405));
#10628=CARTESIAN_POINT('',(-371.798583984375,497.,44.9657027721405));
#10629=CARTESIAN_POINT('',(-371.765712738037,497.,45.1591765880585));
#10630=CARTESIAN_POINT('',(-371.798583984375,497.,44.9657027721405));
#10631=CARTESIAN_POINT('',(-371.765712738037,497.,45.1591765880585));
#10632=CARTESIAN_POINT('Origin',(-371.765712738037,500.,45.1591765880585));
#10633=CARTESIAN_POINT('',(-371.798583984375,497.,44.9657027721405));
#10634=CARTESIAN_POINT('Origin',(-371.798583984375,497.,44.9657027721405));
#10635=CARTESIAN_POINT('',(-371.852912902832,497.,44.7771260738373));
#10636=CARTESIAN_POINT('',(-371.852912902832,497.,44.7771260738373));
#10637=CARTESIAN_POINT('',(-371.852912902832,497.,44.7771260738373));
#10638=CARTESIAN_POINT('Origin',(-371.798583984375,500.,44.9657027721405));
#10639=CARTESIAN_POINT('',(-371.852912902832,497.,44.7771260738373));
#10640=CARTESIAN_POINT('Origin',(-371.852912902832,497.,44.7771260738373));
#10641=CARTESIAN_POINT('',(-371.9280128479,497.,44.5958180427551));
#10642=CARTESIAN_POINT('',(-371.9280128479,497.,44.5958180427551));
#10643=CARTESIAN_POINT('',(-371.9280128479,497.,44.5958180427551));
#10644=CARTESIAN_POINT('Origin',(-371.852912902832,500.,44.7771260738373));
#10645=CARTESIAN_POINT('',(-371.9280128479,497.,44.5958180427551));
#10646=CARTESIAN_POINT('Origin',(-371.9280128479,497.,44.5958180427551));
#10647=CARTESIAN_POINT('',(-372.022941589355,497.,44.4240584373474));
#10648=CARTESIAN_POINT('',(-372.022941589355,497.,44.4240584373474));
#10649=CARTESIAN_POINT('',(-372.022941589355,497.,44.4240584373474));
#10650=CARTESIAN_POINT('Origin',(-371.9280128479,500.,44.5958180427551));
#10651=CARTESIAN_POINT('',(-372.022941589355,497.,44.4240584373474));
#10652=CARTESIAN_POINT('Origin',(-372.022941589355,497.,44.4240584373474));
#10653=CARTESIAN_POINT('',(-372.136501312256,497.,44.2640073299408));
#10654=CARTESIAN_POINT('',(-372.136501312256,497.,44.2640073299408));
#10655=CARTESIAN_POINT('',(-372.136501312256,497.,44.2640073299408));
#10656=CARTESIAN_POINT('Origin',(-372.022941589355,500.,44.4240584373474));
#10657=CARTESIAN_POINT('',(-372.136501312256,497.,44.2640073299408));
#10658=CARTESIAN_POINT('Origin',(-372.136501312256,497.,44.2640073299408));
#10659=CARTESIAN_POINT('',(-372.267269134521,497.,44.1176776885986));
#10660=CARTESIAN_POINT('',(-372.267269134521,497.,44.1176776885986));
#10661=CARTESIAN_POINT('',(-372.267269134521,497.,44.1176776885986));
#10662=CARTESIAN_POINT('Origin',(-372.136501312256,500.,44.2640073299408));
#10663=CARTESIAN_POINT('',(-372.267269134521,497.,44.1176776885986));
#10664=CARTESIAN_POINT('Origin',(-372.267269134521,497.,44.1176776885986));
#10665=CARTESIAN_POINT('',(-372.413600921631,497.,43.9869093894958));
#10666=CARTESIAN_POINT('',(-372.413600921631,497.,43.9869093894958));
#10667=CARTESIAN_POINT('',(-372.413600921631,497.,43.9869093894958));
#10668=CARTESIAN_POINT('Origin',(-372.267269134521,500.,44.1176776885986));
#10669=CARTESIAN_POINT('',(-372.413600921631,497.,43.9869093894958));
#10670=CARTESIAN_POINT('Origin',(-372.413600921631,497.,43.9869093894958));
#10671=CARTESIAN_POINT('',(-372.573650360107,497.,43.8733471632004));
#10672=CARTESIAN_POINT('',(-372.573650360107,497.,43.8733471632004));
#10673=CARTESIAN_POINT('',(-372.573650360107,497.,43.8733471632004));
#10674=CARTESIAN_POINT('Origin',(-372.413600921631,500.,43.9869093894958));
#10675=CARTESIAN_POINT('',(-372.573650360107,497.,43.8733471632004));
#10676=CARTESIAN_POINT('Origin',(-372.573650360107,497.,43.8733471632004));
#10677=CARTESIAN_POINT('',(-372.745410919189,497.,43.7784190177917));
#10678=CARTESIAN_POINT('',(-372.745410919189,497.,43.7784190177917));
#10679=CARTESIAN_POINT('',(-372.745410919189,497.,43.7784190177917));
#10680=CARTESIAN_POINT('Origin',(-372.573650360107,500.,43.8733471632004));
#10681=CARTESIAN_POINT('',(-372.745410919189,497.,43.7784190177917));
#10682=CARTESIAN_POINT('Origin',(-372.745410919189,497.,43.7784190177917));
#10683=CARTESIAN_POINT('',(-372.926719665527,497.,43.7033187150955));
#10684=CARTESIAN_POINT('',(-372.926719665527,497.,43.7033187150955));
#10685=CARTESIAN_POINT('',(-372.926719665527,497.,43.7033187150955));
#10686=CARTESIAN_POINT('Origin',(-372.745410919189,500.,43.7784190177917));
#10687=CARTESIAN_POINT('',(-372.926719665527,497.,43.7033187150955));
#10688=CARTESIAN_POINT('Origin',(-372.926719665527,497.,43.7033187150955));
#10689=CARTESIAN_POINT('',(-373.115295410156,497.,43.6489906311035));
#10690=CARTESIAN_POINT('',(-373.115295410156,497.,43.6489906311035));
#10691=CARTESIAN_POINT('',(-373.115295410156,497.,43.6489906311035));
#10692=CARTESIAN_POINT('Origin',(-372.926719665527,500.,43.7033187150955));
#10693=CARTESIAN_POINT('',(-373.115295410156,497.,43.6489906311035));
#10694=CARTESIAN_POINT('Origin',(-373.115295410156,497.,43.6489906311035));
#10695=CARTESIAN_POINT('',(-373.308769226074,497.,43.6161181926727));
#10696=CARTESIAN_POINT('',(-373.308769226074,497.,43.6161181926727));
#10697=CARTESIAN_POINT('',(-373.308769226074,497.,43.6161181926727));
#10698=CARTESIAN_POINT('Origin',(-373.115295410156,500.,43.6489906311035));
#10699=CARTESIAN_POINT('',(-373.308769226074,497.,43.6161181926727));
#10700=CARTESIAN_POINT('Origin',(-373.308769226074,497.,43.6161181926727));
#10701=CARTESIAN_POINT('',(-373.504707336426,497.,43.6051144599915));
#10702=CARTESIAN_POINT('',(-373.504707336426,497.,43.6051144599915));
#10703=CARTESIAN_POINT('',(-373.504707336426,497.,43.6051144599915));
#10704=CARTESIAN_POINT('Origin',(-373.308769226074,500.,43.6161181926727));
#10705=CARTESIAN_POINT('',(-373.504707336426,497.,43.6051144599915));
#10706=CARTESIAN_POINT('Origin',(-373.504707336426,497.,43.6051144599915));
#10707=CARTESIAN_POINT('',(-373.700645446777,497.,43.6161181926727));
#10708=CARTESIAN_POINT('',(-373.700645446777,497.,43.6161181926727));
#10709=CARTESIAN_POINT('',(-373.700645446777,497.,43.6161181926727));
#10710=CARTESIAN_POINT('Origin',(-373.504707336426,500.,43.6051144599915));
#10711=CARTESIAN_POINT('',(-373.700645446777,497.,43.6161181926727));
#10712=CARTESIAN_POINT('Origin',(-373.700645446777,497.,43.6161181926727));
#10713=CARTESIAN_POINT('',(-373.894119262695,497.,43.6489906311035));
#10714=CARTESIAN_POINT('',(-373.894119262695,497.,43.6489906311035));
#10715=CARTESIAN_POINT('',(-373.894119262695,497.,43.6489906311035));
#10716=CARTESIAN_POINT('Origin',(-373.700645446777,500.,43.6161181926727));
#10717=CARTESIAN_POINT('',(-373.894119262695,497.,43.6489906311035));
#10718=CARTESIAN_POINT('Origin',(-373.894119262695,497.,43.6489906311035));
#10719=CARTESIAN_POINT('',(-374.082695007324,497.,43.7033187150955));
#10720=CARTESIAN_POINT('',(-374.082695007324,497.,43.7033187150955));
#10721=CARTESIAN_POINT('',(-374.082695007324,497.,43.7033187150955));
#10722=CARTESIAN_POINT('Origin',(-373.894119262695,500.,43.6489906311035));
#10723=CARTESIAN_POINT('',(-374.082695007324,497.,43.7033187150955));
#10724=CARTESIAN_POINT('Origin',(-374.082695007324,497.,43.7033187150955));
#10725=CARTESIAN_POINT('',(-374.264003753662,497.,43.7784190177917));
#10726=CARTESIAN_POINT('',(-374.264003753662,497.,43.7784190177917));
#10727=CARTESIAN_POINT('',(-374.264003753662,497.,43.7784190177917));
#10728=CARTESIAN_POINT('Origin',(-374.082695007324,500.,43.7033187150955));
#10729=CARTESIAN_POINT('',(-374.264003753662,497.,43.7784190177917));
#10730=CARTESIAN_POINT('Origin',(-374.264003753662,497.,43.7784190177917));
#10731=CARTESIAN_POINT('',(-374.435764312744,497.,43.8733471632004));
#10732=CARTESIAN_POINT('',(-374.435764312744,497.,43.8733471632004));
#10733=CARTESIAN_POINT('',(-374.435764312744,497.,43.8733471632004));
#10734=CARTESIAN_POINT('Origin',(-374.264003753662,500.,43.7784190177917));
#10735=CARTESIAN_POINT('',(-374.435764312744,497.,43.8733471632004));
#10736=CARTESIAN_POINT('Origin',(-374.435764312744,497.,43.8733471632004));
#10737=CARTESIAN_POINT('',(-374.595813751221,497.,43.9869093894958));
#10738=CARTESIAN_POINT('',(-374.595813751221,497.,43.9869093894958));
#10739=CARTESIAN_POINT('',(-374.595813751221,497.,43.9869093894958));
#10740=CARTESIAN_POINT('Origin',(-374.435764312744,500.,43.8733471632004));
#10741=CARTESIAN_POINT('',(-374.595813751221,497.,43.9869093894958));
#10742=CARTESIAN_POINT('Origin',(-374.595813751221,497.,43.9869093894958));
#10743=CARTESIAN_POINT('',(-374.74214553833,497.,44.1176776885986));
#10744=CARTESIAN_POINT('',(-374.74214553833,497.,44.1176776885986));
#10745=CARTESIAN_POINT('',(-374.74214553833,497.,44.1176776885986));
#10746=CARTESIAN_POINT('Origin',(-374.595813751221,500.,43.9869093894958));
#10747=CARTESIAN_POINT('',(-374.74214553833,497.,44.1176776885986));
#10748=CARTESIAN_POINT('Origin',(-374.74214553833,497.,44.1176776885986));
#10749=CARTESIAN_POINT('',(-374.872913360596,497.,44.2640073299408));
#10750=CARTESIAN_POINT('',(-374.872913360596,497.,44.2640073299408));
#10751=CARTESIAN_POINT('',(-374.872913360596,497.,44.2640073299408));
#10752=CARTESIAN_POINT('Origin',(-374.74214553833,500.,44.1176776885986));
#10753=CARTESIAN_POINT('',(-374.872913360596,497.,44.2640073299408));
#10754=CARTESIAN_POINT('Origin',(-374.872913360596,497.,44.2640073299408));
#10755=CARTESIAN_POINT('',(-374.986476898193,497.,44.4240584373474));
#10756=CARTESIAN_POINT('',(-374.986476898193,497.,44.4240584373474));
#10757=CARTESIAN_POINT('',(-374.986476898193,497.,44.4240584373474));
#10758=CARTESIAN_POINT('Origin',(-374.872913360596,500.,44.2640073299408));
#10759=CARTESIAN_POINT('',(-374.986476898193,497.,44.4240584373474));
#10760=CARTESIAN_POINT('Origin',(-374.986476898193,497.,44.4240584373474));
#10761=CARTESIAN_POINT('',(-375.081401824951,497.,44.5958180427551));
#10762=CARTESIAN_POINT('',(-375.081401824951,497.,44.5958180427551));
#10763=CARTESIAN_POINT('',(-375.081401824951,497.,44.5958180427551));
#10764=CARTESIAN_POINT('Origin',(-374.986476898193,500.,44.4240584373474));
#10765=CARTESIAN_POINT('',(-375.081401824951,497.,44.5958180427551));
#10766=CARTESIAN_POINT('Origin',(-375.081401824951,497.,44.5958180427551));
#10767=CARTESIAN_POINT('',(-375.156505584717,497.,44.7771260738373));
#10768=CARTESIAN_POINT('',(-375.156505584717,497.,44.7771260738373));
#10769=CARTESIAN_POINT('',(-375.156505584717,497.,44.7771260738373));
#10770=CARTESIAN_POINT('Origin',(-375.081401824951,500.,44.5958180427551));
#10771=CARTESIAN_POINT('',(-375.156505584717,497.,44.7771260738373));
#10772=CARTESIAN_POINT('Origin',(-375.156505584717,497.,44.7771260738373));
#10773=CARTESIAN_POINT('',(-375.210830688477,497.,44.9657027721405));
#10774=CARTESIAN_POINT('',(-375.210830688477,497.,44.9657027721405));
#10775=CARTESIAN_POINT('',(-375.210830688477,497.,44.9657027721405));
#10776=CARTESIAN_POINT('Origin',(-375.156505584717,500.,44.7771260738373));
#10777=CARTESIAN_POINT('',(-375.210830688477,497.,44.9657027721405));
#10778=CARTESIAN_POINT('Origin',(-375.210830688477,497.,44.9657027721405));
#10779=CARTESIAN_POINT('',(-375.243705749512,497.,45.1591765880585));
#10780=CARTESIAN_POINT('',(-375.243705749512,497.,45.1591765880585));
#10781=CARTESIAN_POINT('',(-375.243705749512,497.,45.1591765880585));
#10782=CARTESIAN_POINT('Origin',(-375.210830688477,500.,44.9657027721405));
#10783=CARTESIAN_POINT('',(-375.243705749512,497.,45.1591765880585));
#10784=CARTESIAN_POINT('Origin',(-375.243705749512,497.,45.1591765880585));
#10785=CARTESIAN_POINT('',(-375.254707336426,497.,45.3551144599915));
#10786=CARTESIAN_POINT('',(-375.254707336426,497.,45.3551144599915));
#10787=CARTESIAN_POINT('',(-375.254707336426,497.,45.3551144599915));
#10788=CARTESIAN_POINT('Origin',(-375.243705749512,500.,45.1591765880585));
#10789=CARTESIAN_POINT('',(-375.254707336426,497.,45.3551144599915));
#10790=CARTESIAN_POINT('Origin',(-375.254707336426,497.,45.3551144599915));
#10791=CARTESIAN_POINT('',(-375.243705749512,497.,45.5510523319244));
#10792=CARTESIAN_POINT('',(-375.254707336426,500.,45.3551144599915));
#10793=CARTESIAN_POINT('',(-375.254707336426,497.,45.3551144599915));
#10794=CARTESIAN_POINT('Origin',(-375.254707336426,500.,45.3551144599915));
#10795=CARTESIAN_POINT('',(-375.243705749512,497.,45.5510523319244));
#10796=CARTESIAN_POINT('Origin',(-375.243705749512,497.,45.5510523319244));
#10797=CARTESIAN_POINT('',(-375.210830688477,497.,45.7445261478424));
#10798=CARTESIAN_POINT('',(-375.243705749512,500.,45.5510523319244));
#10799=CARTESIAN_POINT('',(-375.243705749512,497.,45.5510523319244));
#10800=CARTESIAN_POINT('Origin',(-375.243705749512,500.,45.5510523319244));
#10801=CARTESIAN_POINT('',(-375.210830688477,497.,45.7445261478424));
#10802=CARTESIAN_POINT('Origin',(-375.210830688477,497.,45.7445261478424));
#10803=CARTESIAN_POINT('',(-375.156505584717,497.,45.9331028461456));
#10804=CARTESIAN_POINT('',(-375.210830688477,500.,45.7445261478424));
#10805=CARTESIAN_POINT('',(-375.210830688477,497.,45.7445261478424));
#10806=CARTESIAN_POINT('Origin',(-375.210830688477,500.,45.7445261478424));
#10807=CARTESIAN_POINT('',(-375.156505584717,497.,45.9331028461456));
#10808=CARTESIAN_POINT('Origin',(-375.156505584717,497.,45.9331028461456));
#10809=CARTESIAN_POINT('',(-375.081401824951,497.,46.1144111156464));
#10810=CARTESIAN_POINT('',(-375.156505584717,500.,45.9331028461456));
#10811=CARTESIAN_POINT('',(-375.156505584717,497.,45.9331028461456));
#10812=CARTESIAN_POINT('Origin',(-375.156505584717,500.,45.9331028461456));
#10813=CARTESIAN_POINT('',(-375.081401824951,497.,46.1144111156464));
#10814=CARTESIAN_POINT('Origin',(-375.081401824951,497.,46.1144111156464));
#10815=CARTESIAN_POINT('',(-374.986476898193,497.,46.2861707210541));
#10816=CARTESIAN_POINT('',(-375.081401824951,500.,46.1144111156464));
#10817=CARTESIAN_POINT('',(-375.081401824951,497.,46.1144111156464));
#10818=CARTESIAN_POINT('Origin',(-375.081401824951,500.,46.1144111156464));
#10819=CARTESIAN_POINT('',(-374.986476898193,497.,46.2861707210541));
#10820=CARTESIAN_POINT('Origin',(-374.986476898193,497.,46.2861707210541));
#10821=CARTESIAN_POINT('',(-374.872913360596,497.,46.4462218284607));
#10822=CARTESIAN_POINT('',(-374.986476898193,500.,46.2861707210541));
#10823=CARTESIAN_POINT('',(-374.986476898193,497.,46.2861707210541));
#10824=CARTESIAN_POINT('Origin',(-374.986476898193,500.,46.2861707210541));
#10825=CARTESIAN_POINT('',(-374.872913360596,497.,46.4462218284607));
#10826=CARTESIAN_POINT('Origin',(-374.872913360596,497.,46.4462218284607));
#10827=CARTESIAN_POINT('',(-374.74214553833,497.,46.5925512313843));
#10828=CARTESIAN_POINT('',(-374.872913360596,500.,46.4462218284607));
#10829=CARTESIAN_POINT('',(-374.872913360596,497.,46.4462218284607));
#10830=CARTESIAN_POINT('Origin',(-374.872913360596,500.,46.4462218284607));
#10831=CARTESIAN_POINT('',(-374.74214553833,497.,46.5925512313843));
#10832=CARTESIAN_POINT('Origin',(-374.74214553833,497.,46.5925512313843));
#10833=CARTESIAN_POINT('',(-374.595813751221,497.,46.7233195304871));
#10834=CARTESIAN_POINT('',(-374.74214553833,500.,46.5925512313843));
#10835=CARTESIAN_POINT('',(-374.74214553833,497.,46.5925512313843));
#10836=CARTESIAN_POINT('Origin',(-374.74214553833,500.,46.5925512313843));
#10837=CARTESIAN_POINT('',(-374.595813751221,497.,46.7233195304871));
#10838=CARTESIAN_POINT('Origin',(-374.595813751221,497.,46.7233195304871));
#10839=CARTESIAN_POINT('',(-374.435764312744,497.,46.8368816375732));
#10840=CARTESIAN_POINT('',(-374.595813751221,500.,46.7233195304871));
#10841=CARTESIAN_POINT('',(-374.595813751221,497.,46.7233195304871));
#10842=CARTESIAN_POINT('Origin',(-374.595813751221,500.,46.7233195304871));
#10843=CARTESIAN_POINT('',(-374.435764312744,497.,46.8368816375732));
#10844=CARTESIAN_POINT('Origin',(-374.435764312744,497.,46.8368816375732));
#10845=CARTESIAN_POINT('',(-374.264003753662,497.,46.9318099021912));
#10846=CARTESIAN_POINT('',(-374.435764312744,500.,46.8368816375732));
#10847=CARTESIAN_POINT('',(-374.435764312744,497.,46.8368816375732));
#10848=CARTESIAN_POINT('Origin',(-374.435764312744,500.,46.8368816375732));
#10849=CARTESIAN_POINT('',(-374.264003753662,497.,46.9318099021912));
#10850=CARTESIAN_POINT('Origin',(-374.264003753662,497.,46.9318099021912));
#10851=CARTESIAN_POINT('',(-374.082695007324,497.,47.0069103240967));
#10852=CARTESIAN_POINT('',(-374.264003753662,500.,46.9318099021912));
#10853=CARTESIAN_POINT('',(-374.264003753662,497.,46.9318099021912));
#10854=CARTESIAN_POINT('Origin',(-374.264003753662,500.,46.9318099021912));
#10855=CARTESIAN_POINT('',(-374.082695007324,497.,47.0069103240967));
#10856=CARTESIAN_POINT('Origin',(-374.082695007324,497.,47.0069103240967));
#10857=CARTESIAN_POINT('',(-373.894119262695,497.,47.0612382888794));
#10858=CARTESIAN_POINT('',(-374.082695007324,500.,47.0069103240967));
#10859=CARTESIAN_POINT('',(-374.082695007324,497.,47.0069103240967));
#10860=CARTESIAN_POINT('Origin',(-374.082695007324,500.,47.0069103240967));
#10861=CARTESIAN_POINT('',(-373.894119262695,497.,47.0612382888794));
#10862=CARTESIAN_POINT('Origin',(-373.894119262695,497.,47.0612382888794));
#10863=CARTESIAN_POINT('',(-373.700645446777,497.,47.0941109657288));
#10864=CARTESIAN_POINT('',(-373.894119262695,500.,47.0612382888794));
#10865=CARTESIAN_POINT('',(-373.894119262695,497.,47.0612382888794));
#10866=CARTESIAN_POINT('Origin',(-373.894119262695,500.,47.0612382888794));
#10867=CARTESIAN_POINT('',(-373.700645446777,497.,47.0941109657288));
#10868=CARTESIAN_POINT('Origin',(-373.700645446777,497.,47.0941109657288));
#10869=CARTESIAN_POINT('',(-373.504707336426,497.,47.1051144599915));
#10870=CARTESIAN_POINT('',(-373.700645446777,500.,47.0941109657288));
#10871=CARTESIAN_POINT('',(-373.700645446777,497.,47.0941109657288));
#10872=CARTESIAN_POINT('Origin',(-373.700645446777,500.,47.0941109657288));
#10873=CARTESIAN_POINT('',(-373.504707336426,497.,47.1051144599915));
#10874=CARTESIAN_POINT('Origin',(-373.504707336426,497.,47.1051144599915));
#10875=CARTESIAN_POINT('',(-373.308769226074,497.,47.0941109657288));
#10876=CARTESIAN_POINT('',(-373.504707336426,500.,47.1051144599915));
#10877=CARTESIAN_POINT('',(-373.504707336426,497.,47.1051144599915));
#10878=CARTESIAN_POINT('Origin',(-373.504707336426,500.,47.1051144599915));
#10879=CARTESIAN_POINT('',(-373.308769226074,497.,47.0941109657288));
#10880=CARTESIAN_POINT('Origin',(-373.308769226074,497.,47.0941109657288));
#10881=CARTESIAN_POINT('',(-373.115295410156,497.,47.0612382888794));
#10882=CARTESIAN_POINT('',(-373.308769226074,500.,47.0941109657288));
#10883=CARTESIAN_POINT('',(-373.308769226074,497.,47.0941109657288));
#10884=CARTESIAN_POINT('Origin',(-373.308769226074,500.,47.0941109657288));
#10885=CARTESIAN_POINT('',(-373.115295410156,497.,47.0612382888794));
#10886=CARTESIAN_POINT('Origin',(-373.115295410156,497.,47.0612382888794));
#10887=CARTESIAN_POINT('',(-372.926719665527,497.,47.0069103240967));
#10888=CARTESIAN_POINT('',(-373.115295410156,500.,47.0612382888794));
#10889=CARTESIAN_POINT('',(-373.115295410156,497.,47.0612382888794));
#10890=CARTESIAN_POINT('Origin',(-373.115295410156,500.,47.0612382888794));
#10891=CARTESIAN_POINT('',(-372.926719665527,497.,47.0069103240967));
#10892=CARTESIAN_POINT('Origin',(-372.926719665527,497.,47.0069103240967));
#10893=CARTESIAN_POINT('',(-372.745410919189,497.,46.9318099021912));
#10894=CARTESIAN_POINT('',(-372.926719665527,500.,47.0069103240967));
#10895=CARTESIAN_POINT('',(-372.926719665527,497.,47.0069103240967));
#10896=CARTESIAN_POINT('Origin',(-372.926719665527,500.,47.0069103240967));
#10897=CARTESIAN_POINT('',(-372.745410919189,497.,46.9318099021912));
#10898=CARTESIAN_POINT('Origin',(-372.745410919189,497.,46.9318099021912));
#10899=CARTESIAN_POINT('',(-372.573650360107,497.,46.8368816375732));
#10900=CARTESIAN_POINT('',(-372.745410919189,500.,46.9318099021912));
#10901=CARTESIAN_POINT('',(-372.745410919189,497.,46.9318099021912));
#10902=CARTESIAN_POINT('Origin',(-372.745410919189,500.,46.9318099021912));
#10903=CARTESIAN_POINT('',(-372.573650360107,497.,46.8368816375732));
#10904=CARTESIAN_POINT('Origin',(-372.573650360107,497.,46.8368816375732));
#10905=CARTESIAN_POINT('',(-372.413600921631,497.,46.7233195304871));
#10906=CARTESIAN_POINT('',(-372.573650360107,500.,46.8368816375732));
#10907=CARTESIAN_POINT('',(-372.573650360107,497.,46.8368816375732));
#10908=CARTESIAN_POINT('Origin',(-372.573650360107,500.,46.8368816375732));
#10909=CARTESIAN_POINT('',(-372.413600921631,497.,46.7233195304871));
#10910=CARTESIAN_POINT('Origin',(-372.413600921631,497.,46.7233195304871));
#10911=CARTESIAN_POINT('',(-372.267269134521,497.,46.5925512313843));
#10912=CARTESIAN_POINT('',(-372.413600921631,500.,46.7233195304871));
#10913=CARTESIAN_POINT('',(-372.413600921631,497.,46.7233195304871));
#10914=CARTESIAN_POINT('Origin',(-372.413600921631,500.,46.7233195304871));
#10915=CARTESIAN_POINT('',(-372.267269134521,497.,46.5925512313843));
#10916=CARTESIAN_POINT('Origin',(-372.267269134521,497.,46.5925512313843));
#10917=CARTESIAN_POINT('',(-372.136501312256,497.,46.4462218284607));
#10918=CARTESIAN_POINT('',(-372.267269134521,500.,46.5925512313843));
#10919=CARTESIAN_POINT('',(-372.267269134521,497.,46.5925512313843));
#10920=CARTESIAN_POINT('Origin',(-372.267269134521,500.,46.5925512313843));
#10921=CARTESIAN_POINT('',(-372.136501312256,497.,46.4462218284607));
#10922=CARTESIAN_POINT('Origin',(-372.136501312256,497.,46.4462218284607));
#10923=CARTESIAN_POINT('',(-372.022941589355,497.,46.2861707210541));
#10924=CARTESIAN_POINT('',(-372.136501312256,500.,46.4462218284607));
#10925=CARTESIAN_POINT('',(-372.136501312256,497.,46.4462218284607));
#10926=CARTESIAN_POINT('Origin',(-372.136501312256,500.,46.4462218284607));
#10927=CARTESIAN_POINT('',(-372.022941589355,497.,46.2861707210541));
#10928=CARTESIAN_POINT('Origin',(-372.022941589355,497.,46.2861707210541));
#10929=CARTESIAN_POINT('',(-371.9280128479,497.,46.1144111156464));
#10930=CARTESIAN_POINT('',(-372.022941589355,500.,46.2861707210541));
#10931=CARTESIAN_POINT('',(-372.022941589355,497.,46.2861707210541));
#10932=CARTESIAN_POINT('Origin',(-372.022941589355,500.,46.2861707210541));
#10933=CARTESIAN_POINT('',(-371.9280128479,497.,46.1144111156464));
#10934=CARTESIAN_POINT('Origin',(-371.9280128479,497.,46.1144111156464));
#10935=CARTESIAN_POINT('',(-371.852912902832,497.,45.9331028461456));
#10936=CARTESIAN_POINT('',(-371.9280128479,500.,46.1144111156464));
#10937=CARTESIAN_POINT('',(-371.9280128479,497.,46.1144111156464));
#10938=CARTESIAN_POINT('Origin',(-371.9280128479,500.,46.1144111156464));
#10939=CARTESIAN_POINT('',(-371.852912902832,497.,45.9331028461456));
#10940=CARTESIAN_POINT('Origin',(-371.852912902832,497.,45.9331028461456));
#10941=CARTESIAN_POINT('',(-371.798583984375,497.,45.7445261478424));
#10942=CARTESIAN_POINT('',(-371.852912902832,500.,45.9331028461456));
#10943=CARTESIAN_POINT('',(-371.852912902832,497.,45.9331028461456));
#10944=CARTESIAN_POINT('Origin',(-371.852912902832,500.,45.9331028461456));
#10945=CARTESIAN_POINT('',(-371.798583984375,497.,45.7445261478424));
#10946=CARTESIAN_POINT('Origin',(-371.798583984375,497.,45.7445261478424));
#10947=CARTESIAN_POINT('',(-371.765712738037,497.,45.5510523319244));
#10948=CARTESIAN_POINT('',(-371.798583984375,500.,45.7445261478424));
#10949=CARTESIAN_POINT('',(-371.798583984375,497.,45.7445261478424));
#10950=CARTESIAN_POINT('Origin',(-371.798583984375,500.,45.7445261478424));
#10951=CARTESIAN_POINT('',(-371.765712738037,497.,45.5510523319244));
#10952=CARTESIAN_POINT('Origin',(-371.765712738037,497.,45.5510523319244));
#10953=CARTESIAN_POINT('',(-371.754707336426,497.,45.3551144599915));
#10954=CARTESIAN_POINT('',(-371.765712738037,500.,45.5510523319244));
#10955=CARTESIAN_POINT('',(-371.765712738037,497.,45.5510523319244));
#10956=CARTESIAN_POINT('Origin',(-371.765712738037,500.,45.5510523319244));
#10957=CARTESIAN_POINT('',(-371.754707336426,497.,45.3551144599915));
#10958=CARTESIAN_POINT('Origin',(-371.754707336426,497.,45.3551144599915));
#10959=CARTESIAN_POINT('',(-371.765712738037,497.,45.1591765880585));
#10960=CARTESIAN_POINT('',(-371.765712738037,497.,45.1591765880585));
#10961=CARTESIAN_POINT('Origin',(-371.754707336426,500.,45.3551144599915));
#10962=CARTESIAN_POINT('Origin',(-371.765712738037,497.,45.5510523319244));
#10963=CARTESIAN_POINT('',(-371.798583984375,497.,45.7445261478424));
#10964=CARTESIAN_POINT('',(-371.765712738037,494.,45.5510523319244));
#10965=CARTESIAN_POINT('Origin',(-371.765712738037,494.,45.5510523319244));
#10966=CARTESIAN_POINT('',(-371.798583984375,494.,45.7445261478424));
#10967=CARTESIAN_POINT('Origin',(-371.798583984375,497.,45.7445261478424));
#10968=CARTESIAN_POINT('',(-371.852912902832,497.,45.9331028461456));
#10969=CARTESIAN_POINT('Origin',(-371.798583984375,494.,45.7445261478424));
#10970=CARTESIAN_POINT('',(-371.852912902832,494.,45.9331028461456));
#10971=CARTESIAN_POINT('Origin',(-371.852912902832,497.,45.9331028461456));
#10972=CARTESIAN_POINT('',(-371.9280128479,497.,46.1144111156464));
#10973=CARTESIAN_POINT('Origin',(-371.852912902832,494.,45.9331028461456));
#10974=CARTESIAN_POINT('',(-371.9280128479,494.,46.1144111156464));
#10975=CARTESIAN_POINT('Origin',(-371.9280128479,497.,46.1144111156464));
#10976=CARTESIAN_POINT('',(-372.022941589355,497.,46.2861707210541));
#10977=CARTESIAN_POINT('Origin',(-371.9280128479,494.,46.1144111156464));
#10978=CARTESIAN_POINT('',(-372.022941589355,494.,46.2861707210541));
#10979=CARTESIAN_POINT('Origin',(-372.022941589355,497.,46.2861707210541));
#10980=CARTESIAN_POINT('',(-372.136501312256,497.,46.4462218284607));
#10981=CARTESIAN_POINT('Origin',(-372.022941589355,494.,46.2861707210541));
#10982=CARTESIAN_POINT('',(-372.136501312256,494.,46.4462218284607));
#10983=CARTESIAN_POINT('Origin',(-372.136501312256,497.,46.4462218284607));
#10984=CARTESIAN_POINT('',(-372.267269134521,497.,46.5925512313843));
#10985=CARTESIAN_POINT('Origin',(-372.136501312256,494.,46.4462218284607));
#10986=CARTESIAN_POINT('',(-372.267269134521,494.,46.5925512313843));
#10987=CARTESIAN_POINT('Origin',(-372.267269134521,497.,46.5925512313843));
#10988=CARTESIAN_POINT('',(-372.413600921631,497.,46.7233195304871));
#10989=CARTESIAN_POINT('Origin',(-372.267269134521,494.,46.5925512313843));
#10990=CARTESIAN_POINT('',(-372.413600921631,494.,46.7233195304871));
#10991=CARTESIAN_POINT('Origin',(-372.413600921631,497.,46.7233195304871));
#10992=CARTESIAN_POINT('',(-372.573650360107,497.,46.8368816375732));
#10993=CARTESIAN_POINT('Origin',(-372.413600921631,494.,46.7233195304871));
#10994=CARTESIAN_POINT('',(-372.573650360107,494.,46.8368816375732));
#10995=CARTESIAN_POINT('Origin',(-372.573650360107,497.,46.8368816375732));
#10996=CARTESIAN_POINT('',(-372.745410919189,497.,46.9318099021912));
#10997=CARTESIAN_POINT('Origin',(-372.573650360107,494.,46.8368816375732));
#10998=CARTESIAN_POINT('',(-372.745410919189,494.,46.9318099021912));
#10999=CARTESIAN_POINT('Origin',(-372.745410919189,497.,46.9318099021912));
#11000=CARTESIAN_POINT('',(-372.926719665527,497.,47.0069103240967));
#11001=CARTESIAN_POINT('Origin',(-372.745410919189,494.,46.9318099021912));
#11002=CARTESIAN_POINT('',(-372.926719665527,494.,47.0069103240967));
#11003=CARTESIAN_POINT('Origin',(-372.926719665527,497.,47.0069103240967));
#11004=CARTESIAN_POINT('',(-373.115295410156,497.,47.0612382888794));
#11005=CARTESIAN_POINT('Origin',(-372.926719665527,494.,47.0069103240967));
#11006=CARTESIAN_POINT('',(-373.115295410156,494.,47.0612382888794));
#11007=CARTESIAN_POINT('Origin',(-373.115295410156,497.,47.0612382888794));
#11008=CARTESIAN_POINT('',(-373.308769226074,497.,47.0941109657288));
#11009=CARTESIAN_POINT('Origin',(-373.115295410156,494.,47.0612382888794));
#11010=CARTESIAN_POINT('',(-373.308769226074,494.,47.0941109657288));
#11011=CARTESIAN_POINT('Origin',(-373.308769226074,497.,47.0941109657288));
#11012=CARTESIAN_POINT('',(-373.504707336426,497.,47.1051144599915));
#11013=CARTESIAN_POINT('Origin',(-373.308769226074,494.,47.0941109657288));
#11014=CARTESIAN_POINT('',(-373.504707336426,494.,47.1051144599915));
#11015=CARTESIAN_POINT('Origin',(-373.504707336426,497.,47.1051144599915));
#11016=CARTESIAN_POINT('',(-373.700645446777,497.,47.0941109657288));
#11017=CARTESIAN_POINT('Origin',(-373.504707336426,494.,47.1051144599915));
#11018=CARTESIAN_POINT('',(-373.700645446777,494.,47.0941109657288));
#11019=CARTESIAN_POINT('Origin',(-373.700645446777,497.,47.0941109657288));
#11020=CARTESIAN_POINT('',(-373.894119262695,497.,47.0612382888794));
#11021=CARTESIAN_POINT('Origin',(-373.700645446777,494.,47.0941109657288));
#11022=CARTESIAN_POINT('',(-373.894119262695,494.,47.0612382888794));
#11023=CARTESIAN_POINT('Origin',(-373.894119262695,497.,47.0612382888794));
#11024=CARTESIAN_POINT('',(-374.082695007324,497.,47.0069103240967));
#11025=CARTESIAN_POINT('Origin',(-373.894119262695,494.,47.0612382888794));
#11026=CARTESIAN_POINT('',(-374.082695007324,494.,47.0069103240967));
#11027=CARTESIAN_POINT('Origin',(-374.082695007324,497.,47.0069103240967));
#11028=CARTESIAN_POINT('',(-374.264003753662,497.,46.9318099021912));
#11029=CARTESIAN_POINT('Origin',(-374.082695007324,494.,47.0069103240967));
#11030=CARTESIAN_POINT('',(-374.264003753662,494.,46.9318099021912));
#11031=CARTESIAN_POINT('Origin',(-374.264003753662,497.,46.9318099021912));
#11032=CARTESIAN_POINT('',(-374.435764312744,497.,46.8368816375732));
#11033=CARTESIAN_POINT('Origin',(-374.264003753662,494.,46.9318099021912));
#11034=CARTESIAN_POINT('',(-374.435764312744,494.,46.8368816375732));
#11035=CARTESIAN_POINT('Origin',(-374.435764312744,497.,46.8368816375732));
#11036=CARTESIAN_POINT('',(-374.595813751221,497.,46.7233195304871));
#11037=CARTESIAN_POINT('Origin',(-374.435764312744,494.,46.8368816375732));
#11038=CARTESIAN_POINT('',(-374.595813751221,494.,46.7233195304871));
#11039=CARTESIAN_POINT('Origin',(-374.595813751221,497.,46.7233195304871));
#11040=CARTESIAN_POINT('',(-374.74214553833,497.,46.5925512313843));
#11041=CARTESIAN_POINT('Origin',(-374.595813751221,494.,46.7233195304871));
#11042=CARTESIAN_POINT('',(-374.74214553833,494.,46.5925512313843));
#11043=CARTESIAN_POINT('Origin',(-374.74214553833,497.,46.5925512313843));
#11044=CARTESIAN_POINT('',(-374.872913360596,497.,46.4462218284607));
#11045=CARTESIAN_POINT('Origin',(-374.74214553833,494.,46.5925512313843));
#11046=CARTESIAN_POINT('',(-374.872913360596,494.,46.4462218284607));
#11047=CARTESIAN_POINT('Origin',(-374.872913360596,497.,46.4462218284607));
#11048=CARTESIAN_POINT('',(-374.986476898193,497.,46.2861707210541));
#11049=CARTESIAN_POINT('Origin',(-374.872913360596,494.,46.4462218284607));
#11050=CARTESIAN_POINT('',(-374.986476898193,494.,46.2861707210541));
#11051=CARTESIAN_POINT('Origin',(-374.986476898193,497.,46.2861707210541));
#11052=CARTESIAN_POINT('',(-375.081401824951,497.,46.1144111156464));
#11053=CARTESIAN_POINT('Origin',(-374.986476898193,494.,46.2861707210541));
#11054=CARTESIAN_POINT('',(-375.081401824951,494.,46.1144111156464));
#11055=CARTESIAN_POINT('Origin',(-375.081401824951,497.,46.1144111156464));
#11056=CARTESIAN_POINT('',(-375.156505584717,497.,45.9331028461456));
#11057=CARTESIAN_POINT('Origin',(-375.081401824951,494.,46.1144111156464));
#11058=CARTESIAN_POINT('',(-375.156505584717,494.,45.9331028461456));
#11059=CARTESIAN_POINT('Origin',(-375.156505584717,497.,45.9331028461456));
#11060=CARTESIAN_POINT('',(-375.210830688477,497.,45.7445261478424));
#11061=CARTESIAN_POINT('Origin',(-375.156505584717,494.,45.9331028461456));
#11062=CARTESIAN_POINT('',(-375.210830688477,494.,45.7445261478424));
#11063=CARTESIAN_POINT('Origin',(-375.210830688477,497.,45.7445261478424));
#11064=CARTESIAN_POINT('',(-375.243705749512,497.,45.5510523319244));
#11065=CARTESIAN_POINT('Origin',(-375.210830688477,494.,45.7445261478424));
#11066=CARTESIAN_POINT('',(-375.243705749512,494.,45.5510523319244));
#11067=CARTESIAN_POINT('Origin',(-375.243705749512,497.,45.5510523319244));
#11068=CARTESIAN_POINT('',(-375.254707336426,497.,45.3551144599915));
#11069=CARTESIAN_POINT('Origin',(-375.243705749512,494.,45.5510523319244));
#11070=CARTESIAN_POINT('',(-375.254707336426,494.,45.3551144599915));
#11071=CARTESIAN_POINT('Origin',(-375.254707336426,497.,45.3551144599915));
#11072=CARTESIAN_POINT('',(-375.254707336426,494.,45.3551144599915));
#11073=CARTESIAN_POINT('Origin',(-375.254707336426,494.,45.3551144599915));
#11074=CARTESIAN_POINT('',(-375.243705749512,494.,45.1591765880585));
#11075=CARTESIAN_POINT('Origin',(-375.243705749512,497.,45.1591765880585));
#11076=CARTESIAN_POINT('',(-375.243705749512,494.,45.1591765880585));
#11077=CARTESIAN_POINT('Origin',(-375.243705749512,494.,45.1591765880585));
#11078=CARTESIAN_POINT('',(-375.210830688477,494.,44.9657027721405));
#11079=CARTESIAN_POINT('Origin',(-375.210830688477,497.,44.9657027721405));
#11080=CARTESIAN_POINT('',(-375.210830688477,494.,44.9657027721405));
#11081=CARTESIAN_POINT('Origin',(-375.210830688477,494.,44.9657027721405));
#11082=CARTESIAN_POINT('',(-375.156505584717,494.,44.7771260738373));
#11083=CARTESIAN_POINT('Origin',(-375.156505584717,497.,44.7771260738373));
#11084=CARTESIAN_POINT('',(-375.156505584717,494.,44.7771260738373));
#11085=CARTESIAN_POINT('Origin',(-375.156505584717,494.,44.7771260738373));
#11086=CARTESIAN_POINT('',(-375.081401824951,494.,44.5958180427551));
#11087=CARTESIAN_POINT('Origin',(-375.081401824951,497.,44.5958180427551));
#11088=CARTESIAN_POINT('',(-375.081401824951,494.,44.5958180427551));
#11089=CARTESIAN_POINT('Origin',(-375.081401824951,494.,44.5958180427551));
#11090=CARTESIAN_POINT('',(-374.986476898193,494.,44.4240584373474));
#11091=CARTESIAN_POINT('Origin',(-374.986476898193,497.,44.4240584373474));
#11092=CARTESIAN_POINT('',(-374.986476898193,494.,44.4240584373474));
#11093=CARTESIAN_POINT('Origin',(-374.986476898193,494.,44.4240584373474));
#11094=CARTESIAN_POINT('',(-374.872913360596,494.,44.2640073299408));
#11095=CARTESIAN_POINT('Origin',(-374.872913360596,497.,44.2640073299408));
#11096=CARTESIAN_POINT('',(-374.872913360596,494.,44.2640073299408));
#11097=CARTESIAN_POINT('Origin',(-374.872913360596,494.,44.2640073299408));
#11098=CARTESIAN_POINT('',(-374.74214553833,494.,44.1176776885986));
#11099=CARTESIAN_POINT('Origin',(-374.74214553833,497.,44.1176776885986));
#11100=CARTESIAN_POINT('',(-374.74214553833,494.,44.1176776885986));
#11101=CARTESIAN_POINT('Origin',(-374.74214553833,494.,44.1176776885986));
#11102=CARTESIAN_POINT('',(-374.595813751221,494.,43.9869093894958));
#11103=CARTESIAN_POINT('Origin',(-374.595813751221,497.,43.9869093894958));
#11104=CARTESIAN_POINT('',(-374.595813751221,494.,43.9869093894958));
#11105=CARTESIAN_POINT('Origin',(-374.595813751221,494.,43.9869093894958));
#11106=CARTESIAN_POINT('',(-374.435764312744,494.,43.8733471632004));
#11107=CARTESIAN_POINT('Origin',(-374.435764312744,497.,43.8733471632004));
#11108=CARTESIAN_POINT('',(-374.435764312744,494.,43.8733471632004));
#11109=CARTESIAN_POINT('Origin',(-374.435764312744,494.,43.8733471632004));
#11110=CARTESIAN_POINT('',(-374.264003753662,494.,43.7784190177917));
#11111=CARTESIAN_POINT('Origin',(-374.264003753662,497.,43.7784190177917));
#11112=CARTESIAN_POINT('',(-374.264003753662,494.,43.7784190177917));
#11113=CARTESIAN_POINT('Origin',(-374.264003753662,494.,43.7784190177917));
#11114=CARTESIAN_POINT('',(-374.082695007324,494.,43.7033187150955));
#11115=CARTESIAN_POINT('Origin',(-374.082695007324,497.,43.7033187150955));
#11116=CARTESIAN_POINT('',(-374.082695007324,494.,43.7033187150955));
#11117=CARTESIAN_POINT('Origin',(-374.082695007324,494.,43.7033187150955));
#11118=CARTESIAN_POINT('',(-373.894119262695,494.,43.6489906311035));
#11119=CARTESIAN_POINT('Origin',(-373.894119262695,497.,43.6489906311035));
#11120=CARTESIAN_POINT('',(-373.894119262695,494.,43.6489906311035));
#11121=CARTESIAN_POINT('Origin',(-373.894119262695,494.,43.6489906311035));
#11122=CARTESIAN_POINT('',(-373.700645446777,494.,43.6161181926727));
#11123=CARTESIAN_POINT('Origin',(-373.700645446777,497.,43.6161181926727));
#11124=CARTESIAN_POINT('',(-373.700645446777,494.,43.6161181926727));
#11125=CARTESIAN_POINT('Origin',(-373.700645446777,494.,43.6161181926727));
#11126=CARTESIAN_POINT('',(-373.504707336426,494.,43.6051144599915));
#11127=CARTESIAN_POINT('Origin',(-373.504707336426,497.,43.6051144599915));
#11128=CARTESIAN_POINT('',(-373.504707336426,494.,43.6051144599915));
#11129=CARTESIAN_POINT('Origin',(-373.504707336426,494.,43.6051144599915));
#11130=CARTESIAN_POINT('',(-373.308769226074,494.,43.6161181926727));
#11131=CARTESIAN_POINT('Origin',(-373.308769226074,497.,43.6161181926727));
#11132=CARTESIAN_POINT('',(-373.308769226074,494.,43.6161181926727));
#11133=CARTESIAN_POINT('Origin',(-373.308769226074,494.,43.6161181926727));
#11134=CARTESIAN_POINT('',(-373.115295410156,494.,43.6489906311035));
#11135=CARTESIAN_POINT('Origin',(-373.115295410156,497.,43.6489906311035));
#11136=CARTESIAN_POINT('',(-373.115295410156,494.,43.6489906311035));
#11137=CARTESIAN_POINT('Origin',(-373.115295410156,494.,43.6489906311035));
#11138=CARTESIAN_POINT('',(-372.926719665527,494.,43.7033187150955));
#11139=CARTESIAN_POINT('Origin',(-372.926719665527,497.,43.7033187150955));
#11140=CARTESIAN_POINT('',(-372.926719665527,494.,43.7033187150955));
#11141=CARTESIAN_POINT('Origin',(-372.926719665527,494.,43.7033187150955));
#11142=CARTESIAN_POINT('',(-372.745410919189,494.,43.7784190177917));
#11143=CARTESIAN_POINT('Origin',(-372.745410919189,497.,43.7784190177917));
#11144=CARTESIAN_POINT('',(-372.745410919189,494.,43.7784190177917));
#11145=CARTESIAN_POINT('Origin',(-372.745410919189,494.,43.7784190177917));
#11146=CARTESIAN_POINT('',(-372.573650360107,494.,43.8733471632004));
#11147=CARTESIAN_POINT('Origin',(-372.573650360107,497.,43.8733471632004));
#11148=CARTESIAN_POINT('',(-372.573650360107,494.,43.8733471632004));
#11149=CARTESIAN_POINT('Origin',(-372.573650360107,494.,43.8733471632004));
#11150=CARTESIAN_POINT('',(-372.413600921631,494.,43.9869093894958));
#11151=CARTESIAN_POINT('Origin',(-372.413600921631,497.,43.9869093894958));
#11152=CARTESIAN_POINT('',(-372.413600921631,494.,43.9869093894958));
#11153=CARTESIAN_POINT('Origin',(-372.413600921631,494.,43.9869093894958));
#11154=CARTESIAN_POINT('',(-372.267269134521,494.,44.1176776885986));
#11155=CARTESIAN_POINT('Origin',(-372.267269134521,497.,44.1176776885986));
#11156=CARTESIAN_POINT('',(-372.267269134521,494.,44.1176776885986));
#11157=CARTESIAN_POINT('Origin',(-372.267269134521,494.,44.1176776885986));
#11158=CARTESIAN_POINT('',(-372.136501312256,494.,44.2640073299408));
#11159=CARTESIAN_POINT('Origin',(-372.136501312256,497.,44.2640073299408));
#11160=CARTESIAN_POINT('',(-372.136501312256,494.,44.2640073299408));
#11161=CARTESIAN_POINT('Origin',(-372.136501312256,494.,44.2640073299408));
#11162=CARTESIAN_POINT('',(-372.022941589355,494.,44.4240584373474));
#11163=CARTESIAN_POINT('Origin',(-372.022941589355,497.,44.4240584373474));
#11164=CARTESIAN_POINT('',(-372.022941589355,494.,44.4240584373474));
#11165=CARTESIAN_POINT('Origin',(-372.022941589355,494.,44.4240584373474));
#11166=CARTESIAN_POINT('',(-371.9280128479,494.,44.5958180427551));
#11167=CARTESIAN_POINT('Origin',(-371.9280128479,497.,44.5958180427551));
#11168=CARTESIAN_POINT('',(-371.9280128479,494.,44.5958180427551));
#11169=CARTESIAN_POINT('Origin',(-371.9280128479,494.,44.5958180427551));
#11170=CARTESIAN_POINT('',(-371.852912902832,494.,44.7771260738373));
#11171=CARTESIAN_POINT('Origin',(-371.852912902832,497.,44.7771260738373));
#11172=CARTESIAN_POINT('',(-371.852912902832,494.,44.7771260738373));
#11173=CARTESIAN_POINT('Origin',(-371.852912902832,494.,44.7771260738373));
#11174=CARTESIAN_POINT('',(-371.798583984375,494.,44.9657027721405));
#11175=CARTESIAN_POINT('Origin',(-371.798583984375,497.,44.9657027721405));
#11176=CARTESIAN_POINT('',(-371.798583984375,494.,44.9657027721405));
#11177=CARTESIAN_POINT('Origin',(-371.798583984375,494.,44.9657027721405));
#11178=CARTESIAN_POINT('',(-371.765712738037,494.,45.1591765880585));
#11179=CARTESIAN_POINT('Origin',(-371.765712738037,497.,45.1591765880585));
#11180=CARTESIAN_POINT('',(-371.765712738037,494.,45.1591765880585));
#11181=CARTESIAN_POINT('Origin',(-371.765712738037,494.,45.1591765880585));
#11182=CARTESIAN_POINT('',(-371.754707336426,494.,45.3551144599915));
#11183=CARTESIAN_POINT('Origin',(-371.754707336426,497.,45.3551144599915));
#11184=CARTESIAN_POINT('',(-371.765712738037,497.,45.5510523319244));
#11185=CARTESIAN_POINT('Origin',(-371.754707336426,494.,45.3551144599915));
#11186=UNCERTAINTY_MEASURE_WITH_UNIT(LENGTH_MEASURE(0.01),#11190,
'DISTANCE_ACCURACY_VALUE',
'Maximum model space distance between geometric entities at asserted c
onnectivities');
#11187=UNCERTAINTY_MEASURE_WITH_UNIT(LENGTH_MEASURE(0.01),#11190,
'DISTANCE_ACCURACY_VALUE',
'Maximum model space distance between geometric entities at asserted c
onnectivities');
#11188=(
GEOMETRIC_REPRESENTATION_CONTEXT(3)
GLOBAL_UNCERTAINTY_ASSIGNED_CONTEXT((#11186))
GLOBAL_UNIT_ASSIGNED_CONTEXT((#11190,#11192,#11193))
REPRESENTATION_CONTEXT('','3D')
);
#11189=(
GEOMETRIC_REPRESENTATION_CONTEXT(3)
GLOBAL_UNCERTAINTY_ASSIGNED_CONTEXT((#11187))
GLOBAL_UNIT_ASSIGNED_CONTEXT((#11190,#11192,#11193))
REPRESENTATION_CONTEXT('','3D')
);
#11190=(
LENGTH_UNIT()
NAMED_UNIT(*)
SI_UNIT(.MILLI.,.METRE.)
);
#11191=(
LENGTH_UNIT()
NAMED_UNIT(*)
SI_UNIT($,.METRE.)
);
#11192=(
NAMED_UNIT(*)
PLANE_ANGLE_UNIT()
SI_UNIT($,.RADIAN.)
);
#11193=(
NAMED_UNIT(*)
SI_UNIT($,.STERADIAN.)
SOLID_ANGLE_UNIT()
);
#11194=SHAPE_DEFINITION_REPRESENTATION(#11195,#11196);
#11195=PRODUCT_DEFINITION_SHAPE('',$,#11198);
#11196=SHAPE_REPRESENTATION('',(#6892),#11188);
#11197=PRODUCT_DEFINITION_CONTEXT('part definition',#11202,'design');
#11198=PRODUCT_DEFINITION('jig block v2','jig block v2 v1',#11199,#11197);
#11199=PRODUCT_DEFINITION_FORMATION('',$,#11204);
#11200=PRODUCT_RELATED_PRODUCT_CATEGORY('jig block v2 v1',
'jig block v2 v1',(#11204));
#11201=APPLICATION_PROTOCOL_DEFINITION('international standard',
'automotive_design',2009,#11202);
#11202=APPLICATION_CONTEXT(
'Core Data for Automotive Mechanical Design Process');
#11203=PRODUCT_CONTEXT('part definition',#11202,'mechanical');
#11204=PRODUCT('jig block v2','jig block v2 v1',$,(#11203));
#11205=PRESENTATION_STYLE_ASSIGNMENT((#11206));
#11206=SURFACE_STYLE_USAGE(.BOTH.,#11207);
#11207=SURFACE_SIDE_STYLE('',(#11208));
#11208=SURFACE_STYLE_FILL_AREA(#11209);
#11209=FILL_AREA_STYLE('Steel - Satin',(#11210));
#11210=FILL_AREA_STYLE_COLOUR('Steel - Satin',#11211);
#11211=COLOUR_RGB('Steel - Satin',0.627450980392157,0.627450980392157,0.627450980392157);
ENDSEC;
END-ISO-10303-21;
