  0
SECTION
  2
HEADER
  9
$ACADVER
  1
AC1032
  9
$ACADMAINTVER
 90
       55
  9
$DWGCODEPAGE
  3
ANSI_950
  9
$LASTSAVEDBY
  1
HKPC
  9
$REQUIREDVERSIONS
160
                 0
  9
$INSBASE
 10
0.0
 20
0.0
 30
0.0
  9
$EXTMIN
 10
-221.9618
 20
26.563
 30
0.0
  9
$EXTMAX
 10
55.3176
 20
151.4578
 30
0.0
  9
$LIMMIN
 10
0.0
 20
0.0
  9
$LIMMAX
 10
12.0
 20
9.0
  9
$ORTHOMODE
 70
     0
  9
$REGENMODE
 70
     1
  9
$FILLMODE
 70
     1
  9
$QTEXTMODE
 70
     0
  9
$MIRRTEXT
 70
     0
  9
$LTSCALE
 40
1.0
  9
$ATTMODE
 70
     1
  9
$TEXTSIZE
 40
0.2
  9
$TRACEWID
 40
0.05
  9
$TEXTSTYLE
  7
Standard
  9
$CLAYER
  8
0
  9
$CELTYPE
  6
ByLayer
  9
$CECOLOR
 62
   256
  9
$CELTSCALE
 40
1.0
  9
$DISPSILH
 70
     0
  9
$DIMSCALE
 40
1.0
  9
$DIMASZ
 40
0.18
  9
$DIMEXO
 40
0.0625
  9
$DIMDLI
 40
0.38
  9
$DIMRND
 40
0.0
  9
$DIMDLE
 40
0.0
  9
$DIMEXE
 40
0.18
  9
$DIMTP
 40
0.0
  9
$DIMTM
 40
0.0
  9
$DIMTXT
 40
0.18
  9
$DIMCEN
 40
0.09
  9
$DIMTSZ
 40
0.0
  9
$DIMTOL
 70
     0
  9
$DIMLIM
 70
     0
  9
$DIMTIH
 70
     1
  9
$DIMTOH
 70
     1
  9
$DIMSE1
 70
     0
  9
$DIMSE2
 70
     0
  9
$DIMTAD
 70
     0
  9
$DIMZIN
 70
     0
  9
$DIMBLK
  1

  9
$DIMASO
 70
     1
  9
$DIMSHO
 70
     1
  9
$DIMPOST
  1

  9
$DIMAPOST
  1

  9
$DIMALT
 70
     0
  9
$DIMALTD
 70
     2
  9
$DIMALTF
 40
25.4
  9
$DIMLFAC
 40
1.0
  9
$DIMTOFL
 70
     0
  9
$DIMTVP
 40
0.0
  9
$DIMTIX
 70
     0
  9
$DIMSOXD
 70
     0
  9
$DIMSAH
 70
     0
  9
$DIMBLK1
  1

  9
$DIMBLK2
  1

  9
$DIMSTYLE
  2
Standard
  9
$DIMCLRD
 70
     0
  9
$DIMCLRE
 70
     0
  9
$DIMCLRT
 70
     0
  9
$DIMTFAC
 40
1.0
  9
$DIMGAP
 40
0.09
  9
$DIMJUST
 70
     0
  9
$DIMSD1
 70
     0
  9
$DIMSD2
 70
     0
  9
$DIMTOLJ
 70
     1
  9
$DIMTZIN
 70
     0
  9
$DIMALTZ
 70
     0
  9
$DIMALTTZ
 70
     0
  9
$DIMUPT
 70
     0
  9
$DIMDEC
 70
     4
  9
$DIMTDEC
 70
     4
  9
$DIMALTU
 70
     2
  9
$DIMALTTD
 70
     2
  9
$DIMTXSTY
  7
Standard
  9
$DIMAUNIT
 70
     0
  9
$DIMADEC
 70
     0
  9
$DIMALTRND
 40
0.0
  9
$DIMAZIN
 70
     0
  9
$DIMDSEP
 70
    46
  9
$DIMATFIT
 70
     3
  9
$DIMFRAC
 70
     0
  9
$DIMLDRBLK
  1

  9
$DIMLUNIT
 70
     2
  9
$DIMLWD
 70
    -2
  9
$DIMLWE
 70
    -2
  9
$DIMTMOVE
 70
     0
  9
$DIMFXL
 40
1.0
  9
$DIMFXLON
 70
     0
  9
$DIMJOGANG
 40
0.7853981633974483
  9
$DIMTFILL
 70
     0
  9
$DIMTFILLCLR
 70
     0
  9
$DIMARCSYM
 70
     0
  9
$DIMLTYPE
  6

  9
$DIMLTEX1
  6

  9
$DIMLTEX2
  6

  9
$DIMTXTDIRECTION
 70
     0
  9
$LUNITS
 70
     2
  9
$LUPREC
 70
     4
  9
$SKETCHINC
 40
0.1
  9
$FILLETRAD
 40
0.0
  9
$AUNITS
 70
     0
  9
$AUPREC
 70
     0
  9
$MENU
  1
.
  9
$ELEVATION
 40
0.0
  9
$PELEVATION
 40
0.0
  9
$THICKNESS
 40
0.0
  9
$LIMCHECK
 70
     0
  9
$CHAMFERA
 40
0.0
  9
$CHAMFERB
 40
0.0
  9
$CHAMFERC
 40
0.0
  9
$CHAMFERD
 40
0.0
  9
$SKPOLY
 70
     0
  9
$TDCREATE
 40
2461258.765871852
  9
$TDUCREATE
 40
2461258.432538519
  9
$TDUPDATE
 40
2461258.765871968
  9
$TDUUPDATE
 40
2461258.432538634
  9
$TDINDWG
 40
0.0000000116
  9
$TDUSRTIMER
 40
0.0000000116
  9
$USRTIMER
 70
     1
  9
$ANGBASE
 50
0.0
  9
$ANGDIR
 70
     0
  9
$PDMODE
 70
     0
  9
$PDSIZE
 40
0.0
  9
$PLINEWID
 40
0.0
  9
$SPLFRAME
 70
     0
  9
$SPLINETYPE
 70
     6
  9
$SPLINESEGS
 70
     8
  9
$HANDSEED
  5
87
  9
$SURFTAB1
 70
     6
  9
$SURFTAB2
 70
     6
  9
$SURFTYPE
 70
     6
  9
$SURFU
 70
     6
  9
$SURFV
 70
     6
  9
$UCSBASE
  2

  9
$UCSNAME
  2

  9
$UCSORG
 10
0.0
 20
0.0
 30
0.0
  9
$UCSXDIR
 10
1.0
 20
0.0
 30
0.0
  9
$UCSYDIR
 10
0.0
 20
1.0
 30
0.0
  9
$UCSORTHOREF
  2

  9
$UCSORTHOVIEW
 70
     0
  9
$UCSORGTOP
 10
0.0
 20
0.0
 30
0.0
  9
$UCSORGBOTTOM
 10
0.0
 20
0.0
 30
0.0
  9
$UCSORGLEFT
 10
0.0
 20
0.0
 30
0.0
  9
$UCSORGRIGHT
 10
0.0
 20
0.0
 30
0.0
  9
$UCSORGFRONT
 10
0.0
 20
0.0
 30
0.0
  9
$UCSORGBACK
 10
0.0
 20
0.0
 30
0.0
  9
$PUCSBASE
  2

  9
$PUCSNAME
  2

  9
$PUCSORG
 10
0.0
 20
0.0
 30
0.0
  9
$PUCSXDIR
 10
1.0
 20
0.0
 30
0.0
  9
$PUCSYDIR
 10
0.0
 20
1.0
 30
0.0
  9
$PUCSORTHOREF
  2

  9
$PUCSORTHOVIEW
 70
     0
  9
$PUCSORGTOP
 10
0.0
 20
0.0
 30
0.0
  9
$PUCSORGBOTTOM
 10
0.0
 20
0.0
 30
0.0
  9
$PUCSORGLEFT
 10
0.0
 20
0.0
 30
0.0
  9
$PUCSORGRIGHT
 10
0.0
 20
0.0
 30
0.0
  9
$PUCSORGFRONT
 10
0.0
 20
0.0
 30
0.0
  9
$PUCSORGBACK
 10
0.0
 20
0.0
 30
0.0
  9
$USERI1
 70
     0
  9
$USERI2
 70
     0
  9
$USERI3
 70
     0
  9
$USERI4
 70
     0
  9
$USERI5
 70
     0
  9
$USERR1
 40
0.0
  9
$USERR2
 40
0.0
  9
$USERR3
 40
0.0
  9
$USERR4
 40
0.0
  9
$USERR5
 40
0.0
  9
$WORLDVIEW
 70
     1
  9
$SHADEDGE
 70
     3
  9
$SHADEDIF
 70
    70
  9
$TILEMODE
 70
     1
  9
$MAXACTVP
 70
    64
  9
$PINSBASE
 10
0.0
 20
0.0
 30
0.0
  9
$PLIMCHECK
 70
     0
  9
$PEXTMIN
 10
1.000000000000000E+20
 20
1.000000000000000E+20
 30
1.000000000000000E+20
  9
$PEXTMAX
 10
-1.000000000000000E+20
 20
-1.000000000000000E+20
 30
-1.000000000000000E+20
  9
$PLIMMIN
 10
0.0
 20
0.0
  9
$PLIMMAX
 10
12.0
 20
9.0
  9
$UNITMODE
 70
     0
  9
$VISRETAIN
 70
     1
  9
$PLINEGEN
 70
     0
  9
$PSLTSCALE
 70
     1
  9
$TREEDEPTH
 70
  3020
  9
$CMLSTYLE
  2
Standard
  9
$CMLJUST
 70
     0
  9
$CMLSCALE
 40
1.0
  9
$PROXYGRAPHICS
 70
     1
  9
$MEASUREMENT
 70
     0
  9
$CELWEIGHT
370
    -1
  9
$ENDCAPS
280
     0
  9
$JOINSTYLE
280
     0
  9
$LWDISPLAY
290
     0
  9
$INSUNITS
 70
     4
  9
$HYPERLINKBASE
  1

  9
$STYLESHEET
  1

  9
$XEDIT
290
     1
  9
$CEPSNTYPE
380
     0
  9
$PSTYLEMODE
290
     1
  9
$FINGERPRINTGUID
  2
{499e568b-8d66-4bbb-aee8-79ef1c1d7909}
  9
$VERSIONGUID
  2
{FAEB1C32-E019-11D5-929B-00C0DF256EC4}
  9
$EXTNAMES
290
     1
  9
$PSVPSCALE
 40
0.0
  9
$OLESTARTUP
290
     0
  9
$SORTENTS
280
   127
  9
$INDEXCTL
280
     0
  9
$HIDETEXT
280
     1
  9
$XCLIPFRAME
280
     2
  9
$HALOGAP
280
     0
  9
$OBSCOLOR
 70
   257
  9
$OBSLTYPE
280
     0
  9
$INTERSECTIONDISPLAY
280
     0
  9
$INTERSECTIONCOLOR
 70
   257
  9
$DIMASSOC
280
     2
  9
$PROJECTNAME
  1

  9
$CAMERADISPLAY
290
     0
  9
$LENSLENGTH
 40
50.0
  9
$CAMERAHEIGHT
 40
0.0
  9
$STEPSPERSEC
 40
2.0
  9
$STEPSIZE
 40
6.0
  9
$3DDWFPREC
 40
2.0
  9
$PSOLWIDTH
 40
0.25
  9
$PSOLHEIGHT
 40
4.0
  9
$LOFTANG1
 40
1.570796326794897
  9
$LOFTANG2
 40
1.570796326794897
  9
$LOFTMAG1
 40
0.0
  9
$LOFTMAG2
 40
0.0
  9
$LOFTPARAM
 70
     7
  9
$LOFTNORMALS
280
     1
  9
$LATITUDE
 40
37.795
  9
$LONGITUDE
 40
-122.394
  9
$NORTHDIRECTION
 40
0.0
  9
$TIMEZONE
 70
 -8000
  9
$LIGHTGLYPHDISPLAY
280
     1
  9
$TILEMODELIGHTSYNCH
280
     1
  9
$CMATERIAL
347
44
  9
$SOLIDHIST
280
     0
  9
$SHOWHIST
280
     1
  9
$DWFFRAME
280
     2
  9
$DGNFRAME
280
     2
  9
$REALWORLDSCALE
290
     1
  9
$INTERFERECOLOR
 62
   256
  9
$CSHADOW
280
     0
  9
$SHADOWPLANELOCATION
 40
0.0
  0
ENDSEC
  0
SECTION
  2
CLASSES
  0
CLASS
  1
ACDBDICTIONARYWDFLT
  2
AcDbDictionaryWithDefault
  3
ObjectDBX Classes
 90
        0
 91
        3
280
     0
281
     0
  0
CLASS
  1
VISUALSTYLE
  2
AcDbVisualStyle
  3
ObjectDBX Classes
 90
     4095
 91
        3
280
     0
281
     0
  0
CLASS
  1
MATERIAL
  2
AcDbMaterial
  3
ObjectDBX Classes
 90
     1153
 91
        3
280
     0
281
     0
  0
CLASS
  1
SCALE
  2
AcDbScale
  3
ObjectDBX Classes
 90
     1153
 91
        3
280
     0
281
     0
  0
CLASS
  1
TABLESTYLE
  2
AcDbTableStyle
  3
ObjectDBX Classes
 90
     4095
 91
        3
280
     0
281
     0
  0
CLASS
  1
MLEADERSTYLE
  2
AcDbMLeaderStyle
  3
ACDB_MLEADERSTYLE_CLASS
 90
     4095
 91
        3
280
     0
281
     0
  0
CLASS
  1
SUN
  2
AcDbSun
  3
SCENEOE
 90
     1153
 91
        3
280
     0
281
     0
  0
CLASS
  1
DICTIONARYVAR
  2
AcDbDictionaryVar
  3
ObjectDBX Classes
 90
        0
 91
        3
280
     0
281
     0
  0
CLASS
  1
CELLSTYLEMAP
  2
AcDbCellStyleMap
  3
ObjectDBX Classes
 90
     1152
 91
        3
280
     0
281
     0
  0
ENDSEC
  0
SECTION
  2
TABLES
  0
TABLE
  2
VPORT
  5
8
330
0
100
AcDbSymbolTable
 70
     1
  0
VPORT
  5
29
330
8
100
AcDbSymbolTableRecord
100
AcDbViewportTableRecord
  2
*Active
 70
     0
 10
0.0
 20
0.0
 11
1.0
 21
1.0
 12
10.42990654205607
 22
4.5
 13
0.0
 23
0.0
 14
0.5
 24
0.5
 15
0.5
 25
0.5
 16
0.0
 26
0.0
 36
1.0
 17
0.0
 27
0.0
 37
0.0
 40
9.0
 41
1.972972972850329
 42
50.0
 43
0.0
 44
0.0
 50
0.0
 51
0.0
 71
     0
 72
   100
 73
     1
 74
     3
 75
     0
 76
     0
 77
     0
 78
     0
281
     0
 65
     1
110
0.0
120
0.0
130
0.0
111
1.0
121
0.0
131
0.0
112
0.0
122
1.0
132
0.0
 79
     0
146
0.0
348
2F
 60
     3
 61
     5
292
     1
282
     1
141
0.0
142
0.0
 63
   250
361
5D
  0
ENDTAB
  0
TABLE
  2
LTYPE
  5
5
330
0
100
AcDbSymbolTable
 70
     1
  0
LTYPE
  5
14
330
5
100
AcDbSymbolTableRecord
100
AcDbLinetypeTableRecord
  2
ByBlock
 70
     0
  3

 72
    65
 73
     0
 40
0.0
  0
LTYPE
  5
15
330
5
100
AcDbSymbolTableRecord
100
AcDbLinetypeTableRecord
  2
ByLayer
 70
     0
  3

 72
    65
 73
     0
 40
0.0
  0
LTYPE
  5
16
330
5
100
AcDbSymbolTableRecord
100
AcDbLinetypeTableRecord
  2
Continuous
 70
     0
  3
Solid line
 72
    65
 73
     0
 40
0.0
  0
ENDTAB
  0
TABLE
  2
LAYER
  5
2
330
0
100
AcDbSymbolTable
 70
     3
  0
LAYER
  5
10
330
2
100
AcDbSymbolTableRecord
100
AcDbLayerTableRecord
  2
0
 70
     0
 62
     7
  6
Continuous
370
    -3
390
F
347
46
348
0
  0
LAYER
  5
5F
330
2
100
AcDbSymbolTableRecord
100
AcDbLayerTableRecord
  2
Layer_2
 70
     0
 62
     7
  6
Continuous
370
    -3
390
F
347
46
348
0
  0
LAYER
  5
61
330
2
100
AcDbSymbolTableRecord
100
AcDbLayerTableRecord
  2
#Layer 1
 70
     0
 62
     7
  6
Continuous
370
    -3
390
F
347
46
348
0
  0
ENDTAB
  0
TABLE
  2
STYLE
  5
3
330
0
100
AcDbSymbolTable
 70
     1
  0
STYLE
  5
11
330
3
100
AcDbSymbolTableRecord
100
AcDbTextStyleTableRecord
  2
Standard
 70
     0
 40
0.0
 41
1.0
 50
0.0
 71
     0
 42
0.2
  3
txt
  4

  0
ENDTAB
  0
TABLE
  2
VIEW
  5
6
330
0
100
AcDbSymbolTable
 70
     0
  0
ENDTAB
  0
TABLE
  2
UCS
  5
7
330
0
100
AcDbSymbolTable
 70
     0
  0
ENDTAB
  0
TABLE
  2
APPID
  5
9
330
0
100
AcDbSymbolTable
 70
     2
  0
APPID
  5
12
330
9
100
AcDbSymbolTableRecord
100
AcDbRegAppTableRecord
  2
ACAD
 70
     0
  0
APPID
  5
5E
330
9
100
AcDbSymbolTableRecord
100
AcDbRegAppTableRecord
  2
ODA
 70
     0
  0
ENDTAB
  0
TABLE
  2
DIMSTYLE
  5
A
330
0
100
AcDbSymbolTable
 70
     1
100
AcDbDimStyleTable
  0
DIMSTYLE
105
27
330
A
100
AcDbSymbolTableRecord
100
AcDbDimStyleTableRecord
  2
Standard
 70
     0
178
     0
340
11
  0
ENDTAB
  0
TABLE
  2
BLOCK_RECORD
  5
1
330
0
100
AcDbSymbolTable
 70
     1
  0
BLOCK_RECORD
  5
1F
330
1
100
AcDbSymbolTableRecord
100
AcDbBlockTableRecord
  2
*Model_Space
340
22
 70
     0
280
     1
281
     0
  0
BLOCK_RECORD
  5
1B
330
1
100
AcDbSymbolTableRecord
100
AcDbBlockTableRecord
  2
*Paper_Space
340
1E
 70
     0
280
     1
281
     0
  0
BLOCK_RECORD
  5
23
330
1
100
AcDbSymbolTableRecord
100
AcDbBlockTableRecord
  2
*Paper_Space0
340
26
 70
     0
280
     1
281
     0
  0
ENDTAB
  0
ENDSEC
  0
SECTION
  2
BLOCKS
  0
BLOCK
  5
20
330
1F
100
AcDbEntity
  8
0
100
AcDbBlockBegin
  2
*Model_Space
 70
     0
 10
0.0
 20
0.0
 30
0.0
  3
*Model_Space
  1

  0
ENDBLK
  5
21
330
1F
100
AcDbEntity
  8
0
100
AcDbBlockEnd
  0
BLOCK
  5
1C
330
1B
100
AcDbEntity
 67
     1
  8
0
100
AcDbBlockBegin
  2
*Paper_Space
 70
     0
 10
0.0
 20
0.0
 30
0.0
  3
*Paper_Space
  1

  0
ENDBLK
  5
1D
330
1B
100
AcDbEntity
 67
     1
  8
0
100
AcDbBlockEnd
  0
BLOCK
  5
24
330
23
100
AcDbEntity
  8
0
100
AcDbBlockBegin
  2
*Paper_Space0
 70
     0
 10
0.0
 20
0.0
 30
0.0
  3
*Paper_Space0
  1

  0
ENDBLK
  5
25
330
23
100
AcDbEntity
  8
0
100
AcDbBlockEnd
  0
ENDSEC
  0
SECTION
  2
ENTITIES
  0
SPLINE
  5
60
330
1F
100
AcDbEntity
  8
Layer_2
 62
     1
370
     9
100
AcDbSpline
210
0.0
220
0.0
230
1.0
 70
    11
 71
     3
 72
    17
 73
    13
 74
     0
 42
0.0000000001
 43
0.0000000001
 40
0.0
 40
0.0
 40
0.0
 40
0.0
 40
0.25
 40
0.25
 40
0.25
 40
0.5
 40
0.5
 40
0.5
 40
0.75
 40
0.75
 40
0.75
 40
1.0
 40
1.0
 40
1.0
 40
1.0
 10
-175.0382
 20
122.5308
 30
0.0
 10
-174.0718
 20
122.5308
 30
0.0
 10
-173.2882
 20
121.7472
 30
0.0
 10
-173.2882
 20
120.7808
 30
0.0
 10
-173.2882
 20
119.8144
 30
0.0
 10
-174.0718
 20
119.0308
 30
0.0
 10
-175.0382
 20
119.0308
 30
0.0
 10
-176.0046
 20
119.0308
 30
0.0
 10
-176.7882
 20
119.8144
 30
0.0
 10
-176.7882
 20
120.7808
 30
0.0
 10
-176.7882
 20
121.7472
 30
0.0
 10
-176.0046
 20
122.5308
 30
0.0
 10
-175.0382
 20
122.5308
 30
0.0
  0
SPLINE
  5
62
330
1F
100
AcDbEntity
  8
#Layer 1
100
AcDbSpline
210
0.0
220
0.0
230
1.0
 70
    11
 71
     3
 72
    77
 73
    73
 74
     0
 42
0.0000000001
 43
0.0000000001
 40
0.0
 40
0.0
 40
0.0
 40
0.0
 40
0.0416666666666667
 40
0.0416666666666667
 40
0.0416666666666667
 40
0.0833333333333333
 40
0.0833333333333333
 40
0.0833333333333333
 40
0.125
 40
0.125
 40
0.125
 40
0.1666666666666667
 40
0.1666666666666667
 40
0.1666666666666667
 40
0.2083333333333333
 40
0.2083333333333333
 40
0.2083333333333333
 40
0.25
 40
0.25
 40
0.25
 40
0.2916666666666666
 40
0.2916666666666666
 40
0.2916666666666666
 40
0.3333333333333333
 40
0.3333333333333333
 40
0.3333333333333333
 40
0.375
 40
0.375
 40
0.375
 40
0.4166666666666666
 40
0.4166666666666666
 40
0.4166666666666666
 40
0.4583333333333333
 40
0.4583333333333333
 40
0.4583333333333333
 40
0.5
 40
0.5
 40
0.5
 40
0.5416666666666666
 40
0.5416666666666666
 40
0.5416666666666666
 40
0.5833333333333333
 40
0.5833333333333333
 40
0.5833333333333333
 40
0.625
 40
0.625
 40
0.625
 40
0.6666666666666666
 40
0.6666666666666666
 40
0.6666666666666666
 40
0.7083333333333333
 40
0.7083333333333333
 40
0.7083333333333333
 40
0.75
 40
0.75
 40
0.75
 40
0.7916666666666666
 40
0.7916666666666666
 40
0.7916666666666666
 40
0.8333333333333333
 40
0.8333333333333333
 40
0.8333333333333333
 40
0.875
 40
0.875
 40
0.875
 40
0.9166666666666666
 40
0.9166666666666666
 40
0.9166666666666666
 40
0.9583333333333333
 40
0.9583333333333333
 40
0.9583333333333333
 40
1.0
 40
1.0
 40
1.0
 40
1.0
 10
-100.7454
 20
111.6138
 30
0.0
 10
-100.6153
 20
111.6347
 30
0.0
 10
-100.4925
 20
111.6873
 30
0.0
 10
-100.3879
 20
111.7673
 30
0.0
 10
-100.2763
 20
111.8423
 30
0.0
 10
-100.1815
 20
111.9395
 30
0.0
 10
-100.1094
 20
112.0529
 30
0.0
 10
-100.0494
 20
112.1559
 30
0.0
 10
-100.0066
 20
112.2679
 30
0.0
 10
-99.9826
 20
112.3846
 30
0.0
 10
-99.9533
 20
112.5275
 30
0.0
 10
-99.9393
 20
112.6732
 30
0.0
 10
-99.9408
 20
112.8193
 30
0.0
 10
-99.9408
 20
112.8193
 30
0.0
 10
-100.0402
 20
115.2018
 30
0.0
 10
-100.0402
 20
115.2018
 30
0.0
 10
-100.0914
 20
117.1213
 30
0.0
 10
-100.1028
 20
119.0422
 30
0.0
 10
-100.0747
 20
120.962
 30
0.0
 10
-100.0685
 20
121.3588
 30
0.0
 10
-100.0571
 20
121.7552
 30
0.0
 10
-100.0402
 20
122.1516
 30
0.0
 10
-100.0402
 20
122.1516
 30
0.0
 10
-100.0445
 20
122.259
 30
0.0
 10
-100.0445
 20
122.259
 30
0.0
 10
-100.0607
 20
122.5307
 30
0.0
 10
-100.1708
 20
122.7883
 30
0.0
 10
-100.3559
 20
122.988
 30
0.0
 10
-100.4734
 20
123.1075
 30
0.0
 10
-100.6255
 20
123.1873
 30
0.0
 10
-100.7906
 20
123.216
 30
0.0
 10
-100.9565
 20
123.2492
 30
0.0
 10
-101.1278
 20
123.2428
 30
0.0
 10
-101.2909
 20
123.1974
 30
0.0
 10
-101.5255
 20
123.1264
 30
0.0
 10
-101.734
 20
122.988
 30
0.0
 10
-101.8904
 20
122.799
 30
0.0
 10
-101.9807
 20
122.6766
 30
0.0
 10
-102.0403
 20
122.5342
 30
0.0
 10
-102.0643
 20
122.3839
 30
0.0
 10
-102.0797
 20
122.2987
 30
0.0
 10
-102.0872
 20
122.2124
 30
0.0
 10
-102.0864
 20
122.1258
 30
0.0
 10
-102.0864
 20
122.1258
 30
0.0
 10
-102.0901
 20
121.434
 30
0.0
 10
-102.0901
 20
121.434
 30
0.0
 10
-102.0901
 20
121.434
 30
0.0
 10
-102.1042
 20
120.2764
 30
0.0
 10
-102.1042
 20
120.2764
 30
0.0
 10
-102.1179
 20
118.9963
 30
0.0
 10
-102.113
 20
117.7157
 30
0.0
 10
-102.0892
 20
116.4357
 30
0.0
 10
-102.0734
 20
115.8825
 30
0.0
 10
-102.0476
 20
115.3299
 30
0.0
 10
-102.012
 20
114.7778
 30
0.0
 10
-102.012
 20
114.7778
 30
0.0
 10
-101.9606
 20
112.7279
 30
0.0
 10
-101.9606
 20
112.7279
 30
0.0
 10
-101.9573
 20
112.6186
 30
0.0
 10
-101.9451
 20
112.5097
 30
0.0
 10
-101.9242
 20
112.4024
 30
0.0
 10
-101.8981
 20
112.2516
 30
0.0
 10
-101.8363
 20
112.1094
 30
0.0
 10
-101.7442
 20
111.9873
 30
0.0
 10
-101.6971
 20
111.9282
 30
0.0
 10
-101.6397
 20
111.8783
 30
0.0
 10
-101.5747
 20
111.8399
 30
0.0
 10
-101.3998
 20
111.7309
 30
0.0
 10
-101.205
 20
111.6576
 30
0.0
 10
-101.0017
 20
111.6236
 30
0.0
 10
-100.9171
 20
111.6087
 30
0.0
 10
-100.8308
 20
111.6054
 30
0.0
 10
-100.7454
 20
111.6138
 30
0.0
  0
SPLINE
  5
63
330
1F
100
AcDbEntity
  8
#Layer 1
100
AcDbSpline
210
0.0
220
0.0
230
1.0
 70
    11
 71
     3
 72
   149
 73
   145
 74
     0
 42
0.0000000001
 43
0.0000000001
 40
0.0
 40
0.0
 40
0.0
 40
0.0
 40
0.0208333333333333
 40
0.0208333333333333
 40
0.0208333333333333
 40
0.0416666666666667
 40
0.0416666666666667
 40
0.0416666666666667
 40
0.0625
 40
0.0625
 40
0.0625
 40
0.0833333333333333
 40
0.0833333333333333
 40
0.0833333333333333
 40
0.1041666666666667
 40
0.1041666666666667
 40
0.1041666666666667
 40
0.125
 40
0.125
 40
0.125
 40
0.1458333333333333
 40
0.1458333333333333
 40
0.1458333333333333
 40
0.1666666666666667
 40
0.1666666666666667
 40
0.1666666666666667
 40
0.1875
 40
0.1875
 40
0.1875
 40
0.2083333333333333
 40
0.2083333333333333
 40
0.2083333333333333
 40
0.2291666666666667
 40
0.2291666666666667
 40
0.2291666666666667
 40
0.25
 40
0.25
 40
0.25
 40
0.2708333333333333
 40
0.2708333333333333
 40
0.2708333333333333
 40
0.2916666666666666
 40
0.2916666666666666
 40
0.2916666666666666
 40
0.3125
 40
0.3125
 40
0.3125
 40
0.3333333333333333
 40
0.3333333333333333
 40
0.3333333333333333
 40
0.3541666666666666
 40
0.3541666666666666
 40
0.3541666666666666
 40
0.375
 40
0.375
 40
0.375
 40
0.3958333333333333
 40
0.3958333333333333
 40
0.3958333333333333
 40
0.4166666666666666
 40
0.4166666666666666
 40
0.4166666666666666
 40
0.4375
 40
0.4375
 40
0.4375
 40
0.4583333333333333
 40
0.4583333333333333
 40
0.4583333333333333
 40
0.4791666666666666
 40
0.4791666666666666
 40
0.4791666666666666
 40
0.5
 40
0.5
 40
0.5
 40
0.5208333333333333
 40
0.5208333333333333
 40
0.5208333333333333
 40
0.5416666666666666
 40
0.5416666666666666
 40
0.5416666666666666
 40
0.5625
 40
0.5625
 40
0.5625
 40
0.5833333333333333
 40
0.5833333333333333
 40
0.5833333333333333
 40
0.6041666666666666
 40
0.6041666666666666
 40
0.6041666666666666
 40
0.625
 40
0.625
 40
0.625
 40
0.6458333333333333
 40
0.6458333333333333
 40
0.6458333333333333
 40
0.6666666666666666
 40
0.6666666666666666
 40
0.6666666666666666
 40
0.6875
 40
0.6875
 40
0.6875
 40
0.7083333333333333
 40
0.7083333333333333
 40
0.7083333333333333
 40
0.7291666666666666
 40
0.7291666666666666
 40
0.7291666666666666
 40
0.75
 40
0.75
 40
0.75
 40
0.7708333333333333
 40
0.7708333333333333
 40
0.7708333333333333
 40
0.7916666666666666
 40
0.7916666666666666
 40
0.7916666666666666
 40
0.8125
 40
0.8125
 40
0.8125
 40
0.8333333333333333
 40
0.8333333333333333
 40
0.8333333333333333
 40
0.8541666666666666
 40
0.8541666666666666
 40
0.8541666666666666
 40
0.875
 40
0.875
 40
0.875
 40
0.8958333333333333
 40
0.8958333333333333
 40
0.8958333333333333
 40
0.9166666666666666
 40
0.9166666666666666
 40
0.9166666666666666
 40
0.9375
 40
0.9375
 40
0.9375
 40
0.9583333333333333
 40
0.9583333333333333
 40
0.9583333333333333
 40
0.9791666666666666
 40
0.9791666666666666
 40
0.9791666666666666
 40
1.0
 40
1.0
 40
1.0
 40
1.0
 10
-128.2537
 20
111.6094
 30
0.0
 10
-127.3766
 20
111.6299
 30
0.0
 10
-126.5104
 20
111.8092
 30
0.0
 10
-125.6973
 20
112.139
 30
0.0
 10
-125.3599
 20
112.2739
 30
0.0
 10
-125.0307
 20
112.4289
 30
0.0
 10
-124.7117
 20
112.6028
 30
0.0
 10
-124.4169
 20
112.7632
 30
0.0
 10
-124.1329
 20
112.943
 30
0.0
 10
-123.8621
 20
113.1412
 30
0.0
 10
-123.8621
 20
113.1412
 30
0.0
 10
-123.6083
 20
113.3381
 30
0.0
 10
-123.6083
 20
113.3381
 30
0.0
 10
-123.6083
 20
113.3381
 30
0.0
 10
-123.3334
 20
113.5759
 30
0.0
 10
-123.3334
 20
113.5759
 30
0.0
 10
-123.2929
 20
113.6114
 30
0.0
 10
-123.2471
 20
113.6401
 30
0.0
 10
-123.1976
 20
113.661
 30
0.0
 10
-123.1609
 20
113.6773
 30
0.0
 10
-123.12
 20
113.682
 30
0.0
 10
-123.0806
 20
113.6744
 30
0.0
 10
-123.0313
 20
113.661
 30
0.0
 10
-122.9888
 20
113.6301
 30
0.0
 10
-122.9608
 20
113.5874
 30
0.0
 10
-122.9113
 20
113.5094
 30
0.0
 10
-122.8756
 20
113.4237
 30
0.0
 10
-122.8553
 20
113.3338
 30
0.0
 10
-122.8124
 20
113.1383
 30
0.0
 10
-122.7875
 20
112.9394
 30
0.0
 10
-122.7808
 20
112.7394
 30
0.0
 10
-122.7739
 20
112.6038
 30
0.0
 10
-122.771
 20
112.468
 30
0.0
 10
-122.7719
 20
112.3323
 30
0.0
 10
-122.7719
 20
112.3323
 30
0.0
 10
-122.7657
 20
112.24
 30
0.0
 10
-122.7657
 20
112.24
 30
0.0
 10
-122.7545
 20
112.1297
 30
0.0
 10
-122.7067
 20
112.0263
 30
0.0
 10
-122.63
 20
111.9464
 30
0.0
 10
-122.567
 20
111.8857
 30
0.0
 10
-122.4922
 20
111.8389
 30
0.0
 10
-122.41
 20
111.8089
 30
0.0
 10
-122.2765
 20
111.7558
 30
0.0
 10
-122.1379
 20
111.7164
 30
0.0
 10
-121.9966
 20
111.691
 30
0.0
 10
-121.8224
 20
111.6608
 30
0.0
 10
-121.6438
 20
111.6674
 30
0.0
 10
-121.4725
 20
111.7104
 30
0.0
 10
-121.3395
 20
111.7409
 30
0.0
 10
-121.2089
 20
111.78
 30
0.0
 10
-121.0812
 20
111.8276
 30
0.0
 10
-120.8886
 20
111.8944
 30
0.0
 10
-120.7425
 20
112.0538
 30
0.0
 10
-120.6928
 20
112.2516
 30
0.0
 10
-120.6755
 20
112.3132
 30
0.0
 10
-120.6637
 20
112.376
 30
0.0
 10
-120.6572
 20
112.4396
 30
0.0
 10
-120.6572
 20
112.4396
 30
0.0
 10
-120.651
 20
112.5824
 30
0.0
 10
-120.651
 20
112.5824
 30
0.0
 10
-120.651
 20
112.5824
 30
0.0
 10
-120.6128
 20
122.5632
 30
0.0
 10
-120.6128
 20
122.5632
 30
0.0
 10
-120.629
 20
122.7867
 30
0.0
 10
-120.7135
 20
122.9998
 30
0.0
 10
-120.855
 20
123.1734
 30
0.0
 10
-120.9981
 20
123.3468
 30
0.0
 10
-121.2003
 20
123.461
 30
0.0
 10
-121.4227
 20
123.4945
 30
0.0
 10
-121.6116
 20
123.5232
 30
0.0
 10
-121.8042
 20
123.5155
 30
0.0
 10
-121.9904
 20
123.4723
 30
0.0
 10
-122.0576
 20
123.4558
 30
0.0
 10
-122.1216
 20
123.4285
 30
0.0
 10
-122.1802
 20
123.3916
 30
0.0
 10
-122.1802
 20
123.3916
 30
0.0
 10
-122.2751
 20
123.3242
 30
0.0
 10
-122.2751
 20
123.3242
 30
0.0
 10
-122.2751
 20
123.3242
 30
0.0
 10
-122.323
 20
123.3101
 30
0.0
 10
-122.323
 20
123.3101
 30
0.0
 10
-122.323
 20
123.3101
 30
0.0
 10
-122.3728
 20
123.3126
 30
0.0
 10
-122.3728
 20
123.3126
 30
0.0
 10
-122.4111
 20
123.3222
 30
0.0
 10
-122.4466
 20
123.3408
 30
0.0
 10
-122.4765
 20
123.3667
 30
0.0
 10
-122.543
 20
123.4271
 30
0.0
 10
-122.6004
 20
123.4966
 30
0.0
 10
-122.6467
 20
123.5735
 30
0.0
 10
-122.6467
 20
123.5735
 30
0.0
 10
-122.708
 20
123.6452
 30
0.0
 10
-122.708
 20
123.6452
 30
0.0
 10
-122.8333
 20
123.7733
 30
0.0
 10
-122.9701
 20
123.8894
 30
0.0
 10
-123.1169
 20
123.9922
 30
0.0
 10
-123.4557
 20
124.2438
 30
0.0
 10
-123.8178
 20
124.4624
 30
0.0
 10
-124.1982
 20
124.6449
 30
0.0
 10
-124.5958
 20
124.8273
 30
0.0
 10
-125.0071
 20
124.9781
 30
0.0
 10
-125.4286
 20
125.0956
 30
0.0
 10
-126.1035
 20
125.2208
 30
0.0
 10
-126.7936
 20
125.2417
 30
0.0
 10
-127.4749
 20
125.1578
 30
0.0
 10
-128.365
 20
125.0539
 30
0.0
 10
-129.2345
 20
124.817
 30
0.0
 10
-130.0543
 20
124.4551
 30
0.0
 10
-130.7052
 20
124.1619
 30
0.0
 10
-131.31
 20
123.7755
 30
0.0
 10
-131.8497
 20
123.3082
 30
0.0
 10
-132.1704
 20
123.0283
 30
0.0
 10
-132.459
 20
122.7135
 30
0.0
 10
-132.7101
 20
122.3698
 30
0.0
 10
-132.7101
 20
122.3698
 30
0.0
 10
-132.9938
 20
121.9583
 30
0.0
 10
-132.9938
 20
121.9583
 30
0.0
 10
-133.3604
 20
121.4062
 30
0.0
 10
-133.6357
 20
120.7987
 30
0.0
 10
-133.8092
 20
120.1593
 30
0.0
 10
-134.1016
 20
119.1365
 30
0.0
 10
-134.1857
 20
118.0654
 30
0.0
 10
-134.0566
 20
117.0096
 30
0.0
 10
-133.9995
 20
116.544
 30
0.0
 10
-133.8944
 20
116.0856
 30
0.0
 10
-133.7425
 20
115.6418
 30
0.0
 10
-133.6696
 20
115.4309
 30
0.0
 10
-133.5846
 20
115.2245
 30
0.0
 10
-133.488
 20
115.0234
 30
0.0
 10
-133.3999
 20
114.8409
 30
0.0
 10
-133.3067
 20
114.6607
 30
0.0
 10
-133.2086
 20
114.4833
 30
0.0
 10
-132.748
 20
113.6531
 30
0.0
 10
-132.101
 20
112.9414
 30
0.0
 10
-131.3183
 20
112.4042
 30
0.0
 10
-130.6391
 20
111.9451
 30
0.0
 10
-129.8498
 20
111.6757
 30
0.0
 10
-129.0315
 20
111.6236
 30
0.0
 10
-129.0315
 20
111.6236
 30
0.0
 10
-128.8346
 20
111.6129
 30
0.0
 10
-128.8346
 20
111.6129
 30
0.0
 10
-128.6411
 20
111.606
 30
0.0
 10
-128.4473
 20
111.6047
 30
0.0
 10
-128.2537
 20
111.6094
 30
0.0
  0
SPLINE
  5
64
330
1F
100
AcDbEntity
  8
#Layer 1
100
AcDbSpline
210
0.0
220
0.0
230
1.0
 70
    11
 71
     3
 72
    77
 73
    73
 74
     0
 42
0.0000000001
 43
0.0000000001
 40
0.0
 40
0.0
 40
0.0
 40
0.0
 40
0.0416666666666667
 40
0.0416666666666667
 40
0.0416666666666667
 40
0.0833333333333333
 40
0.0833333333333333
 40
0.0833333333333333
 40
0.125
 40
0.125
 40
0.125
 40
0.1666666666666667
 40
0.1666666666666667
 40
0.1666666666666667
 40
0.2083333333333333
 40
0.2083333333333333
 40
0.2083333333333333
 40
0.25
 40
0.25
 40
0.25
 40
0.2916666666666666
 40
0.2916666666666666
 40
0.2916666666666666
 40
0.3333333333333333
 40
0.3333333333333333
 40
0.3333333333333333
 40
0.375
 40
0.375
 40
0.375
 40
0.4166666666666666
 40
0.4166666666666666
 40
0.4166666666666666
 40
0.4583333333333333
 40
0.4583333333333333
 40
0.4583333333333333
 40
0.5
 40
0.5
 40
0.5
 40
0.5416666666666666
 40
0.5416666666666666
 40
0.5416666666666666
 40
0.5833333333333333
 40
0.5833333333333333
 40
0.5833333333333333
 40
0.625
 40
0.625
 40
0.625
 40
0.6666666666666666
 40
0.6666666666666666
 40
0.6666666666666666
 40
0.7083333333333333
 40
0.7083333333333333
 40
0.7083333333333333
 40
0.75
 40
0.75
 40
0.75
 40
0.7916666666666666
 40
0.7916666666666666
 40
0.7916666666666666
 40
0.8333333333333333
 40
0.8333333333333333
 40
0.8333333333333333
 40
0.875
 40
0.875
 40
0.875
 40
0.9166666666666666
 40
0.9166666666666666
 40
0.9166666666666666
 40
0.9583333333333333
 40
0.9583333333333333
 40
0.9583333333333333
 40
1.0
 40
1.0
 40
1.0
 40
1.0
 10
-128.2111
 20
113.7923
 30
0.0
 10
-128.3739
 20
113.7981
 30
0.0
 10
-128.5361
 20
113.8159
 30
0.0
 10
-128.6964
 20
113.8455
 30
0.0
 10
-129.0185
 20
113.9058
 30
0.0
 10
-129.3302
 20
114.0119
 30
0.0
 10
-129.6223
 20
114.1603
 30
0.0
 10
-129.814
 20
114.2579
 30
0.0
 10
-129.9973
 20
114.3709
 30
0.0
 10
-130.1706
 20
114.4984
 30
0.0
 10
-130.6006
 20
114.8191
 30
0.0
 10
-130.9588
 20
115.2264
 30
0.0
 10
-131.2217
 20
115.6941
 30
0.0
 10
-131.3785
 20
115.9695
 30
0.0
 10
-131.5071
 20
116.2602
 30
0.0
 10
-131.6057
 20
116.5616
 30
0.0
 10
-131.7663
 20
117.0101
 30
0.0
 10
-131.8681
 20
117.4777
 30
0.0
 10
-131.9082
 20
117.9524
 30
0.0
 10
-131.9693
 20
118.6945
 30
0.0
 10
-131.8325
 20
119.4395
 30
0.0
 10
-131.5116
 20
120.1115
 30
0.0
 10
-131.3974
 20
120.3557
 30
0.0
 10
-131.2658
 20
120.5913
 30
0.0
 10
-131.1178
 20
120.8165
 30
0.0
 10
-130.6237
 20
121.5281
 30
0.0
 10
-129.95
 20
122.0964
 30
0.0
 10
-129.1656
 20
122.4639
 30
0.0
 10
-128.7093
 20
122.685
 30
0.0
 10
-128.223
 20
122.8379
 30
0.0
 10
-127.7223
 20
122.918
 30
0.0
 10
-127.1882
 20
123.0
 30
0.0
 10
-126.6432
 20
122.9793
 30
0.0
 10
-126.1169
 20
122.8568
 30
0.0
 10
-125.9634
 20
122.8219
 30
0.0
 10
-125.8108
 20
122.7834
 30
0.0
 10
-125.6591
 20
122.7415
 30
0.0
 10
-125.2765
 20
122.6366
 30
0.0
 10
-124.9176
 20
122.4593
 30
0.0
 10
-124.6018
 20
122.219
 30
0.0
 10
-124.3393
 20
122.0119
 30
0.0
 10
-124.1166
 20
121.7588
 30
0.0
 10
-123.9446
 20
121.4722
 30
0.0
 10
-123.7266
 20
121.1116
 30
0.0
 10
-123.5603
 20
120.7223
 30
0.0
 10
-123.4504
 20
120.3155
 30
0.0
 10
-123.393
 20
120.1106
 30
0.0
 10
-123.3454
 20
119.9031
 30
0.0
 10
-123.3076
 20
119.6937
 30
0.0
 10
-123.2791
 20
119.4977
 30
0.0
 10
-123.2617
 20
119.3
 30
0.0
 10
-123.2553
 20
119.102
 30
0.0
 10
-123.2477
 20
118.8059
 30
0.0
 10
-123.2655
 20
118.5098
 30
0.0
 10
-123.3086
 20
118.2167
 30
0.0
 10
-123.3542
 20
117.9175
 30
0.0
 10
-123.4246
 20
117.6225
 30
0.0
 10
-123.5196
 20
117.3351
 30
0.0
 10
-123.6428
 20
116.9585
 30
0.0
 10
-123.8005
 20
116.5943
 30
0.0
 10
-123.9907
 20
116.2468
 30
0.0
 10
-124.1715
 20
115.9189
 30
0.0
 10
-124.3858
 20
115.6106
 30
0.0
 10
-124.6302
 20
115.3268
 30
0.0
 10
-125.0478
 20
114.7564
 30
0.0
 10
-125.6288
 20
114.3258
 30
0.0
 10
-126.296
 20
114.092
 30
0.0
 10
-126.6165
 20
113.9765
 30
0.0
 10
-126.9469
 20
113.8906
 30
0.0
 10
-127.2832
 20
113.8357
 30
0.0
 10
-127.59
 20
113.787
 30
0.0
 10
-127.9012
 20
113.7725
 30
0.0
 10
-128.2111
 20
113.7923
 30
0.0
  0
SPLINE
  5
65
330
1F
100
AcDbEntity
  8
#Layer 1
100
AcDbSpline
210
0.0
220
0.0
230
1.0
 70
    11
 71
     3
 72
   152
 73
   148
 74
     0
 42
0.0000000001
 43
0.0000000001
 40
0.0
 40
0.0
 40
0.0
 40
0.0
 40
0.0204081632653061
 40
0.0204081632653061
 40
0.0204081632653061
 40
0.0408163265306122
 40
0.0408163265306122
 40
0.0408163265306122
 40
0.0612244897959184
 40
0.0612244897959184
 40
0.0612244897959184
 40
0.0816326530612245
 40
0.0816326530612245
 40
0.0816326530612245
 40
0.1020408163265306
 40
0.1020408163265306
 40
0.1020408163265306
 40
0.1224489795918367
 40
0.1224489795918367
 40
0.1224489795918367
 40
0.1428571428571428
 40
0.1428571428571428
 40
0.1428571428571428
 40
0.163265306122449
 40
0.163265306122449
 40
0.163265306122449
 40
0.1836734693877551
 40
0.1836734693877551
 40
0.1836734693877551
 40
0.2040816326530612
 40
0.2040816326530612
 40
0.2040816326530612
 40
0.2244897959183673
 40
0.2244897959183673
 40
0.2244897959183673
 40
0.2448979591836735
 40
0.2448979591836735
 40
0.2448979591836735
 40
0.2653061224489796
 40
0.2653061224489796
 40
0.2653061224489796
 40
0.2857142857142857
 40
0.2857142857142857
 40
0.2857142857142857
 40
0.3061224489795918
 40
0.3061224489795918
 40
0.3061224489795918
 40
0.3265306122448979
 40
0.3265306122448979
 40
0.3265306122448979
 40
0.3469387755102041
 40
0.3469387755102041
 40
0.3469387755102041
 40
0.3673469387755102
 40
0.3673469387755102
 40
0.3673469387755102
 40
0.3877551020408163
 40
0.3877551020408163
 40
0.3877551020408163
 40
0.4081632653061224
 40
0.4081632653061224
 40
0.4081632653061224
 40
0.4285714285714285
 40
0.4285714285714285
 40
0.4285714285714285
 40
0.4489795918367346
 40
0.4489795918367346
 40
0.4489795918367346
 40
0.4693877551020408
 40
0.4693877551020408
 40
0.4693877551020408
 40
0.4897959183673469
 40
0.4897959183673469
 40
0.4897959183673469
 40
0.5102040816326531
 40
0.5102040816326531
 40
0.5102040816326531
 40
0.5306122448979591
 40
0.5306122448979591
 40
0.5306122448979591
 40
0.5510204081632653
 40
0.5510204081632653
 40
0.5510204081632653
 40
0.5714285714285714
 40
0.5714285714285714
 40
0.5714285714285714
 40
0.5918367346938775
 40
0.5918367346938775
 40
0.5918367346938775
 40
0.6122448979591836
 40
0.6122448979591836
 40
0.6122448979591836
 40
0.6326530612244897
 40
0.6326530612244897
 40
0.6326530612244897
 40
0.6530612244897959
 40
0.6530612244897959
 40
0.6530612244897959
 40
0.673469387755102
 40
0.673469387755102
 40
0.673469387755102
 40
0.6938775510204082
 40
0.6938775510204082
 40
0.6938775510204082
 40
0.7142857142857142
 40
0.7142857142857142
 40
0.7142857142857142
 40
0.7346938775510203
 40
0.7346938775510203
 40
0.7346938775510203
 40
0.7551020408163265
 40
0.7551020408163265
 40
0.7551020408163265
 40
0.7755102040816326
 40
0.7755102040816326
 40
0.7755102040816326
 40
0.7959183673469387
 40
0.7959183673469387
 40
0.7959183673469387
 40
0.8163265306122448
 40
0.8163265306122448
 40
0.8163265306122448
 40
0.836734693877551
 40
0.836734693877551
 40
0.836734693877551
 40
0.8571428571428571
 40
0.8571428571428571
 40
0.8571428571428571
 40
0.8775510204081632
 40
0.8775510204081632
 40
0.8775510204081632
 40
0.8979591836734693
 40
0.8979591836734693
 40
0.8979591836734693
 40
0.9183673469387754
 40
0.9183673469387754
 40
0.9183673469387754
 40
0.9387755102040816
 40
0.9387755102040816
 40
0.9387755102040816
 40
0.9591836734693877
 40
0.9591836734693877
 40
0.9591836734693877
 40
0.9795918367346939
 40
0.9795918367346939
 40
0.9795918367346939
 40
1.0
 40
1.0
 40
1.0
 40
1.0
 10
-139.7983
 20
111.6421
 30
0.0
 10
-139.4557
 20
111.6536
 30
0.0
 10
-139.1145
 20
111.6923
 30
0.0
 10
-138.7782
 20
111.7584
 30
0.0
 10
-138.0821
 20
111.8801
 30
0.0
 10
-137.4088
 20
112.1074
 30
0.0
 10
-136.7816
 20
112.4325
 30
0.0
 10
-136.1236
 20
112.7713
 30
0.0
 10
-135.5184
 20
113.2044
 30
0.0
 10
-134.9853
 20
113.7178
 30
0.0
 10
-134.8408
 20
113.8784
 30
0.0
 10
-134.7271
 20
114.0642
 30
0.0
 10
-134.6499
 20
114.2659
 30
0.0
 10
-134.5549
 20
114.4701
 30
0.0
 10
-134.5302
 20
114.7001
 30
0.0
 10
-134.58
 20
114.9197
 30
0.0
 10
-134.6081
 20
115.048
 30
0.0
 10
-134.6523
 20
115.1722
 30
0.0
 10
-134.7111
 20
115.2896
 30
0.0
 10
-134.7774
 20
115.3873
 30
0.0
 10
-134.8603
 20
115.4725
 30
0.0
 10
-134.956
 20
115.5415
 30
0.0
 10
-135.0136
 20
115.5821
 30
0.0
 10
-135.0766
 20
115.6142
 30
0.0
 10
-135.1431
 20
115.6373
 30
0.0
 10
-135.245
 20
115.67
 30
0.0
 10
-135.3526
 20
115.6811
 30
0.0
 10
-135.4589
 20
115.6702
 30
0.0
 10
-135.6307
 20
115.6574
 30
0.0
 10
-135.7968
 20
115.6026
 30
0.0
 10
-135.9424
 20
115.5105
 30
0.0
 10
-136.0242
 20
115.4569
 30
0.0
 10
-136.0969
 20
115.3908
 30
0.0
 10
-136.1579
 20
115.3145
 30
0.0
 10
-136.1579
 20
115.3145
 30
0.0
 10
-136.3212
 20
115.1726
 30
0.0
 10
-136.3212
 20
115.1726
 30
0.0
 10
-136.7874
 20
114.7736
 30
0.0
 10
-137.3102
 20
114.4459
 30
0.0
 10
-137.8725
 20
114.2003
 30
0.0
 10
-138.4632
 20
113.9425
 30
0.0
 10
-139.0967
 20
113.7961
 30
0.0
 10
-139.7405
 20
113.7683
 30
0.0
 10
-140.3976
 20
113.7429
 30
0.0
 10
-141.0503
 20
113.8851
 30
0.0
 10
-141.6371
 20
114.1818
 30
0.0
 10
-141.6371
 20
114.1818
 30
0.0
 10
-141.9076
 20
114.3271
 30
0.0
 10
-141.9076
 20
114.3271
 30
0.0
 10
-142.4157
 20
114.6216
 30
0.0
 10
-142.8286
 20
115.0556
 30
0.0
 10
-143.0971
 20
115.5779
 30
0.0
 10
-143.3106
 20
115.9917
 30
0.0
 10
-143.4568
 20
116.437
 30
0.0
 10
-143.53
 20
116.8969
 30
0.0
 10
-143.6296
 20
117.4923
 30
0.0
 10
-143.645
 20
118.0987
 30
0.0
 10
-143.576
 20
118.6983
 30
0.0
 10
-143.4874
 20
119.4025
 30
0.0
 10
-143.2414
 20
120.0775
 30
0.0
 10
-142.8568
 20
120.6737
 30
0.0
 10
-142.7843
 20
120.7886
 30
0.0
 10
-142.7064
 20
120.8999
 30
0.0
 10
-142.6234
 20
121.0073
 30
0.0
 10
-142.6234
 20
121.0073
 30
0.0
 10
-142.3688
 20
121.3214
 30
0.0
 10
-142.3688
 20
121.3214
 30
0.0
 10
-141.939
 20
121.827
 30
0.0
 10
-141.4169
 20
122.2466
 30
0.0
 10
-140.8307
 20
122.5578
 30
0.0
 10
-140.3729
 20
122.8083
 30
0.0
 10
-139.8797
 20
122.9876
 30
0.0
 10
-139.3681
 20
123.0901
 30
0.0
 10
-138.9755
 20
123.1702
 30
0.0
 10
-138.571
 20
123.1724
 30
0.0
 10
-138.1777
 20
123.0962
 30
0.0
 10
-137.9329
 20
123.0474
 30
0.0
 10
-137.6977
 20
122.9591
 30
0.0
 10
-137.4813
 20
122.8346
 30
0.0
 10
-137.1836
 20
122.6533
 30
0.0
 10
-136.9294
 20
122.4086
 30
0.0
 10
-136.7372
 20
122.1178
 30
0.0
 10
-136.6264
 20
121.9532
 30
0.0
 10
-136.5294
 20
121.7795
 30
0.0
 10
-136.4471
 20
121.599
 30
0.0
 10
-136.4471
 20
121.599
 30
0.0
 10
-136.329
 20
121.3319
 30
0.0
 10
-136.329
 20
121.3319
 30
0.0
 10
-136.2813
 20
121.2285
 30
0.0
 10
-136.2149
 20
121.1346
 30
0.0
 10
-136.133
 20
121.0552
 30
0.0
 10
-136.0376
 20
120.9628
 30
0.0
 10
-135.9152
 20
120.9032
 30
0.0
 10
-135.7837
 20
120.8848
 30
0.0
 10
-135.5668
 20
120.8503
 30
0.0
 10
-135.3446
 20
120.8774
 30
0.0
 10
-135.1422
 20
120.963
 30
0.0
 10
-134.9209
 20
121.0591
 30
0.0
 10
-134.7525
 20
121.2469
 30
0.0
 10
-134.681
 20
121.4774
 30
0.0
 10
-134.6326
 20
121.6567
 30
0.0
 10
-134.6143
 20
121.8429
 30
0.0
 10
-134.6268
 20
122.0282
 30
0.0
 10
-134.6335
 20
122.191
 30
0.0
 10
-134.6706
 20
122.3511
 30
0.0
 10
-134.736
 20
122.5002
 30
0.0
 10
-134.952
 20
122.9129
 30
0.0
 10
-135.2142
 20
123.2999
 30
0.0
 10
-135.5175
 20
123.6532
 30
0.0
 10
-135.9363
 20
124.1432
 30
0.0
 10
-136.4495
 20
124.5437
 30
0.0
 10
-137.0263
 20
124.8313
 30
0.0
 10
-137.4599
 20
125.0477
 30
0.0
 10
-137.9248
 20
125.1946
 30
0.0
 10
-138.4038
 20
125.2668
 30
0.0
 10
-138.9463
 20
125.3452
 30
0.0
 10
-139.4984
 20
125.3242
 30
0.0
 10
-140.0334
 20
125.2046
 30
0.0
 10
-140.5464
 20
125.0891
 30
0.0
 10
-141.0418
 20
124.9058
 30
0.0
 10
-141.5067
 20
124.66
 30
0.0
 10
-141.9372
 20
124.4322
 30
0.0
 10
-142.3416
 20
124.1584
 30
0.0
 10
-142.7131
 20
123.8431
 30
0.0
 10
-143.3095
 20
123.348
 30
0.0
 10
-143.8294
 20
122.7676
 30
0.0
 10
-144.2563
 20
122.1205
 30
0.0
 10
-144.7875
 20
121.3019
 30
0.0
 10
-145.1645
 20
120.3933
 30
0.0
 10
-145.3687
 20
119.4392
 30
0.0
 10
-145.4958
 20
118.8244
 30
0.0
 10
-145.5411
 20
118.1957
 30
0.0
 10
-145.5037
 20
117.5693
 30
0.0
 10
-145.4728
 20
116.8216
 30
0.0
 10
-145.3396
 20
116.0818
 30
0.0
 10
-145.108
 20
115.3702
 30
0.0
 10
-144.9554
 20
114.9019
 30
0.0
 10
-144.7501
 20
114.4521
 30
0.0
 10
-144.496
 20
114.0301
 30
0.0
 10
-144.0532
 20
113.2927
 30
0.0
 10
-143.4234
 20
112.6856
 30
0.0
 10
-142.6704
 20
112.2701
 30
0.0
 10
-142.1665
 20
112.0047
 30
0.0
 10
-141.6233
 20
111.8218
 30
0.0
 10
-141.0614
 20
111.7282
 30
0.0
 10
-140.6443
 20
111.6566
 30
0.0
 10
-140.2212
 20
111.6278
 30
0.0
 10
-139.7983
 20
111.6421
 30
0.0
  0
SPLINE
  5
66
330
1F
100
AcDbEntity
  8
#Layer 1
100
AcDbSpline
210
0.0
220
0.0
230
1.0
 70
    11
 71
     3
 72
   161
 73
   157
 74
     0
 42
0.0000000001
 43
0.0000000001
 40
0.0
 40
0.0
 40
0.0
 40
0.0
 40
0.0192307692307692
 40
0.0192307692307692
 40
0.0192307692307692
 40
0.0384615384615385
 40
0.0384615384615385
 40
0.0384615384615385
 40
0.0576923076923077
 40
0.0576923076923077
 40
0.0576923076923077
 40
0.0769230769230769
 40
0.0769230769230769
 40
0.0769230769230769
 40
0.0961538461538462
 40
0.0961538461538462
 40
0.0961538461538462
 40
0.1153846153846154
 40
0.1153846153846154
 40
0.1153846153846154
 40
0.1346153846153846
 40
0.1346153846153846
 40
0.1346153846153846
 40
0.1538461538461539
 40
0.1538461538461539
 40
0.1538461538461539
 40
0.1730769230769231
 40
0.1730769230769231
 40
0.1730769230769231
 40
0.1923076923076923
 40
0.1923076923076923
 40
0.1923076923076923
 40
0.2115384615384616
 40
0.2115384615384616
 40
0.2115384615384616
 40
0.2307692307692308
 40
0.2307692307692308
 40
0.2307692307692308
 40
0.25
 40
0.25
 40
0.25
 40
0.2692307692307693
 40
0.2692307692307693
 40
0.2692307692307693
 40
0.2884615384615385
 40
0.2884615384615385
 40
0.2884615384615385
 40
0.3076923076923077
 40
0.3076923076923077
 40
0.3076923076923077
 40
0.3269230769230769
 40
0.3269230769230769
 40
0.3269230769230769
 40
0.3461538461538461
 40
0.3461538461538461
 40
0.3461538461538461
 40
0.3653846153846154
 40
0.3653846153846154
 40
0.3653846153846154
 40
0.3846153846153846
 40
0.3846153846153846
 40
0.3846153846153846
 40
0.4038461538461539
 40
0.4038461538461539
 40
0.4038461538461539
 40
0.4230769230769231
 40
0.4230769230769231
 40
0.4230769230769231
 40
0.4423076923076923
 40
0.4423076923076923
 40
0.4423076923076923
 40
0.4615384615384616
 40
0.4615384615384616
 40
0.4615384615384616
 40
0.4807692307692308
 40
0.4807692307692308
 40
0.4807692307692308
 40
0.5
 40
0.5
 40
0.5
 40
0.5192307692307693
 40
0.5192307692307693
 40
0.5192307692307693
 40
0.5384615384615385
 40
0.5384615384615385
 40
0.5384615384615385
 40
0.5576923076923077
 40
0.5576923076923077
 40
0.5576923076923077
 40
0.576923076923077
 40
0.576923076923077
 40
0.576923076923077
 40
0.5961538461538461
 40
0.5961538461538461
 40
0.5961538461538461
 40
0.6153846153846154
 40
0.6153846153846154
 40
0.6153846153846154
 40
0.6346153846153847
 40
0.6346153846153847
 40
0.6346153846153847
 40
0.6538461538461539
 40
0.6538461538461539
 40
0.6538461538461539
 40
0.6730769230769231
 40
0.6730769230769231
 40
0.6730769230769231
 40
0.6923076923076923
 40
0.6923076923076923
 40
0.6923076923076923
 40
0.7115384615384616
 40
0.7115384615384616
 40
0.7115384615384616
 40
0.7307692307692308
 40
0.7307692307692308
 40
0.7307692307692308
 40
0.75
 40
0.75
 40
0.75
 40
0.7692307692307693
 40
0.7692307692307693
 40
0.7692307692307693
 40
0.7884615384615385
 40
0.7884615384615385
 40
0.7884615384615385
 40
0.8076923076923077
 40
0.8076923076923077
 40
0.8076923076923077
 40
0.826923076923077
 40
0.826923076923077
 40
0.826923076923077
 40
0.8461538461538463
 40
0.8461538461538463
 40
0.8461538461538463
 40
0.8653846153846154
 40
0.8653846153846154
 40
0.8653846153846154
 40
0.8846153846153847
 40
0.8846153846153847
 40
0.8846153846153847
 40
0.9038461538461539
 40
0.9038461538461539
 40
0.9038461538461539
 40
0.9230769230769231
 40
0.9230769230769231
 40
0.9230769230769231
 40
0.9423076923076924
 40
0.9423076923076924
 40
0.9423076923076924
 40
0.9615384615384616
 40
0.9615384615384616
 40
0.9615384615384616
 40
0.9807692307692308
 40
0.9807692307692308
 40
0.9807692307692308
 40
1.0
 40
1.0
 40
1.0
 40
1.0
 10
-154.2806
 20
111.4134
 30
0.0
 10
-154.1618
 20
111.4354
 30
0.0
 10
-154.0486
 20
111.4806
 30
0.0
 10
-153.9471
 20
111.5464
 30
0.0
 10
-153.8615
 20
111.5952
 30
0.0
 10
-153.7812
 20
111.6528
 30
0.0
 10
-153.7076
 20
111.7184
 30
0.0
 10
-153.6323
 20
111.792
 30
0.0
 10
-153.573
 20
111.8806
 30
0.0
 10
-153.5338
 20
111.9784
 30
0.0
 10
-153.4898
 20
112.0914
 30
0.0
 10
-153.4631
 20
112.2104
 30
0.0
 10
-153.4548
 20
112.3313
 30
0.0
 10
-153.4548
 20
112.3313
 30
0.0
 10
-153.4495
 20
112.4698
 30
0.0
 10
-153.4495
 20
112.4698
 30
0.0
 10
-153.4495
 20
112.4698
 30
0.0
 10
-153.454
 20
113.0747
 30
0.0
 10
-153.454
 20
113.0747
 30
0.0
 10
-153.462
 20
114.0592
 30
0.0
 10
-153.4417
 20
115.0434
 30
0.0
 10
-153.3928
 20
116.0268
 30
0.0
 10
-153.3656
 20
116.5887
 30
0.0
 10
-153.3091
 20
117.1489
 30
0.0
 10
-153.2233
 20
117.705
 30
0.0
 10
-153.1721
 20
118.04
 30
0.0
 10
-153.0978
 20
118.371
 30
0.0
 10
-153.0006
 20
118.6958
 30
0.0
 10
-152.9269
 20
118.9399
 30
0.0
 10
-152.8344
 20
119.1781
 30
0.0
 10
-152.7239
 20
119.4081
 30
0.0
 10
-152.636
 20
119.593
 30
0.0
 10
-152.5256
 20
119.7665
 30
0.0
 10
-152.3949
 20
119.9242
 30
0.0
 10
-152.1297
 20
120.2318
 30
0.0
 10
-151.8443
 20
120.5213
 30
0.0
 10
-151.5406
 20
120.7909
 30
0.0
 10
-151.5131
 20
120.8202
 30
0.0
 10
-151.4837
 20
120.8476
 30
0.0
 10
-151.4528
 20
120.8734
 30
0.0
 10
-151.2968
 20
120.9933
 30
0.0
 10
-151.126
 20
121.0925
 30
0.0
 10
-150.9445
 20
121.1688
 30
0.0
 10
-150.6451
 20
121.2867
 30
0.0
 10
-150.3176
 20
121.3123
 30
0.0
 10
-150.0035
 20
121.2424
 30
0.0
 10
-149.6665
 20
121.1552
 30
0.0
 10
-149.356
 20
120.9871
 30
0.0
 10
-149.0986
 20
120.7528
 30
0.0
 10
-148.9368
 20
120.5925
 30
0.0
 10
-148.7974
 20
120.4112
 30
0.0
 10
-148.6844
 20
120.2134
 30
0.0
 10
-148.6844
 20
120.2134
 30
0.0
 10
-148.5887
 20
120.0414
 30
0.0
 10
-148.5887
 20
120.0414
 30
0.0
 10
-148.5887
 20
120.0414
 30
0.0
 10
-148.429
 20
119.7167
 30
0.0
 10
-148.429
 20
119.7167
 30
0.0
 10
-148.3701
 20
119.5988
 30
0.0
 10
-148.2951
 20
119.4895
 30
0.0
 10
-148.2063
 20
119.3921
 30
0.0
 10
-148.1353
 20
119.3133
 30
0.0
 10
-148.0486
 20
119.25
 30
0.0
 10
-147.9518
 20
119.2066
 30
0.0
 10
-147.7461
 20
119.1254
 30
0.0
 10
-147.5167
 20
119.1283
 30
0.0
 10
-147.313
 20
119.2146
 30
0.0
 10
-147.2515
 20
119.2395
 30
0.0
 10
-147.1922
 20
119.2704
 30
0.0
 10
-147.1366
 20
119.3069
 30
0.0
 10
-147.0124
 20
119.4595
 30
0.0
 10
-146.9185
 20
119.6344
 30
0.0
 10
-146.8598
 20
119.8223
 30
0.0
 10
-146.8024
 20
119.9782
 30
0.0
 10
-146.7677
 20
120.1417
 30
0.0
 10
-146.757
 20
120.3075
 30
0.0
 10
-146.7493
 20
120.5182
 30
0.0
 10
-146.769
 20
120.729
 30
0.0
 10
-146.8155
 20
120.9346
 30
0.0
 10
-146.8422
 20
121.0587
 30
0.0
 10
-146.8743
 20
121.1815
 30
0.0
 10
-146.9121
 20
121.3027
 30
0.0
 10
-147.0494
 20
121.6745
 30
0.0
 10
-147.2366
 20
122.0261
 30
0.0
 10
-147.4684
 20
122.3476
 30
0.0
 10
-147.6718
 20
122.6286
 30
0.0
 10
-147.9214
 20
122.8733
 30
0.0
 10
-148.2063
 20
123.0714
 30
0.0
 10
-148.4873
 20
123.2761
 30
0.0
 10
-148.7967
 20
123.4389
 30
0.0
 10
-149.1244
 20
123.5548
 30
0.0
 10
-149.7361
 20
123.7608
 30
0.0
 10
-150.3919
 20
123.7973
 30
0.0
 10
-151.0226
 20
123.6603
 30
0.0
 10
-151.3137
 20
123.602
 30
0.0
 10
-151.5969
 20
123.5093
 30
0.0
 10
-151.8661
 20
123.3845
 30
0.0
 10
-152.2142
 20
123.2174
 30
0.0
 10
-152.5292
 20
122.9887
 30
0.0
 10
-152.7959
 20
122.7095
 30
0.0
 10
-153.0133
 20
122.4895
 30
0.0
 10
-153.2021
 20
122.2428
 30
0.0
 10
-153.3572
 20
121.975
 30
0.0
 10
-153.3983
 20
121.9052
 30
0.0
 10
-153.4273
 20
121.8291
 30
0.0
 10
-153.4433
 20
121.7497
 30
0.0
 10
-153.4433
 20
121.7497
 30
0.0
 10
-153.4495
 20
121.6894
 30
0.0
 10
-153.4495
 20
121.6894
 30
0.0
 10
-153.4495
 20
121.6894
 30
0.0
 10
-153.4495
 20
124.4338
 30
0.0
 10
-153.4495
 20
124.4338
 30
0.0
 10
-153.4471
 20
124.5679
 30
0.0
 10
-153.4629
 20
124.7016
 30
0.0
 10
-153.4966
 20
124.8313
 30
0.0
 10
-153.516
 20
124.9002
 30
0.0
 10
-153.5443
 20
124.9665
 30
0.0
 10
-153.5808
 20
125.0282
 30
0.0
 10
-153.615
 20
125.082
 30
0.0
 10
-153.6579
 20
125.13
 30
0.0
 10
-153.7076
 20
125.1701
 30
0.0
 10
-153.7076
 20
125.1701
 30
0.0
 10
-153.7867
 20
125.2197
 30
0.0
 10
-153.7867
 20
125.2197
 30
0.0
 10
-153.9249
 20
125.2958
 30
0.0
 10
-154.0706
 20
125.358
 30
0.0
 10
-154.2212
 20
125.4052
 30
0.0
 10
-154.2212
 20
125.4052
 30
0.0
 10
-154.3357
 20
125.4326
 30
0.0
 10
-154.3357
 20
125.4326
 30
0.0
 10
-154.5157
 20
125.4323
 30
0.0
 10
-154.6892
 20
125.3645
 30
0.0
 10
-154.8218
 20
125.2428
 30
0.0
 10
-154.9817
 20
125.0989
 30
0.0
 10
-155.0972
 20
124.9125
 30
0.0
 10
-155.1553
 20
124.7052
 30
0.0
 10
-155.2017
 20
124.5443
 30
0.0
 10
-155.2238
 20
124.3772
 30
0.0
 10
-155.2209
 20
124.2095
 30
0.0
 10
-155.2209
 20
124.2095
 30
0.0
 10
-155.2209
 20
112.2454
 30
0.0
 10
-155.2209
 20
112.2454
 30
0.0
 10
-155.2227
 20
112.1364
 30
0.0
 10
-155.2067
 20
112.028
 30
0.0
 10
-155.1739
 20
111.9242
 30
0.0
 10
-155.1359
 20
111.8072
 30
0.0
 10
-155.0621
 20
111.705
 30
0.0
 10
-154.9628
 20
111.6325
 30
0.0
 10
-154.9628
 20
111.6325
 30
0.0
 10
-154.8839
 20
111.5845
 30
0.0
 10
-154.8839
 20
111.5845
 30
0.0
 10
-154.766
 20
111.5204
 30
0.0
 10
-154.6414
 20
111.4699
 30
0.0
 10
-154.5122
 20
111.4337
 30
0.0
 10
-154.4369
 20
111.4129
 30
0.0
 10
-154.3584
 20
111.4059
 30
0.0
 10
-154.2806
 20
111.4134
 30
0.0
  0
SPLINE
  5
67
330
1F
100
AcDbEntity
  8
#Layer 1
100
AcDbSpline
210
0.0
220
0.0
230
1.0
 70
    11
 71
     3
 72
   143
 73
   139
 74
     0
 42
0.0000000001
 43
0.0000000001
 40
0.0
 40
0.0
 40
0.0
 40
0.0
 40
0.0217391304347826
 40
0.0217391304347826
 40
0.0217391304347826
 40
0.0434782608695652
 40
0.0434782608695652
 40
0.0434782608695652
 40
0.0652173913043478
 40
0.0652173913043478
 40
0.0652173913043478
 40
0.0869565217391304
 40
0.0869565217391304
 40
0.0869565217391304
 40
0.108695652173913
 40
0.108695652173913
 40
0.108695652173913
 40
0.1304347826086956
 40
0.1304347826086956
 40
0.1304347826086956
 40
0.1521739130434783
 40
0.1521739130434783
 40
0.1521739130434783
 40
0.1739130434782609
 40
0.1739130434782609
 40
0.1739130434782609
 40
0.1956521739130435
 40
0.1956521739130435
 40
0.1956521739130435
 40
0.2173913043478261
 40
0.2173913043478261
 40
0.2173913043478261
 40
0.2391304347826087
 40
0.2391304347826087
 40
0.2391304347826087
 40
0.2608695652173913
 40
0.2608695652173913
 40
0.2608695652173913
 40
0.2826086956521739
 40
0.2826086956521739
 40
0.2826086956521739
 40
0.3043478260869565
 40
0.3043478260869565
 40
0.3043478260869565
 40
0.3260869565217391
 40
0.3260869565217391
 40
0.3260869565217391
 40
0.3478260869565217
 40
0.3478260869565217
 40
0.3478260869565217
 40
0.3695652173913043
 40
0.3695652173913043
 40
0.3695652173913043
 40
0.3913043478260869
 40
0.3913043478260869
 40
0.3913043478260869
 40
0.4130434782608696
 40
0.4130434782608696
 40
0.4130434782608696
 40
0.4347826086956522
 40
0.4347826086956522
 40
0.4347826086956522
 40
0.4565217391304348
 40
0.4565217391304348
 40
0.4565217391304348
 40
0.4782608695652174
 40
0.4782608695652174
 40
0.4782608695652174
 40
0.5
 40
0.5
 40
0.5
 40
0.5217391304347826
 40
0.5217391304347826
 40
0.5217391304347826
 40
0.5434782608695652
 40
0.5434782608695652
 40
0.5434782608695652
 40
0.5652173913043478
 40
0.5652173913043478
 40
0.5652173913043478
 40
0.5869565217391304
 40
0.5869565217391304
 40
0.5869565217391304
 40
0.6086956521739131
 40
0.6086956521739131
 40
0.6086956521739131
 40
0.6304347826086957
 40
0.6304347826086957
 40
0.6304347826086957
 40
0.6521739130434783
 40
0.6521739130434783
 40
0.6521739130434783
 40
0.6739130434782609
 40
0.6739130434782609
 40
0.6739130434782609
 40
0.6956521739130435
 40
0.6956521739130435
 40
0.6956521739130435
 40
0.717391304347826
 40
0.717391304347826
 40
0.717391304347826
 40
0.7391304347826086
 40
0.7391304347826086
 40
0.7391304347826086
 40
0.7608695652173912
 40
0.7608695652173912
 40
0.7608695652173912
 40
0.7826086956521738
 40
0.7826086956521738
 40
0.7826086956521738
 40
0.8043478260869565
 40
0.8043478260869565
 40
0.8043478260869565
 40
0.8260869565217391
 40
0.8260869565217391
 40
0.8260869565217391
 40
0.8478260869565217
 40
0.8478260869565217
 40
0.8478260869565217
 40
0.8695652173913043
 40
0.8695652173913043
 40
0.8695652173913043
 40
0.8913043478260869
 40
0.8913043478260869
 40
0.8913043478260869
 40
0.9130434782608695
 40
0.9130434782608695
 40
0.9130434782608695
 40
0.9347826086956521
 40
0.9347826086956521
 40
0.9347826086956521
 40
0.9565217391304348
 40
0.9565217391304348
 40
0.9565217391304348
 40
0.9782608695652174
 40
0.9782608695652174
 40
0.9782608695652174
 40
1.0
 40
1.0
 40
1.0
 40
1.0
 10
-168.8047
 20
111.6147
 30
0.0
 10
-168.7272
 20
111.6209
 30
0.0
 10
-168.6503
 20
111.6354
 30
0.0
 10
-168.5758
 20
111.6581
 30
0.0
 10
-168.4036
 20
111.7088
 30
0.0
 10
-168.2525
 20
111.8143
 30
0.0
 10
-168.1457
 20
111.9588
 30
0.0
 10
-168.033
 20
112.101
 30
0.0
 10
-167.9411
 20
112.2583
 30
0.0
 10
-167.8724
 20
112.4264
 30
0.0
 10
-167.8566
 20
112.4691
 30
0.0
 10
-167.8439
 20
112.513
 30
0.0
 10
-167.8343
 20
112.5575
 30
0.0
 10
-167.8343
 20
112.5575
 30
0.0
 10
-167.7687
 20
113.1439
 30
0.0
 10
-167.7687
 20
113.1439
 30
0.0
 10
-167.7024
 20
113.7087
 30
0.0
 10
-167.6243
 20
114.2721
 30
0.0
 10
-167.5345
 20
114.8336
 30
0.0
 10
-167.4248
 20
115.5228
 30
0.0
 10
-167.3082
 20
116.2117
 30
0.0
 10
-167.185
 20
116.8986
 30
0.0
 10
-167.185
 20
116.8986
 30
0.0
 10
-161.1223
 20
117.5976
 30
0.0
 10
-161.1223
 20
117.5976
 30
0.0
 10
-160.8106
 20
116.5767
 30
0.0
 10
-160.521
 20
115.5488
 30
0.0
 10
-160.2539
 20
114.5151
 30
0.0
 10
-160.1433
 20
114.0702
 30
0.0
 10
-160.0416
 20
113.6232
 30
0.0
 10
-159.9487
 20
113.1741
 30
0.0
 10
-159.9487
 20
113.1741
 30
0.0
 10
-159.7934
 20
112.3855
 30
0.0
 10
-159.7934
 20
112.3855
 30
0.0
 10
-159.7613
 20
112.2592
 30
0.0
 10
-159.6957
 20
112.1441
 30
0.0
 10
-159.6038
 20
112.0519
 30
0.0
 10
-159.4968
 20
111.9473
 30
0.0
 10
-159.3709
 20
111.8639
 30
0.0
 10
-159.233
 20
111.8063
 30
0.0
 10
-159.0793
 20
111.7311
 30
0.0
 10
-158.914
 20
111.6823
 30
0.0
 10
-158.7441
 20
111.6617
 30
0.0
 10
-158.5114
 20
111.635
 30
0.0
 10
-158.2771
 20
111.6961
 30
0.0
 10
-158.0869
 20
111.8329
 30
0.0
 10
-157.8887
 20
111.9816
 30
0.0
 10
-157.7486
 20
112.1949
 30
0.0
 10
-157.6912
 20
112.436
 30
0.0
 10
-157.662
 20
112.5704
 30
0.0
 10
-157.662
 20
112.7098
 30
0.0
 10
-157.6912
 20
112.844
 30
0.0
 10
-157.9283
 20
113.9603
 30
0.0
 10
-158.1951
 20
115.0701
 30
0.0
 10
-158.4914
 20
116.1721
 30
0.0
 10
-158.8097
 20
117.3609
 30
0.0
 10
-159.1789
 20
118.5356
 30
0.0
 10
-159.5974
 20
119.6928
 30
0.0
 10
-159.9962
 20
120.8247
 30
0.0
 10
-160.4345
 20
121.9421
 30
0.0
 10
-160.9121
 20
123.043
 30
0.0
 10
-160.9121
 20
123.043
 30
0.0
 10
-161.1223
 20
123.5113
 30
0.0
 10
-161.1223
 20
123.5113
 30
0.0
 10
-161.4417
 20
124.1762
 30
0.0
 10
-161.7825
 20
124.8306
 30
0.0
 10
-162.1442
 20
125.4735
 30
0.0
 10
-162.3113
 20
125.7713
 30
0.0
 10
-162.4884
 20
126.0632
 30
0.0
 10
-162.6754
 20
126.3489
 30
0.0
 10
-162.9707
 20
126.8044
 30
0.0
 10
-163.2721
 20
127.2556
 30
0.0
 10
-163.5802
 20
127.7025
 30
0.0
 10
-163.511
 20
127.8212
 30
0.0
 10
-163.4445
 20
127.9412
 30
0.0
 10
-163.3806
 20
128.0628
 30
0.0
 10
-163.3806
 20
128.0628
 30
0.0
 10
-163.3424
 20
128.1523
 30
0.0
 10
-163.3424
 20
128.1523
 30
0.0
 10
-163.3424
 20
128.1523
 30
0.0
 10
-163.2556
 20
128.2826
 30
0.0
 10
-163.2556
 20
128.2826
 30
0.0
 10
-163.2556
 20
128.2826
 30
0.0
 10
-163.2369
 20
128.3216
 30
0.0
 10
-163.2369
 20
128.3216
 30
0.0
 10
-163.1944
 20
128.5046
 30
0.0
 10
-163.1907
 20
128.6944
 30
0.0
 10
-163.2263
 20
128.8788
 30
0.0
 10
-163.2449
 20
129.021
 30
0.0
 10
-163.2883
 20
129.1588
 30
0.0
 10
-163.355
 20
129.2859
 30
0.0
 10
-163.4011
 20
129.3698
 30
0.0
 10
-163.4651
 20
129.4427
 30
0.0
 10
-163.5421
 20
129.4997
 30
0.0
 10
-163.6611
 20
129.5786
 30
0.0
 10
-163.7911
 20
129.6396
 30
0.0
 10
-163.9279
 20
129.6807
 30
0.0
 10
-164.0473
 20
129.7174
 30
0.0
 10
-164.1725
 20
129.731
 30
0.0
 10
-164.2969
 20
129.7205
 30
0.0
 10
-164.4181
 20
129.7074
 30
0.0
 10
-164.5365
 20
129.6747
 30
0.0
 10
-164.6473
 20
129.6238
 30
0.0
 10
-164.8108
 20
129.5571
 30
0.0
 10
-164.9598
 20
129.4589
 30
0.0
 10
-165.0855
 20
129.3346
 30
0.0
 10
-165.1286
 20
129.2892
 30
0.0
 10
-165.1674
 20
129.24
 30
0.0
 10
-165.2018
 20
129.1875
 30
0.0
 10
-165.2018
 20
129.1875
 30
0.0
 10
-165.8625
 20
127.9465
 30
0.0
 10
-165.8625
 20
127.9465
 30
0.0
 10
-166.0957
 20
127.5002
 30
0.0
 10
-166.3112
 20
127.0447
 30
0.0
 10
-166.5083
 20
126.5813
 30
0.0
 10
-166.9231
 20
125.6181
 30
0.0
 10
-167.3007
 20
124.6393
 30
0.0
 10
-167.6401
 20
123.647
 30
0.0
 10
-167.9983
 20
122.5729
 30
0.0
 10
-168.3231
 20
121.4878
 30
0.0
 10
-168.614
 20
120.3934
 30
0.0
 10
-169.0471
 20
118.8041
 30
0.0
 10
-169.3855
 20
117.1905
 30
0.0
 10
-169.6279
 20
115.561
 30
0.0
 10
-169.7726
 20
114.6034
 30
0.0
 10
-169.8933
 20
113.6428
 30
0.0
 10
-169.9899
 20
112.6791
 30
0.0
 10
-169.9957
 20
112.5036
 30
0.0
 10
-169.9558
 20
112.3295
 30
0.0
 10
-169.8737
 20
112.1744
 30
0.0
 10
-169.8035
 20
112.0343
 30
0.0
 10
-169.7065
 20
111.9095
 30
0.0
 10
-169.5881
 20
111.8072
 30
0.0
 10
-169.4709
 20
111.7104
 30
0.0
 10
-169.3299
 20
111.6467
 30
0.0
 10
-169.1801
 20
111.6227
 30
0.0
 10
-169.0554
 20
111.6074
 30
0.0
 10
-168.9297
 20
111.6047
 30
0.0
 10
-168.8047
 20
111.6147
 30
0.0
  0
SPLINE
  5
68
330
1F
100
AcDbEntity
  8
#Layer 1
100
AcDbSpline
210
0.0
220
0.0
230
1.0
 70
    11
 71
     3
 72
    26
 73
    22
 74
     0
 42
0.0000000001
 43
0.0000000001
 40
0.0
 40
0.0
 40
0.0
 40
0.0
 40
0.1428571428571428
 40
0.1428571428571428
 40
0.1428571428571428
 40
0.2857142857142857
 40
0.2857142857142857
 40
0.2857142857142857
 40
0.4285714285714285
 40
0.4285714285714285
 40
0.4285714285714285
 40
0.5714285714285714
 40
0.5714285714285714
 40
0.5714285714285714
 40
0.7142857142857142
 40
0.7142857142857142
 40
0.7142857142857142
 40
0.8571428571428571
 40
0.8571428571428571
 40
0.8571428571428571
 40
1.0
 40
1.0
 40
1.0
 40
1.0
 10
-166.9474
 20
119.5561
 30
0.0
 10
-166.6495
 20
120.6203
 30
0.0
 10
-166.3001
 20
121.6694
 30
0.0
 10
-165.9006
 20
122.6997
 30
0.0
 10
-165.5478
 20
123.6109
 30
0.0
 10
-165.1734
 20
124.5136
 30
0.0
 10
-164.7778
 20
125.407
 30
0.0
 10
-164.7778
 20
125.407
 30
0.0
 10
-164.4956
 20
124.9492
 30
0.0
 10
-164.4956
 20
124.9492
 30
0.0
 10
-164.0491
 20
124.2089
 30
0.0
 10
-163.6149
 20
123.4621
 30
0.0
 10
-163.1926
 20
122.7077
 30
0.0
 10
-162.6427
 20
121.6931
 30
0.0
 10
-162.1393
 20
120.6539
 30
0.0
 10
-161.6838
 20
119.5934
 30
0.0
 10
-161.6838
 20
119.5934
 30
0.0
 10
-167.0856
 20
119.0568
 30
0.0
 10
-167.0856
 20
119.0568
 30
0.0
 10
-167.0856
 20
119.0568
 30
0.0
 10
-166.9474
 20
119.5561
 30
0.0
 10
-166.9474
 20
119.5561
 30
0.0
  0
SPLINE
  5
69
330
1F
100
AcDbEntity
  8
#Layer 1
100
AcDbSpline
210
0.0
220
0.0
230
1.0
 70
    11
 71
     3
 72
   161
 73
   157
 74
     0
 42
0.0000000001
 43
0.0000000001
 40
0.0
 40
0.0
 40
0.0
 40
0.0
 40
0.0192307692307692
 40
0.0192307692307692
 40
0.0192307692307692
 40
0.0384615384615385
 40
0.0384615384615385
 40
0.0384615384615385
 40
0.0576923076923077
 40
0.0576923076923077
 40
0.0576923076923077
 40
0.0769230769230769
 40
0.0769230769230769
 40
0.0769230769230769
 40
0.0961538461538462
 40
0.0961538461538462
 40
0.0961538461538462
 40
0.1153846153846154
 40
0.1153846153846154
 40
0.1153846153846154
 40
0.1346153846153846
 40
0.1346153846153846
 40
0.1346153846153846
 40
0.1538461538461539
 40
0.1538461538461539
 40
0.1538461538461539
 40
0.1730769230769231
 40
0.1730769230769231
 40
0.1730769230769231
 40
0.1923076923076923
 40
0.1923076923076923
 40
0.1923076923076923
 40
0.2115384615384616
 40
0.2115384615384616
 40
0.2115384615384616
 40
0.2307692307692308
 40
0.2307692307692308
 40
0.2307692307692308
 40
0.25
 40
0.25
 40
0.25
 40
0.2692307692307693
 40
0.2692307692307693
 40
0.2692307692307693
 40
0.2884615384615385
 40
0.2884615384615385
 40
0.2884615384615385
 40
0.3076923076923077
 40
0.3076923076923077
 40
0.3076923076923077
 40
0.3269230769230769
 40
0.3269230769230769
 40
0.3269230769230769
 40
0.3461538461538461
 40
0.3461538461538461
 40
0.3461538461538461
 40
0.3653846153846154
 40
0.3653846153846154
 40
0.3653846153846154
 40
0.3846153846153846
 40
0.3846153846153846
 40
0.3846153846153846
 40
0.4038461538461539
 40
0.4038461538461539
 40
0.4038461538461539
 40
0.4230769230769231
 40
0.4230769230769231
 40
0.4230769230769231
 40
0.4423076923076923
 40
0.4423076923076923
 40
0.4423076923076923
 40
0.4615384615384616
 40
0.4615384615384616
 40
0.4615384615384616
 40
0.4807692307692308
 40
0.4807692307692308
 40
0.4807692307692308
 40
0.5
 40
0.5
 40
0.5
 40
0.5192307692307693
 40
0.5192307692307693
 40
0.5192307692307693
 40
0.5384615384615385
 40
0.5384615384615385
 40
0.5384615384615385
 40
0.5576923076923077
 40
0.5576923076923077
 40
0.5576923076923077
 40
0.576923076923077
 40
0.576923076923077
 40
0.576923076923077
 40
0.5961538461538461
 40
0.5961538461538461
 40
0.5961538461538461
 40
0.6153846153846154
 40
0.6153846153846154
 40
0.6153846153846154
 40
0.6346153846153847
 40
0.6346153846153847
 40
0.6346153846153847
 40
0.6538461538461539
 40
0.6538461538461539
 40
0.6538461538461539
 40
0.6730769230769231
 40
0.6730769230769231
 40
0.6730769230769231
 40
0.6923076923076923
 40
0.6923076923076923
 40
0.6923076923076923
 40
0.7115384615384616
 40
0.7115384615384616
 40
0.7115384615384616
 40
0.7307692307692308
 40
0.7307692307692308
 40
0.7307692307692308
 40
0.75
 40
0.75
 40
0.75
 40
0.7692307692307693
 40
0.7692307692307693
 40
0.7692307692307693
 40
0.7884615384615385
 40
0.7884615384615385
 40
0.7884615384615385
 40
0.8076923076923077
 40
0.8076923076923077
 40
0.8076923076923077
 40
0.826923076923077
 40
0.826923076923077
 40
0.826923076923077
 40
0.8461538461538463
 40
0.8461538461538463
 40
0.8461538461538463
 40
0.8653846153846154
 40
0.8653846153846154
 40
0.8653846153846154
 40
0.8846153846153847
 40
0.8846153846153847
 40
0.8846153846153847
 40
0.9038461538461539
 40
0.9038461538461539
 40
0.9038461538461539
 40
0.9230769230769231
 40
0.9230769230769231
 40
0.9230769230769231
 40
0.9423076923076924
 40
0.9423076923076924
 40
0.9423076923076924
 40
0.9615384615384616
 40
0.9615384615384616
 40
0.9615384615384616
 40
0.9807692307692308
 40
0.9807692307692308
 40
0.9807692307692308
 40
1.0
 40
1.0
 40
1.0
 40
1.0
 10
-109.6466
 20
111.6174
 30
0.0
 10
-109.5073
 20
111.6298
 30
0.0
 10
-109.3721
 20
111.6714
 30
0.0
 10
-109.25
 20
111.7397
 30
0.0
 10
-109.1082
 20
111.8231
 30
0.0
 10
-108.9946
 20
111.9469
 30
0.0
 10
-108.9236
 20
112.0954
 30
0.0
 10
-108.8279
 20
112.2917
 30
0.0
 10
-108.7819
 20
112.5087
 30
0.0
 10
-108.7897
 20
112.727
 30
0.0
 10
-108.7912
 20
112.808
 30
0.0
 10
-108.7982
 20
112.8891
 30
0.0
 10
-108.811
 20
112.9692
 30
0.0
 10
-108.811
 20
112.9692
 30
0.0
 10
-108.8705
 20
113.3514
 30
0.0
 10
-108.8705
 20
113.3514
 30
0.0
 10
-108.9874
 20
114.1798
 30
0.0
 10
-109.0622
 20
115.0134
 30
0.0
 10
-109.0949
 20
115.8493
 30
0.0
 10
-109.138
 20
116.9685
 30
0.0
 10
-109.1305
 20
118.089
 30
0.0
 10
-109.0727
 20
119.2075
 30
0.0
 10
-109.0564
 20
119.5569
 30
0.0
 10
-109.0357
 20
119.9062
 30
0.0
 10
-109.0106
 20
120.2552
 30
0.0
 10
-108.813
 20
123.0824
 30
0.0
 10
-108.488
 20
125.8997
 30
0.0
 10
-108.0367
 20
128.6979
 30
0.0
 10
-108.0367
 20
128.6979
 30
0.0
 10
-108.034
 20
128.7945
 30
0.0
 10
-108.034
 20
128.7945
 30
0.0
 10
-108.0409
 20
128.9649
 30
0.0
 10
-108.0899
 20
129.1311
 30
0.0
 10
-108.1768
 20
129.2779
 30
0.0
 10
-108.2469
 20
129.4011
 30
0.0
 10
-108.3335
 20
129.5141
 30
0.0
 10
-108.434
 20
129.614
 30
0.0
 10
-108.5061
 20
129.689
 30
0.0
 10
-108.5962
 20
129.7443
 30
0.0
 10
-108.6958
 20
129.7746
 30
0.0
 10
-108.6958
 20
129.7746
 30
0.0
 10
-108.7614
 20
129.7862
 30
0.0
 10
-108.7614
 20
129.7862
 30
0.0
 10
-108.7614
 20
129.7862
 30
0.0
 10
-108.8713
 20
129.8226
 30
0.0
 10
-108.8713
 20
129.8226
 30
0.0
 10
-108.9383
 20
129.8398
 30
0.0
 10
-109.0072
 20
129.8482
 30
0.0
 10
-109.0762
 20
129.8474
 30
0.0
 10
-109.1396
 20
129.8447
 30
0.0
 10
-109.2021
 20
129.8322
 30
0.0
 10
-109.2617
 20
129.81
 30
0.0
 10
-109.3545
 20
129.7711
 30
0.0
 10
-109.4372
 20
129.7117
 30
0.0
 10
-109.5038
 20
129.6362
 30
0.0
 10
-109.6112
 20
129.5224
 30
0.0
 10
-109.7026
 20
129.3944
 30
0.0
 10
-109.7752
 20
129.2558
 30
0.0
 10
-109.8083
 20
129.1907
 30
0.0
 10
-109.8321
 20
129.1215
 30
0.0
 10
-109.8463
 20
129.0499
 30
0.0
 10
-109.8463
 20
129.0499
 30
0.0
 10
-109.8595
 20
129.0225
 30
0.0
 10
-109.8595
 20
129.0225
 30
0.0
 10
-109.891
 20
128.9262
 30
0.0
 10
-109.9153
 20
128.8278
 30
0.0
 10
-109.9322
 20
128.728
 30
0.0
 10
-109.9702
 20
128.5326
 30
0.0
 10
-110.0047
 20
128.3365
 30
0.0
 10
-110.0359
 20
128.1398
 30
0.0
 10
-110.1871
 20
127.1706
 30
0.0
 10
-110.3222
 20
126.1987
 30
0.0
 10
-110.4414
 20
125.2252
 30
0.0
 10
-110.5206
 20
124.5741
 30
0.0
 10
-110.5818
 20
123.921
 30
0.0
 10
-110.6251
 20
123.2666
 30
0.0
 10
-110.6414
 20
123.0072
 30
0.0
 10
-110.6525
 20
122.7476
 30
0.0
 10
-110.6578
 20
122.4878
 30
0.0
 10
-110.6578
 20
122.4878
 30
0.0
 10
-110.7439
 20
122.5418
 30
0.0
 10
-110.7439
 20
122.5418
 30
0.0
 10
-111.0596
 20
122.7108
 30
0.0
 10
-111.3793
 20
122.8723
 30
0.0
 10
-111.7027
 20
123.0261
 30
0.0
 10
-112.1044
 20
123.2002
 30
0.0
 10
-112.5304
 20
123.3119
 30
0.0
 10
-112.9658
 20
123.3571
 30
0.0
 10
-113.2142
 20
123.3849
 30
0.0
 10
-113.4638
 20
123.3989
 30
0.0
 10
-113.7136
 20
123.3987
 30
0.0
 10
-114.8366
 20
123.3351
 30
0.0
 10
-115.9182
 20
122.9527
 30
0.0
 10
-116.8315
 20
122.2962
 30
0.0
 10
-117.2904
 20
121.9677
 30
0.0
 10
-117.6829
 20
121.5557
 30
0.0
 10
-117.989
 20
121.0818
 30
0.0
 10
-118.09
 20
120.9281
 30
0.0
 10
-118.1865
 20
120.7713
 30
0.0
 10
-118.2782
 20
120.6118
 30
0.0
 10
-118.5842
 20
120.0664
 30
0.0
 10
-118.8103
 20
119.48
 30
0.0
 10
-118.9497
 20
118.8705
 30
0.0
 10
-119.1693
 20
117.9261
 30
0.0
 10
-119.2225
 20
116.9505
 30
0.0
 10
-119.1066
 20
115.9877
 30
0.0
 10
-119.0327
 20
115.3864
 30
0.0
 10
-118.8714
 20
114.7993
 30
0.0
 10
-118.6278
 20
114.2446
 30
0.0
 10
-118.3645
 20
113.6468
 30
0.0
 10
-117.9856
 20
113.1069
 30
0.0
 10
-117.5127
 20
112.656
 30
0.0
 10
-117.1726
 20
112.3272
 30
0.0
 10
-116.7712
 20
112.0683
 30
0.0
 10
-116.3312
 20
111.8941
 30
0.0
 10
-115.9805
 20
111.7611
 30
0.0
 10
-115.6105
 20
111.6859
 30
0.0
 10
-115.2357
 20
111.6714
 30
0.0
 10
-114.7481
 20
111.6474
 30
0.0
 10
-114.2593
 20
111.6657
 30
0.0
 10
-113.7748
 20
111.7264
 30
0.0
 10
-113.4423
 20
111.7673
 30
0.0
 10
-113.1151
 20
111.8441
 30
0.0
 10
-112.7991
 20
111.9553
 30
0.0
 10
-112.5807
 20
112.0323
 30
0.0
 10
-112.3718
 20
112.1341
 30
0.0
 10
-112.1763
 20
112.2587
 30
0.0
 10
-111.7597
 20
112.545
 30
0.0
 10
-111.3713
 20
112.8702
 30
0.0
 10
-111.0162
 20
113.2299
 30
0.0
 10
-110.9234
 20
113.3271
 30
0.0
 10
-110.8363
 20
113.4295
 30
0.0
 10
-110.7553
 20
113.5369
 30
0.0
 10
-110.7553
 20
113.5369
 30
0.0
 10
-110.6578
 20
113.6797
 30
0.0
 10
-110.6578
 20
113.6797
 30
0.0
 10
-110.6578
 20
113.6797
 30
0.0
 10
-110.6747
 20
113.6513
 30
0.0
 10
-110.6747
 20
113.6513
 30
0.0
 10
-110.6934
 20
113.5977
 30
0.0
 10
-110.7043
 20
113.542
 30
0.0
 10
-110.7075
 20
113.4855
 30
0.0
 10
-110.7193
 20
113.201
 30
0.0
 10
-110.7068
 20
112.9161
 30
0.0
 10
-110.6703
 20
112.6338
 30
0.0
 10
-110.6601
 20
112.5562
 30
0.0
 10
-110.6452
 20
112.4792
 30
0.0
 10
-110.6258
 20
112.4033
 30
0.0
 10
-110.5491
 20
112.1424
 30
0.0
 10
-110.3954
 20
111.911
 30
0.0
 10
-110.1851
 20
111.7389
 30
0.0
 10
-110.087
 20
111.6685
 30
0.0
 10
-109.9718
 20
111.6258
 30
0.0
 10
-109.8515
 20
111.6156
 30
0.0
 10
-109.7834
 20
111.6091
 30
0.0
 10
-109.7147
 20
111.6096
 30
0.0
 10
-109.6466
 20
111.6174
 30
0.0
  0
SPLINE
  5
6A
330
1F
100
AcDbEntity
  8
#Layer 1
100
AcDbSpline
210
0.0
220
0.0
230
1.0
 70
    11
 71
     3
 72
    83
 73
    79
 74
     0
 42
0.0000000001
 43
0.0000000001
 40
0.0
 40
0.0
 40
0.0
 40
0.0
 40
0.0384615384615385
 40
0.0384615384615385
 40
0.0384615384615385
 40
0.0769230769230769
 40
0.0769230769230769
 40
0.0769230769230769
 40
0.1153846153846154
 40
0.1153846153846154
 40
0.1153846153846154
 40
0.1538461538461539
 40
0.1538461538461539
 40
0.1538461538461539
 40
0.1923076923076923
 40
0.1923076923076923
 40
0.1923076923076923
 40
0.2307692307692308
 40
0.2307692307692308
 40
0.2307692307692308
 40
0.2692307692307693
 40
0.2692307692307693
 40
0.2692307692307693
 40
0.3076923076923077
 40
0.3076923076923077
 40
0.3076923076923077
 40
0.3461538461538461
 40
0.3461538461538461
 40
0.3461538461538461
 40
0.3846153846153846
 40
0.3846153846153846
 40
0.3846153846153846
 40
0.4230769230769231
 40
0.4230769230769231
 40
0.4230769230769231
 40
0.4615384615384616
 40
0.4615384615384616
 40
0.4615384615384616
 40
0.5
 40
0.5
 40
0.5
 40
0.5384615384615385
 40
0.5384615384615385
 40
0.5384615384615385
 40
0.576923076923077
 40
0.576923076923077
 40
0.576923076923077
 40
0.6153846153846154
 40
0.6153846153846154
 40
0.6153846153846154
 40
0.6538461538461539
 40
0.6538461538461539
 40
0.6538461538461539
 40
0.6923076923076923
 40
0.6923076923076923
 40
0.6923076923076923
 40
0.7307692307692308
 40
0.7307692307692308
 40
0.7307692307692308
 40
0.7692307692307693
 40
0.7692307692307693
 40
0.7692307692307693
 40
0.8076923076923077
 40
0.8076923076923077
 40
0.8076923076923077
 40
0.8461538461538463
 40
0.8461538461538463
 40
0.8461538461538463
 40
0.8846153846153847
 40
0.8846153846153847
 40
0.8846153846153847
 40
0.9230769230769231
 40
0.9230769230769231
 40
0.9230769230769231
 40
0.9615384615384616
 40
0.9615384615384616
 40
0.9615384615384616
 40
1.0
 40
1.0
 40
1.0
 40
1.0
 10
-114.6982
 20
113.7578
 30
0.0
 10
-114.958
 20
113.7672
 30
0.0
 10
-115.2156
 20
113.8065
 30
0.0
 10
-115.4664
 20
113.8748
 30
0.0
 10
-115.5832
 20
113.9069
 30
0.0
 10
-115.6977
 20
113.9474
 30
0.0
 10
-115.8087
 20
113.9963
 30
0.0
 10
-115.9591
 20
114.0628
 30
0.0
 10
-116.0997
 20
114.1496
 30
0.0
 10
-116.2265
 20
114.2544
 30
0.0
 10
-116.5146
 20
114.5099
 30
0.0
 10
-116.7437
 20
114.8251
 30
0.0
 10
-116.898
 20
115.1778
 30
0.0
 10
-116.9835
 20
115.3906
 30
0.0
 10
-117.0536
 20
115.6089
 30
0.0
 10
-117.1081
 20
115.8315
 30
0.0
 10
-117.1975
 20
116.2028
 30
0.0
 10
-117.2457
 20
116.5827
 30
0.0
 10
-117.2518
 20
116.9643
 30
0.0
 10
-117.2571
 20
117.267
 30
0.0
 10
-117.2397
 20
117.5698
 30
0.0
 10
-117.1995
 20
117.8699
 30
0.0
 10
-117.1721
 20
118.0658
 30
0.0
 10
-117.1339
 20
118.2602
 30
0.0
 10
-117.0853
 20
118.4518
 30
0.0
 10
-117.0373
 20
118.6389
 30
0.0
 10
-116.9781
 20
118.8228
 30
0.0
 10
-116.9078
 20
119.0026
 30
0.0
 10
-116.9078
 20
119.0026
 30
0.0
 10
-116.7951
 20
119.266
 30
0.0
 10
-116.7951
 20
119.266
 30
0.0
 10
-116.7951
 20
119.266
 30
0.0
 10
-116.6656
 20
119.5207
 30
0.0
 10
-116.6656
 20
119.5207
 30
0.0
 10
-116.6656
 20
119.5207
 30
0.0
 10
-116.4749
 20
119.8488
 30
0.0
 10
-116.4749
 20
119.8488
 30
0.0
 10
-116.3448
 20
120.0501
 30
0.0
 10
-116.1809
 20
120.2276
 30
0.0
 10
-115.9905
 20
120.3731
 30
0.0
 10
-115.7506
 20
120.5622
 30
0.0
 10
-115.4984
 20
120.7351
 30
0.0
 10
-115.2357
 20
120.8912
 30
0.0
 10
-114.862
 20
121.0869
 30
0.0
 10
-114.4577
 20
121.2176
 30
0.0
 10
-114.04
 20
121.2778
 30
0.0
 10
-113.9319
 20
121.2938
 30
0.0
 10
-113.8229
 20
121.3021
 30
0.0
 10
-113.7136
 20
121.3027
 30
0.0
 10
-113.3907
 20
121.2734
 30
0.0
 10
-113.0708
 20
121.2175
 30
0.0
 10
-112.7574
 20
121.135
 30
0.0
 10
-112.5516
 20
121.0821
 30
0.0
 10
-112.3518
 20
121.0082
 30
0.0
 10
-112.1612
 20
120.9143
 30
0.0
 10
-111.8838
 20
120.7706
 30
0.0
 10
-111.6375
 20
120.5733
 30
0.0
 10
-111.4366
 20
120.334
 30
0.0
 10
-111.1601
 20
120.0139
 30
0.0
 10
-110.977
 20
119.6239
 30
0.0
 10
-110.907
 20
119.2066
 30
0.0
 10
-110.8253
 20
118.7486
 30
0.0
 10
-110.806
 20
118.2818
 30
0.0
 10
-110.8494
 20
117.8185
 30
0.0
 10
-110.8879
 20
117.3573
 30
0.0
 10
-110.9742
 20
116.9013
 30
0.0
 10
-111.1067
 20
116.4579
 30
0.0
 10
-111.1067
 20
116.4579
 30
0.0
 10
-111.2069
 20
116.1686
 30
0.0
 10
-111.2069
 20
116.1686
 30
0.0
 10
-111.4547
 20
115.5065
 30
0.0
 10
-111.8727
 20
114.9212
 30
0.0
 10
-112.4185
 20
114.4717
 30
0.0
 10
-112.8634
 20
114.0875
 30
0.0
 10
-113.4142
 20
113.8466
 30
0.0
 10
-113.9984
 20
113.7808
 30
0.0
 10
-114.2304
 20
113.7523
 30
0.0
 10
-114.4647
 20
113.7447
 30
0.0
 10
-114.6982
 20
113.7578
 30
0.0
  0
SPLINE
  5
6B
330
1F
100
AcDbEntity
  8
#Layer 1
100
AcDbSpline
210
0.0
220
0.0
230
1.0
 70
    11
 71
     3
 72
   134
 73
   130
 74
     0
 42
0.0000000001
 43
0.0000000001
 40
0.0
 40
0.0
 40
0.0
 40
0.0
 40
0.0232558139534884
 40
0.0232558139534884
 40
0.0232558139534884
 40
0.0465116279069767
 40
0.0465116279069767
 40
0.0465116279069767
 40
0.0697674418604651
 40
0.0697674418604651
 40
0.0697674418604651
 40
0.0930232558139535
 40
0.0930232558139535
 40
0.0930232558139535
 40
0.1162790697674419
 40
0.1162790697674419
 40
0.1162790697674419
 40
0.1395348837209302
 40
0.1395348837209302
 40
0.1395348837209302
 40
0.1627906976744186
 40
0.1627906976744186
 40
0.1627906976744186
 40
0.186046511627907
 40
0.186046511627907
 40
0.186046511627907
 40
0.2093023255813953
 40
0.2093023255813953
 40
0.2093023255813953
 40
0.2325581395348837
 40
0.2325581395348837
 40
0.2325581395348837
 40
0.2558139534883721
 40
0.2558139534883721
 40
0.2558139534883721
 40
0.2790697674418605
 40
0.2790697674418605
 40
0.2790697674418605
 40
0.3023255813953488
 40
0.3023255813953488
 40
0.3023255813953488
 40
0.3255813953488372
 40
0.3255813953488372
 40
0.3255813953488372
 40
0.3488372093023256
 40
0.3488372093023256
 40
0.3488372093023256
 40
0.3720930232558139
 40
0.3720930232558139
 40
0.3720930232558139
 40
0.3953488372093023
 40
0.3953488372093023
 40
0.3953488372093023
 40
0.4186046511627907
 40
0.4186046511627907
 40
0.4186046511627907
 40
0.4418604651162791
 40
0.4418604651162791
 40
0.4418604651162791
 40
0.4651162790697674
 40
0.4651162790697674
 40
0.4651162790697674
 40
0.4883720930232558
 40
0.4883720930232558
 40
0.4883720930232558
 40
0.5116279069767442
 40
0.5116279069767442
 40
0.5116279069767442
 40
0.5348837209302325
 40
0.5348837209302325
 40
0.5348837209302325
 40
0.5581395348837209
 40
0.5581395348837209
 40
0.5581395348837209
 40
0.5813953488372093
 40
0.5813953488372093
 40
0.5813953488372093
 40
0.6046511627906976
 40
0.6046511627906976
 40
0.6046511627906976
 40
0.627906976744186
 40
0.627906976744186
 40
0.627906976744186
 40
0.6511627906976745
 40
0.6511627906976745
 40
0.6511627906976745
 40
0.6744186046511628
 40
0.6744186046511628
 40
0.6744186046511628
 40
0.6976744186046512
 40
0.6976744186046512
 40
0.6976744186046512
 40
0.7209302325581395
 40
0.7209302325581395
 40
0.7209302325581395
 40
0.7441860465116279
 40
0.7441860465116279
 40
0.7441860465116279
 40
0.7674418604651163
 40
0.7674418604651163
 40
0.7674418604651163
 40
0.7906976744186046
 40
0.7906976744186046
 40
0.7906976744186046
 40
0.813953488372093
 40
0.813953488372093
 40
0.813953488372093
 40
0.8372093023255813
 40
0.8372093023255813
 40
0.8372093023255813
 40
0.8604651162790697
 40
0.8604651162790697
 40
0.8604651162790697
 40
0.8837209302325582
 40
0.8837209302325582
 40
0.8837209302325582
 40
0.9069767441860465
 40
0.9069767441860465
 40
0.9069767441860465
 40
0.9302325581395349
 40
0.9302325581395349
 40
0.9302325581395349
 40
0.9534883720930233
 40
0.9534883720930233
 40
0.9534883720930233
 40
0.9767441860465116
 40
0.9767441860465116
 40
0.9767441860465116
 40
1.0
 40
1.0
 40
1.0
 40
1.0
 10
-100.9876
 20
124.5572
 30
0.0
 10
-100.9876
 20
124.5572
 30
0.0
 10
-100.9636
 20
124.5714
 30
0.0
 10
-100.9636
 20
124.5714
 30
0.0
 10
-100.9636
 20
124.5714
 30
0.0
 10
-100.9369
 20
124.5944
 30
0.0
 10
-100.9369
 20
124.5944
 30
0.0
 10
-100.9009
 20
124.6339
 30
0.0
 10
-100.8682
 20
124.6764
 30
0.0
 10
-100.8393
 20
124.7212
 30
0.0
 10
-100.8393
 20
124.7212
 30
0.0
 10
-100.7845
 20
124.8322
 30
0.0
 10
-100.7845
 20
124.8322
 30
0.0
 10
-100.6555
 20
125.0673
 30
0.0
 10
-100.4843
 20
125.2766
 30
0.0
 10
-100.2796
 20
125.4495
 30
0.0
 10
-100.2796
 20
125.4495
 30
0.0
 10
-100.1652
 20
125.5444
 30
0.0
 10
-100.1652
 20
125.5444
 30
0.0
 10
-100.1652
 20
125.5444
 30
0.0
 10
-99.8423
 20
125.8265
 30
0.0
 10
-99.8423
 20
125.8265
 30
0.0
 10
-99.7179
 20
125.9353
 30
0.0
 10
-99.5895
 20
126.0394
 30
0.0
 10
-99.4574
 20
126.1388
 30
0.0
 10
-99.374
 20
126.2056
 30
0.0
 10
-99.2854
 20
126.2656
 30
0.0
 10
-99.1922
 20
126.3179
 30
0.0
 10
-99.1922
 20
126.3179
 30
0.0
 10
-98.9774
 20
126.4182
 30
0.0
 10
-98.9774
 20
126.4182
 30
0.0
 10
-98.6704
 20
126.5602
 30
0.0
 10
-98.3752
 20
126.727
 30
0.0
 10
-98.0949
 20
126.9166
 30
0.0
 10
-97.9232
 20
127.0325
 30
0.0
 10
-97.7645
 20
127.1663
 30
0.0
 10
-97.6213
 20
127.3158
 30
0.0
 10
-97.509
 20
127.4322
 30
0.0
 10
-97.418
 20
127.5672
 30
0.0
 10
-97.3524
 20
127.7149
 30
0.0
 10
-97.3261
 20
127.7792
 30
0.0
 10
-97.307
 20
127.846
 30
0.0
 10
-97.2958
 20
127.9145
 30
0.0
 10
-97.2591
 20
128.1469
 30
0.0
 10
-97.2493
 20
128.3825
 30
0.0
 10
-97.2665
 20
128.617
 30
0.0
 10
-97.2807
 20
128.8172
 30
0.0
 10
-97.3265
 20
129.014
 30
0.0
 10
-97.4022
 20
129.1998
 30
0.0
 10
-97.5099
 20
129.4607
 30
0.0
 10
-97.6876
 20
129.6865
 30
0.0
 10
-97.9158
 20
129.8527
 30
0.0
 10
-97.9961
 20
129.9118
 30
0.0
 10
-98.0809
 20
129.9646
 30
0.0
 10
-98.1694
 20
130.0106
 30
0.0
 10
-98.4688
 20
130.1129
 30
0.0
 10
-98.792
 20
130.123
 30
0.0
 10
-99.0973
 20
130.0398
 30
0.0
 10
-99.3522
 20
129.9621
 30
0.0
 10
-99.586
 20
129.8275
 30
0.0
 10
-99.7811
 20
129.646
 30
0.0
 10
-99.9096
 20
129.5303
 30
0.0
 10
-100.0273
 20
129.4029
 30
0.0
 10
-100.1325
 20
129.2654
 30
0.0
 10
-100.3059
 20
129.0374
 30
0.0
 10
-100.4587
 20
128.7943
 30
0.0
 10
-100.5892
 20
128.5391
 30
0.0
 10
-100.5892
 20
128.5391
 30
0.0
 10
-100.6344
 20
128.6871
 30
0.0
 10
-100.6344
 20
128.6871
 30
0.0
 10
-100.739
 20
129.0372
 30
0.0
 10
-100.8865
 20
129.3729
 30
0.0
 10
-101.0735
 20
129.6868
 30
0.0
 10
-101.2244
 20
129.9421
 30
0.0
 10
-101.4217
 20
130.1668
 30
0.0
 10
-101.6554
 20
130.3494
 30
0.0
 10
-101.954
 20
130.5756
 30
0.0
 10
-102.3161
 20
130.7022
 30
0.0
 10
-102.6905
 20
130.7113
 30
0.0
 10
-102.8389
 20
130.7162
 30
0.0
 10
-102.9873
 20
130.7073
 30
0.0
 10
-103.1341
 20
130.6847
 30
0.0
 10
-103.3952
 20
130.5921
 30
0.0
 10
-103.6344
 20
130.4466
 30
0.0
 10
-103.8366
 20
130.2571
 30
0.0
 10
-104.0822
 20
130.0164
 30
0.0
 10
-104.243
 20
129.7023
 30
0.0
 10
-104.2942
 20
129.3622
 30
0.0
 10
-104.32
 20
129.2024
 30
0.0
 10
-104.3295
 20
129.0405
 30
0.0
 10
-104.3227
 20
128.8788
 30
0.0
 10
-104.3124
 20
128.655
 30
0.0
 10
-104.2822
 20
128.4326
 30
0.0
 10
-104.2323
 20
128.2143
 30
0.0
 10
-104.1638
 20
128.0392
 30
0.0
 10
-104.069
 20
127.8757
 30
0.0
 10
-103.9511
 20
127.7292
 30
0.0
 10
-103.765
 20
127.4985
 30
0.0
 10
-103.5548
 20
127.2887
 30
0.0
 10
-103.3239
 20
127.1029
 30
0.0
 10
-103.0505
 20
126.8781
 30
0.0
 10
-102.7639
 20
126.6701
 30
0.0
 10
-102.4652
 20
126.4803
 30
0.0
 10
-102.4652
 20
126.4803
 30
0.0
 10
-102.3658
 20
126.4065
 30
0.0
 10
-102.3658
 20
126.4065
 30
0.0
 10
-102.1646
 20
126.2425
 30
0.0
 10
-101.9784
 20
126.0606
 30
0.0
 10
-101.8098
 20
125.8628
 30
0.0
 10
-101.8098
 20
125.8628
 30
0.0
 10
-101.5969
 20
125.611
 30
0.0
 10
-101.5969
 20
125.611
 30
0.0
 10
-101.3685
 20
125.3256
 30
0.0
 10
-101.1941
 20
125.001
 30
0.0
 10
-101.0824
 20
124.6529
 30
0.0
 10
-101.0824
 20
124.6529
 30
0.0
 10
-101.062
 20
124.6104
 30
0.0
 10
-101.062
 20
124.6104
 30
0.0
 10
-101.062
 20
124.6104
 30
0.0
 10
-101.039
 20
124.5714
 30
0.0
 10
-101.039
 20
124.5714
 30
0.0
 10
-101.039
 20
124.5714
 30
0.0
 10
-101.0248
 20
124.5572
 30
0.0
 10
-101.0248
 20
124.5572
 30
0.0
 10
-101.0248
 20
124.5572
 30
0.0
 10
-101.007
 20
124.5528
 30
0.0
 10
-101.007
 20
124.5528
 30
0.0
 10
-101.007
 20
124.5528
 30
0.0
 10
-100.9876
 20
124.5572
 30
0.0
 10
-100.9876
 20
124.5572
 30
0.0
  0
SPLINE
  5
6C
330
1F
100
AcDbEntity
  8
#Layer 1
100
AcDbSpline
210
0.0
220
0.0
230
1.0
 70
    11
 71
     3
 72
    32
 73
    28
 74
     0
 42
0.0000000001
 43
0.0000000001
 40
0.0
 40
0.0
 40
0.0
 40
0.0
 40
0.1111111111111111
 40
0.1111111111111111
 40
0.1111111111111111
 40
0.2222222222222222
 40
0.2222222222222222
 40
0.2222222222222222
 40
0.3333333333333333
 40
0.3333333333333333
 40
0.3333333333333333
 40
0.4444444444444444
 40
0.4444444444444444
 40
0.4444444444444444
 40
0.5555555555555556
 40
0.5555555555555556
 40
0.5555555555555556
 40
0.6666666666666666
 40
0.6666666666666666
 40
0.6666666666666666
 40
0.7777777777777777
 40
0.7777777777777777
 40
0.7777777777777777
 40
0.8888888888888888
 40
0.8888888888888888
 40
0.8888888888888888
 40
1.0
 40
1.0
 40
1.0
 40
1.0
 10
-102.8892
 20
128.3988
 30
0.0
 10
-102.8892
 20
128.3988
 30
0.0
 10
-102.963
 20
128.4167
 30
0.0
 10
-102.963
 20
128.4167
 30
0.0
 10
-103.106
 20
128.4579
 30
0.0
 10
-103.2289
 20
128.55
 30
0.0
 10
-103.3089
 20
128.6755
 30
0.0
 10
-103.42
 20
128.8327
 30
0.0
 10
-103.4809
 20
129.0198
 30
0.0
 10
-103.4836
 20
129.2123
 30
0.0
 10
-103.4686
 20
129.4736
 30
0.0
 10
-103.341
 20
129.7156
 30
0.0
 10
-103.1341
 20
129.8758
 30
0.0
 10
-103.0109
 20
129.9628
 30
0.0
 10
-102.8602
 20
130.002
 30
0.0
 10
-102.7101
 20
129.9857
 30
0.0
 10
-102.5152
 20
129.9719
 30
0.0
 10
-102.3368
 20
129.8712
 30
0.0
 10
-102.224
 20
129.7117
 30
0.0
 10
-102.0567
 20
129.4936
 30
0.0
 10
-102.0125
 20
129.2051
 30
0.0
 10
-102.107
 20
128.9471
 30
0.0
 10
-102.1733
 20
128.756
 30
0.0
 10
-102.3008
 20
128.5923
 30
0.0
 10
-102.4698
 20
128.4813
 30
0.0
 10
-102.5953
 20
128.4047
 30
0.0
 10
-102.7441
 20
128.3754
 30
0.0
 10
-102.8892
 20
128.3988
 30
0.0
  0
SPLINE
  5
6D
330
1F
100
AcDbEntity
  8
#Layer 1
 62
     1
370
     0
100
AcDbSpline
210
0.0
220
0.0
230
1.0
 70
    11
 71
     3
 72
   650
 73
   646
 74
     0
 42
0.0000000001
 43
0.0000000001
 40
0.0
 40
0.0
 40
0.0
 40
0.0
 40
0.0046511627906977
 40
0.0046511627906977
 40
0.0046511627906977
 40
0.0093023255813953
 40
0.0093023255813953
 40
0.0093023255813953
 40
0.013953488372093
 40
0.013953488372093
 40
0.013953488372093
 40
0.0186046511627907
 40
0.0186046511627907
 40
0.0186046511627907
 40
0.0232558139534884
 40
0.0232558139534884
 40
0.0232558139534884
 40
0.027906976744186
 40
0.027906976744186
 40
0.027906976744186
 40
0.0325581395348837
 40
0.0325581395348837
 40
0.0325581395348837
 40
0.0372093023255814
 40
0.0372093023255814
 40
0.0372093023255814
 40
0.0418604651162791
 40
0.0418604651162791
 40
0.0418604651162791
 40
0.0465116279069767
 40
0.0465116279069767
 40
0.0465116279069767
 40
0.0511627906976744
 40
0.0511627906976744
 40
0.0511627906976744
 40
0.0558139534883721
 40
0.0558139534883721
 40
0.0558139534883721
 40
0.0604651162790698
 40
0.0604651162790698
 40
0.0604651162790698
 40
0.0651162790697674
 40
0.0651162790697674
 40
0.0651162790697674
 40
0.0697674418604651
 40
0.0697674418604651
 40
0.0697674418604651
 40
0.0744186046511628
 40
0.0744186046511628
 40
0.0744186046511628
 40
0.0790697674418605
 40
0.0790697674418605
 40
0.0790697674418605
 40
0.0837209302325581
 40
0.0837209302325581
 40
0.0837209302325581
 40
0.0883720930232558
 40
0.0883720930232558
 40
0.0883720930232558
 40
0.0930232558139535
 40
0.0930232558139535
 40
0.0930232558139535
 40
0.0976744186046512
 40
0.0976744186046512
 40
0.0976744186046512
 40
0.1023255813953488
 40
0.1023255813953488
 40
0.1023255813953488
 40
0.1069767441860465
 40
0.1069767441860465
 40
0.1069767441860465
 40
0.1116279069767442
 40
0.1116279069767442
 40
0.1116279069767442
 40
0.1162790697674419
 40
0.1162790697674419
 40
0.1162790697674419
 40
0.1209302325581395
 40
0.1209302325581395
 40
0.1209302325581395
 40
0.1255813953488372
 40
0.1255813953488372
 40
0.1255813953488372
 40
0.1302325581395349
 40
0.1302325581395349
 40
0.1302325581395349
 40
0.1348837209302325
 40
0.1348837209302325
 40
0.1348837209302325
 40
0.1395348837209302
 40
0.1395348837209302
 40
0.1395348837209302
 40
0.1441860465116279
 40
0.1441860465116279
 40
0.1441860465116279
 40
0.1488372093023256
 40
0.1488372093023256
 40
0.1488372093023256
 40
0.1534883720930232
 40
0.1534883720930232
 40
0.1534883720930232
 40
0.1581395348837209
 40
0.1581395348837209
 40
0.1581395348837209
 40
0.1627906976744186
 40
0.1627906976744186
 40
0.1627906976744186
 40
0.1674418604651163
 40
0.1674418604651163
 40
0.1674418604651163
 40
0.1720930232558139
 40
0.1720930232558139
 40
0.1720930232558139
 40
0.1767441860465116
 40
0.1767441860465116
 40
0.1767441860465116
 40
0.1813953488372093
 40
0.1813953488372093
 40
0.1813953488372093
 40
0.186046511627907
 40
0.186046511627907
 40
0.186046511627907
 40
0.1906976744186046
 40
0.1906976744186046
 40
0.1906976744186046
 40
0.1953488372093023
 40
0.1953488372093023
 40
0.1953488372093023
 40
0.2
 40
0.2
 40
0.2
 40
0.2046511627906977
 40
0.2046511627906977
 40
0.2046511627906977
 40
0.2093023255813953
 40
0.2093023255813953
 40
0.2093023255813953
 40
0.213953488372093
 40
0.213953488372093
 40
0.213953488372093
 40
0.2186046511627907
 40
0.2186046511627907
 40
0.2186046511627907
 40
0.2232558139534884
 40
0.2232558139534884
 40
0.2232558139534884
 40
0.227906976744186
 40
0.227906976744186
 40
0.227906976744186
 40
0.2325581395348837
 40
0.2325581395348837
 40
0.2325581395348837
 40
0.2372093023255814
 40
0.2372093023255814
 40
0.2372093023255814
 40
0.2418604651162791
 40
0.2418604651162791
 40
0.2418604651162791
 40
0.2465116279069767
 40
0.2465116279069767
 40
0.2465116279069767
 40
0.2511627906976744
 40
0.2511627906976744
 40
0.2511627906976744
 40
0.2558139534883721
 40
0.2558139534883721
 40
0.2558139534883721
 40
0.2604651162790698
 40
0.2604651162790698
 40
0.2604651162790698
 40
0.2651162790697674
 40
0.2651162790697674
 40
0.2651162790697674
 40
0.2697674418604651
 40
0.2697674418604651
 40
0.2697674418604651
 40
0.2744186046511628
 40
0.2744186046511628
 40
0.2744186046511628
 40
0.2790697674418605
 40
0.2790697674418605
 40
0.2790697674418605
 40
0.2837209302325581
 40
0.2837209302325581
 40
0.2837209302325581
 40
0.2883720930232558
 40
0.2883720930232558
 40
0.2883720930232558
 40
0.2930232558139535
 40
0.2930232558139535
 40
0.2930232558139535
 40
0.2976744186046512
 40
0.2976744186046512
 40
0.2976744186046512
 40
0.3023255813953488
 40
0.3023255813953488
 40
0.3023255813953488
 40
0.3069767441860465
 40
0.3069767441860465
 40
0.3069767441860465
 40
0.3116279069767442
 40
0.3116279069767442
 40
0.3116279069767442
 40
0.3162790697674419
 40
0.3162790697674419
 40
0.3162790697674419
 40
0.3209302325581395
 40
0.3209302325581395
 40
0.3209302325581395
 40
0.3255813953488372
 40
0.3255813953488372
 40
0.3255813953488372
 40
0.3302325581395349
 40
0.3302325581395349
 40
0.3302325581395349
 40
0.3348837209302326
 40
0.3348837209302326
 40
0.3348837209302326
 40
0.3395348837209302
 40
0.3395348837209302
 40
0.3395348837209302
 40
0.3441860465116279
 40
0.3441860465116279
 40
0.3441860465116279
 40
0.3488372093023256
 40
0.3488372093023256
 40
0.3488372093023256
 40
0.3534883720930233
 40
0.3534883720930233
 40
0.3534883720930233
 40
0.3581395348837209
 40
0.3581395348837209
 40
0.3581395348837209
 40
0.3627906976744186
 40
0.3627906976744186
 40
0.3627906976744186
 40
0.3674418604651163
 40
0.3674418604651163
 40
0.3674418604651163
 40
0.3720930232558139
 40
0.3720930232558139
 40
0.3720930232558139
 40
0.3767441860465116
 40
0.3767441860465116
 40
0.3767441860465116
 40
0.3813953488372093
 40
0.3813953488372093
 40
0.3813953488372093
 40
0.386046511627907
 40
0.386046511627907
 40
0.386046511627907
 40
0.3906976744186046
 40
0.3906976744186046
 40
0.3906976744186046
 40
0.3953488372093023
 40
0.3953488372093023
 40
0.3953488372093023
 40
0.4
 40
0.4
 40
0.4
 40
0.4046511627906977
 40
0.4046511627906977
 40
0.4046511627906977
 40
0.4093023255813953
 40
0.4093023255813953
 40
0.4093023255813953
 40
0.413953488372093
 40
0.413953488372093
 40
0.413953488372093
 40
0.4186046511627907
 40
0.4186046511627907
 40
0.4186046511627907
 40
0.4232558139534884
 40
0.4232558139534884
 40
0.4232558139534884
 40
0.427906976744186
 40
0.427906976744186
 40
0.427906976744186
 40
0.4325581395348837
 40
0.4325581395348837
 40
0.4325581395348837
 40
0.4372093023255814
 40
0.4372093023255814
 40
0.4372093023255814
 40
0.4418604651162791
 40
0.4418604651162791
 40
0.4418604651162791
 40
0.4465116279069767
 40
0.4465116279069767
 40
0.4465116279069767
 40
0.4511627906976744
 40
0.4511627906976744
 40
0.4511627906976744
 40
0.4558139534883721
 40
0.4558139534883721
 40
0.4558139534883721
 40
0.4604651162790698
 40
0.4604651162790698
 40
0.4604651162790698
 40
0.4651162790697674
 40
0.4651162790697674
 40
0.4651162790697674
 40
0.4697674418604651
 40
0.4697674418604651
 40
0.4697674418604651
 40
0.4744186046511628
 40
0.4744186046511628
 40
0.4744186046511628
 40
0.4790697674418605
 40
0.4790697674418605
 40
0.4790697674418605
 40
0.4837209302325581
 40
0.4837209302325581
 40
0.4837209302325581
 40
0.4883720930232558
 40
0.4883720930232558
 40
0.4883720930232558
 40
0.4930232558139535
 40
0.4930232558139535
 40
0.4930232558139535
 40
0.4976744186046512
 40
0.4976744186046512
 40
0.4976744186046512
 40
0.5023255813953489
 40
0.5023255813953489
 40
0.5023255813953489
 40
0.5069767441860465
 40
0.5069767441860465
 40
0.5069767441860465
 40
0.5116279069767442
 40
0.5116279069767442
 40
0.5116279069767442
 40
0.5162790697674419
 40
0.5162790697674419
 40
0.5162790697674419
 40
0.5209302325581395
 40
0.5209302325581395
 40
0.5209302325581395
 40
0.5255813953488372
 40
0.5255813953488372
 40
0.5255813953488372
 40
0.5302325581395348
 40
0.5302325581395348
 40
0.5302325581395348
 40
0.5348837209302325
 40
0.5348837209302325
 40
0.5348837209302325
 40
0.5395348837209302
 40
0.5395348837209302
 40
0.5395348837209302
 40
0.5441860465116279
 40
0.5441860465116279
 40
0.5441860465116279
 40
0.5488372093023256
 40
0.5488372093023256
 40
0.5488372093023256
 40
0.5534883720930233
 40
0.5534883720930233
 40
0.5534883720930233
 40
0.5581395348837209
 40
0.5581395348837209
 40
0.5581395348837209
 40
0.5627906976744186
 40
0.5627906976744186
 40
0.5627906976744186
 40
0.5674418604651162
 40
0.5674418604651162
 40
0.5674418604651162
 40
0.5720930232558139
 40
0.5720930232558139
 40
0.5720930232558139
 40
0.5767441860465117
 40
0.5767441860465117
 40
0.5767441860465117
 40
0.5813953488372093
 40
0.5813953488372093
 40
0.5813953488372093
 40
0.586046511627907
 40
0.586046511627907
 40
0.586046511627907
 40
0.5906976744186047
 40
0.5906976744186047
 40
0.5906976744186047
 40
0.5953488372093023
 40
0.5953488372093023
 40
0.5953488372093023
 40
0.6
 40
0.6
 40
0.6
 40
0.6046511627906976
 40
0.6046511627906976
 40
0.6046511627906976
 40
0.6093023255813953
 40
0.6093023255813953
 40
0.6093023255813953
 40
0.613953488372093
 40
0.613953488372093
 40
0.613953488372093
 40
0.6186046511627907
 40
0.6186046511627907
 40
0.6186046511627907
 40
0.6232558139534884
 40
0.6232558139534884
 40
0.6232558139534884
 40
0.627906976744186
 40
0.627906976744186
 40
0.627906976744186
 40
0.6325581395348837
 40
0.6325581395348837
 40
0.6325581395348837
 40
0.6372093023255814
 40
0.6372093023255814
 40
0.6372093023255814
 40
0.641860465116279
 40
0.641860465116279
 40
0.641860465116279
 40
0.6465116279069767
 40
0.6465116279069767
 40
0.6465116279069767
 40
0.6511627906976745
 40
0.6511627906976745
 40
0.6511627906976745
 40
0.6558139534883721
 40
0.6558139534883721
 40
0.6558139534883721
 40
0.6604651162790698
 40
0.6604651162790698
 40
0.6604651162790698
 40
0.6651162790697674
 40
0.6651162790697674
 40
0.6651162790697674
 40
0.6697674418604651
 40
0.6697674418604651
 40
0.6697674418604651
 40
0.6744186046511628
 40
0.6744186046511628
 40
0.6744186046511628
 40
0.6790697674418604
 40
0.6790697674418604
 40
0.6790697674418604
 40
0.6837209302325581
 40
0.6837209302325581
 40
0.6837209302325581
 40
0.6883720930232557
 40
0.6883720930232557
 40
0.6883720930232557
 40
0.6930232558139535
 40
0.6930232558139535
 40
0.6930232558139535
 40
0.6976744186046512
 40
0.6976744186046512
 40
0.6976744186046512
 40
0.7023255813953488
 40
0.7023255813953488
 40
0.7023255813953488
 40
0.7069767441860465
 40
0.7069767441860465
 40
0.7069767441860465
 40
0.7116279069767442
 40
0.7116279069767442
 40
0.7116279069767442
 40
0.7162790697674418
 40
0.7162790697674418
 40
0.7162790697674418
 40
0.7209302325581395
 40
0.7209302325581395
 40
0.7209302325581395
 40
0.7255813953488373
 40
0.7255813953488373
 40
0.7255813953488373
 40
0.7302325581395349
 40
0.7302325581395349
 40
0.7302325581395349
 40
0.7348837209302326
 40
0.7348837209302326
 40
0.7348837209302326
 40
0.7395348837209302
 40
0.7395348837209302
 40
0.7395348837209302
 40
0.7441860465116279
 40
0.7441860465116279
 40
0.7441860465116279
 40
0.7488372093023256
 40
0.7488372093023256
 40
0.7488372093023256
 40
0.7534883720930232
 40
0.7534883720930232
 40
0.7534883720930232
 40
0.7581395348837209
 40
0.7581395348837209
 40
0.7581395348837209
 40
0.7627906976744185
 40
0.7627906976744185
 40
0.7627906976744185
 40
0.7674418604651163
 40
0.7674418604651163
 40
0.7674418604651163
 40
0.772093023255814
 40
0.772093023255814
 40
0.772093023255814
 40
0.7767441860465116
 40
0.7767441860465116
 40
0.7767441860465116
 40
0.7813953488372093
 40
0.7813953488372093
 40
0.7813953488372093
 40
0.786046511627907
 40
0.786046511627907
 40
0.786046511627907
 40
0.7906976744186046
 40
0.7906976744186046
 40
0.7906976744186046
 40
0.7953488372093023
 40
0.7953488372093023
 40
0.7953488372093023
 40
0.8
 40
0.8
 40
0.8
 40
0.8046511627906977
 40
0.8046511627906977
 40
0.8046511627906977
 40
0.8093023255813954
 40
0.8093023255813954
 40
0.8093023255813954
 40
0.813953488372093
 40
0.813953488372093
 40
0.813953488372093
 40
0.8186046511627907
 40
0.8186046511627907
 40
0.8186046511627907
 40
0.8232558139534883
 40
0.8232558139534883
 40
0.8232558139534883
 40
0.827906976744186
 40
0.827906976744186
 40
0.827906976744186
 40
0.8325581395348837
 40
0.8325581395348837
 40
0.8325581395348837
 40
0.8372093023255813
 40
0.8372093023255813
 40
0.8372093023255813
 40
0.8418604651162791
 40
0.8418604651162791
 40
0.8418604651162791
 40
0.8465116279069768
 40
0.8465116279069768
 40
0.8465116279069768
 40
0.8511627906976744
 40
0.8511627906976744
 40
0.8511627906976744
 40
0.8558139534883721
 40
0.8558139534883721
 40
0.8558139534883721
 40
0.8604651162790697
 40
0.8604651162790697
 40
0.8604651162790697
 40
0.8651162790697674
 40
0.8651162790697674
 40
0.8651162790697674
 40
0.8697674418604651
 40
0.8697674418604651
 40
0.8697674418604651
 40
0.8744186046511628
 40
0.8744186046511628
 40
0.8744186046511628
 40
0.8790697674418605
 40
0.8790697674418605
 40
0.8790697674418605
 40
0.8837209302325582
 40
0.8837209302325582
 40
0.8837209302325582
 40
0.8883720930232558
 40
0.8883720930232558
 40
0.8883720930232558
 40
0.8930232558139535
 40
0.8930232558139535
 40
0.8930232558139535
 40
0.8976744186046511
 40
0.8976744186046511
 40
0.8976744186046511
 40
0.9023255813953488
 40
0.9023255813953488
 40
0.9023255813953488
 40
0.9069767441860465
 40
0.9069767441860465
 40
0.9069767441860465
 40
0.9116279069767441
 40
0.9116279069767441
 40
0.9116279069767441
 40
0.9162790697674419
 40
0.9162790697674419
 40
0.9162790697674419
 40
0.9209302325581395
 40
0.9209302325581395
 40
0.9209302325581395
 40
0.9255813953488372
 40
0.9255813953488372
 40
0.9255813953488372
 40
0.9302325581395349
 40
0.9302325581395349
 40
0.9302325581395349
 40
0.9348837209302325
 40
0.9348837209302325
 40
0.9348837209302325
 40
0.9395348837209302
 40
0.9395348837209302
 40
0.9395348837209302
 40
0.9441860465116279
 40
0.9441860465116279
 40
0.9441860465116279
 40
0.9488372093023256
 40
0.9488372093023256
 40
0.9488372093023256
 40
0.9534883720930233
 40
0.9534883720930233
 40
0.9534883720930233
 40
0.958139534883721
 40
0.958139534883721
 40
0.958139534883721
 40
0.9627906976744186
 40
0.9627906976744186
 40
0.9627906976744186
 40
0.9674418604651163
 40
0.9674418604651163
 40
0.9674418604651163
 40
0.9720930232558139
 40
0.9720930232558139
 40
0.9720930232558139
 40
0.9767441860465116
 40
0.9767441860465116
 40
0.9767441860465116
 40
0.9813953488372092
 40
0.9813953488372092
 40
0.9813953488372092
 40
0.9860465116279069
 40
0.9860465116279069
 40
0.9860465116279069
 40
0.9906976744186047
 40
0.9906976744186047
 40
0.9906976744186047
 40
0.9953488372093023
 40
0.9953488372093023
 40
0.9953488372093023
 40
1.0
 40
1.0
 40
1.0
 40
1.0
 10
-154.1169
 20
107.781
 30
0.0
 10
-153.5565
 20
107.815
 30
0.0
 10
-153.0079
 20
107.9574
 30
0.0
 10
-152.5018
 20
108.2005
 30
0.0
 10
-152.0238
 20
108.429
 30
0.0
 10
-151.5838
 20
108.7293
 30
0.0
 10
-151.1969
 20
109.0912
 30
0.0
 10
-150.6782
 20
109.5898
 30
0.0
 10
-150.29
 20
110.2081
 30
0.0
 10
-150.0658
 20
110.8918
 30
0.0
 10
-149.2748
 20
113.31
 30
0.0
 10
-147.5728
 20
111.9854
 30
0.0
 10
-146.9399
 20
111.1961
 30
0.0
 10
-146.1735
 20
110.2426
 30
0.0
 10
-145.2085
 20
109.4678
 30
0.0
 10
-144.1119
 20
108.9251
 30
0.0
 10
-143.1607
 20
108.4637
 30
0.0
 10
-142.1361
 20
108.1716
 30
0.0
 10
-141.0845
 20
108.0621
 30
0.0
 10
-140.084
 20
107.9538
 30
0.0
 10
-139.0731
 20
107.9967
 30
0.0
 10
-138.0854
 20
108.189
 30
0.0
 10
-136.6195
 20
108.4584
 30
0.0
 10
-135.2256
 20
109.03
 30
0.0
 10
-133.9926
 20
109.8673
 30
0.0
 10
-132.5591
 20
108.6863
 30
0.0
 10
-130.7703
 20
108.0208
 30
0.0
 10
-128.9133
 20
107.9779
 30
0.0
 10
-128.0349
 20
107.9434
 30
0.0
 10
-127.1555
 20
108.0121
 30
0.0
 10
-126.2929
 20
108.1827
 30
0.0
 10
-125.6437
 20
108.3126
 30
0.0
 10
-125.0073
 20
108.5011
 30
0.0
 10
-124.392
 20
108.746
 30
0.0
 10
-124.0757
 20
108.5576
 30
0.0
 10
-123.738
 20
108.4076
 30
0.0
 10
-123.3861
 20
108.2989
 30
0.0
 10
-122.8684
 20
108.1289
 30
0.0
 10
-122.3274
 20
108.0406
 30
0.0
 10
-121.7824
 20
108.0373
 30
0.0
 10
-121.3642
 20
108.0366
 30
0.0
 10
-120.9478
 20
108.0897
 30
0.0
 10
-120.5432
 20
108.1952
 30
0.0
 10
-120.151
 20
108.29
 30
0.0
 10
-119.7695
 20
108.4241
 30
0.0
 10
-119.4042
 20
108.5952
 30
0.0
 10
-119.1599
 20
108.7166
 30
0.0
 10
-118.9275
 20
108.861
 30
0.0
 10
-118.7106
 20
109.0263
 30
0.0
 10
-118.7106
 20
109.0263
 30
0.0
 10
-118.7052
 20
109.0229
 30
0.0
 10
-118.7052
 20
109.0229
 30
0.0
 10
-117.6828
 20
108.4138
 30
0.0
 10
-116.5223
 20
108.0742
 30
0.0
 10
-115.3327
 20
108.0364
 30
0.0
 10
-114.5485
 20
108.0032
 30
0.0
 10
-113.763
 20
108.0472
 30
0.0
 10
-112.9873
 20
108.1676
 30
0.0
 10
-112.5772
 20
108.2352
 30
0.0
 10
-112.173
 20
108.3342
 30
0.0
 10
-111.7783
 20
108.4639
 30
0.0
 10
-111.4571
 20
108.2957
 30
0.0
 10
-111.1157
 20
108.1691
 30
0.0
 10
-110.7626
 20
108.0869
 30
0.0
 10
-110.7626
 20
108.0869
 30
0.0
 10
-110.4752
 20
108.0319
 30
0.0
 10
-110.4752
 20
108.0319
 30
0.0
 10
-110.0379
 20
107.9636
 30
0.0
 10
-109.5932
 20
107.958
 30
0.0
 10
-109.1543
 20
108.0152
 30
0.0
 10
-108.4742
 20
108.1002
 30
0.0
 10
-107.8214
 20
108.3365
 30
0.0
 10
-107.2446
 20
108.707
 30
0.0
 10
-107.2446
 20
108.707
 30
0.0
 10
-107.0185
 20
108.8632
 30
0.0
 10
-107.0185
 20
108.8632
 30
0.0
 10
-106.9178
 20
108.9382
 30
0.0
 10
-106.8201
 20
109.0172
 30
0.0
 10
-106.7256
 20
109.0999
 30
0.0
 10
-106.7256
 20
109.0999
 30
0.0
 10
-106.5074
 20
109.3048
 30
0.0
 10
-106.5074
 20
109.3048
 30
0.0
 10
-106.4262
 20
109.3867
 30
0.0
 10
-106.3481
 20
109.4718
 30
0.0
 10
-106.2733
 20
109.5595
 30
0.0
 10
-106.2733
 20
109.5595
 30
0.0
 10
-106.064
 20
109.8247
 30
0.0
 10
-106.064
 20
109.8247
 30
0.0
 10
-106.0026
 20
109.9089
 30
0.0
 10
-105.9443
 20
109.9953
 30
0.0
 10
-105.8892
 20
110.0836
 30
0.0
 10
-105.8892
 20
110.0836
 30
0.0
 10
-105.7234
 20
110.3712
 30
0.0
 10
-105.7234
 20
110.3712
 30
0.0
 10
-105.5797
 20
110.6453
 30
0.0
 10
-105.4623
 20
110.9325
 30
0.0
 10
-105.3729
 20
111.2288
 30
0.0
 10
-105.3729
 20
111.2288
 30
0.0
 10
-105.3001
 20
111.0125
 30
0.0
 10
-105.3001
 20
111.0125
 30
0.0
 10
-105.1088
 20
110.4751
 30
0.0
 10
-104.8176
 20
109.9786
 30
0.0
 10
-104.4416
 20
109.5497
 30
0.0
 10
-104.4416
 20
109.5497
 30
0.0
 10
-104.2179
 20
109.3164
 30
0.0
 10
-104.2179
 20
109.3164
 30
0.0
 10
-104.1038
 20
109.2047
 30
0.0
 10
-103.983
 20
109.1003
 30
0.0
 10
-103.856
 20
109.0033
 30
0.0
 10
-103.7654
 20
108.9339
 30
0.0
 10
-103.6722
 20
108.8679
 30
0.0
 10
-103.5766
 20
108.8054
 30
0.0
 10
-103.1054
 20
108.501
 30
0.0
 10
-102.5886
 20
108.2737
 30
0.0
 10
-102.0456
 20
108.1322
 30
0.0
 10
-101.845
 20
108.082
 30
0.0
 10
-101.6419
 20
108.0424
 30
0.0
 10
-101.4372
 20
108.0134
 30
0.0
 10
-101.2453
 20
107.9883
 30
0.0
 10
-101.0522
 20
107.9749
 30
0.0
 10
-100.8588
 20
107.9734
 30
0.0
 10
-100.8588
 20
107.9734
 30
0.0
 10
-100.5572
 20
107.9823
 30
0.0
 10
-100.5572
 20
107.9823
 30
0.0
 10
-100.4605
 20
107.9881
 30
0.0
 10
-100.3641
 20
107.9974
 30
0.0
 10
-100.268
 20
108.0097
 30
0.0
 10
-100.268
 20
108.0097
 30
0.0
 10
-99.9566
 20
108.0648
 30
0.0
 10
-99.9566
 20
108.0648
 30
0.0
 10
-99.3246
 20
108.1976
 30
0.0
 10
-98.7295
 20
108.4672
 30
0.0
 10
-98.2126
 20
108.8543
 30
0.0
 10
-97.6442
 20
109.2685
 30
0.0
 10
-97.1795
 20
109.8086
 30
0.0
 10
-96.8547
 20
110.4322
 30
0.0
 10
-96.7993
 20
110.5405
 30
0.0
 10
-96.7477
 20
110.6504
 30
0.0
 10
-96.7003
 20
110.7623
 30
0.0
 10
-96.7003
 20
110.7623
 30
0.0
 10
-96.5885
 20
111.0506
 30
0.0
 10
-96.5885
 20
111.0506
 30
0.0
 10
-96.5885
 20
111.0506
 30
0.0
 10
-96.5602
 20
111.1349
 30
0.0
 10
-96.5602
 20
111.1349
 30
0.0
 10
-96.5199
 20
111.2612
 30
0.0
 10
-96.4843
 20
111.3891
 30
0.0
 10
-96.4537
 20
111.518
 30
0.0
 10
-96.3435
 20
111.9933
 30
0.0
 10
-96.2955
 20
112.4809
 30
0.0
 10
-96.3108
 20
112.9684
 30
0.0
 10
-96.3108
 20
112.9684
 30
0.0
 10
-96.4076
 20
115.2774
 30
0.0
 10
-96.4076
 20
115.2774
 30
0.0
 10
-96.4574
 20
117.144
 30
0.0
 10
-96.4688
 20
119.0108
 30
0.0
 10
-96.4421
 20
120.8781
 30
0.0
 10
-96.4363
 20
121.2585
 30
0.0
 10
-96.4254
 20
121.6389
 30
0.0
 10
-96.4092
 20
122.0188
 30
0.0
 10
-96.4092
 20
122.0188
 30
0.0
 10
-96.4092
 20
122.2991
 30
0.0
 10
-96.4092
 20
122.2991
 30
0.0
 10
-96.4183
 20
122.577
 30
0.0
 10
-96.4496
 20
122.8539
 30
0.0
 10
-96.5024
 20
123.1268
 30
0.0
 10
-96.5024
 20
123.1268
 30
0.0
 10
-96.5787
 20
123.4505
 30
0.0
 10
-96.5787
 20
123.4505
 30
0.0
 10
-96.5787
 20
123.4505
 30
0.0
 10
-96.6062
 20
123.5473
 30
0.0
 10
-96.6062
 20
123.5473
 30
0.0
 10
-96.6062
 20
123.5473
 30
0.0
 10
-96.6098
 20
123.5588
 30
0.0
 10
-96.6098
 20
123.5588
 30
0.0
 10
-96.6098
 20
123.5588
 30
0.0
 10
-96.4625
 20
123.6458
 30
0.0
 10
-96.4625
 20
123.6458
 30
0.0
 10
-96.2007
 20
123.8026
 30
0.0
 10
-95.9482
 20
123.975
 30
0.0
 10
-95.7067
 20
124.1619
 30
0.0
 10
-95.2646
 20
124.4994
 30
0.0
 10
-94.8729
 20
124.8985
 30
0.0
 10
-94.5439
 20
125.3471
 30
0.0
 10
-94.5439
 20
125.3471
 30
0.0
 10
-94.37
 20
125.6052
 30
0.0
 10
-94.37
 20
125.6052
 30
0.0
 10
-94.37
 20
125.6052
 30
0.0
 10
-94.307
 20
125.708
 30
0.0
 10
-94.307
 20
125.708
 30
0.0
 10
-94.307
 20
125.708
 30
0.0
 10
-94.1562
 20
125.9794
 30
0.0
 10
-94.1562
 20
125.9794
 30
0.0
 10
-93.891
 20
126.4937
 30
0.0
 10
-93.7257
 20
127.0536
 30
0.0
 10
-93.6692
 20
127.6295
 30
0.0
 10
-93.5903
 20
128.2857
 30
0.0
 10
-93.6156
 20
128.9502
 30
0.0
 10
-93.7437
 20
129.5987
 30
0.0
 10
-93.8029
 20
129.8861
 30
0.0
 10
-93.8846
 20
130.1686
 30
0.0
 10
-93.9885
 20
130.4431
 30
0.0
 10
-94.3795
 20
131.4735
 30
0.0
 10
-95.0893
 20
132.3522
 30
0.0
 10
-96.0147
 20
132.9508
 30
0.0
 10
-96.2525
 20
133.1078
 30
0.0
 10
-96.5032
 20
133.2444
 30
0.0
 10
-96.7642
 20
133.3588
 30
0.0
 10
-97.0367
 20
133.4693
 30
0.0
 10
-97.3188
 20
133.5547
 30
0.0
 10
-97.6068
 20
133.6143
 30
0.0
 10
-98.1103
 20
133.7207
 30
0.0
 10
-98.627
 20
133.7516
 30
0.0
 10
-99.1397
 20
133.7056
 30
0.0
 10
-99.4116
 20
133.6813
 30
0.0
 10
-99.681
 20
133.6359
 30
0.0
 10
-99.9459
 20
133.5699
 30
0.0
 10
-99.9459
 20
133.5699
 30
0.0
 10
-100.0382
 20
133.6241
 30
0.0
 10
-100.0382
 20
133.6241
 30
0.0
 10
-100.284
 20
133.7641
 30
0.0
 10
-100.5398
 20
133.8853
 30
0.0
 10
-100.8037
 20
133.9868
 30
0.0
 10
-101.6041
 20
134.288
 30
0.0
 10
-102.4629
 20
134.4016
 30
0.0
 10
-103.3141
 20
134.3186
 30
0.0
 10
-103.5605
 20
134.2979
 30
0.0
 10
-103.8048
 20
134.2581
 30
0.0
 10
-104.045
 20
134.1998
 30
0.0
 10
-104.5825
 20
134.0475
 30
0.0
 10
-105.0932
 20
133.8134
 30
0.0
 10
-105.5592
 20
133.5053
 30
0.0
 10
-105.8077
 20
133.3428
 30
0.0
 10
-106.0426
 20
133.1608
 30
0.0
 10
-106.2617
 20
132.9606
 30
0.0
 10
-106.2617
 20
132.9606
 30
0.0
 10
-106.4915
 20
132.7352
 30
0.0
 10
-106.4915
 20
132.7352
 30
0.0
 10
-106.4915
 20
132.7352
 30
0.0
 10
-106.5127
 20
132.7121
 30
0.0
 10
-106.5127
 20
132.7121
 30
0.0
 10
-106.5127
 20
132.7121
 30
0.0
 10
-106.6521
 20
132.8044
 30
0.0
 10
-106.6521
 20
132.8044
 30
0.0
 10
-107.0245
 20
133.0313
 30
0.0
 10
-107.4292
 20
133.2006
 30
0.0
 10
-107.8521
 20
133.3065
 30
0.0
 10
-107.8521
 20
133.3065
 30
0.0
 10
-107.949
 20
133.3349
 30
0.0
 10
-107.949
 20
133.3349
 30
0.0
 10
-108.1453
 20
133.3835
 30
0.0
 10
-108.3443
 20
133.421
 30
0.0
 10
-108.545
 20
133.4466
 30
0.0
 10
-108.8275
 20
133.4818
 30
0.0
 10
-109.1129
 20
133.4876
 30
0.0
 10
-109.3966
 20
133.4644
 30
0.0
 10
-109.3966
 20
133.4644
 30
0.0
 10
-109.7318
 20
133.4235
 30
0.0
 10
-109.7318
 20
133.4235
 30
0.0
 10
-110.4739
 20
133.3032
 30
0.0
 10
-111.1697
 20
132.9852
 30
0.0
 10
-111.7463
 20
132.5028
 30
0.0
 10
-111.7463
 20
132.5028
 30
0.0
 10
-111.9183
 20
132.3548
 30
0.0
 10
-111.9183
 20
132.3548
 30
0.0
 10
-112.4094
 20
131.8939
 30
0.0
 10
-112.8081
 20
131.3438
 30
0.0
 10
-113.0937
 20
130.7341
 30
0.0
 10
-113.1785
 20
130.5481
 30
0.0
 10
-113.2505
 20
130.3566
 30
0.0
 10
-113.3093
 20
130.161
 30
0.0
 10
-113.3093
 20
130.161
 30
0.0
 10
-113.3128
 20
130.1477
 30
0.0
 10
-113.3128
 20
130.1477
 30
0.0
 10
-113.3128
 20
130.1477
 30
0.0
 10
-113.3537
 20
130.0155
 30
0.0
 10
-113.3537
 20
130.0155
 30
0.0
 10
-113.4405
 20
129.7116
 30
0.0
 10
-113.5092
 20
129.4025
 30
0.0
 10
-113.5595
 20
129.0904
 30
0.0
 10
-113.584
 20
128.954
 30
0.0
 10
-113.6071
 20
128.8174
 30
0.0
 10
-113.6287
 20
128.6806
 30
0.0
 10
-113.7154
 20
128.1287
 30
0.0
 10
-113.796
 20
127.5763
 30
0.0
 10
-113.8709
 20
127.0227
 30
0.0
 10
-114.5445
 20
126.9917
 30
0.0
 10
-115.2125
 20
126.8867
 30
0.0
 10
-115.8632
 20
126.7095
 30
0.0
 10
-116.7007
 20
126.485
 30
0.0
 10
-117.5033
 20
126.1462
 30
0.0
 10
-118.2485
 20
125.7028
 30
0.0
 10
-118.4125
 20
125.8781
 30
0.0
 10
-118.5905
 20
126.0401
 30
0.0
 10
-118.7806
 20
126.1871
 30
0.0
 10
-118.7806
 20
126.1871
 30
0.0
 10
-118.8463
 20
126.2367
 30
0.0
 10
-118.8463
 20
126.2367
 30
0.0
 10
-118.8463
 20
126.2367
 30
0.0
 10
-119.1132
 20
126.4203
 30
0.0
 10
-119.1132
 20
126.4203
 30
0.0
 10
-119.1132
 20
126.4203
 30
0.0
 10
-119.1842
 20
126.4647
 30
0.0
 10
-119.1842
 20
126.4647
 30
0.0
 10
-119.1842
 20
126.4647
 30
0.0
 10
-119.4698
 20
126.6262
 30
0.0
 10
-119.4698
 20
126.6262
 30
0.0
 10
-119.4698
 20
126.6262
 30
0.0
 10
-119.5435
 20
126.6634
 30
0.0
 10
-119.5435
 20
126.6634
 30
0.0
 10
-119.5435
 20
126.6634
 30
0.0
 10
-119.8273
 20
126.792
 30
0.0
 10
-119.8273
 20
126.792
 30
0.0
 10
-119.8273
 20
126.792
 30
0.0
 10
-119.9045
 20
126.8231
 30
0.0
 10
-119.9045
 20
126.8231
 30
0.0
 10
-119.9045
 20
126.8231
 30
0.0
 10
-120.2168
 20
126.9323
 30
0.0
 10
-120.2168
 20
126.9323
 30
0.0
 10
-120.3857
 20
126.9859
 30
0.0
 10
-120.5583
 20
127.0284
 30
0.0
 10
-120.7331
 20
127.0591
 30
0.0
 10
-120.7331
 20
127.0591
 30
0.0
 10
-121.0612
 20
127.1078
 30
0.0
 10
-121.0612
 20
127.1078
 30
0.0
 10
-121.1266
 20
127.117
 30
0.0
 10
-121.1922
 20
127.1227
 30
0.0
 10
-121.2581
 20
127.1247
 30
0.0
 10
-121.2581
 20
127.1247
 30
0.0
 10
-121.259
 20
127.1256
 30
0.0
 10
-121.259
 20
127.1256
 30
0.0
 10
-121.259
 20
127.1256
 30
0.0
 10
-121.4285
 20
127.24
 30
0.0
 10
-121.4285
 20
127.24
 30
0.0
 10
-122.0725
 20
127.6658
 30
0.0
 10
-122.7645
 20
128.0144
 30
0.0
 10
-123.49
 20
128.2788
 30
0.0
 10
-123.8554
 20
128.4167
 30
0.0
 10
-124.2278
 20
128.5349
 30
0.0
 10
-124.6058
 20
128.6327
 30
0.0
 10
-125.7113
 20
128.8574
 30
0.0
 10
-126.8461
 20
128.899
 30
0.0
 10
-127.9652
 20
128.756
 30
0.0
 10
-129.2236
 20
128.6019
 30
0.0
 10
-130.4514
 20
128.2586
 30
0.0
 10
-131.6074
 20
127.7376
 30
0.0
 10
-132.2407
 20
127.4486
 30
0.0
 10
-132.8447
 20
127.099
 30
0.0
 10
-133.4106
 20
126.6936
 30
0.0
 10
-134.6217
 20
127.8304
 30
0.0
 10
-136.145
 20
128.5794
 30
0.0
 10
-137.7847
 20
128.8447
 30
0.0
 10
-138.9866
 20
129.0325
 30
0.0
 10
-140.2152
 20
128.9511
 30
0.0
 10
-141.3817
 20
128.6061
 30
0.0
 10
-142.4818
 20
128.2851
 30
0.0
 10
-143.5177
 20
127.775
 30
0.0
 10
-144.4429
 20
127.099
 30
0.0
 10
-144.9528
 20
126.7259
 30
0.0
 10
-145.4323
 20
126.3128
 30
0.0
 10
-145.8763
 20
125.8634
 30
0.0
 10
-146.4699
 20
126.3235
 30
0.0
 10
-147.1308
 20
126.6896
 30
0.0
 10
-147.8359
 20
126.949
 30
0.0
 10
-148.7802
 20
127.2883
 30
0.0
 10
-149.7853
 20
127.4255
 30
0.0
 10
-150.7861
 20
127.3517
 30
0.0
 10
-151.0844
 20
127.7252
 30
0.0
 10
-151.4456
 20
128.0437
 30
0.0
 10
-151.8532
 20
128.2929
 30
0.0
 10
-151.8532
 20
128.2929
 30
0.0
 10
-152.131
 20
128.4508
 30
0.0
 10
-152.131
 20
128.4508
 30
0.0
 10
-152.6267
 20
128.7149
 30
0.0
 10
-153.1592
 20
128.9033
 30
0.0
 10
-153.7107
 20
129.0096
 30
0.0
 10
-154.0027
 20
129.0607
 30
0.0
 10
-154.2995
 20
129.0757
 30
0.0
 10
-154.5951
 20
129.0548
 30
0.0
 10
-154.5951
 20
129.0548
 30
0.0
 10
-154.8914
 20
129.0274
 30
0.0
 10
-154.8914
 20
129.0274
 30
0.0
 10
-155.0645
 20
129.0063
 30
0.0
 10
-155.2362
 20
128.9736
 30
0.0
 10
-155.4049
 20
128.9299
 30
0.0
 10
-155.4049
 20
128.9299
 30
0.0
 10
-155.6985
 20
128.8437
 30
0.0
 10
-155.6985
 20
128.8437
 30
0.0
 10
-155.6985
 20
128.8437
 30
0.0
 10
-155.7616
 20
128.8225
 30
0.0
 10
-155.7616
 20
128.8225
 30
0.0
 10
-155.7616
 20
128.8225
 30
0.0
 10
-156.0464
 20
128.7126
 30
0.0
 10
-156.0464
 20
128.7126
 30
0.0
 10
-156.2072
 20
128.6454
 30
0.0
 10
-156.3634
 20
128.5674
 30
0.0
 10
-156.5138
 20
128.4791
 30
0.0
 10
-156.5138
 20
128.4791
 30
0.0
 10
-156.7871
 20
128.3071
 30
0.0
 10
-156.7871
 20
128.3071
 30
0.0
 10
-156.7871
 20
128.3071
 30
0.0
 10
-156.8419
 20
128.269
 30
0.0
 10
-156.8419
 20
128.269
 30
0.0
 10
-156.8419
 20
128.269
 30
0.0
 10
-157.0877
 20
128.0828
 30
0.0
 10
-157.0877
 20
128.0828
 30
0.0
 10
-157.0877
 20
128.0828
 30
0.0
 10
-157.1391
 20
128.0401
 30
0.0
 10
-157.1391
 20
128.0401
 30
0.0
 10
-157.3106
 20
127.8953
 30
0.0
 10
-157.4717
 20
127.7389
 30
0.0
 10
-157.6216
 20
127.5717
 30
0.0
 10
-157.6216
 20
127.5717
 30
0.0
 10
-157.8222
 20
127.3305
 30
0.0
 10
-157.8222
 20
127.3305
 30
0.0
 10
-158.0756
 20
127.0062
 30
0.0
 10
-158.2856
 20
126.6501
 30
0.0
 10
-158.4467
 20
126.2714
 30
0.0
 10
-158.4467
 20
126.2714
 30
0.0
 10
-158.6711
 20
126.6927
 30
0.0
 10
-158.6711
 20
126.6927
 30
0.0
 10
-158.9238
 20
127.1697
 30
0.0
 10
-159.1939
 20
127.6371
 30
0.0
 10
-159.481
 20
128.0942
 30
0.0
 10
-159.481
 20
128.0942
 30
0.0
 10
-159.5856
 20
128.2575
 30
0.0
 10
-159.5856
 20
128.2575
 30
0.0
 10
-159.5856
 20
128.2575
 30
0.0
 10
-159.5794
 20
128.3434
 30
0.0
 10
-159.5794
 20
128.3434
 30
0.0
 10
-159.5556
 20
128.7689
 30
0.0
 10
-159.5854
 20
129.1958
 30
0.0
 10
-159.6681
 20
129.6138
 30
0.0
 10
-159.7086
 20
129.8235
 30
0.0
 10
-159.7616
 20
130.0306
 30
0.0
 10
-159.8269
 20
130.2338
 30
0.0
 10
-159.9171
 20
130.5031
 30
0.0
 10
-160.0292
 20
130.7643
 30
0.0
 10
-160.1622
 20
131.0152
 30
0.0
 10
-160.531
 20
131.6932
 30
0.0
 10
-161.0758
 20
132.2589
 30
0.0
 10
-161.7394
 20
132.6527
 30
0.0
 10
-162.2706
 20
132.9717
 30
0.0
 10
-162.8565
 20
133.1886
 30
0.0
 10
-163.4674
 20
133.2923
 30
0.0
 10
-163.4674
 20
133.2923
 30
0.0
 10
-163.5595
 20
133.3065
 30
0.0
 10
-163.5595
 20
133.3065
 30
0.0
 10
-163.5595
 20
133.3065
 30
0.0
 10
-163.8709
 20
133.341
 30
0.0
 10
-163.8709
 20
133.341
 30
0.0
 10
-164.2202
 20
133.3683
 30
0.0
 10
-164.5716
 20
133.3543
 30
0.0
 10
-164.9177
 20
133.2994
 30
0.0
 10
-164.9177
 20
133.2994
 30
0.0
 10
-165.237
 20
133.2382
 30
0.0
 10
-165.237
 20
133.2382
 30
0.0
 10
-165.3796
 20
133.2051
 30
0.0
 10
-165.521
 20
133.1657
 30
0.0
 10
-165.6601
 20
133.1203
 30
0.0
 10
-165.6601
 20
133.1203
 30
0.0
 10
-165.9448
 20
133.0173
 30
0.0
 10
-165.9448
 20
133.0173
 30
0.0
 10
-166.5913
 20
132.7633
 30
0.0
 10
-167.1787
 20
132.3789
 30
0.0
 10
-167.6702
 20
131.8881
 30
0.0
 10
-167.7494
 20
131.8061
 30
0.0
 10
-167.8261
 20
131.7215
 30
0.0
 10
-167.8999
 20
131.6345
 30
0.0
 10
-167.8999
 20
131.6345
 30
0.0
 10
-168.0959
 20
131.3861
 30
0.0
 10
-168.0959
 20
131.3861
 30
0.0
 10
-168.2132
 20
131.2301
 30
0.0
 10
-168.3182
 20
131.0651
 30
0.0
 10
-168.41
 20
130.8929
 30
0.0
 10
-168.6421
 20
130.4622
 30
0.0
 10
-168.8709
 20
130.0327
 30
0.0
 10
-169.0983
 20
129.5995
 30
0.0
 10
-169.3743
 20
129.0717
 30
0.0
 10
-169.6284
 20
128.5329
 30
0.0
 10
-169.8602
 20
127.9843
 30
0.0
 10
-170.0359
 20
127.5761
 30
0.0
 10
-170.2056
 20
127.1652
 30
0.0
 10
-170.3687
 20
126.7521
 30
0.0
 10
-170.498
 20
126.4244
 30
0.0
 10
-170.6236
 20
126.0952
 30
0.0
 10
-170.7451
 20
125.7644
 30
0.0
 10
-170.7451
 20
125.7644
 30
0.0
 10
-170.7451
 20
125.7643
 30
0.0
 10
-170.7451
 20
125.7643
 30
0.0
 10
-170.7451
 20
125.7643
 30
0.0
 10
-170.7453
 20
125.7637
 30
0.0
 10
-170.7453
 20
125.7637
 30
0.0
 10
-171.2802
 20
124.3942
 30
0.0
 10
-174.4599
 20
124.7808
 30
0.0
 10
-175.0382
 20
124.7808
 30
0.0
 10
-177.2472
 20
124.7808
 30
0.0
 10
-179.0382
 20
122.9898
 30
0.0
 10
-179.0382
 20
120.7808
 30
0.0
 10
-179.0382
 20
118.5718
 30
0.0
 10
-177.2472
 20
116.7808
 30
0.0
 10
-175.0382
 20
116.7808
 30
0.0
 10
-173.8103
 20
116.7808
 30
0.0
 10
-173.345
 20
115.2637
 30
0.0
 10
-173.4771
 20
114.2146
 30
0.0
 10
-173.4771
 20
114.2146
 30
0.0
 10
-173.4774
 20
114.2124
 30
0.0
 10
-173.4774
 20
114.2124
 30
0.0
 10
-173.4774
 20
114.2124
 30
0.0
 10
-173.4774
 20
114.2123
 30
0.0
 10
-173.4774
 20
114.2123
 30
0.0
 10
-173.5232
 20
113.8295
 30
0.0
 10
-173.5656
 20
113.446
 30
0.0
 10
-173.6045
 20
113.0624
 30
0.0
 10
-173.6045
 20
113.0624
 30
0.0
 10
-173.6214
 20
112.8362
 30
0.0
 10
-173.6214
 20
112.8362
 30
0.0
 10
-173.6283
 20
112.6226
 30
0.0
 10
-173.6223
 20
112.4087
 30
0.0
 10
-173.6036
 20
112.1958
 30
0.0
 10
-173.552
 20
111.669
 30
0.0
 10
-173.4109
 20
111.1549
 30
0.0
 10
-173.1867
 20
110.6753
 30
0.0
 10
-173.1867
 20
110.6753
 30
0.0
 10
-173.0386
 20
110.3844
 30
0.0
 10
-173.0386
 20
110.3844
 30
0.0
 10
-173.0386
 20
110.3844
 30
0.0
 10
-172.9809
 20
110.2824
 30
0.0
 10
-172.9809
 20
110.2824
 30
0.0
 10
-172.9809
 20
110.2824
 30
0.0
 10
-172.8017
 20
109.9977
 30
0.0
 10
-172.8017
 20
109.9977
 30
0.0
 10
-172.3319
 20
109.2954
 30
0.0
 10
-171.6776
 20
108.736
 30
0.0
 10
-170.9106
 20
108.3814
 30
0.0
 10
-170.4435
 20
108.1692
 30
0.0
 10
-169.9438
 20
108.0381
 30
0.0
 10
-169.4328
 20
107.9937
 30
0.0
 10
-168.8896
 20
107.9447
 30
0.0
 10
-168.342
 20
107.9812
 30
0.0
 10
-167.8103
 20
108.102
 30
0.0
 10
-167.6599
 20
108.1374
 30
0.0
 10
-167.5113
 20
108.18
 30
0.0
 10
-167.365
 20
108.2297
 30
0.0
 10
-167.365
 20
108.2297
 30
0.0
 10
-167.0651
 20
108.3451
 30
0.0
 10
-167.0651
 20
108.3451
 30
0.0
 10
-166.9585
 20
108.3907
 30
0.0
 10
-166.8535
 20
108.4401
 30
0.0
 10
-166.7503
 20
108.4931
 30
0.0
 10
-166.7503
 20
108.4931
 30
0.0
 10
-166.6918
 20
108.5242
 30
0.0
 10
-166.6918
 20
108.5242
 30
0.0
 10
-166.6918
 20
108.5242
 30
0.0
 10
-166.4124
 20
108.6893
 30
0.0
 10
-166.4124
 20
108.6893
 30
0.0
 10
-166.3068
 20
108.7566
 30
0.0
 10
-166.204
 20
108.8281
 30
0.0
 10
-166.1045
 20
108.9039
 30
0.0
 10
-166.1045
 20
108.9039
 30
0.0
 10
-165.865
 20
109.1008
 30
0.0
 10
-165.865
 20
109.1008
 30
0.0
 10
-165.5953
 20
109.3402
 30
0.0
 10
-165.3538
 20
109.61
 30
0.0
 10
-165.1456
 20
109.9045
 30
0.0
 10
-164.8392
 20
110.3289
 30
0.0
 10
-164.5956
 20
110.7952
 30
0.0
 10
-164.4226
 20
111.2891
 30
0.0
 10
-164.3269
 20
111.5685
 30
0.0
 10
-164.2606
 20
111.8572
 30
0.0
 10
-164.225
 20
112.1506
 30
0.0
 10
-164.225
 20
112.1506
 30
0.0
 10
-164.161
 20
112.7227
 30
0.0
 10
-164.161
 20
112.7227
 30
0.0
 10
-164.1269
 20
113.0159
 30
0.0
 10
-164.0889
 20
113.3087
 30
0.0
 10
-164.0475
 20
113.6008
 30
0.0
 10
-164.0475
 20
113.6008
 30
0.0
 10
-163.7804
 20
113.6319
 30
0.0
 10
-163.7804
 20
113.6319
 30
0.0
 10
-163.6821
 20
113.2359
 30
0.0
 10
-163.5915
 20
112.8376
 30
0.0
 10
-163.509
 20
112.438
 30
0.0
 10
-163.509
 20
112.438
 30
0.0
 10
-163.3601
 20
111.6814
 30
0.0
 10
-163.3601
 20
111.6814
 30
0.0
 10
-163.2828
 20
111.3077
 30
0.0
 10
-163.1566
 20
110.9458
 30
0.0
 10
-162.9847
 20
110.6054
 30
0.0
 10
-162.8699
 20
110.3759
 30
0.0
 10
-162.7353
 20
110.1572
 30
0.0
 10
-162.582
 20
109.9515
 30
0.0
 10
-162.582
 20
109.9515
 30
0.0
 10
-162.3994
 20
109.7245
 30
0.0
 10
-162.3994
 20
109.7245
 30
0.0
 10
-162.1529
 20
109.4394
 30
0.0
 10
-161.8726
 20
109.1856
 30
0.0
 10
-161.5647
 20
108.9687
 30
0.0
 10
-161.5647
 20
108.9687
 30
0.0
 10
-161.3047
 20
108.7965
 30
0.0
 10
-161.3047
 20
108.7965
 30
0.0
 10
-160.9488
 20
108.5805
 30
0.0
 10
-160.5697
 20
108.4054
 30
0.0
 10
-160.1746
 20
108.2741
 30
0.0
 10
-160.1746
 20
108.2741
 30
0.0
 10
-159.8828
 20
108.1872
 30
0.0
 10
-159.8828
 20
108.1872
 30
0.0
 10
-159.8828
 20
108.1872
 30
0.0
 10
-159.7595
 20
108.1562
 30
0.0
 10
-159.7595
 20
108.1562
 30
0.0
 10
-159.7595
 20
108.1562
 30
0.0
 10
-159.449
 20
108.0922
 30
0.0
 10
-159.449
 20
108.0922
 30
0.0
 10
-159.449
 20
108.0922
 30
0.0
 10
-159.3222
 20
108.0719
 30
0.0
 10
-159.3222
 20
108.0719
 30
0.0
 10
-159.3222
 20
108.0719
 30
0.0
 10
-159.0046
 20
108.0346
 30
0.0
 10
-159.0046
 20
108.0346
 30
0.0
 10
-158.8239
 20
108.019
 30
0.0
 10
-158.6422
 20
108.0155
 30
0.0
 10
-158.4609
 20
108.0239
 30
0.0
 10
-158.4609
 20
108.0239
 30
0.0
 10
-158.1619
 20
108.0453
 30
0.0
 10
-158.1619
 20
108.0453
 30
0.0
 10
-157.8478
 20
108.0777
 30
0.0
 10
-157.5381
 20
108.1431
 30
0.0
 10
-157.2376
 20
108.2404
 30
0.0
 10
-157.2376
 20
108.2404
 30
0.0
 10
-156.9502
 20
108.3433
 30
0.0
 10
-156.9502
 20
108.3433
 30
0.0
 10
-156.8706
 20
108.3747
 30
0.0
 10
-156.792
 20
108.4085
 30
0.0
 10
-156.7142
 20
108.4445
 30
0.0
 10
-156.2025
 20
108.1492
 30
0.0
 10
-155.6442
 20
107.9432
 30
0.0
 10
-155.0634
 20
107.835
 30
0.0
 10
-154.8787
 20
107.8055
 30
0.0
 10
-154.6925
 20
107.7866
 30
0.0
 10
-154.5055
 20
107.7783
 30
0.0
 10
-154.5055
 20
107.7783
 30
0.0
 10
-154.1756
 20
107.7783
 30
0.0
 10
-154.1756
 20
107.7783
 30
0.0
 10
-154.1756
 20
107.7783
 30
0.0
 10
-154.1169
 20
107.781
 30
0.0
 10
-154.1169
 20
107.781
 30
0.0
  0
ELLIPSE
  5
6E
330
1F
100
AcDbEntity
  8
#Layer 1
 62
     1
370
     9
100
AcDbEllipse
 10
-213.9527
 20
40.9939
 30
0.0
 11
0.0
 21
3.4874
 31
0.0
210
0.0
220
0.0
230
1.0
 40
1.0
 41
0.0
 42
6.283185307179586
  0
SPLINE
  5
6F
330
1F
100
AcDbEntity
  8
#Layer 1
 62
     1
370
     9
100
AcDbSpline
210
0.0
220
0.0
230
1.0
 70
    11
 71
     3
 72
   404
 73
   400
 74
     0
 42
0.0000000001
 43
0.0000000001
 40
0.0
 40
0.0
 40
0.0
 40
0.0
 40
0.0075187969924812
 40
0.0075187969924812
 40
0.0075187969924812
 40
0.0150375939849624
 40
0.0150375939849624
 40
0.0150375939849624
 40
0.0225563909774436
 40
0.0225563909774436
 40
0.0225563909774436
 40
0.0300751879699248
 40
0.0300751879699248
 40
0.0300751879699248
 40
0.037593984962406
 40
0.037593984962406
 40
0.037593984962406
 40
0.0451127819548872
 40
0.0451127819548872
 40
0.0451127819548872
 40
0.0526315789473684
 40
0.0526315789473684
 40
0.0526315789473684
 40
0.0601503759398496
 40
0.0601503759398496
 40
0.0601503759398496
 40
0.0676691729323308
 40
0.0676691729323308
 40
0.0676691729323308
 40
0.075187969924812
 40
0.075187969924812
 40
0.075187969924812
 40
0.0827067669172932
 40
0.0827067669172932
 40
0.0827067669172932
 40
0.0902255639097744
 40
0.0902255639097744
 40
0.0902255639097744
 40
0.0977443609022556
 40
0.0977443609022556
 40
0.0977443609022556
 40
0.1052631578947368
 40
0.1052631578947368
 40
0.1052631578947368
 40
0.112781954887218
 40
0.112781954887218
 40
0.112781954887218
 40
0.1203007518796992
 40
0.1203007518796992
 40
0.1203007518796992
 40
0.1278195488721804
 40
0.1278195488721804
 40
0.1278195488721804
 40
0.1353383458646616
 40
0.1353383458646616
 40
0.1353383458646616
 40
0.1428571428571428
 40
0.1428571428571428
 40
0.1428571428571428
 40
0.1503759398496241
 40
0.1503759398496241
 40
0.1503759398496241
 40
0.1578947368421053
 40
0.1578947368421053
 40
0.1578947368421053
 40
0.1654135338345865
 40
0.1654135338345865
 40
0.1654135338345865
 40
0.1729323308270677
 40
0.1729323308270677
 40
0.1729323308270677
 40
0.1804511278195489
 40
0.1804511278195489
 40
0.1804511278195489
 40
0.1879699248120301
 40
0.1879699248120301
 40
0.1879699248120301
 40
0.1954887218045113
 40
0.1954887218045113
 40
0.1954887218045113
 40
0.2030075187969925
 40
0.2030075187969925
 40
0.2030075187969925
 40
0.2105263157894737
 40
0.2105263157894737
 40
0.2105263157894737
 40
0.2180451127819549
 40
0.2180451127819549
 40
0.2180451127819549
 40
0.2255639097744361
 40
0.2255639097744361
 40
0.2255639097744361
 40
0.2330827067669173
 40
0.2330827067669173
 40
0.2330827067669173
 40
0.2406015037593985
 40
0.2406015037593985
 40
0.2406015037593985
 40
0.2481203007518797
 40
0.2481203007518797
 40
0.2481203007518797
 40
0.2556390977443609
 40
0.2556390977443609
 40
0.2556390977443609
 40
0.2631578947368421
 40
0.2631578947368421
 40
0.2631578947368421
 40
0.2706766917293233
 40
0.2706766917293233
 40
0.2706766917293233
 40
0.2781954887218045
 40
0.2781954887218045
 40
0.2781954887218045
 40
0.2857142857142857
 40
0.2857142857142857
 40
0.2857142857142857
 40
0.2932330827067669
 40
0.2932330827067669
 40
0.2932330827067669
 40
0.3007518796992481
 40
0.3007518796992481
 40
0.3007518796992481
 40
0.3082706766917293
 40
0.3082706766917293
 40
0.3082706766917293
 40
0.3157894736842105
 40
0.3157894736842105
 40
0.3157894736842105
 40
0.3233082706766917
 40
0.3233082706766917
 40
0.3233082706766917
 40
0.3308270676691729
 40
0.3308270676691729
 40
0.3308270676691729
 40
0.3383458646616541
 40
0.3383458646616541
 40
0.3383458646616541
 40
0.3458646616541353
 40
0.3458646616541353
 40
0.3458646616541353
 40
0.3533834586466165
 40
0.3533834586466165
 40
0.3533834586466165
 40
0.3609022556390977
 40
0.3609022556390977
 40
0.3609022556390977
 40
0.3684210526315789
 40
0.3684210526315789
 40
0.3684210526315789
 40
0.3759398496240601
 40
0.3759398496240601
 40
0.3759398496240601
 40
0.3834586466165413
 40
0.3834586466165413
 40
0.3834586466165413
 40
0.3909774436090225
 40
0.3909774436090225
 40
0.3909774436090225
 40
0.3984962406015037
 40
0.3984962406015037
 40
0.3984962406015037
 40
0.4060150375939849
 40
0.4060150375939849
 40
0.4060150375939849
 40
0.4135338345864661
 40
0.4135338345864661
 40
0.4135338345864661
 40
0.4210526315789473
 40
0.4210526315789473
 40
0.4210526315789473
 40
0.4285714285714285
 40
0.4285714285714285
 40
0.4285714285714285
 40
0.4360902255639098
 40
0.4360902255639098
 40
0.4360902255639098
 40
0.443609022556391
 40
0.443609022556391
 40
0.443609022556391
 40
0.4511278195488722
 40
0.4511278195488722
 40
0.4511278195488722
 40
0.4586466165413534
 40
0.4586466165413534
 40
0.4586466165413534
 40
0.4661654135338346
 40
0.4661654135338346
 40
0.4661654135338346
 40
0.4736842105263158
 40
0.4736842105263158
 40
0.4736842105263158
 40
0.481203007518797
 40
0.481203007518797
 40
0.481203007518797
 40
0.4887218045112782
 40
0.4887218045112782
 40
0.4887218045112782
 40
0.4962406015037594
 40
0.4962406015037594
 40
0.4962406015037594
 40
0.5037593984962405
 40
0.5037593984962405
 40
0.5037593984962405
 40
0.5112781954887218
 40
0.5112781954887218
 40
0.5112781954887218
 40
0.518796992481203
 40
0.518796992481203
 40
0.518796992481203
 40
0.5263157894736842
 40
0.5263157894736842
 40
0.5263157894736842
 40
0.5338345864661653
 40
0.5338345864661653
 40
0.5338345864661653
 40
0.5413533834586466
 40
0.5413533834586466
 40
0.5413533834586466
 40
0.5488721804511278
 40
0.5488721804511278
 40
0.5488721804511278
 40
0.556390977443609
 40
0.556390977443609
 40
0.556390977443609
 40
0.5639097744360901
 40
0.5639097744360901
 40
0.5639097744360901
 40
0.5714285714285714
 40
0.5714285714285714
 40
0.5714285714285714
 40
0.5789473684210527
 40
0.5789473684210527
 40
0.5789473684210527
 40
0.5864661654135338
 40
0.5864661654135338
 40
0.5864661654135338
 40
0.593984962406015
 40
0.593984962406015
 40
0.593984962406015
 40
0.6015037593984962
 40
0.6015037593984962
 40
0.6015037593984962
 40
0.6090225563909775
 40
0.6090225563909775
 40
0.6090225563909775
 40
0.6165413533834586
 40
0.6165413533834586
 40
0.6165413533834586
 40
0.6240601503759398
 40
0.6240601503759398
 40
0.6240601503759398
 40
0.631578947368421
 40
0.631578947368421
 40
0.631578947368421
 40
0.6390977443609023
 40
0.6390977443609023
 40
0.6390977443609023
 40
0.6466165413533834
 40
0.6466165413533834
 40
0.6466165413533834
 40
0.6541353383458646
 40
0.6541353383458646
 40
0.6541353383458646
 40
0.6616541353383458
 40
0.6616541353383458
 40
0.6616541353383458
 40
0.6691729323308271
 40
0.6691729323308271
 40
0.6691729323308271
 40
0.6766917293233082
 40
0.6766917293233082
 40
0.6766917293233082
 40
0.6842105263157894
 40
0.6842105263157894
 40
0.6842105263157894
 40
0.6917293233082706
 40
0.6917293233082706
 40
0.6917293233082706
 40
0.6992481203007519
 40
0.6992481203007519
 40
0.6992481203007519
 40
0.706766917293233
 40
0.706766917293233
 40
0.706766917293233
 40
0.7142857142857142
 40
0.7142857142857142
 40
0.7142857142857142
 40
0.7218045112781954
 40
0.7218045112781954
 40
0.7218045112781954
 40
0.7293233082706767
 40
0.7293233082706767
 40
0.7293233082706767
 40
0.7368421052631579
 40
0.7368421052631579
 40
0.7368421052631579
 40
0.744360902255639
 40
0.744360902255639
 40
0.744360902255639
 40
0.7518796992481203
 40
0.7518796992481203
 40
0.7518796992481203
 40
0.7593984962406015
 40
0.7593984962406015
 40
0.7593984962406015
 40
0.7669172932330827
 40
0.7669172932330827
 40
0.7669172932330827
 40
0.7744360902255638
 40
0.7744360902255638
 40
0.7744360902255638
 40
0.7819548872180451
 40
0.7819548872180451
 40
0.7819548872180451
 40
0.7894736842105263
 40
0.7894736842105263
 40
0.7894736842105263
 40
0.7969924812030075
 40
0.7969924812030075
 40
0.7969924812030075
 40
0.8045112781954886
 40
0.8045112781954886
 40
0.8045112781954886
 40
0.8120300751879699
 40
0.8120300751879699
 40
0.8120300751879699
 40
0.8195488721804511
 40
0.8195488721804511
 40
0.8195488721804511
 40
0.8270676691729323
 40
0.8270676691729323
 40
0.8270676691729323
 40
0.8345864661654134
 40
0.8345864661654134
 40
0.8345864661654134
 40
0.8421052631578947
 40
0.8421052631578947
 40
0.8421052631578947
 40
0.849624060150376
 40
0.849624060150376
 40
0.849624060150376
 40
0.8571428571428571
 40
0.8571428571428571
 40
0.8571428571428571
 40
0.8646616541353382
 40
0.8646616541353382
 40
0.8646616541353382
 40
0.8721804511278195
 40
0.8721804511278195
 40
0.8721804511278195
 40
0.8796992481203008
 40
0.8796992481203008
 40
0.8796992481203008
 40
0.8872180451127819
 40
0.8872180451127819
 40
0.8872180451127819
 40
0.894736842105263
 40
0.894736842105263
 40
0.894736842105263
 40
0.9022556390977443
 40
0.9022556390977443
 40
0.9022556390977443
 40
0.9097744360902256
 40
0.9097744360902256
 40
0.9097744360902256
 40
0.9172932330827067
 40
0.9172932330827067
 40
0.9172932330827067
 40
0.9248120300751879
 40
0.9248120300751879
 40
0.9248120300751879
 40
0.9323308270676691
 40
0.9323308270676691
 40
0.9323308270676691
 40
0.9398496240601504
 40
0.9398496240601504
 40
0.9398496240601504
 40
0.9473684210526315
 40
0.9473684210526315
 40
0.9473684210526315
 40
0.9548872180451127
 40
0.9548872180451127
 40
0.9548872180451127
 40
0.9624060150375939
 40
0.9624060150375939
 40
0.9624060150375939
 40
0.9699248120300752
 40
0.9699248120300752
 40
0.9699248120300752
 40
0.9774436090225563
 40
0.9774436090225563
 40
0.9774436090225563
 40
0.9849624060150375
 40
0.9849624060150375
 40
0.9849624060150375
 40
0.9924812030075187
 40
0.9924812030075187
 40
0.9924812030075187
 40
1.0
 40
1.0
 40
1.0
 40
1.0
 10
-209.3959
 20
34.4498
 30
0.0
 10
-210.5501
 20
33.6447
 30
0.0
 10
-211.9315
 20
33.1354
 30
0.0
 10
-213.4355
 20
33.0381
 30
0.0
 10
-213.4355
 20
33.0381
 30
0.0
 10
-213.6464
 20
33.0278
 30
0.0
 10
-213.6464
 20
33.0278
 30
0.0
 10
-213.6464
 20
33.0278
 30
0.0
 10
-213.8373
 20
33.0226
 30
0.0
 10
-213.8373
 20
33.0226
 30
0.0
 10
-215.9516
 20
32.9909
 30
0.0
 10
-217.9915
 20
33.8014
 30
0.0
 10
-219.5082
 20
35.2749
 30
0.0
 10
-221.0249
 20
36.7484
 30
0.0
 10
-221.8942
 20
38.7641
 30
0.0
 10
-221.9237
 20
40.8785
 30
0.0
 10
-221.9877
 20
45.2069
 30
0.0
 10
-218.5847
 20
48.7947
 30
0.0
 10
-214.2588
 20
48.9595
 30
0.0
 10
-212.5166
 20
49.0275
 30
0.0
 10
-210.8112
 20
48.5219
 30
0.0
 10
-209.3967
 20
47.537
 30
0.0
 10
-209.3967
 20
47.537
 30
0.0
 10
-209.3967
 20
49.5558
 30
0.0
 10
-209.3967
 20
49.5558
 30
0.0
 10
-209.3939
 20
50.089
 30
0.0
 10
-209.3136
 20
50.6189
 30
0.0
 10
-209.1584
 20
51.1291
 30
0.0
 10
-209.1584
 20
51.1291
 30
0.0
 10
-209.0503
 20
51.4454
 30
0.0
 10
-209.0503
 20
51.4454
 30
0.0
 10
-208.7313
 20
52.2909
 30
0.0
 10
-208.1793
 20
53.0286
 30
0.0
 10
-207.4585
 20
53.5735
 30
0.0
 10
-207.4585
 20
53.5735
 30
0.0
 10
-207.1723
 20
53.775
 30
0.0
 10
-207.1723
 20
53.775
 30
0.0
 10
-206.9268
 20
53.9366
 30
0.0
 10
-206.6679
 20
54.0771
 30
0.0
 10
-206.3987
 20
54.1952
 30
0.0
 10
-206.3987
 20
54.1952
 30
0.0
 10
-206.0689
 20
54.3266
 30
0.0
 10
-206.0689
 20
54.3266
 30
0.0
 10
-205.9083
 20
54.3842
 30
0.0
 10
-205.7449
 20
54.4338
 30
0.0
 10
-205.5795
 20
54.4754
 30
0.0
 10
-205.1022
 20
54.5932
 30
0.0
 10
-204.6114
 20
54.6462
 30
0.0
 10
-204.1199
 20
54.6331
 30
0.0
 10
-204.1199
 20
54.6331
 30
0.0
 10
-203.8007
 20
54.6127
 30
0.0
 10
-203.8007
 20
54.6127
 30
0.0
 10
-203.6656
 20
54.5998
 30
0.0
 10
-203.5309
 20
54.5816
 30
0.0
 10
-203.3969
 20
54.5581
 30
0.0
 10
-203.3969
 20
54.5581
 30
0.0
 10
-203.3132
 20
54.5426
 30
0.0
 10
-203.3132
 20
54.5426
 30
0.0
 10
-203.3132
 20
54.5426
 30
0.0
 10
-203.001
 20
54.4716
 30
0.0
 10
-203.001
 20
54.4716
 30
0.0
 10
-203.001
 20
54.4716
 30
0.0
 10
-202.9183
 20
54.4493
 30
0.0
 10
-202.9183
 20
54.4493
 30
0.0
 10
-202.9183
 20
54.4493
 30
0.0
 10
-202.5902
 20
54.3451
 30
0.0
 10
-202.5902
 20
54.3451
 30
0.0
 10
-202.3172
 20
54.248
 30
0.0
 10
-202.0532
 20
54.1273
 30
0.0
 10
-201.8011
 20
53.9842
 30
0.0
 10
-201.0265
 20
53.5615
 30
0.0
 10
-200.3776
 20
52.9412
 30
0.0
 10
-199.9213
 20
52.1859
 30
0.0
 10
-199.7933
 20
51.9703
 30
0.0
 10
-199.6813
 20
51.7455
 30
0.0
 10
-199.5865
 20
51.5135
 30
0.0
 10
-199.5865
 20
51.5135
 30
0.0
 10
-199.4589
 20
51.1662
 30
0.0
 10
-199.4589
 20
51.1662
 30
0.0
 10
-199.2786
 20
50.6052
 30
0.0
 10
-199.1845
 20
50.0203
 30
0.0
 10
-199.1798
 20
49.4312
 30
0.0
 10
-199.1798
 20
49.4312
 30
0.0
 10
-199.1798
 20
48.3987
 30
0.0
 10
-199.1798
 20
48.3987
 30
0.0
 10
-198.278
 20
49.0588
 30
0.0
 10
-197.2449
 20
49.5171
 30
0.0
 10
-196.1507
 20
49.7425
 30
0.0
 10
-195.4833
 20
49.8702
 30
0.0
 10
-194.8051
 20
49.9322
 30
0.0
 10
-194.1256
 20
49.9274
 30
0.0
 10
-192.9022
 20
49.9348
 30
0.0
 10
-191.686
 20
49.7395
 30
0.0
 10
-190.5264
 20
49.3495
 30
0.0
 10
-189.3295
 20
48.8953
 30
0.0
 10
-188.247
 20
48.1835
 30
0.0
 10
-187.3562
 20
47.2642
 30
0.0
 10
-186.8239
 20
47.6431
 30
0.0
 10
-186.2612
 20
47.9773
 30
0.0
 10
-185.6737
 20
48.2636
 30
0.0
 10
-184.2911
 20
48.926
 30
0.0
 10
-182.807
 20
49.3515
 30
0.0
 10
-181.2833
 20
49.5227
 30
0.0
 10
-180.0978
 20
49.662
 30
0.0
 10
-178.8975
 20
49.6116
 30
0.0
 10
-177.7277
 20
49.3728
 30
0.0
 10
-177.3146
 20
49.2674
 30
0.0
 10
-176.9075
 20
49.1391
 30
0.0
 10
-176.5085
 20
48.9884
 30
0.0
 10
-175.7086
 20
48.6985
 30
0.0
 10
-174.946
 20
48.3146
 30
0.0
 10
-174.2365
 20
47.8451
 30
0.0
 10
-174.2365
 20
47.8451
 30
0.0
 10
-174.0546
 20
47.7206
 30
0.0
 10
-174.0546
 20
47.7206
 30
0.0
 10
-174.0546
 20
47.7206
 30
0.0
 10
-173.9669
 20
47.7138
 30
0.0
 10
-173.9669
 20
47.7138
 30
0.0
 10
-173.8099
 20
47.6991
 30
0.0
 10
-173.6534
 20
47.6783
 30
0.0
 10
-173.498
 20
47.6514
 30
0.0
 10
-173.3446
 20
47.6239
 30
0.0
 10
-173.1927
 20
47.5893
 30
0.0
 10
-173.0424
 20
47.5474
 30
0.0
 10
-173.0424
 20
47.5474
 30
0.0
 10
-172.7011
 20
47.4384
 30
0.0
 10
-172.7011
 20
47.4384
 30
0.0
 10
-172.6006
 20
47.4025
 30
0.0
 10
-172.5016
 20
47.3629
 30
0.0
 10
-172.4041
 20
47.3196
 30
0.0
 10
-171.8934
 20
47.675
 30
0.0
 10
-171.3559
 20
47.9906
 30
0.0
 10
-170.7967
 20
48.2636
 30
0.0
 10
-169.4524
 20
48.9079
 30
0.0
 10
-168.0118
 20
49.3284
 30
0.0
 10
-166.5319
 20
49.5081
 30
0.0
 10
-165.3044
 20
49.6656
 30
0.0
 10
-164.0594
 20
49.6199
 30
0.0
 10
-162.8468
 20
49.3728
 30
0.0
 10
-162.4839
 20
49.2788
 30
0.0
 10
-162.1254
 20
49.168
 30
0.0
 10
-161.7727
 20
49.041
 30
0.0
 10
-160.923
 20
48.7425
 30
0.0
 10
-160.1133
 20
48.3409
 30
0.0
 10
-159.3614
 20
47.8451
 30
0.0
 10
-159.3614
 20
47.8451
 30
0.0
 10
-159.1804
 20
47.7236
 30
0.0
 10
-159.1804
 20
47.7236
 30
0.0
 10
-159.1804
 20
47.7236
 30
0.0
 10
-159.1755
 20
47.7206
 30
0.0
 10
-159.1755
 20
47.7206
 30
0.0
 10
-159.1755
 20
47.7206
 30
0.0
 10
-159.09
 20
47.7138
 30
0.0
 10
-159.09
 20
47.7138
 30
0.0
 10
-158.8445
 20
47.6911
 30
0.0
 10
-158.6005
 20
47.6524
 30
0.0
 10
-158.3602
 20
47.598
 30
0.0
 10
-158.0667
 20
47.5267
 30
0.0
 10
-157.7795
 20
47.431
 30
0.0
 10
-157.5019
 20
47.3119
 30
0.0
 10
-157.5019
 20
47.3119
 30
0.0
 10
-157.3413
 20
47.2359
 30
0.0
 10
-157.3413
 20
47.2359
 30
0.0
 10
-157.3413
 20
47.2359
 30
0.0
 10
-157.1049
 20
47.4256
 30
0.0
 10
-157.1049
 20
47.4256
 30
0.0
 10
-155.8835
 20
48.3961
 30
0.0
 10
-154.4669
 20
49.0912
 30
0.0
 10
-152.9519
 20
49.4633
 30
0.0
 10
-151.6687
 20
49.773
 30
0.0
 10
-150.3332
 20
49.7957
 30
0.0
 10
-149.0402
 20
49.5295
 30
0.0
 10
-147.3605
 20
49.1753
 30
0.0
 10
-145.8135
 20
48.3583
 30
0.0
 10
-144.5739
 20
47.1708
 30
0.0
 10
-143.8561
 20
46.4747
 30
0.0
 10
-143.2419
 20
45.6789
 30
0.0
 10
-142.7503
 20
44.8083
 30
0.0
 10
-142.5893
 20
44.5321
 30
0.0
 10
-142.4518
 20
44.2427
 30
0.0
 10
-142.3398
 20
43.9432
 30
0.0
 10
-142.3398
 20
43.9432
 30
0.0
 10
-142.224
 20
43.5949
 30
0.0
 10
-142.224
 20
43.5949
 30
0.0
 10
-142.224
 20
43.5949
 30
0.0
 10
-142.1879
 20
43.4663
 30
0.0
 10
-142.1879
 20
43.4663
 30
0.0
 10
-142.1879
 20
43.4663
 30
0.0
 10
-142.1062
 20
43.116
 30
0.0
 10
-142.1062
 20
43.116
 30
0.0
 10
-142.0118
 20
42.6222
 30
0.0
 10
-141.9805
 20
42.1184
 30
0.0
 10
-142.0128
 20
41.6166
 30
0.0
 10
-142.0128
 20
41.6166
 30
0.0
 10
-142.0479
 20
41.2605
 30
0.0
 10
-142.0479
 20
41.2605
 30
0.0
 10
-142.0686
 20
41.0999
 30
0.0
 10
-142.0959
 20
40.94
 30
0.0
 10
-142.1296
 20
40.7818
 30
0.0
 10
-142.2924
 20
40.001
 30
0.0
 10
-142.6449
 20
39.2725
 30
0.0
 10
-143.1563
 20
38.6605
 30
0.0
 10
-143.1563
 20
38.6605
 30
0.0
 10
-143.4024
 20
38.386
 30
0.0
 10
-143.4024
 20
38.386
 30
0.0
 10
-143.4713
 20
38.3147
 30
0.0
 10
-143.5425
 20
38.2452
 30
0.0
 10
-143.6154
 20
38.1778
 30
0.0
 10
-143.6154
 20
38.1778
 30
0.0
 10
-143.7673
 20
38.0475
 30
0.0
 10
-143.7673
 20
38.0475
 30
0.0
 10
-143.7326
 20
38.0202
 30
0.0
 10
-143.6989
 20
37.9921
 30
0.0
 10
-143.666
 20
37.9628
 30
0.0
 10
-143.666
 20
37.9628
 30
0.0
 10
-143.3946
 20
37.7079
 30
0.0
 10
-143.3946
 20
37.7079
 30
0.0
 10
-143.1393
 20
37.4512
 30
0.0
 10
-142.9113
 20
37.1688
 30
0.0
 10
-142.7145
 20
36.8651
 30
0.0
 10
-142.3759
 20
36.3046
 30
0.0
 10
-142.1399
 20
35.688
 30
0.0
 10
-142.0178
 20
35.0445
 30
0.0
 10
-141.9319
 20
34.6047
 30
0.0
 10
-141.9054
 20
34.1555
 30
0.0
 10
-141.9388
 20
33.7085
 30
0.0
 10
-141.9388
 20
33.7085
 30
0.0
 10
-141.9759
 20
33.3689
 30
0.0
 10
-141.9759
 20
33.3689
 30
0.0
 10
-141.9986
 20
33.2071
 30
0.0
 10
-142.0291
 20
33.0463
 30
0.0
 10
-142.0674
 20
32.8873
 30
0.0
 10
-142.0674
 20
32.8873
 30
0.0
 10
-142.1569
 20
32.5613
 30
0.0
 10
-142.1569
 20
32.5613
 30
0.0
 10
-142.231
 20
32.3249
 30
0.0
 10
-142.3211
 20
32.0937
 30
0.0
 10
-142.4263
 20
31.8695
 30
0.0
 10
-142.4263
 20
31.8695
 30
0.0
 10
-142.5899
 20
31.5348
 30
0.0
 10
-142.5899
 20
31.5348
 30
0.0
 10
-142.5899
 20
31.5348
 30
0.0
 10
-142.6746
 20
31.3801
 30
0.0
 10
-142.6746
 20
31.3801
 30
0.0
 10
-142.6746
 20
31.3801
 30
0.0
 10
-142.8681
 20
31.0619
 30
0.0
 10
-142.8681
 20
31.0619
 30
0.0
 10
-143.055
 20
30.7743
 30
0.0
 10
-143.2673
 20
30.5039
 30
0.0
 10
-143.5026
 20
30.2542
 30
0.0
 10
-144.8478
 20
28.9176
 30
0.0
 10
-146.4864
 20
27.9138
 30
0.0
 10
-148.2881
 20
27.3223
 30
0.0
 10
-149.0337
 20
27.0844
 30
0.0
 10
-149.7999
 20
26.9168
 30
0.0
 10
-150.5767
 20
26.8224
 30
0.0
 10
-151.9946
 20
26.648
 30
0.0
 10
-153.433
 20
26.7586
 30
0.0
 10
-154.8074
 20
27.1472
 30
0.0
 10
-155.3827
 20
27.3108
 30
0.0
 10
-155.9411
 20
27.5284
 30
0.0
 10
-156.4754
 20
27.7972
 30
0.0
 10
-156.6855
 20
27.644
 30
0.0
 10
-156.9082
 20
27.5087
 30
0.0
 10
-157.1408
 20
27.3925
 30
0.0
 10
-157.5416
 20
27.2048
 30
0.0
 10
-157.9603
 20
27.0577
 30
0.0
 10
-158.3903
 20
26.9537
 30
0.0
 10
-158.8813
 20
26.8269
 30
0.0
 10
-159.3877
 20
26.7693
 30
0.0
 10
-159.8947
 20
26.7823
 30
0.0
 10
-160.4038
 20
26.7996
 30
0.0
 10
-160.9086
 20
26.8837
 30
0.0
 10
-161.3961
 20
27.0324
 30
0.0
 10
-161.8221
 20
27.1555
 30
0.0
 10
-162.2308
 20
27.3321
 30
0.0
 10
-162.6125
 20
27.5579
 30
0.0
 10
-163.2872
 20
27.2891
 30
0.0
 10
-163.9851
 20
27.0822
 30
0.0
 10
-164.6975
 20
26.9399
 30
0.0
 10
-165.6864
 20
26.7454
 30
0.0
 10
-166.6949
 20
26.6715
 30
0.0
 10
-167.7015
 20
26.7201
 30
0.0
 10
-169.0188
 20
26.7699
 30
0.0
 10
-170.3097
 20
27.1053
 30
0.0
 10
-171.4847
 20
27.703
 30
0.0
 10
-171.6558
 20
27.589
 30
0.0
 10
-171.8336
 20
27.4854
 30
0.0
 10
-172.0169
 20
27.3925
 30
0.0
 10
-172.4179
 20
27.2048
 30
0.0
 10
-172.8368
 20
27.0577
 30
0.0
 10
-173.2672
 20
26.9537
 30
0.0
 10
-173.7581
 20
26.8271
 30
0.0
 10
-174.264
 20
26.7693
 30
0.0
 10
-174.7706
 20
26.7823
 30
0.0
 10
-175.28
 20
26.7996
 30
0.0
 10
-175.7847
 20
26.8837
 30
0.0
 10
-176.2722
 20
27.0324
 30
0.0
 10
-176.6981
 20
27.1571
 30
0.0
 10
-177.1072
 20
27.3331
 30
0.0
 10
-177.4904
 20
27.5569
 30
0.0
 10
-178.2762
 20
27.2444
 30
0.0
 10
-179.093
 20
27.0157
 30
0.0
 10
-179.9268
 20
26.8748
 30
0.0
 10
-180.803
 20
26.7297
 30
0.0
 10
-181.6922
 20
26.6777
 30
0.0
 10
-182.5794
 20
26.7201
 30
0.0
 10
-183.9983
 20
26.7735
 30
0.0
 10
-185.3849
 20
27.1583
 30
0.0
 10
-186.6282
 20
27.8441
 30
0.0
 10
-187.255
 20
28.1948
 30
0.0
 10
-187.8413
 20
28.6131
 30
0.0
 10
-188.3769
 20
29.0914
 30
0.0
 10
-188.5738
 20
28.912
 30
0.0
 10
-188.7791
 20
28.742
 30
0.0
 10
-188.9919
 20
28.5816
 30
0.0
 10
-190.5593
 20
27.4196
 30
0.0
 10
-192.4301
 20
26.7375
 30
0.0
 10
-194.3777
 20
26.6179
 30
0.0
 10
-194.3777
 20
26.6179
 30
0.0
 10
-194.5977
 20
26.6081
 30
0.0
 10
-194.5977
 20
26.6081
 30
0.0
 10
-195.2918
 20
26.583
 30
0.0
 10
-195.9869
 20
26.6251
 30
0.0
 10
-196.6732
 20
26.7337
 30
0.0
 10
-197.9777
 20
26.9371
 30
0.0
 10
-199.2146
 20
27.4491
 30
0.0
 10
-200.2812
 20
28.2273
 30
0.0
 10
-200.2812
 20
28.2273
 30
0.0
 10
-200.4466
 20
28.3518
 30
0.0
 10
-200.4466
 20
28.3518
 30
0.0
 10
-200.4466
 20
28.3518
 30
0.0
 10
-200.5371
 20
28.2508
 30
0.0
 10
-200.5371
 20
28.2508
 30
0.0
 10
-200.6534
 20
28.1288
 30
0.0
 10
-200.7768
 20
28.0143
 30
0.0
 10
-200.9069
 20
27.9072
 30
0.0
 10
-200.9069
 20
27.9072
 30
0.0
 10
-201.1813
 20
27.696
 30
0.0
 10
-201.1813
 20
27.696
 30
0.0
 10
-201.273
 20
27.631
 30
0.0
 10
-201.3667
 20
27.5691
 30
0.0
 10
-201.4625
 20
27.5103
 30
0.0
 10
-201.4625
 20
27.5103
 30
0.0
 10
-201.6795
 20
27.3885
 30
0.0
 10
-201.6795
 20
27.3885
 30
0.0
 10
-202.1178
 20
27.1619
 30
0.0
 10
-202.5807
 20
26.987
 30
0.0
 10
-203.0594
 20
26.867
 30
0.0
 10
-203.0594
 20
26.867
 30
0.0
 10
-203.3882
 20
26.7951
 30
0.0
 10
-203.3882
 20
26.7951
 30
0.0
 10
-203.9406
 20
26.6926
 30
0.0
 10
-204.5063
 20
26.6839
 30
0.0
 10
-205.0617
 20
26.7687
 30
0.0
 10
-205.0617
 20
26.7687
 30
0.0
 10
-205.4286
 20
26.8399
 30
0.0
 10
-205.4286
 20
26.8399
 30
0.0
 10
-206.1773
 20
27.0131
 30
0.0
 10
-206.8796
 20
27.3461
 30
0.0
 10
-207.4876
 20
27.8158
 30
0.0
 10
-207.5968
 20
27.9001
 30
0.0
 10
-207.7026
 20
27.9887
 30
0.0
 10
-207.8048
 20
28.0814
 30
0.0
 10
-207.8048
 20
28.0814
 30
0.0
 10
-208.0667
 20
28.3363
 30
0.0
 10
-208.0667
 20
28.3363
 30
0.0
 10
-208.0667
 20
28.3363
 30
0.0
 10
-208.1221
 20
28.3957
 30
0.0
 10
-208.1221
 20
28.3957
 30
0.0
 10
-208.1221
 20
28.3957
 30
0.0
 10
-208.3449
 20
28.6575
 30
0.0
 10
-208.3449
 20
28.6575
 30
0.0
 10
-208.5631
 20
28.9294
 30
0.0
 10
-208.7504
 20
29.2247
 30
0.0
 10
-208.9035
 20
29.5382
 30
0.0
 10
-208.9035
 20
29.5382
 30
0.0
 10
-209.0523
 20
29.8737
 30
0.0
 10
-209.0523
 20
29.8737
 30
0.0
 10
-209.0523
 20
29.8737
 30
0.0
 10
-209.0814
 20
29.9487
 30
0.0
 10
-209.0814
 20
29.9487
 30
0.0
 10
-209.0814
 20
29.9487
 30
0.0
 10
-209.1944
 20
30.2815
 30
0.0
 10
-209.1944
 20
30.2815
 30
0.0
 10
-209.2546
 20
30.4782
 30
0.0
 10
-209.3008
 20
30.6786
 30
0.0
 10
-209.3325
 20
30.8819
 30
0.0
 10
-209.3325
 20
30.8819
 30
0.0
 10
-209.3754
 20
31.2175
 30
0.0
 10
-209.3754
 20
31.2175
 30
0.0
 10
-209.3754
 20
31.2175
 30
0.0
 10
-209.3821
 20
31.2984
 30
0.0
 10
-209.3821
 20
31.2984
 30
0.0
 10
-209.3821
 20
31.2984
 30
0.0
 10
-209.3959
 20
31.633
 30
0.0
 10
-209.3959
 20
31.633
 30
0.0
 10
-209.3959
 20
31.633
 30
0.0
 10
-209.3959
 20
34.4498
 30
0.0
 10
-209.3959
 20
34.4498
 30
0.0
  0
SPLINE
  5
70
330
1F
100
AcDbEntity
  8
#Layer 1
370
     9
100
AcDbSpline
210
0.0
220
0.0
230
1.0
 70
    11
 71
     3
 72
   146
 73
   142
 74
     0
 42
0.0000000001
 43
0.0000000001
 40
0.0
 40
0.0
 40
0.0
 40
0.0
 40
0.0212765957446809
 40
0.0212765957446809
 40
0.0212765957446809
 40
0.0425531914893617
 40
0.0425531914893617
 40
0.0425531914893617
 40
0.0638297872340425
 40
0.0638297872340425
 40
0.0638297872340425
 40
0.0851063829787234
 40
0.0851063829787234
 40
0.0851063829787234
 40
0.1063829787234043
 40
0.1063829787234043
 40
0.1063829787234043
 40
0.1276595744680851
 40
0.1276595744680851
 40
0.1276595744680851
 40
0.148936170212766
 40
0.148936170212766
 40
0.148936170212766
 40
0.1702127659574468
 40
0.1702127659574468
 40
0.1702127659574468
 40
0.1914893617021277
 40
0.1914893617021277
 40
0.1914893617021277
 40
0.2127659574468085
 40
0.2127659574468085
 40
0.2127659574468085
 40
0.2340425531914894
 40
0.2340425531914894
 40
0.2340425531914894
 40
0.2553191489361702
 40
0.2553191489361702
 40
0.2553191489361702
 40
0.2765957446808511
 40
0.2765957446808511
 40
0.2765957446808511
 40
0.2978723404255319
 40
0.2978723404255319
 40
0.2978723404255319
 40
0.3191489361702128
 40
0.3191489361702128
 40
0.3191489361702128
 40
0.3404255319148936
 40
0.3404255319148936
 40
0.3404255319148936
 40
0.3617021276595744
 40
0.3617021276595744
 40
0.3617021276595744
 40
0.3829787234042553
 40
0.3829787234042553
 40
0.3829787234042553
 40
0.4042553191489361
 40
0.4042553191489361
 40
0.4042553191489361
 40
0.425531914893617
 40
0.425531914893617
 40
0.425531914893617
 40
0.4468085106382979
 40
0.4468085106382979
 40
0.4468085106382979
 40
0.4680851063829787
 40
0.4680851063829787
 40
0.4680851063829787
 40
0.4893617021276596
 40
0.4893617021276596
 40
0.4893617021276596
 40
0.5106382978723404
 40
0.5106382978723404
 40
0.5106382978723404
 40
0.5319148936170213
 40
0.5319148936170213
 40
0.5319148936170213
 40
0.5531914893617021
 40
0.5531914893617021
 40
0.5531914893617021
 40
0.5744680851063829
 40
0.5744680851063829
 40
0.5744680851063829
 40
0.5957446808510638
 40
0.5957446808510638
 40
0.5957446808510638
 40
0.6170212765957447
 40
0.6170212765957447
 40
0.6170212765957447
 40
0.6382978723404256
 40
0.6382978723404256
 40
0.6382978723404256
 40
0.6595744680851063
 40
0.6595744680851063
 40
0.6595744680851063
 40
0.6808510638297872
 40
0.6808510638297872
 40
0.6808510638297872
 40
0.7021276595744681
 40
0.7021276595744681
 40
0.7021276595744681
 40
0.7234042553191489
 40
0.7234042553191489
 40
0.7234042553191489
 40
0.7446808510638298
 40
0.7446808510638298
 40
0.7446808510638298
 40
0.7659574468085106
 40
0.7659574468085106
 40
0.7659574468085106
 40
0.7872340425531915
 40
0.7872340425531915
 40
0.7872340425531915
 40
0.8085106382978723
 40
0.8085106382978723
 40
0.8085106382978723
 40
0.8297872340425532
 40
0.8297872340425532
 40
0.8297872340425532
 40
0.851063829787234
 40
0.851063829787234
 40
0.851063829787234
 40
0.8723404255319148
 40
0.8723404255319148
 40
0.8723404255319148
 40
0.8936170212765957
 40
0.8936170212765957
 40
0.8936170212765957
 40
0.9148936170212766
 40
0.9148936170212766
 40
0.9148936170212766
 40
0.9361702127659575
 40
0.9361702127659575
 40
0.9361702127659575
 40
0.9574468085106382
 40
0.9574468085106382
 40
0.9574468085106382
 40
0.9787234042553191
 40
0.9787234042553191
 40
0.9787234042553191
 40
1.0
 40
1.0
 40
1.0
 40
1.0
 10
-167.1461
 20
30.7014
 30
0.0
 10
-166.184
 20
30.7239
 30
0.0
 10
-165.2338
 20
30.9208
 30
0.0
 10
-164.3418
 20
31.2823
 30
0.0
 10
-163.8548
 20
31.4772
 30
0.0
 10
-163.3841
 20
31.7101
 30
0.0
 10
-162.9337
 20
31.979
 30
0.0
 10
-162.7263
 20
32.1043
 30
0.0
 10
-162.5242
 20
32.2386
 30
0.0
 10
-162.3285
 20
32.3819
 30
0.0
 10
-162.3285
 20
32.3819
 30
0.0
 10
-162.0503
 20
32.5979
 30
0.0
 10
-162.0503
 20
32.5979
 30
0.0
 10
-162.0503
 20
32.5979
 30
0.0
 10
-161.7486
 20
32.8586
 30
0.0
 10
-161.7486
 20
32.8586
 30
0.0
 10
-161.7043
 20
32.8974
 30
0.0
 10
-161.6539
 20
32.9289
 30
0.0
 10
-161.5997
 20
32.952
 30
0.0
 10
-161.5595
 20
32.97
 30
0.0
 10
-161.5146
 20
32.9752
 30
0.0
 10
-161.4714
 20
32.9666
 30
0.0
 10
-161.4174
 20
32.9518
 30
0.0
 10
-161.3705
 20
32.918
 30
0.0
 10
-161.3399
 20
32.8713
 30
0.0
 10
-161.3046
 20
32.8205
 30
0.0
 10
-161.2769
 20
32.7647
 30
0.0
 10
-161.2582
 20
32.7059
 30
0.0
 10
-161.2018
 20
32.5198
 30
0.0
 10
-161.1671
 20
32.3277
 30
0.0
 10
-161.1551
 20
32.1338
 30
0.0
 10
-161.1386
 20
31.921
 30
0.0
 10
-161.1312
 20
31.7077
 30
0.0
 10
-161.1326
 20
31.4945
 30
0.0
 10
-161.1326
 20
31.4945
 30
0.0
 10
-161.1258
 20
31.3933
 30
0.0
 10
-161.1258
 20
31.3933
 30
0.0
 10
-161.1137
 20
31.2723
 30
0.0
 10
-161.0613
 20
31.1589
 30
0.0
 10
-160.977
 20
31.0712
 30
0.0
 10
-160.908
 20
31.0045
 30
0.0
 10
-160.8257
 20
30.9533
 30
0.0
 10
-160.7356
 20
30.9204
 30
0.0
 10
-160.5892
 20
30.8622
 30
0.0
 10
-160.4373
 20
30.8187
 30
0.0
 10
-160.2823
 20
30.7908
 30
0.0
 10
-160.0912
 20
30.7578
 30
0.0
 10
-159.8953
 20
30.7651
 30
0.0
 10
-159.7071
 20
30.8124
 30
0.0
 10
-159.5615
 20
30.8456
 30
0.0
 10
-159.4182
 20
30.8887
 30
0.0
 10
-159.2781
 20
30.9407
 30
0.0
 10
-159.0667
 20
31.014
 30
0.0
 10
-158.9064
 20
31.189
 30
0.0
 10
-158.8518
 20
31.4058
 30
0.0
 10
-158.8331
 20
31.4734
 30
0.0
 10
-158.82
 20
31.5423
 30
0.0
 10
-158.813
 20
31.6121
 30
0.0
 10
-158.813
 20
31.6121
 30
0.0
 10
-158.8062
 20
31.7687
 30
0.0
 10
-158.8062
 20
31.7687
 30
0.0
 10
-158.8062
 20
31.7687
 30
0.0
 10
-158.7644
 20
42.7176
 30
0.0
 10
-158.7644
 20
42.7176
 30
0.0
 10
-158.7819
 20
42.9627
 30
0.0
 10
-158.8748
 20
43.1965
 30
0.0
 10
-159.03
 20
43.387
 30
0.0
 10
-159.187
 20
43.5771
 30
0.0
 10
-159.4088
 20
43.7027
 30
0.0
 10
-159.6527
 20
43.7393
 30
0.0
 10
-159.86
 20
43.7706
 30
0.0
 10
-160.0712
 20
43.7625
 30
0.0
 10
-160.2755
 20
43.715
 30
0.0
 10
-160.3492
 20
43.6973
 30
0.0
 10
-160.4196
 20
43.6674
 30
0.0
 10
-160.4837
 20
43.6266
 30
0.0
 10
-160.4837
 20
43.6266
 30
0.0
 10
-160.5878
 20
43.5524
 30
0.0
 10
-160.5878
 20
43.5524
 30
0.0
 10
-160.5878
 20
43.5524
 30
0.0
 10
-160.6404
 20
43.5369
 30
0.0
 10
-160.6404
 20
43.5369
 30
0.0
 10
-160.6404
 20
43.5369
 30
0.0
 10
-160.6948
 20
43.5399
 30
0.0
 10
-160.6948
 20
43.5399
 30
0.0
 10
-160.737
 20
43.5498
 30
0.0
 10
-160.7763
 20
43.5704
 30
0.0
 10
-160.8086
 20
43.5992
 30
0.0
 10
-160.8817
 20
43.6654
 30
0.0
 10
-160.9445
 20
43.7417
 30
0.0
 10
-160.9955
 20
43.8258
 30
0.0
 10
-160.9955
 20
43.8258
 30
0.0
 10
-161.0627
 20
43.9047
 30
0.0
 10
-161.0627
 20
43.9047
 30
0.0
 10
-161.2
 20
44.0452
 30
0.0
 10
-161.3502
 20
44.1726
 30
0.0
 10
-161.5112
 20
44.2852
 30
0.0
 10
-161.8827
 20
44.5614
 30
0.0
 10
-162.2801
 20
44.8011
 30
0.0
 10
-162.6974
 20
45.0014
 30
0.0
 10
-163.1336
 20
45.2015
 30
0.0
 10
-163.5848
 20
45.3667
 30
0.0
 10
-164.0469
 20
45.4956
 30
0.0
 10
-164.7874
 20
45.6329
 30
0.0
 10
-165.5445
 20
45.656
 30
0.0
 10
-166.2918
 20
45.5638
 30
0.0
 10
-167.2683
 20
45.4498
 30
0.0
 10
-168.222
 20
45.1901
 30
0.0
 10
-169.1214
 20
44.7931
 30
0.0
 10
-169.8354
 20
44.4715
 30
0.0
 10
-170.4988
 20
44.0476
 30
0.0
 10
-171.0909
 20
43.5351
 30
0.0
 10
-171.4428
 20
43.228
 30
0.0
 10
-171.7593
 20
42.8826
 30
0.0
 10
-172.0347
 20
42.5056
 30
0.0
 10
-172.0347
 20
42.5056
 30
0.0
 10
-172.3462
 20
42.054
 30
0.0
 10
-172.3462
 20
42.054
 30
0.0
 10
-172.7481
 20
41.4484
 30
0.0
 10
-173.05
 20
40.7822
 30
0.0
 10
-173.2403
 20
40.0807
 30
0.0
 10
-173.5861
 20
38.8735
 30
0.0
 10
-173.6662
 20
37.6057
 30
0.0
 10
-173.4749
 20
36.3645
 30
0.0
 10
-173.3732
 20
35.7001
 30
0.0
 10
-173.1756
 20
35.0543
 30
0.0
 10
-172.8882
 20
34.4467
 30
0.0
 10
-172.7915
 20
34.2464
 30
0.0
 10
-172.6893
 20
34.0487
 30
0.0
 10
-172.5817
 20
33.854
 30
0.0
 10
-172.0432
 20
32.8819
 30
0.0
 10
-171.271
 20
32.0591
 30
0.0
 10
-170.3348
 20
31.4604
 30
0.0
 10
-169.629
 20
31.0254
 30
0.0
 10
-168.827
 20
30.7701
 30
0.0
 10
-167.9994
 20
30.7169
 30
0.0
 10
-167.9994
 20
30.7169
 30
0.0
 10
-167.7834
 20
30.7053
 30
0.0
 10
-167.7834
 20
30.7053
 30
0.0
 10
-167.5712
 20
30.6976
 30
0.0
 10
-167.3585
 20
30.6964
 30
0.0
 10
-167.1461
 20
30.7014
 30
0.0
  0
SPLINE
  5
71
330
1F
100
AcDbEntity
  8
#Layer 1
370
     9
100
AcDbSpline
210
0.0
220
0.0
230
1.0
 70
    11
 71
     3
 72
    77
 73
    73
 74
     0
 42
0.0000000001
 43
0.0000000001
 40
0.0
 40
0.0
 40
0.0
 40
0.0
 40
0.0416666666666667
 40
0.0416666666666667
 40
0.0416666666666667
 40
0.0833333333333333
 40
0.0833333333333333
 40
0.0833333333333333
 40
0.125
 40
0.125
 40
0.125
 40
0.1666666666666667
 40
0.1666666666666667
 40
0.1666666666666667
 40
0.2083333333333333
 40
0.2083333333333333
 40
0.2083333333333333
 40
0.25
 40
0.25
 40
0.25
 40
0.2916666666666666
 40
0.2916666666666666
 40
0.2916666666666666
 40
0.3333333333333333
 40
0.3333333333333333
 40
0.3333333333333333
 40
0.375
 40
0.375
 40
0.375
 40
0.4166666666666666
 40
0.4166666666666666
 40
0.4166666666666666
 40
0.4583333333333333
 40
0.4583333333333333
 40
0.4583333333333333
 40
0.5
 40
0.5
 40
0.5
 40
0.5416666666666666
 40
0.5416666666666666
 40
0.5416666666666666
 40
0.5833333333333333
 40
0.5833333333333333
 40
0.5833333333333333
 40
0.625
 40
0.625
 40
0.625
 40
0.6666666666666666
 40
0.6666666666666666
 40
0.6666666666666666
 40
0.7083333333333333
 40
0.7083333333333333
 40
0.7083333333333333
 40
0.75
 40
0.75
 40
0.75
 40
0.7916666666666666
 40
0.7916666666666666
 40
0.7916666666666666
 40
0.8333333333333333
 40
0.8333333333333333
 40
0.8333333333333333
 40
0.875
 40
0.875
 40
0.875
 40
0.9166666666666666
 40
0.9166666666666666
 40
0.9166666666666666
 40
0.9583333333333333
 40
0.9583333333333333
 40
0.9583333333333333
 40
1.0
 40
1.0
 40
1.0
 40
1.0
 10
-167.0995
 20
33.0961
 30
0.0
 10
-167.0995
 20
33.0961
 30
0.0
 10
-167.3679
 20
33.1155
 30
0.0
 10
-167.3679
 20
33.1155
 30
0.0
 10
-167.5447
 20
33.135
 30
0.0
 10
-167.7196
 20
33.1675
 30
0.0
 10
-167.8914
 20
33.2129
 30
0.0
 10
-168.1531
 20
33.2809
 30
0.0
 10
-168.4068
 20
33.3771
 30
0.0
 10
-168.6475
 20
33.4999
 30
0.0
 10
-168.8151
 20
33.5852
 30
0.0
 10
-168.9769
 20
33.681
 30
0.0
 10
-169.1321
 20
33.7868
 30
0.0
 10
-169.6557
 20
34.1497
 30
0.0
 10
-170.0899
 20
34.627
 30
0.0
 10
-170.402
 20
35.1822
 30
0.0
 10
-170.5445
 20
35.4291
 30
0.0
 10
-170.6644
 20
35.6884
 30
0.0
 10
-170.7601
 20
35.9568
 30
0.0
 10
-170.9504
 20
36.4518
 30
0.0
 10
-171.0779
 20
36.9686
 30
0.0
 10
-171.1395
 20
37.4953
 30
0.0
 10
-171.2419
 20
38.3621
 30
0.0
 10
-171.0965
 20
39.2404
 30
0.0
 10
-170.7202
 20
40.0281
 30
0.0
 10
-170.5688
 20
40.3585
 30
0.0
 10
-170.3842
 20
40.6728
 30
0.0
 10
-170.1694
 20
40.9661
 30
0.0
 10
-169.6393
 20
41.6706
 30
0.0
 10
-168.9446
 20
42.2344
 30
0.0
 10
-168.1465
 20
42.6086
 30
0.0
 10
-167.6459
 20
42.8513
 30
0.0
 10
-167.1126
 20
43.0191
 30
0.0
 10
-166.5632
 20
43.1068
 30
0.0
 10
-165.9773
 20
43.1969
 30
0.0
 10
-165.3795
 20
43.174
 30
0.0
 10
-164.802
 20
43.0397
 30
0.0
 10
-164.6338
 20
43.0014
 30
0.0
 10
-164.4664
 20
42.9592
 30
0.0
 10
-164.3
 20
42.9131
 30
0.0
 10
-163.8801
 20
42.7981
 30
0.0
 10
-163.4865
 20
42.6036
 30
0.0
 10
-163.1402
 20
42.34
 30
0.0
 10
-162.8885
 20
42.1429
 30
0.0
 10
-162.6709
 20
41.906
 30
0.0
 10
-162.4959
 20
41.6385
 30
0.0
 10
-162.2466
 20
41.2591
 30
0.0
 10
-162.0539
 20
40.8454
 30
0.0
 10
-161.9238
 20
40.4105
 30
0.0
 10
-161.8395
 20
40.1345
 30
0.0
 10
-161.7715
 20
39.8538
 30
0.0
 10
-161.7205
 20
39.5698
 30
0.0
 10
-161.6575
 20
39.1403
 30
0.0
 10
-161.6452
 20
38.7051
 30
0.0
 10
-161.6834
 20
38.2727
 30
0.0
 10
-161.7233
 20
37.8336
 30
0.0
 10
-161.8141
 20
37.4006
 30
0.0
 10
-161.9538
 20
36.9825
 30
0.0
 10
-162.0882
 20
36.5692
 30
0.0
 10
-162.2607
 20
36.1694
 30
0.0
 10
-162.4696
 20
35.7884
 30
0.0
 10
-162.6681
 20
35.4289
 30
0.0
 10
-162.9032
 20
35.0907
 30
0.0
 10
-163.1713
 20
34.7795
 30
0.0
 10
-163.6294
 20
34.1537
 30
0.0
 10
-164.2667
 20
33.6814
 30
0.0
 10
-164.9987
 20
33.4249
 30
0.0
 10
-165.3502
 20
33.298
 30
0.0
 10
-165.7127
 20
33.2039
 30
0.0
 10
-166.0816
 20
33.1438
 30
0.0
 10
-166.4181
 20
33.0901
 30
0.0
 10
-166.7595
 20
33.0742
 30
0.0
 10
-167.0995
 20
33.0961
 30
0.0
  0
SPLINE
  5
72
330
1F
100
AcDbEntity
  8
#Layer 1
370
     9
100
AcDbSpline
210
0.0
220
0.0
230
1.0
 70
    11
 71
     3
 72
   146
 73
   142
 74
     0
 42
0.0000000001
 43
0.0000000001
 40
0.0
 40
0.0
 40
0.0
 40
0.0
 40
0.0212765957446809
 40
0.0212765957446809
 40
0.0212765957446809
 40
0.0425531914893617
 40
0.0425531914893617
 40
0.0425531914893617
 40
0.0638297872340425
 40
0.0638297872340425
 40
0.0638297872340425
 40
0.0851063829787234
 40
0.0851063829787234
 40
0.0851063829787234
 40
0.1063829787234043
 40
0.1063829787234043
 40
0.1063829787234043
 40
0.1276595744680851
 40
0.1276595744680851
 40
0.1276595744680851
 40
0.148936170212766
 40
0.148936170212766
 40
0.148936170212766
 40
0.1702127659574468
 40
0.1702127659574468
 40
0.1702127659574468
 40
0.1914893617021277
 40
0.1914893617021277
 40
0.1914893617021277
 40
0.2127659574468085
 40
0.2127659574468085
 40
0.2127659574468085
 40
0.2340425531914894
 40
0.2340425531914894
 40
0.2340425531914894
 40
0.2553191489361702
 40
0.2553191489361702
 40
0.2553191489361702
 40
0.2765957446808511
 40
0.2765957446808511
 40
0.2765957446808511
 40
0.2978723404255319
 40
0.2978723404255319
 40
0.2978723404255319
 40
0.3191489361702128
 40
0.3191489361702128
 40
0.3191489361702128
 40
0.3404255319148936
 40
0.3404255319148936
 40
0.3404255319148936
 40
0.3617021276595744
 40
0.3617021276595744
 40
0.3617021276595744
 40
0.3829787234042553
 40
0.3829787234042553
 40
0.3829787234042553
 40
0.4042553191489361
 40
0.4042553191489361
 40
0.4042553191489361
 40
0.425531914893617
 40
0.425531914893617
 40
0.425531914893617
 40
0.4468085106382979
 40
0.4468085106382979
 40
0.4468085106382979
 40
0.4680851063829787
 40
0.4680851063829787
 40
0.4680851063829787
 40
0.4893617021276596
 40
0.4893617021276596
 40
0.4893617021276596
 40
0.5106382978723404
 40
0.5106382978723404
 40
0.5106382978723404
 40
0.5319148936170213
 40
0.5319148936170213
 40
0.5319148936170213
 40
0.5531914893617021
 40
0.5531914893617021
 40
0.5531914893617021
 40
0.5744680851063829
 40
0.5744680851063829
 40
0.5744680851063829
 40
0.5957446808510638
 40
0.5957446808510638
 40
0.5957446808510638
 40
0.6170212765957447
 40
0.6170212765957447
 40
0.6170212765957447
 40
0.6382978723404256
 40
0.6382978723404256
 40
0.6382978723404256
 40
0.6595744680851063
 40
0.6595744680851063
 40
0.6595744680851063
 40
0.6808510638297872
 40
0.6808510638297872
 40
0.6808510638297872
 40
0.7021276595744681
 40
0.7021276595744681
 40
0.7021276595744681
 40
0.7234042553191489
 40
0.7234042553191489
 40
0.7234042553191489
 40
0.7446808510638298
 40
0.7446808510638298
 40
0.7446808510638298
 40
0.7659574468085106
 40
0.7659574468085106
 40
0.7659574468085106
 40
0.7872340425531915
 40
0.7872340425531915
 40
0.7872340425531915
 40
0.8085106382978723
 40
0.8085106382978723
 40
0.8085106382978723
 40
0.8297872340425532
 40
0.8297872340425532
 40
0.8297872340425532
 40
0.851063829787234
 40
0.851063829787234
 40
0.851063829787234
 40
0.8723404255319148
 40
0.8723404255319148
 40
0.8723404255319148
 40
0.8936170212765957
 40
0.8936170212765957
 40
0.8936170212765957
 40
0.9148936170212766
 40
0.9148936170212766
 40
0.9148936170212766
 40
0.9361702127659575
 40
0.9361702127659575
 40
0.9361702127659575
 40
0.9574468085106382
 40
0.9574468085106382
 40
0.9574468085106382
 40
0.9787234042553191
 40
0.9787234042553191
 40
0.9787234042553191
 40
1.0
 40
1.0
 40
1.0
 40
1.0
 10
-182.0222
 20
30.7014
 30
0.0
 10
-181.0599
 20
30.7241
 30
0.0
 10
-180.1097
 20
30.9208
 30
0.0
 10
-179.2178
 20
31.2823
 30
0.0
 10
-178.7309
 20
31.4772
 30
0.0
 10
-178.2602
 20
31.7101
 30
0.0
 10
-177.8098
 20
31.979
 30
0.0
 10
-177.6026
 20
32.1049
 30
0.0
 10
-177.4007
 20
32.2392
 30
0.0
 10
-177.2046
 20
32.3819
 30
0.0
 10
-177.2046
 20
32.3819
 30
0.0
 10
-176.9272
 20
32.5979
 30
0.0
 10
-176.9272
 20
32.5979
 30
0.0
 10
-176.9272
 20
32.5979
 30
0.0
 10
-176.6257
 20
32.8586
 30
0.0
 10
-176.6257
 20
32.8586
 30
0.0
 10
-176.5813
 20
32.8974
 30
0.0
 10
-176.5311
 20
32.9289
 30
0.0
 10
-176.4769
 20
32.952
 30
0.0
 10
-176.4364
 20
32.97
 30
0.0
 10
-176.3916
 20
32.975
 30
0.0
 10
-176.3483
 20
32.9666
 30
0.0
 10
-176.2943
 20
32.952
 30
0.0
 10
-176.2475
 20
32.9182
 30
0.0
 10
-176.217
 20
32.8713
 30
0.0
 10
-176.1618
 20
32.7862
 30
0.0
 10
-176.1225
 20
32.692
 30
0.0
 10
-176.1012
 20
32.5929
 30
0.0
 10
-176.0532
 20
32.3787
 30
0.0
 10
-176.0259
 20
32.1605
 30
0.0
 10
-176.0195
 20
31.9411
 30
0.0
 10
-176.0123
 20
31.7922
 30
0.0
 10
-176.0087
 20
31.6434
 30
0.0
 10
-176.0087
 20
31.4945
 30
0.0
 10
-176.0087
 20
31.4945
 30
0.0
 10
-176.003
 20
31.3933
 30
0.0
 10
-176.003
 20
31.3933
 30
0.0
 10
-175.984
 20
31.2079
 30
0.0
 10
-175.8716
 20
31.0453
 30
0.0
 10
-175.705
 20
30.9622
 30
0.0
 10
-175.705
 20
30.9622
 30
0.0
 10
-175.6118
 20
30.9204
 30
0.0
 10
-175.6118
 20
30.9204
 30
0.0
 10
-175.4653
 20
30.8622
 30
0.0
 10
-175.3134
 20
30.8187
 30
0.0
 10
-175.1582
 20
30.7908
 30
0.0
 10
-174.9675
 20
30.7578
 30
0.0
 10
-174.772
 20
30.7651
 30
0.0
 10
-174.5841
 20
30.8124
 30
0.0
 10
-174.4382
 20
30.8458
 30
0.0
 10
-174.2945
 20
30.8887
 30
0.0
 10
-174.154
 20
30.9407
 30
0.0
 10
-173.9432
 20
31.0148
 30
0.0
 10
-173.7832
 20
31.1894
 30
0.0
 10
-173.728
 20
31.4058
 30
0.0
 10
-173.7086
 20
31.4732
 30
0.0
 10
-173.6959
 20
31.5423
 30
0.0
 10
-173.6899
 20
31.6121
 30
0.0
 10
-173.6899
 20
31.6121
 30
0.0
 10
-173.6821
 20
31.7687
 30
0.0
 10
-173.6821
 20
31.7687
 30
0.0
 10
-173.6821
 20
31.7687
 30
0.0
 10
-173.6413
 20
42.7176
 30
0.0
 10
-173.6413
 20
42.7176
 30
0.0
 10
-173.6598
 20
42.9982
 30
0.0
 10
-173.7786
 20
43.2629
 30
0.0
 10
-173.9761
 20
43.4629
 30
0.0
 10
-174.1267
 20
43.6112
 30
0.0
 10
-174.3206
 20
43.7079
 30
0.0
 10
-174.5297
 20
43.7393
 30
0.0
 10
-174.7365
 20
43.7706
 30
0.0
 10
-174.9476
 20
43.7625
 30
0.0
 10
-175.1514
 20
43.715
 30
0.0
 10
-175.2254
 20
43.6973
 30
0.0
 10
-175.2957
 20
43.6674
 30
0.0
 10
-175.3597
 20
43.6266
 30
0.0
 10
-175.3597
 20
43.6266
 30
0.0
 10
-175.4637
 20
43.5524
 30
0.0
 10
-175.4637
 20
43.5524
 30
0.0
 10
-175.4637
 20
43.5524
 30
0.0
 10
-175.5163
 20
43.5369
 30
0.0
 10
-175.5163
 20
43.5369
 30
0.0
 10
-175.5163
 20
43.5369
 30
0.0
 10
-175.5709
 20
43.5399
 30
0.0
 10
-175.5709
 20
43.5399
 30
0.0
 10
-175.6134
 20
43.55
 30
0.0
 10
-175.6528
 20
43.5706
 30
0.0
 10
-175.6857
 20
43.5992
 30
0.0
 10
-175.7588
 20
43.665
 30
0.0
 10
-175.8214
 20
43.7413
 30
0.0
 10
-175.8714
 20
43.8258
 30
0.0
 10
-175.8714
 20
43.8258
 30
0.0
 10
-175.9386
 20
43.9047
 30
0.0
 10
-175.9386
 20
43.9047
 30
0.0
 10
-176.1241
 20
44.0879
 30
0.0
 10
-176.3268
 20
44.2527
 30
0.0
 10
-176.5438
 20
44.3972
 30
0.0
 10
-176.8686
 20
44.6285
 30
0.0
 10
-177.213
 20
44.8308
 30
0.0
 10
-177.5733
 20
45.0014
 30
0.0
 10
-178.0099
 20
45.2013
 30
0.0
 10
-178.4615
 20
45.3667
 30
0.0
 10
-178.924
 20
45.4956
 30
0.0
 10
-179.6644
 20
45.6331
 30
0.0
 10
-180.4214
 20
45.656
 30
0.0
 10
-181.1687
 20
45.5638
 30
0.0
 10
-182.1452
 20
45.4496
 30
0.0
 10
-183.099
 20
45.1897
 30
0.0
 10
-183.9985
 20
44.7931
 30
0.0
 10
-184.7119
 20
44.4711
 30
0.0
 10
-185.3752
 20
44.0474
 30
0.0
 10
-185.967
 20
43.5351
 30
0.0
 10
-186.3195
 20
43.2288
 30
0.0
 10
-186.6362
 20
42.8832
 30
0.0
 10
-186.9108
 20
42.5056
 30
0.0
 10
-186.9108
 20
42.5056
 30
0.0
 10
-187.2231
 20
42.054
 30
0.0
 10
-187.2231
 20
42.054
 30
0.0
 10
-187.6246
 20
41.4482
 30
0.0
 10
-187.9261
 20
40.782
 30
0.0
 10
-188.1165
 20
40.0807
 30
0.0
 10
-188.4881
 20
38.7888
 30
0.0
 10
-188.5529
 20
37.4279
 30
0.0
 10
-188.3052
 20
36.1067
 30
0.0
 10
-188.1976
 20
35.5321
 30
0.0
 10
-188.0158
 20
34.9742
 30
0.0
 10
-187.7641
 20
34.4467
 30
0.0
 10
-187.6675
 20
34.2464
 30
0.0
 10
-187.5653
 20
34.0487
 30
0.0
 10
-187.4576
 20
33.854
 30
0.0
 10
-186.9194
 20
32.8817
 30
0.0
 10
-186.1472
 20
32.0591
 30
0.0
 10
-185.2109
 20
31.4604
 30
0.0
 10
-184.5051
 20
31.025
 30
0.0
 10
-183.7032
 20
30.7697
 30
0.0
 10
-182.8756
 20
30.7169
 30
0.0
 10
-182.8756
 20
30.7169
 30
0.0
 10
-182.6605
 20
30.7053
 30
0.0
 10
-182.6605
 20
30.7053
 30
0.0
 10
-182.4477
 20
30.6976
 30
0.0
 10
-182.2349
 20
30.6964
 30
0.0
 10
-182.0222
 20
30.7014
 30
0.0
  0
SPLINE
  5
73
330
1F
100
AcDbEntity
  8
#Layer 1
370
     9
100
AcDbSpline
210
0.0
220
0.0
230
1.0
 70
    11
 71
     3
 72
    77
 73
    73
 74
     0
 42
0.0000000001
 43
0.0000000001
 40
0.0
 40
0.0
 40
0.0
 40
0.0
 40
0.0416666666666667
 40
0.0416666666666667
 40
0.0416666666666667
 40
0.0833333333333333
 40
0.0833333333333333
 40
0.0833333333333333
 40
0.125
 40
0.125
 40
0.125
 40
0.1666666666666667
 40
0.1666666666666667
 40
0.1666666666666667
 40
0.2083333333333333
 40
0.2083333333333333
 40
0.2083333333333333
 40
0.25
 40
0.25
 40
0.25
 40
0.2916666666666666
 40
0.2916666666666666
 40
0.2916666666666666
 40
0.3333333333333333
 40
0.3333333333333333
 40
0.3333333333333333
 40
0.375
 40
0.375
 40
0.375
 40
0.4166666666666666
 40
0.4166666666666666
 40
0.4166666666666666
 40
0.4583333333333333
 40
0.4583333333333333
 40
0.4583333333333333
 40
0.5
 40
0.5
 40
0.5
 40
0.5416666666666666
 40
0.5416666666666666
 40
0.5416666666666666
 40
0.5833333333333333
 40
0.5833333333333333
 40
0.5833333333333333
 40
0.625
 40
0.625
 40
0.625
 40
0.6666666666666666
 40
0.6666666666666666
 40
0.6666666666666666
 40
0.7083333333333333
 40
0.7083333333333333
 40
0.7083333333333333
 40
0.75
 40
0.75
 40
0.75
 40
0.7916666666666666
 40
0.7916666666666666
 40
0.7916666666666666
 40
0.8333333333333333
 40
0.8333333333333333
 40
0.8333333333333333
 40
0.875
 40
0.875
 40
0.875
 40
0.9166666666666666
 40
0.9166666666666666
 40
0.9166666666666666
 40
0.9583333333333333
 40
0.9583333333333333
 40
0.9583333333333333
 40
1.0
 40
1.0
 40
1.0
 40
1.0
 10
-181.9754
 20
33.0961
 30
0.0
 10
-182.1544
 20
33.1023
 30
0.0
 10
-182.3327
 20
33.1218
 30
0.0
 10
-182.5087
 20
33.1545
 30
0.0
 10
-182.862
 20
33.2211
 30
0.0
 10
-183.204
 20
33.3373
 30
0.0
 10
-183.5246
 20
33.4999
 30
0.0
 10
-183.7349
 20
33.6067
 30
0.0
 10
-183.9359
 20
33.7308
 30
0.0
 10
-184.1259
 20
33.8705
 30
0.0
 10
-184.6384
 20
34.2547
 30
0.0
 10
-185.0577
 20
34.7492
 30
0.0
 10
-185.353
 20
35.3175
 30
0.0
 10
-185.4893
 20
35.5804
 30
0.0
 10
-185.6055
 20
35.8534
 30
0.0
 10
-185.7004
 20
36.134
 30
0.0
 10
-185.8949
 20
36.6776
 30
0.0
 10
-186.0099
 20
37.2466
 30
0.0
 10
-186.0419
 20
37.8231
 30
0.0
 10
-186.076
 20
38.5259
 30
0.0
 10
-185.9475
 20
39.2274
 30
0.0
 10
-185.6663
 20
39.8725
 30
0.0
 10
-185.5021
 20
40.2597
 30
0.0
 10
-185.2938
 20
40.6266
 30
0.0
 10
-185.0455
 20
40.9661
 30
0.0
 10
-184.5159
 20
41.671
 30
0.0
 10
-183.8212
 20
42.235
 30
0.0
 10
-183.0224
 20
42.6086
 30
0.0
 10
-182.522
 20
42.8515
 30
0.0
 10
-181.9886
 20
43.0193
 30
0.0
 10
-181.4394
 20
43.1068
 30
0.0
 10
-180.8533
 20
43.1969
 30
0.0
 10
-180.2556
 20
43.174
 30
0.0
 10
-179.6781
 20
43.0397
 30
0.0
 10
-179.5097
 20
43.0014
 30
0.0
 10
-179.3423
 20
42.9592
 30
0.0
 10
-179.1759
 20
42.9131
 30
0.0
 10
-178.7562
 20
42.7979
 30
0.0
 10
-178.3626
 20
42.6034
 30
0.0
 10
-178.0161
 20
42.34
 30
0.0
 10
-177.7289
 20
42.1122
 30
0.0
 10
-177.4846
 20
41.8346
 30
0.0
 10
-177.2951
 20
41.5207
 30
0.0
 10
-177.0837
 20
41.1732
 30
0.0
 10
-176.9175
 20
40.8001
 30
0.0
 10
-176.8007
 20
40.4105
 30
0.0
 10
-176.7152
 20
40.1349
 30
0.0
 10
-176.6472
 20
39.854
 30
0.0
 10
-176.5974
 20
39.5698
 30
0.0
 10
-176.5661
 20
39.3548
 30
0.0
 10
-176.547
 20
39.1379
 30
0.0
 10
-176.54
 20
38.9207
 30
0.0
 10
-176.5303
 20
38.5959
 30
0.0
 10
-176.5498
 20
38.2709
 30
0.0
 10
-176.5984
 20
37.9496
 30
0.0
 10
-176.6484
 20
37.6214
 30
0.0
 10
-176.7258
 20
37.2978
 30
0.0
 10
-176.83
 20
36.9825
 30
0.0
 10
-176.9649
 20
36.5694
 30
0.0
 10
-177.1379
 20
36.1696
 30
0.0
 10
-177.3467
 20
35.7884
 30
0.0
 10
-177.545
 20
35.4287
 30
0.0
 10
-177.7802
 20
35.0905
 30
0.0
 10
-178.0482
 20
34.7795
 30
0.0
 10
-178.5061
 20
34.1539
 30
0.0
 10
-179.143
 20
33.6816
 30
0.0
 10
-179.8746
 20
33.4249
 30
0.0
 10
-180.2263
 20
33.2982
 30
0.0
 10
-180.5888
 20
33.2039
 30
0.0
 10
-180.9577
 20
33.1438
 30
0.0
 10
-181.2941
 20
33.0903
 30
0.0
 10
-181.6354
 20
33.0742
 30
0.0
 10
-181.9754
 20
33.0961
 30
0.0
  0
SPLINE
  5
74
330
1F
100
AcDbEntity
  8
#Layer 1
370
     9
100
AcDbSpline
210
0.0
220
0.0
230
1.0
 70
    11
 71
     3
 72
   149
 73
   145
 74
     0
 42
0.0000000001
 43
0.0000000001
 40
0.0
 40
0.0
 40
0.0
 40
0.0
 40
0.0208333333333333
 40
0.0208333333333333
 40
0.0208333333333333
 40
0.0416666666666667
 40
0.0416666666666667
 40
0.0416666666666667
 40
0.0625
 40
0.0625
 40
0.0625
 40
0.0833333333333333
 40
0.0833333333333333
 40
0.0833333333333333
 40
0.1041666666666667
 40
0.1041666666666667
 40
0.1041666666666667
 40
0.125
 40
0.125
 40
0.125
 40
0.1458333333333333
 40
0.1458333333333333
 40
0.1458333333333333
 40
0.1666666666666667
 40
0.1666666666666667
 40
0.1666666666666667
 40
0.1875
 40
0.1875
 40
0.1875
 40
0.2083333333333333
 40
0.2083333333333333
 40
0.2083333333333333
 40
0.2291666666666667
 40
0.2291666666666667
 40
0.2291666666666667
 40
0.25
 40
0.25
 40
0.25
 40
0.2708333333333333
 40
0.2708333333333333
 40
0.2708333333333333
 40
0.2916666666666666
 40
0.2916666666666666
 40
0.2916666666666666
 40
0.3125
 40
0.3125
 40
0.3125
 40
0.3333333333333333
 40
0.3333333333333333
 40
0.3333333333333333
 40
0.3541666666666666
 40
0.3541666666666666
 40
0.3541666666666666
 40
0.375
 40
0.375
 40
0.375
 40
0.3958333333333333
 40
0.3958333333333333
 40
0.3958333333333333
 40
0.4166666666666666
 40
0.4166666666666666
 40
0.4166666666666666
 40
0.4375
 40
0.4375
 40
0.4375
 40
0.4583333333333333
 40
0.4583333333333333
 40
0.4583333333333333
 40
0.4791666666666666
 40
0.4791666666666666
 40
0.4791666666666666
 40
0.5
 40
0.5
 40
0.5
 40
0.5208333333333333
 40
0.5208333333333333
 40
0.5208333333333333
 40
0.5416666666666666
 40
0.5416666666666666
 40
0.5416666666666666
 40
0.5625
 40
0.5625
 40
0.5625
 40
0.5833333333333333
 40
0.5833333333333333
 40
0.5833333333333333
 40
0.6041666666666666
 40
0.6041666666666666
 40
0.6041666666666666
 40
0.625
 40
0.625
 40
0.625
 40
0.6458333333333333
 40
0.6458333333333333
 40
0.6458333333333333
 40
0.6666666666666666
 40
0.6666666666666666
 40
0.6666666666666666
 40
0.6875
 40
0.6875
 40
0.6875
 40
0.7083333333333333
 40
0.7083333333333333
 40
0.7083333333333333
 40
0.7291666666666666
 40
0.7291666666666666
 40
0.7291666666666666
 40
0.75
 40
0.75
 40
0.75
 40
0.7708333333333333
 40
0.7708333333333333
 40
0.7708333333333333
 40
0.7916666666666666
 40
0.7916666666666666
 40
0.7916666666666666
 40
0.8125
 40
0.8125
 40
0.8125
 40
0.8333333333333333
 40
0.8333333333333333
 40
0.8333333333333333
 40
0.8541666666666666
 40
0.8541666666666666
 40
0.8541666666666666
 40
0.875
 40
0.875
 40
0.875
 40
0.8958333333333333
 40
0.8958333333333333
 40
0.8958333333333333
 40
0.9166666666666666
 40
0.9166666666666666
 40
0.9166666666666666
 40
0.9375
 40
0.9375
 40
0.9375
 40
0.9583333333333333
 40
0.9583333333333333
 40
0.9583333333333333
 40
0.9791666666666666
 40
0.9791666666666666
 40
0.9791666666666666
 40
1.0
 40
1.0
 40
1.0
 40
1.0
 10
-151.9597
 20
30.7374
 30
0.0
 10
-151.5839
 20
30.75
 30
0.0
 10
-151.2096
 20
30.7924
 30
0.0
 10
-150.8407
 20
30.8648
 30
0.0
 10
-150.1757
 20
30.9808
 30
0.0
 10
-149.5295
 20
31.1852
 30
0.0
 10
-148.9189
 20
31.473
 30
0.0
 10
-148.0934
 20
31.861
 30
0.0
 10
-147.3372
 20
32.3817
 30
0.0
 10
-146.6799
 20
33.0144
 30
0.0
 10
-146.5215
 20
33.1906
 30
0.0
 10
-146.3968
 20
33.3943
 30
0.0
 10
-146.3121
 20
33.6157
 30
0.0
 10
-146.2078
 20
33.8396
 30
0.0
 10
-146.1807
 20
34.0919
 30
0.0
 10
-146.2351
 20
34.3329
 30
0.0
 10
-146.2662
 20
34.4736
 30
0.0
 10
-146.3145
 20
34.6099
 30
0.0
 10
-146.3792
 20
34.7386
 30
0.0
 10
-146.4302
 20
34.8113
 30
0.0
 10
-146.4884
 20
34.8785
 30
0.0
 10
-146.5534
 20
34.9391
 30
0.0
 10
-146.6399
 20
35.0198
 30
0.0
 10
-146.7423
 20
35.0814
 30
0.0
 10
-146.8541
 20
35.12
 30
0.0
 10
-146.9659
 20
35.1559
 30
0.0
 10
-147.0837
 20
35.1681
 30
0.0
 10
-147.2005
 20
35.1561
 30
0.0
 10
-147.3888
 20
35.1415
 30
0.0
 10
-147.5709
 20
35.0814
 30
0.0
 10
-147.7308
 20
34.9809
 30
0.0
 10
-147.82
 20
34.9219
 30
0.0
 10
-147.8995
 20
34.8494
 30
0.0
 10
-147.9663
 20
34.7659
 30
0.0
 10
-147.9663
 20
34.7659
 30
0.0
 10
-148.1453
 20
34.6101
 30
0.0
 10
-148.1453
 20
34.6101
 30
0.0
 10
-148.6568
 20
34.1726
 30
0.0
 10
-149.2303
 20
33.8131
 30
0.0
 10
-149.8471
 20
33.5437
 30
0.0
 10
-150.4954
 20
33.2609
 30
0.0
 10
-151.1901
 20
33.1001
 30
0.0
 10
-151.8965
 20
33.0698
 30
0.0
 10
-152.6171
 20
33.0419
 30
0.0
 10
-153.3331
 20
33.198
 30
0.0
 10
-153.9768
 20
33.5232
 30
0.0
 10
-153.9768
 20
33.5232
 30
0.0
 10
-154.2736
 20
33.6828
 30
0.0
 10
-154.2736
 20
33.6828
 30
0.0
 10
-154.8309
 20
34.006
 30
0.0
 10
-155.2841
 20
34.4821
 30
0.0
 10
-155.5794
 20
35.0549
 30
0.0
 10
-155.813
 20
35.509
 30
0.0
 10
-155.973
 20
35.9975
 30
0.0
 10
-156.0533
 20
36.5018
 30
0.0
 10
-156.1623
 20
37.1549
 30
0.0
 10
-156.1797
 20
37.8201
 30
0.0
 10
-156.1049
 20
38.4781
 30
0.0
 10
-155.9862
 20
39.4
 30
0.0
 10
-155.6253
 20
40.2738
 30
0.0
 10
-155.0589
 20
41.0108
 30
0.0
 10
-155.0589
 20
41.0108
 30
0.0
 10
-154.7795
 20
41.3553
 30
0.0
 10
-154.7795
 20
41.3553
 30
0.0
 10
-154.308
 20
41.9101
 30
0.0
 10
-153.7355
 20
42.3705
 30
0.0
 10
-153.0924
 20
42.7118
 30
0.0
 10
-152.59
 20
42.9865
 30
0.0
 10
-152.0492
 20
43.1833
 30
0.0
 10
-151.4878
 20
43.2955
 30
0.0
 10
-151.0572
 20
43.3836
 30
0.0
 10
-150.6134
 20
43.3858
 30
0.0
 10
-150.1819
 20
43.3025
 30
0.0
 10
-149.9137
 20
43.2491
 30
0.0
 10
-149.656
 20
43.1521
 30
0.0
 10
-149.4191
 20
43.0154
 30
0.0
 10
-149.1351
 20
42.8446
 30
0.0
 10
-148.8878
 20
42.6194
 30
0.0
 10
-148.6913
 20
42.3527
 30
0.0
 10
-148.5309
 20
42.1371
 30
0.0
 10
-148.3942
 20
41.9048
 30
0.0
 10
-148.2836
 20
41.6598
 30
0.0
 10
-148.2836
 20
41.6598
 30
0.0
 10
-148.155
 20
41.3671
 30
0.0
 10
-148.155
 20
41.3671
 30
0.0
 10
-148.102
 20
41.2537
 30
0.0
 10
-148.0287
 20
41.1509
 30
0.0
 10
-147.939
 20
41.0634
 30
0.0
 10
-147.8344
 20
40.9622
 30
0.0
 10
-147.7001
 20
40.8966
 30
0.0
 10
-147.5556
 20
40.8767
 30
0.0
 10
-147.3178
 20
40.8386
 30
0.0
 10
-147.0739
 20
40.8683
 30
0.0
 10
-146.8521
 20
40.9622
 30
0.0
 10
-146.6098
 20
41.0684
 30
0.0
 10
-146.4253
 20
41.274
 30
0.0
 10
-146.3461
 20
41.5265
 30
0.0
 10
-146.2931
 20
41.7234
 30
0.0
 10
-146.273
 20
41.9275
 30
0.0
 10
-146.2868
 20
42.1309
 30
0.0
 10
-146.2951
 20
42.3093
 30
0.0
 10
-146.3356
 20
42.4847
 30
0.0
 10
-146.4065
 20
42.6485
 30
0.0
 10
-146.6433
 20
43.1012
 30
0.0
 10
-146.931
 20
43.5257
 30
0.0
 10
-147.2638
 20
43.9135
 30
0.0
 10
-147.7738
 20
44.511
 30
0.0
 10
-148.4117
 20
44.986
 30
0.0
 10
-149.1301
 20
45.3039
 30
0.0
 10
-149.7479
 20
45.5815
 30
0.0
 10
-150.4165
 20
45.7282
 30
0.0
 10
-151.0936
 20
45.7351
 30
0.0
 10
-151.6299
 20
45.7363
 30
0.0
 10
-152.1632
 20
45.6556
 30
0.0
 10
-152.6749
 20
45.4956
 30
0.0
 10
-153.4838
 20
45.2457
 30
0.0
 10
-154.2399
 20
44.8489
 30
0.0
 10
-154.9051
 20
44.325
 30
0.0
 10
-155.5776
 20
43.8035
 30
0.0
 10
-156.1719
 20
43.1885
 30
0.0
 10
-156.6703
 20
42.4986
 30
0.0
 10
-157.409
 20
41.4488
 30
0.0
 10
-157.9068
 20
40.2487
 30
0.0
 10
-158.1278
 20
38.9841
 30
0.0
 10
-158.21
 20
38.4935
 30
0.0
 10
-158.2436
 20
37.9963
 30
0.0
 10
-158.2281
 20
37.499
 30
0.0
 10
-158.2145
 20
36.7505
 30
0.0
 10
-158.1113
 20
36.0064
 30
0.0
 10
-157.9206
 20
35.2824
 30
0.0
 10
-157.7434
 20
34.6059
 30
0.0
 10
-157.472
 20
33.9576
 30
0.0
 10
-157.1139
 20
33.3568
 30
0.0
 10
-156.7034
 20
32.6744
 30
0.0
 10
-156.146
 20
32.0919
 30
0.0
 10
-155.4822
 20
31.6521
 30
0.0
 10
-155.1408
 20
31.4261
 30
0.0
 10
-154.7733
 20
31.2428
 30
0.0
 10
-154.3875
 20
31.1061
 30
0.0
 10
-153.9617
 20
30.9525
 30
0.0
 10
-153.5201
 20
30.8464
 30
0.0
 10
-153.0709
 20
30.7898
 30
0.0
 10
-152.7026
 20
30.7426
 30
0.0
 10
-152.331
 20
30.7249
 30
0.0
 10
-151.9597
 20
30.7374
 30
0.0
  0
SPLINE
  5
75
330
1F
100
AcDbEntity
  8
#Layer 1
370
     9
100
AcDbSpline
210
0.0
220
0.0
230
1.0
 70
    11
 71
     3
 72
   251
 73
   247
 74
     0
 42
0.0000000001
 43
0.0000000001
 40
0.0
 40
0.0
 40
0.0
 40
0.0
 40
0.0121951219512195
 40
0.0121951219512195
 40
0.0121951219512195
 40
0.024390243902439
 40
0.024390243902439
 40
0.024390243902439
 40
0.0365853658536585
 40
0.0365853658536585
 40
0.0365853658536585
 40
0.0487804878048781
 40
0.0487804878048781
 40
0.0487804878048781
 40
0.0609756097560976
 40
0.0609756097560976
 40
0.0609756097560976
 40
0.0731707317073171
 40
0.0731707317073171
 40
0.0731707317073171
 40
0.0853658536585366
 40
0.0853658536585366
 40
0.0853658536585366
 40
0.0975609756097561
 40
0.0975609756097561
 40
0.0975609756097561
 40
0.1097560975609756
 40
0.1097560975609756
 40
0.1097560975609756
 40
0.1219512195121951
 40
0.1219512195121951
 40
0.1219512195121951
 40
0.1341463414634146
 40
0.1341463414634146
 40
0.1341463414634146
 40
0.1463414634146342
 40
0.1463414634146342
 40
0.1463414634146342
 40
0.1585365853658537
 40
0.1585365853658537
 40
0.1585365853658537
 40
0.1707317073170732
 40
0.1707317073170732
 40
0.1707317073170732
 40
0.1829268292682927
 40
0.1829268292682927
 40
0.1829268292682927
 40
0.1951219512195122
 40
0.1951219512195122
 40
0.1951219512195122
 40
0.2073170731707317
 40
0.2073170731707317
 40
0.2073170731707317
 40
0.2195121951219512
 40
0.2195121951219512
 40
0.2195121951219512
 40
0.2317073170731707
 40
0.2317073170731707
 40
0.2317073170731707
 40
0.2439024390243902
 40
0.2439024390243902
 40
0.2439024390243902
 40
0.2560975609756098
 40
0.2560975609756098
 40
0.2560975609756098
 40
0.2682926829268293
 40
0.2682926829268293
 40
0.2682926829268293
 40
0.2804878048780488
 40
0.2804878048780488
 40
0.2804878048780488
 40
0.2926829268292683
 40
0.2926829268292683
 40
0.2926829268292683
 40
0.3048780487804878
 40
0.3048780487804878
 40
0.3048780487804878
 40
0.3170731707317073
 40
0.3170731707317073
 40
0.3170731707317073
 40
0.3292682926829268
 40
0.3292682926829268
 40
0.3292682926829268
 40
0.3414634146341464
 40
0.3414634146341464
 40
0.3414634146341464
 40
0.3536585365853659
 40
0.3536585365853659
 40
0.3536585365853659
 40
0.3658536585365854
 40
0.3658536585365854
 40
0.3658536585365854
 40
0.3780487804878049
 40
0.3780487804878049
 40
0.3780487804878049
 40
0.3902439024390244
 40
0.3902439024390244
 40
0.3902439024390244
 40
0.4024390243902439
 40
0.4024390243902439
 40
0.4024390243902439
 40
0.4146341463414634
 40
0.4146341463414634
 40
0.4146341463414634
 40
0.4268292682926829
 40
0.4268292682926829
 40
0.4268292682926829
 40
0.4390243902439024
 40
0.4390243902439024
 40
0.4390243902439024
 40
0.451219512195122
 40
0.451219512195122
 40
0.451219512195122
 40
0.4634146341463415
 40
0.4634146341463415
 40
0.4634146341463415
 40
0.475609756097561
 40
0.475609756097561
 40
0.475609756097561
 40
0.4878048780487805
 40
0.4878048780487805
 40
0.4878048780487805
 40
0.5
 40
0.5
 40
0.5
 40
0.5121951219512195
 40
0.5121951219512195
 40
0.5121951219512195
 40
0.524390243902439
 40
0.524390243902439
 40
0.524390243902439
 40
0.5365853658536586
 40
0.5365853658536586
 40
0.5365853658536586
 40
0.5487804878048781
 40
0.5487804878048781
 40
0.5487804878048781
 40
0.5609756097560976
 40
0.5609756097560976
 40
0.5609756097560976
 40
0.5731707317073171
 40
0.5731707317073171
 40
0.5731707317073171
 40
0.5853658536585367
 40
0.5853658536585367
 40
0.5853658536585367
 40
0.5975609756097561
 40
0.5975609756097561
 40
0.5975609756097561
 40
0.6097560975609756
 40
0.6097560975609756
 40
0.6097560975609756
 40
0.6219512195121951
 40
0.6219512195121951
 40
0.6219512195121951
 40
0.6341463414634146
 40
0.6341463414634146
 40
0.6341463414634146
 40
0.6463414634146342
 40
0.6463414634146342
 40
0.6463414634146342
 40
0.6585365853658537
 40
0.6585365853658537
 40
0.6585365853658537
 40
0.6707317073170732
 40
0.6707317073170732
 40
0.6707317073170732
 40
0.6829268292682927
 40
0.6829268292682927
 40
0.6829268292682927
 40
0.6951219512195123
 40
0.6951219512195123
 40
0.6951219512195123
 40
0.7073170731707318
 40
0.7073170731707318
 40
0.7073170731707318
 40
0.7195121951219512
 40
0.7195121951219512
 40
0.7195121951219512
 40
0.7317073170731707
 40
0.7317073170731707
 40
0.7317073170731707
 40
0.7439024390243902
 40
0.7439024390243902
 40
0.7439024390243902
 40
0.7560975609756098
 40
0.7560975609756098
 40
0.7560975609756098
 40
0.7682926829268293
 40
0.7682926829268293
 40
0.7682926829268293
 40
0.7804878048780488
 40
0.7804878048780488
 40
0.7804878048780488
 40
0.7926829268292683
 40
0.7926829268292683
 40
0.7926829268292683
 40
0.8048780487804879
 40
0.8048780487804879
 40
0.8048780487804879
 40
0.8170731707317074
 40
0.8170731707317074
 40
0.8170731707317074
 40
0.8292682926829269
 40
0.8292682926829269
 40
0.8292682926829269
 40
0.8414634146341464
 40
0.8414634146341464
 40
0.8414634146341464
 40
0.8536585365853658
 40
0.8536585365853658
 40
0.8536585365853658
 40
0.8658536585365854
 40
0.8658536585365854
 40
0.8658536585365854
 40
0.8780487804878049
 40
0.8780487804878049
 40
0.8780487804878049
 40
0.8902439024390244
 40
0.8902439024390244
 40
0.8902439024390244
 40
0.9024390243902439
 40
0.9024390243902439
 40
0.9024390243902439
 40
0.9146341463414634
 40
0.9146341463414634
 40
0.9146341463414634
 40
0.926829268292683
 40
0.926829268292683
 40
0.926829268292683
 40
0.9390243902439025
 40
0.9390243902439025
 40
0.9390243902439025
 40
0.951219512195122
 40
0.951219512195122
 40
0.951219512195122
 40
0.9634146341463415
 40
0.9634146341463415
 40
0.9634146341463415
 40
0.975609756097561
 40
0.975609756097561
 40
0.975609756097561
 40
0.9878048780487805
 40
0.9878048780487805
 40
0.9878048780487805
 40
1.0
 40
1.0
 40
1.0
 40
1.0
 10
-194.9695
 20
30.5981
 30
0.0
 10
-193.8466
 20
30.6593
 30
0.0
 10
-192.7617
 20
31.0276
 30
0.0
 10
-191.8335
 20
31.6627
 30
0.0
 10
-191.3504
 20
32.0009
 30
0.0
 10
-190.9329
 20
32.4243
 30
0.0
 10
-190.6015
 20
32.9122
 30
0.0
 10
-190.3233
 20
33.3315
 30
0.0
 10
-190.1356
 20
33.8046
 30
0.0
 10
-190.0509
 20
34.3008
 30
0.0
 10
-190.0037
 20
34.6944
 30
0.0
 10
-189.9809
 20
35.0903
 30
0.0
 10
-189.9827
 20
35.4869
 30
0.0
 10
-189.9977
 20
35.8669
 30
0.0
 10
-190.0712
 20
36.2424
 30
0.0
 10
-190.2007
 20
36.6001
 30
0.0
 10
-190.3283
 20
36.9002
 30
0.0
 10
-190.4955
 20
37.182
 30
0.0
 10
-190.698
 20
37.4379
 30
0.0
 10
-190.9931
 20
37.8189
 30
0.0
 10
-191.3424
 20
38.1547
 30
0.0
 10
-191.7352
 20
38.4343
 30
0.0
 10
-192.0704
 20
38.6698
 30
0.0
 10
-192.4229
 20
38.8797
 30
0.0
 10
-192.79
 20
39.0618
 30
0.0
 10
-192.79
 20
39.0618
 30
0.0
 10
-194.2934
 20
39.8023
 30
0.0
 10
-194.2934
 20
39.8023
 30
0.0
 10
-194.2934
 20
39.8023
 30
0.0
 10
-194.6806
 20
39.9542
 30
0.0
 10
-194.6806
 20
39.9542
 30
0.0
 10
-194.9652
 20
40.0706
 30
0.0
 10
-195.2428
 20
40.2029
 30
0.0
 10
-195.5126
 20
40.3502
 30
0.0
 10
-195.6925
 20
40.4444
 30
0.0
 10
-195.8617
 20
40.5576
 30
0.0
 10
-196.0176
 20
40.6877
 30
0.0
 10
-196.1439
 20
40.7928
 30
0.0
 10
-196.2519
 20
40.9179
 30
0.0
 10
-196.3368
 20
41.0586
 30
0.0
 10
-196.4203
 20
41.2037
 30
0.0
 10
-196.4807
 20
41.3609
 30
0.0
 10
-196.5158
 20
41.5247
 30
0.0
 10
-196.5568
 20
41.7256
 30
0.0
 10
-196.5453
 20
41.9337
 30
0.0
 10
-196.4827
 20
42.129
 30
0.0
 10
-196.442
 20
42.2657
 30
0.0
 10
-196.3916
 20
42.3992
 30
0.0
 10
-196.3318
 20
42.5289
 30
0.0
 10
-196.2798
 20
42.6529
 30
0.0
 10
-196.2015
 20
42.7641
 30
0.0
 10
-196.1023
 20
42.8547
 30
0.0
 10
-195.7234
 20
43.2471
 30
0.0
 10
-195.2129
 20
43.4855
 30
0.0
 10
-194.669
 20
43.5243
 30
0.0
 10
-194.2057
 20
43.5576
 30
0.0
 10
-193.7402
 20
43.5221
 30
0.0
 10
-193.2872
 20
43.4191
 30
0.0
 10
-193.1236
 20
43.3842
 30
0.0
 10
-192.9616
 20
43.3416
 30
0.0
 10
-192.8018
 20
43.2918
 30
0.0
 10
-192.5879
 20
43.2075
 30
0.0
 10
-192.3898
 20
43.0885
 30
0.0
 10
-192.2149
 20
42.9394
 30
0.0
 10
-191.9915
 20
42.7575
 30
0.0
 10
-191.792
 20
42.548
 30
0.0
 10
-191.6214
 20
42.3157
 30
0.0
 10
-191.5315
 20
42.1887
 30
0.0
 10
-191.4598
 20
42.0498
 30
0.0
 10
-191.4082
 20
41.9032
 30
0.0
 10
-191.3767
 20
41.8135
 30
0.0
 10
-191.3554
 20
41.7204
 30
0.0
 10
-191.345
 20
41.6258
 30
0.0
 10
-191.345
 20
41.6258
 30
0.0
 10
-191.3295
 20
41.3408
 30
0.0
 10
-191.3295
 20
41.3408
 30
0.0
 10
-191.3183
 20
41.2117
 30
0.0
 10
-191.2812
 20
41.0863
 30
0.0
 10
-191.2205
 20
40.9719
 30
0.0
 10
-191.1623
 20
40.8657
 30
0.0
 10
-191.0804
 20
40.774
 30
0.0
 10
-190.9811
 20
40.7043
 30
0.0
 10
-190.8121
 20
40.5879
 30
0.0
 10
-190.6168
 20
40.5152
 30
0.0
 10
-190.4128
 20
40.4932
 30
0.0
 10
-190.3006
 20
40.4825
 30
0.0
 10
-190.1872
 20
40.4917
 30
0.0
 10
-190.0782
 20
40.5206
 30
0.0
 10
-190.0782
 20
40.5206
 30
0.0
 10
-189.8873
 20
40.5769
 30
0.0
 10
-189.8873
 20
40.5769
 30
0.0
 10
-189.7442
 20
40.6337
 30
0.0
 10
-189.6192
 20
40.7282
 30
0.0
 10
-189.5254
 20
40.8504
 30
0.0
 10
-189.3709
 20
41.0423
 30
0.0
 10
-189.2705
 20
41.272
 30
0.0
 10
-189.2344
 20
41.516
 30
0.0
 10
-189.2023
 20
41.7232
 30
0.0
 10
-189.1962
 20
41.9337
 30
0.0
 10
-189.2159
 20
42.1425
 30
0.0
 10
-189.2829
 20
42.5156
 30
0.0
 10
-189.4086
 20
42.8757
 30
0.0
 10
-189.5886
 20
43.2091
 30
0.0
 10
-189.8044
 20
43.612
 30
0.0
 10
-190.0648
 20
43.9894
 30
0.0
 10
-190.3652
 20
44.3338
 30
0.0
 10
-190.8592
 20
44.8936
 30
0.0
 10
-191.4781
 20
45.329
 30
0.0
 10
-192.172
 20
45.6046
 30
0.0
 10
-192.8869
 20
45.8344
 30
0.0
 10
-193.6332
 20
45.95
 30
0.0
 10
-194.3839
 20
45.9472
 30
0.0
 10
-194.7852
 20
45.9524
 30
0.0
 10
-195.1864
 20
45.9225
 30
0.0
 10
-195.5827
 20
45.8577
 30
0.0
 10
-196.172
 20
45.7453
 30
0.0
 10
-196.7266
 20
45.496
 30
0.0
 10
-197.2019
 20
45.1297
 30
0.0
 10
-197.4277
 20
44.9577
 30
0.0
 10
-197.6371
 20
44.7652
 30
0.0
 10
-197.8274
 20
44.5548
 30
0.0
 10
-197.8274
 20
44.5548
 30
0.0
 10
-198.0309
 20
44.3212
 30
0.0
 10
-198.0309
 20
44.3212
 30
0.0
 10
-198.1552
 20
44.163
 30
0.0
 10
-198.2625
 20
43.992
 30
0.0
 10
-198.3509
 20
43.8113
 30
0.0
 10
-198.5711
 20
43.3549
 30
0.0
 10
-198.7423
 20
42.8765
 30
0.0
 10
-198.8619
 20
42.3838
 30
0.0
 10
-198.9071
 20
42.1879
 30
0.0
 10
-198.9406
 20
41.9893
 30
0.0
 10
-198.9621
 20
41.7894
 30
0.0
 10
-198.9825
 20
41.5935
 30
0.0
 10
-198.9906
 20
41.3966
 30
0.0
 10
-198.9864
 20
41.1997
 30
0.0
 10
-198.9785
 20
40.9044
 30
0.0
 10
-198.942
 20
40.6102
 30
0.0
 10
-198.8774
 20
40.3219
 30
0.0
 10
-198.7706
 20
39.8733
 30
0.0
 10
-198.5331
 20
39.4664
 30
0.0
 10
-198.1953
 20
39.1523
 30
0.0
 10
-197.9378
 20
38.8996
 30
0.0
 10
-197.6527
 20
38.677
 30
0.0
 10
-197.3448
 20
38.4887
 30
0.0
 10
-196.9807
 20
38.2653
 30
0.0
 10
-196.5959
 20
38.0774
 30
0.0
 10
-196.1957
 20
37.9273
 30
0.0
 10
-195.8085
 20
37.7796
 30
0.0
 10
-195.4157
 20
37.6473
 30
0.0
 10
-195.0184
 20
37.5303
 30
0.0
 10
-195.0184
 20
37.5303
 30
0.0
 10
-194.0325
 20
37.1332
 30
0.0
 10
-194.0325
 20
37.1332
 30
0.0
 10
-193.7035
 20
37.0012
 30
0.0
 10
-193.3932
 20
36.8261
 30
0.0
 10
-193.11
 20
36.6126
 30
0.0
 10
-193.0066
 20
36.5357
 30
0.0
 10
-192.9112
 20
36.4486
 30
0.0
 10
-192.8251
 20
36.3528
 30
0.0
 10
-192.7005
 20
36.2041
 30
0.0
 10
-192.6122
 20
36.0286
 30
0.0
 10
-192.5672
 20
35.84
 30
0.0
 10
-192.5339
 20
35.7115
 30
0.0
 10
-192.5124
 20
35.5804
 30
0.0
 10
-192.503
 20
35.4478
 30
0.0
 10
-192.4921
 20
35.2938
 30
0.0
 10
-192.4911
 20
35.139
 30
0.0
 10
-192.5
 20
34.9847
 30
0.0
 10
-192.5447
 20
34.5013
 30
0.0
 10
-192.7691
 20
34.0519
 30
0.0
 10
-193.1286
 20
33.7257
 30
0.0
 10
-193.5893
 20
33.3114
 30
0.0
 10
-194.1607
 20
33.0405
 30
0.0
 10
-194.773
 20
32.9463
 30
0.0
 10
-194.9803
 20
32.917
 30
0.0
 10
-195.1903
 20
32.9122
 30
0.0
 10
-195.3988
 20
32.9315
 30
0.0
 10
-195.3988
 20
32.9315
 30
0.0
 10
-195.7306
 20
32.9726
 30
0.0
 10
-195.7306
 20
32.9726
 30
0.0
 10
-195.9813
 20
33.0126
 30
0.0
 10
-196.2272
 20
33.0788
 30
0.0
 10
-196.4641
 20
33.1701
 30
0.0
 10
-196.6812
 20
33.2617
 30
0.0
 10
-196.8796
 20
33.3919
 30
0.0
 10
-197.05
 20
33.5543
 30
0.0
 10
-197.05
 20
33.5543
 30
0.0
 10
-197.2272
 20
33.7294
 30
0.0
 10
-197.2272
 20
33.7294
 30
0.0
 10
-197.4133
 20
33.9303
 30
0.0
 10
-197.5672
 20
34.1589
 30
0.0
 10
-197.6835
 20
34.4068
 30
0.0
 10
-197.8091
 20
34.6597
 30
0.0
 10
-197.8972
 20
34.9293
 30
0.0
 10
-197.9452
 20
35.2075
 30
0.0
 10
-197.9954
 20
35.4819
 30
0.0
 10
-198.0233
 20
35.7597
 30
0.0
 10
-198.0289
 20
36.0385
 30
0.0
 10
-198.0289
 20
36.0385
 30
0.0
 10
-198.0444
 20
36.1758
 30
0.0
 10
-198.0444
 20
36.1758
 30
0.0
 10
-198.0692
 20
36.3432
 30
0.0
 10
-198.125
 20
36.5046
 30
0.0
 10
-198.2089
 20
36.6515
 30
0.0
 10
-198.2918
 20
36.7928
 30
0.0
 10
-198.4032
 20
36.915
 30
0.0
 10
-198.5359
 20
37.0106
 30
0.0
 10
-198.6351
 20
37.079
 30
0.0
 10
-198.7485
 20
37.1238
 30
0.0
 10
-198.8677
 20
37.1419
 30
0.0
 10
-198.9998
 20
37.1605
 30
0.0
 10
-199.1341
 20
37.1559
 30
0.0
 10
-199.2646
 20
37.1284
 30
0.0
 10
-199.2646
 20
37.1284
 30
0.0
 10
-199.5606
 20
37.0564
 30
0.0
 10
-199.5606
 20
37.0564
 30
0.0
 10
-199.6473
 20
37.0323
 30
0.0
 10
-199.7308
 20
36.9985
 30
0.0
 10
-199.8097
 20
36.9552
 30
0.0
 10
-199.8778
 20
36.9179
 30
0.0
 10
-199.9394
 20
36.8699
 30
0.0
 10
-199.9926
 20
36.8131
 30
0.0
 10
-200.0422
 20
36.7595
 30
0.0
 10
-200.0821
 20
36.6975
 30
0.0
 10
-200.1102
 20
36.6302
 30
0.0
 10
-200.1102
 20
36.6302
 30
0.0
 10
-200.1433
 20
36.5242
 30
0.0
 10
-200.1433
 20
36.5242
 30
0.0
 10
-200.2102
 20
36.2486
 30
0.0
 10
-200.2449
 20
35.966
 30
0.0
 10
-200.2465
 20
35.6824
 30
0.0
 10
-200.2216
 20
35.1501
 30
0.0
 10
-200.1387
 20
34.6222
 30
0.0
 10
-199.9994
 20
34.1081
 30
0.0
 10
-199.8733
 20
33.6459
 30
0.0
 10
-199.6857
 20
33.2027
 30
0.0
 10
-199.4418
 20
32.7904
 30
0.0
 10
-199.0957
 20
32.2073
 30
0.0
 10
-198.6236
 20
31.7091
 30
0.0
 10
-198.06
 20
31.3319
 30
0.0
 10
-197.5618
 20
31.0067
 30
0.0
 10
-197.002
 20
30.7867
 30
0.0
 10
-196.4155
 20
30.6858
 30
0.0
 10
-195.938
 20
30.6057
 30
0.0
 10
-195.4534
 20
30.5764
 30
0.0
 10
-194.9695
 20
30.5981
 30
0.0
  0
SPLINE
  5
76
330
1F
100
AcDbEntity
  8
#Layer 1
370
     9
100
AcDbSpline
210
0.0
220
0.0
230
1.0
 70
    11
 71
     3
 72
    65
 73
    61
 74
     0
 42
0.0000000001
 43
0.0000000001
 40
0.0
 40
0.0
 40
0.0
 40
0.0
 40
0.05
 40
0.05
 40
0.05
 40
0.1
 40
0.1
 40
0.1
 40
0.15
 40
0.15
 40
0.15
 40
0.2
 40
0.2
 40
0.2
 40
0.25
 40
0.25
 40
0.25
 40
0.3
 40
0.3
 40
0.3
 40
0.35
 40
0.35
 40
0.35
 40
0.4
 40
0.4
 40
0.4
 40
0.45
 40
0.45
 40
0.45
 40
0.5
 40
0.5
 40
0.5
 40
0.55
 40
0.55
 40
0.55
 40
0.6000000000000001
 40
0.6000000000000001
 40
0.6000000000000001
 40
0.65
 40
0.65
 40
0.65
 40
0.7000000000000001
 40
0.7000000000000001
 40
0.7000000000000001
 40
0.75
 40
0.75
 40
0.75
 40
0.8
 40
0.8
 40
0.8
 40
0.8500000000000001
 40
0.8500000000000001
 40
0.8500000000000001
 40
0.9
 40
0.9
 40
0.9
 40
0.9500000000000001
 40
0.9500000000000001
 40
0.9500000000000001
 40
1.0
 40
1.0
 40
1.0
 40
1.0
 10
-204.5201
 20
30.7044
 30
0.0
 10
-204.4715
 20
30.7081
 30
0.0
 10
-204.423
 20
30.7153
 30
0.0
 10
-204.3752
 20
30.7257
 30
0.0
 10
-204.2174
 20
30.7639
 30
0.0
 10
-204.0631
 20
30.8154
 30
0.0
 10
-203.9139
 20
30.8795
 30
0.0
 10
-203.9139
 20
30.8795
 30
0.0
 10
-203.8146
 20
30.9309
 30
0.0
 10
-203.8146
 20
30.9309
 30
0.0
 10
-203.7523
 20
30.9714
 30
0.0
 10
-203.6973
 20
31.0226
 30
0.0
 10
-203.6522
 20
31.0818
 30
0.0
 10
-203.6522
 20
31.0818
 30
0.0
 10
-203.5888
 20
31.18
 30
0.0
 10
-203.5888
 20
31.18
 30
0.0
 10
-203.5496
 20
31.2572
 30
0.0
 10
-203.5203
 20
31.3389
 30
0.0
 10
-203.5014
 20
31.4234
 30
0.0
 10
-203.4794
 20
31.5236
 30
0.0
 10
-203.4663
 20
31.6254
 30
0.0
 10
-203.4625
 20
31.7279
 30
0.0
 10
-203.4625
 20
31.7279
 30
0.0
 10
-203.4625
 20
49.4366
 30
0.0
 10
-203.4625
 20
49.4366
 30
0.0
 10
-203.4657
 20
49.5881
 30
0.0
 10
-203.4882
 20
49.7385
 30
0.0
 10
-203.5297
 20
49.8842
 30
0.0
 10
-203.5615
 20
50.0047
 30
0.0
 10
-203.6154
 20
50.1185
 30
0.0
 10
-203.6881
 20
50.2198
 30
0.0
 10
-203.7796
 20
50.3358
 30
0.0
 10
-203.8937
 20
50.4314
 30
0.0
 10
-204.0239
 20
50.5012
 30
0.0
 10
-204.22
 20
50.6209
 30
0.0
 10
-204.4499
 20
50.6735
 30
0.0
 10
-204.6787
 20
50.651
 30
0.0
 10
-204.9408
 20
50.6355
 30
0.0
 10
-205.1907
 20
50.5362
 30
0.0
 10
-205.3919
 20
50.3678
 30
0.0
 10
-205.4792
 20
50.2931
 30
0.0
 10
-205.5492
 20
50.2004
 30
0.0
 10
-205.5974
 20
50.0962
 30
0.0
 10
-205.6502
 20
49.9745
 30
0.0
 10
-205.6841
 20
49.8451
 30
0.0
 10
-205.6976
 20
49.713
 30
0.0
 10
-205.6976
 20
49.713
 30
0.0
 10
-205.7082
 20
49.5611
 30
0.0
 10
-205.7082
 20
49.5611
 30
0.0
 10
-205.7082
 20
49.5611
 30
0.0
 10
-205.7072
 20
31.6384
 30
0.0
 10
-205.7072
 20
31.6384
 30
0.0
 10
-205.7008
 20
31.4206
 30
0.0
 10
-205.6088
 20
31.2139
 30
0.0
 10
-205.4513
 20
31.0633
 30
0.0
 10
-205.2674
 20
30.8879
 30
0.0
 10
-205.0372
 20
30.7683
 30
0.0
 10
-204.7877
 20
30.7189
 30
0.0
 10
-204.6996
 20
30.7024
 30
0.0
 10
-204.6096
 20
30.6974
 30
0.0
 10
-204.5201
 20
30.7044
 30
0.0
  0
ELLIPSE
  5
77
330
1F
100
AcDbEntity
  8
#Layer 1
 62
     1
370
     9
100
AcDbEllipse
 10
-15.489
 20
134.4023
 30
0.0
 11
4.0389
 21
0.0
 31
0.0
210
0.0
220
0.0
230
1.0
 40
0.9999752407833816
 41
0.0
 42
6.283185307179586
  0
SPLINE
  5
78
330
1F
100
AcDbEntity
  8
#Layer 1
 62
     1
370
     9
100
AcDbSpline
210
0.0
220
0.0
230
1.0
 70
    11
 71
     3
 72
   602
 73
   598
 74
     0
 42
0.0000000001
 43
0.0000000001
 40
0.0
 40
0.0
 40
0.0
 40
0.0
 40
0.0050251256281407
 40
0.0050251256281407
 40
0.0050251256281407
 40
0.0100502512562814
 40
0.0100502512562814
 40
0.0100502512562814
 40
0.0150753768844221
 40
0.0150753768844221
 40
0.0150753768844221
 40
0.0201005025125628
 40
0.0201005025125628
 40
0.0201005025125628
 40
0.0251256281407035
 40
0.0251256281407035
 40
0.0251256281407035
 40
0.0301507537688442
 40
0.0301507537688442
 40
0.0301507537688442
 40
0.0351758793969849
 40
0.0351758793969849
 40
0.0351758793969849
 40
0.0402010050251256
 40
0.0402010050251256
 40
0.0402010050251256
 40
0.0452261306532663
 40
0.0452261306532663
 40
0.0452261306532663
 40
0.050251256281407
 40
0.050251256281407
 40
0.050251256281407
 40
0.0552763819095477
 40
0.0552763819095477
 40
0.0552763819095477
 40
0.0603015075376884
 40
0.0603015075376884
 40
0.0603015075376884
 40
0.0653266331658292
 40
0.0653266331658292
 40
0.0653266331658292
 40
0.0703517587939698
 40
0.0703517587939698
 40
0.0703517587939698
 40
0.0753768844221106
 40
0.0753768844221106
 40
0.0753768844221106
 40
0.0804020100502513
 40
0.0804020100502513
 40
0.0804020100502513
 40
0.085427135678392
 40
0.085427135678392
 40
0.085427135678392
 40
0.0904522613065327
 40
0.0904522613065327
 40
0.0904522613065327
 40
0.0954773869346734
 40
0.0954773869346734
 40
0.0954773869346734
 40
0.1005025125628141
 40
0.1005025125628141
 40
0.1005025125628141
 40
0.1055276381909548
 40
0.1055276381909548
 40
0.1055276381909548
 40
0.1105527638190955
 40
0.1105527638190955
 40
0.1105527638190955
 40
0.1155778894472362
 40
0.1155778894472362
 40
0.1155778894472362
 40
0.1206030150753769
 40
0.1206030150753769
 40
0.1206030150753769
 40
0.1256281407035176
 40
0.1256281407035176
 40
0.1256281407035176
 40
0.1306532663316583
 40
0.1306532663316583
 40
0.1306532663316583
 40
0.135678391959799
 40
0.135678391959799
 40
0.135678391959799
 40
0.1407035175879397
 40
0.1407035175879397
 40
0.1407035175879397
 40
0.1457286432160804
 40
0.1457286432160804
 40
0.1457286432160804
 40
0.1507537688442211
 40
0.1507537688442211
 40
0.1507537688442211
 40
0.1557788944723618
 40
0.1557788944723618
 40
0.1557788944723618
 40
0.1608040201005025
 40
0.1608040201005025
 40
0.1608040201005025
 40
0.1658291457286432
 40
0.1658291457286432
 40
0.1658291457286432
 40
0.1708542713567839
 40
0.1708542713567839
 40
0.1708542713567839
 40
0.1758793969849246
 40
0.1758793969849246
 40
0.1758793969849246
 40
0.1809045226130653
 40
0.1809045226130653
 40
0.1809045226130653
 40
0.185929648241206
 40
0.185929648241206
 40
0.185929648241206
 40
0.1909547738693467
 40
0.1909547738693467
 40
0.1909547738693467
 40
0.1959798994974875
 40
0.1959798994974875
 40
0.1959798994974875
 40
0.2010050251256282
 40
0.2010050251256282
 40
0.2010050251256282
 40
0.2060301507537688
 40
0.2060301507537688
 40
0.2060301507537688
 40
0.2110552763819095
 40
0.2110552763819095
 40
0.2110552763819095
 40
0.2160804020100502
 40
0.2160804020100502
 40
0.2160804020100502
 40
0.221105527638191
 40
0.221105527638191
 40
0.221105527638191
 40
0.2261306532663317
 40
0.2261306532663317
 40
0.2261306532663317
 40
0.2311557788944724
 40
0.2311557788944724
 40
0.2311557788944724
 40
0.2361809045226131
 40
0.2361809045226131
 40
0.2361809045226131
 40
0.2412060301507538
 40
0.2412060301507538
 40
0.2412060301507538
 40
0.2462311557788945
 40
0.2462311557788945
 40
0.2462311557788945
 40
0.2512562814070352
 40
0.2512562814070352
 40
0.2512562814070352
 40
0.2562814070351759
 40
0.2562814070351759
 40
0.2562814070351759
 40
0.2613065326633166
 40
0.2613065326633166
 40
0.2613065326633166
 40
0.2663316582914573
 40
0.2663316582914573
 40
0.2663316582914573
 40
0.271356783919598
 40
0.271356783919598
 40
0.271356783919598
 40
0.2763819095477387
 40
0.2763819095477387
 40
0.2763819095477387
 40
0.2814070351758794
 40
0.2814070351758794
 40
0.2814070351758794
 40
0.2864321608040201
 40
0.2864321608040201
 40
0.2864321608040201
 40
0.2914572864321608
 40
0.2914572864321608
 40
0.2914572864321608
 40
0.2964824120603015
 40
0.2964824120603015
 40
0.2964824120603015
 40
0.3015075376884422
 40
0.3015075376884422
 40
0.3015075376884422
 40
0.3065326633165829
 40
0.3065326633165829
 40
0.3065326633165829
 40
0.3115577889447236
 40
0.3115577889447236
 40
0.3115577889447236
 40
0.3165829145728643
 40
0.3165829145728643
 40
0.3165829145728643
 40
0.321608040201005
 40
0.321608040201005
 40
0.321608040201005
 40
0.3266331658291458
 40
0.3266331658291458
 40
0.3266331658291458
 40
0.3316582914572864
 40
0.3316582914572864
 40
0.3316582914572864
 40
0.3366834170854272
 40
0.3366834170854272
 40
0.3366834170854272
 40
0.3417085427135678
 40
0.3417085427135678
 40
0.3417085427135678
 40
0.3467336683417085
 40
0.3467336683417085
 40
0.3467336683417085
 40
0.3517587939698493
 40
0.3517587939698493
 40
0.3517587939698493
 40
0.3567839195979899
 40
0.3567839195979899
 40
0.3567839195979899
 40
0.3618090452261307
 40
0.3618090452261307
 40
0.3618090452261307
 40
0.3668341708542713
 40
0.3668341708542713
 40
0.3668341708542713
 40
0.3718592964824121
 40
0.3718592964824121
 40
0.3718592964824121
 40
0.3768844221105528
 40
0.3768844221105528
 40
0.3768844221105528
 40
0.3819095477386935
 40
0.3819095477386935
 40
0.3819095477386935
 40
0.3869346733668342
 40
0.3869346733668342
 40
0.3869346733668342
 40
0.3919597989949749
 40
0.3919597989949749
 40
0.3919597989949749
 40
0.3969849246231156
 40
0.3969849246231156
 40
0.3969849246231156
 40
0.4020100502512563
 40
0.4020100502512563
 40
0.4020100502512563
 40
0.407035175879397
 40
0.407035175879397
 40
0.407035175879397
 40
0.4120603015075377
 40
0.4120603015075377
 40
0.4120603015075377
 40
0.4170854271356784
 40
0.4170854271356784
 40
0.4170854271356784
 40
0.4221105527638191
 40
0.4221105527638191
 40
0.4221105527638191
 40
0.4271356783919598
 40
0.4271356783919598
 40
0.4271356783919598
 40
0.4321608040201005
 40
0.4321608040201005
 40
0.4321608040201005
 40
0.4371859296482412
 40
0.4371859296482412
 40
0.4371859296482412
 40
0.4422110552763819
 40
0.4422110552763819
 40
0.4422110552763819
 40
0.4472361809045226
 40
0.4472361809045226
 40
0.4472361809045226
 40
0.4522613065326633
 40
0.4522613065326633
 40
0.4522613065326633
 40
0.457286432160804
 40
0.457286432160804
 40
0.457286432160804
 40
0.4623115577889447
 40
0.4623115577889447
 40
0.4623115577889447
 40
0.4673366834170855
 40
0.4673366834170855
 40
0.4673366834170855
 40
0.4723618090452261
 40
0.4723618090452261
 40
0.4723618090452261
 40
0.4773869346733668
 40
0.4773869346733668
 40
0.4773869346733668
 40
0.4824120603015075
 40
0.4824120603015075
 40
0.4824120603015075
 40
0.4874371859296482
 40
0.4874371859296482
 40
0.4874371859296482
 40
0.492462311557789
 40
0.492462311557789
 40
0.492462311557789
 40
0.4974874371859296
 40
0.4974874371859296
 40
0.4974874371859296
 40
0.5025125628140703
 40
0.5025125628140703
 40
0.5025125628140703
 40
0.507537688442211
 40
0.507537688442211
 40
0.507537688442211
 40
0.5125628140703518
 40
0.5125628140703518
 40
0.5125628140703518
 40
0.5175879396984925
 40
0.5175879396984925
 40
0.5175879396984925
 40
0.5226130653266332
 40
0.5226130653266332
 40
0.5226130653266332
 40
0.5276381909547738
 40
0.5276381909547738
 40
0.5276381909547738
 40
0.5326633165829145
 40
0.5326633165829145
 40
0.5326633165829145
 40
0.5376884422110553
 40
0.5376884422110553
 40
0.5376884422110553
 40
0.542713567839196
 40
0.542713567839196
 40
0.542713567839196
 40
0.5477386934673367
 40
0.5477386934673367
 40
0.5477386934673367
 40
0.5527638190954774
 40
0.5527638190954774
 40
0.5527638190954774
 40
0.5577889447236181
 40
0.5577889447236181
 40
0.5577889447236181
 40
0.5628140703517588
 40
0.5628140703517588
 40
0.5628140703517588
 40
0.5678391959798995
 40
0.5678391959798995
 40
0.5678391959798995
 40
0.5728643216080402
 40
0.5728643216080402
 40
0.5728643216080402
 40
0.577889447236181
 40
0.577889447236181
 40
0.577889447236181
 40
0.5829145728643216
 40
0.5829145728643216
 40
0.5829145728643216
 40
0.5879396984924623
 40
0.5879396984924623
 40
0.5879396984924623
 40
0.592964824120603
 40
0.592964824120603
 40
0.592964824120603
 40
0.5979899497487438
 40
0.5979899497487438
 40
0.5979899497487438
 40
0.6030150753768845
 40
0.6030150753768845
 40
0.6030150753768845
 40
0.6080402010050251
 40
0.6080402010050251
 40
0.6080402010050251
 40
0.6130653266331658
 40
0.6130653266331658
 40
0.6130653266331658
 40
0.6180904522613065
 40
0.6180904522613065
 40
0.6180904522613065
 40
0.6231155778894473
 40
0.6231155778894473
 40
0.6231155778894473
 40
0.628140703517588
 40
0.628140703517588
 40
0.628140703517588
 40
0.6331658291457286
 40
0.6331658291457286
 40
0.6331658291457286
 40
0.6381909547738693
 40
0.6381909547738693
 40
0.6381909547738693
 40
0.6432160804020101
 40
0.6432160804020101
 40
0.6432160804020101
 40
0.6482412060301508
 40
0.6482412060301508
 40
0.6482412060301508
 40
0.6532663316582915
 40
0.6532663316582915
 40
0.6532663316582915
 40
0.6582914572864321
 40
0.6582914572864321
 40
0.6582914572864321
 40
0.6633165829145728
 40
0.6633165829145728
 40
0.6633165829145728
 40
0.6683417085427136
 40
0.6683417085427136
 40
0.6683417085427136
 40
0.6733668341708543
 40
0.6733668341708543
 40
0.6733668341708543
 40
0.678391959798995
 40
0.678391959798995
 40
0.678391959798995
 40
0.6834170854271356
 40
0.6834170854271356
 40
0.6834170854271356
 40
0.6884422110552764
 40
0.6884422110552764
 40
0.6884422110552764
 40
0.6934673366834171
 40
0.6934673366834171
 40
0.6934673366834171
 40
0.6984924623115578
 40
0.6984924623115578
 40
0.6984924623115578
 40
0.7035175879396985
 40
0.7035175879396985
 40
0.7035175879396985
 40
0.7085427135678392
 40
0.7085427135678392
 40
0.7085427135678392
 40
0.7135678391959799
 40
0.7135678391959799
 40
0.7135678391959799
 40
0.7185929648241206
 40
0.7185929648241206
 40
0.7185929648241206
 40
0.7236180904522613
 40
0.7236180904522613
 40
0.7236180904522613
 40
0.7286432160804021
 40
0.7286432160804021
 40
0.7286432160804021
 40
0.7336683417085427
 40
0.7336683417085427
 40
0.7336683417085427
 40
0.7386934673366834
 40
0.7386934673366834
 40
0.7386934673366834
 40
0.7437185929648241
 40
0.7437185929648241
 40
0.7437185929648241
 40
0.7487437185929648
 40
0.7487437185929648
 40
0.7487437185929648
 40
0.7537688442211056
 40
0.7537688442211056
 40
0.7537688442211056
 40
0.7587939698492463
 40
0.7587939698492463
 40
0.7587939698492463
 40
0.7638190954773869
 40
0.7638190954773869
 40
0.7638190954773869
 40
0.7688442211055276
 40
0.7688442211055276
 40
0.7688442211055276
 40
0.7738693467336684
 40
0.7738693467336684
 40
0.7738693467336684
 40
0.7788944723618091
 40
0.7788944723618091
 40
0.7788944723618091
 40
0.7839195979899498
 40
0.7839195979899498
 40
0.7839195979899498
 40
0.7889447236180904
 40
0.7889447236180904
 40
0.7889447236180904
 40
0.7939698492462312
 40
0.7939698492462312
 40
0.7939698492462312
 40
0.7989949748743719
 40
0.7989949748743719
 40
0.7989949748743719
 40
0.8040201005025126
 40
0.8040201005025126
 40
0.8040201005025126
 40
0.8090452261306533
 40
0.8090452261306533
 40
0.8090452261306533
 40
0.8140703517587939
 40
0.8140703517587939
 40
0.8140703517587939
 40
0.8190954773869347
 40
0.8190954773869347
 40
0.8190954773869347
 40
0.8241206030150754
 40
0.8241206030150754
 40
0.8241206030150754
 40
0.8291457286432161
 40
0.8291457286432161
 40
0.8291457286432161
 40
0.8341708542713568
 40
0.8341708542713568
 40
0.8341708542713568
 40
0.8391959798994975
 40
0.8391959798994975
 40
0.8391959798994975
 40
0.8442211055276382
 40
0.8442211055276382
 40
0.8442211055276382
 40
0.8492462311557789
 40
0.8492462311557789
 40
0.8492462311557789
 40
0.8542713567839196
 40
0.8542713567839196
 40
0.8542713567839196
 40
0.8592964824120604
 40
0.8592964824120604
 40
0.8592964824120604
 40
0.864321608040201
 40
0.864321608040201
 40
0.864321608040201
 40
0.8693467336683417
 40
0.8693467336683417
 40
0.8693467336683417
 40
0.8743718592964824
 40
0.8743718592964824
 40
0.8743718592964824
 40
0.8793969849246231
 40
0.8793969849246231
 40
0.8793969849246231
 40
0.8844221105527639
 40
0.8844221105527639
 40
0.8844221105527639
 40
0.8894472361809045
 40
0.8894472361809045
 40
0.8894472361809045
 40
0.8944723618090452
 40
0.8944723618090452
 40
0.8944723618090452
 40
0.8994974874371859
 40
0.8994974874371859
 40
0.8994974874371859
 40
0.9045226130653267
 40
0.9045226130653267
 40
0.9045226130653267
 40
0.9095477386934674
 40
0.9095477386934674
 40
0.9095477386934674
 40
0.914572864321608
 40
0.914572864321608
 40
0.914572864321608
 40
0.9195979899497487
 40
0.9195979899497487
 40
0.9195979899497487
 40
0.9246231155778895
 40
0.9246231155778895
 40
0.9246231155778895
 40
0.9296482412060302
 40
0.9296482412060302
 40
0.9296482412060302
 40
0.9346733668341709
 40
0.9346733668341709
 40
0.9346733668341709
 40
0.9396984924623115
 40
0.9396984924623115
 40
0.9396984924623115
 40
0.9447236180904522
 40
0.9447236180904522
 40
0.9447236180904522
 40
0.949748743718593
 40
0.949748743718593
 40
0.949748743718593
 40
0.9547738693467337
 40
0.9547738693467337
 40
0.9547738693467337
 40
0.9597989949748744
 40
0.9597989949748744
 40
0.9597989949748744
 40
0.964824120603015
 40
0.964824120603015
 40
0.964824120603015
 40
0.9698492462311558
 40
0.9698492462311558
 40
0.9698492462311558
 40
0.9748743718592965
 40
0.9748743718592965
 40
0.9748743718592965
 40
0.9798994974874372
 40
0.9798994974874372
 40
0.9798994974874372
 40
0.9849246231155779
 40
0.9849246231155779
 40
0.9849246231155779
 40
0.9899497487437187
 40
0.9899497487437187
 40
0.9899497487437187
 40
0.9949748743718593
 40
0.9949748743718593
 40
0.9949748743718593
 40
1.0
 40
1.0
 40
1.0
 40
1.0
 10
-8.3555
 20
128.5413
 30
0.0
 10
-8.3555
 20
128.5413
 30
0.0
 10
-8.479
 20
128.3918
 30
0.0
 10
-8.479
 20
128.3918
 30
0.0
 10
-8.7867
 20
128.034
 30
0.0
 10
-9.1206
 20
127.6999
 30
0.0
 10
-9.4783
 20
127.3924
 30
0.0
 10
-9.4783
 20
127.3924
 30
0.0
 10
-9.7608
 20
127.1591
 30
0.0
 10
-9.7608
 20
127.1591
 30
0.0
 10
-9.8958
 20
127.0527
 30
0.0
 10
-10.0339
 20
126.9498
 30
0.0
 10
-10.1744
 20
126.8505
 30
0.0
 10
-10.1744
 20
126.8505
 30
0.0
 10
-10.4756
 20
126.6475
 30
0.0
 10
-10.4756
 20
126.6475
 30
0.0
 10
-10.7412
 20
126.476
 30
0.0
 10
-11.0156
 20
126.3179
 30
0.0
 10
-11.2972
 20
126.1739
 30
0.0
 10
-11.2972
 20
126.1739
 30
0.0
 10
-11.6619
 20
125.9982
 30
0.0
 10
-11.6619
 20
125.9982
 30
0.0
 10
-11.817
 20
125.9278
 30
0.0
 10
-11.9739
 20
125.8616
 30
0.0
 10
-12.1322
 20
125.7993
 30
0.0
 10
-12.1322
 20
125.7993
 30
0.0
 10
-12.4796
 20
125.6717
 30
0.0
 10
-12.4796
 20
125.6717
 30
0.0
 10
-12.9428
 20
125.512
 30
0.0
 10
-13.4177
 20
125.3896
 30
0.0
 10
-13.9003
 20
125.3056
 30
0.0
 10
-13.9003
 20
125.3056
 30
0.0
 10
-14.2945
 20
125.2461
 30
0.0
 10
-14.2945
 20
125.2461
 30
0.0
 10
-14.4764
 20
125.2228
 30
0.0
 10
-14.6587
 20
125.2043
 30
0.0
 10
-14.8417
 20
125.1914
 30
0.0
 10
-14.8417
 20
125.1914
 30
0.0
 10
-15.1803
 20
125.1741
 30
0.0
 10
-15.1803
 20
125.1741
 30
0.0
 10
-15.1803
 20
125.1741
 30
0.0
 10
-15.3033
 20
125.1706
 30
0.0
 10
-15.3033
 20
125.1706
 30
0.0
 10
-15.3033
 20
125.1706
 30
0.0
 10
-15.6746
 20
125.1706
 30
0.0
 10
-15.6746
 20
125.1706
 30
0.0
 10
-16.0118
 20
125.1773
 30
0.0
 10
-16.3488
 20
125.2025
 30
0.0
 10
-16.6832
 20
125.2461
 30
0.0
 10
-16.6832
 20
125.2461
 30
0.0
 10
-17.0774
 20
125.3056
 30
0.0
 10
-17.0774
 20
125.3056
 30
0.0
 10
-17.56
 20
125.3899
 30
0.0
 10
-18.0349
 20
125.5122
 30
0.0
 10
-18.4981
 20
125.6717
 30
0.0
 10
-18.4981
 20
125.6717
 30
0.0
 10
-18.8455
 20
125.7993
 30
0.0
 10
-18.8455
 20
125.7993
 30
0.0
 10
-19.004
 20
125.8614
 30
0.0
 10
-19.161
 20
125.9276
 30
0.0
 10
-19.3158
 20
125.9982
 30
0.0
 10
-19.3158
 20
125.9982
 30
0.0
 10
-19.6805
 20
126.1739
 30
0.0
 10
-19.6805
 20
126.1739
 30
0.0
 10
-19.9623
 20
126.3179
 30
0.0
 10
-20.2365
 20
126.476
 30
0.0
 10
-20.5021
 20
126.6475
 30
0.0
 10
-20.5021
 20
126.6475
 30
0.0
 10
-20.8035
 20
126.8505
 30
0.0
 10
-20.8035
 20
126.8505
 30
0.0
 10
-20.9441
 20
126.9498
 30
0.0
 10
-21.0819
 20
127.0527
 30
0.0
 10
-21.2169
 20
127.1591
 30
0.0
 10
-21.2169
 20
127.1591
 30
0.0
 10
-21.4996
 20
127.3924
 30
0.0
 10
-21.4996
 20
127.3924
 30
0.0
 10
-21.8571
 20
127.6999
 30
0.0
 10
-22.1913
 20
128.034
 30
0.0
 10
-22.4987
 20
128.3918
 30
0.0
 10
-22.4987
 20
128.3918
 30
0.0
 10
-22.732
 20
128.6743
 30
0.0
 10
-22.732
 20
128.6743
 30
0.0
 10
-22.8384
 20
128.8093
 30
0.0
 10
-22.9413
 20
128.9471
 30
0.0
 10
-23.0406
 20
129.0876
 30
0.0
 10
-23.0406
 20
129.0876
 30
0.0
 10
-23.2437
 20
129.389
 30
0.0
 10
-23.2437
 20
129.389
 30
0.0
 10
-23.4152
 20
129.6547
 30
0.0
 10
-23.5733
 20
129.9288
 30
0.0
 10
-23.7173
 20
130.2106
 30
0.0
 10
-23.7173
 20
130.2106
 30
0.0
 10
-23.8929
 20
130.5753
 30
0.0
 10
-23.8929
 20
130.5753
 30
0.0
 10
-23.9633
 20
130.7304
 30
0.0
 10
-24.0295
 20
130.8871
 30
0.0
 10
-24.0918
 20
131.0456
 30
0.0
 10
-24.0918
 20
131.0456
 30
0.0
 10
-24.2195
 20
131.393
 30
0.0
 10
-24.2195
 20
131.393
 30
0.0
 10
-24.3792
 20
131.8562
 30
0.0
 10
-24.5015
 20
132.3311
 30
0.0
 10
-24.5855
 20
132.8137
 30
0.0
 10
-24.5855
 20
132.8137
 30
0.0
 10
-24.645
 20
133.2079
 30
0.0
 10
-24.645
 20
133.2079
 30
0.0
 10
-24.6887
 20
133.5423
 30
0.0
 10
-24.7138
 20
133.8793
 30
0.0
 10
-24.7205
 20
134.2165
 30
0.0
 10
-24.7205
 20
134.2165
 30
0.0
 10
-24.7205
 20
134.5881
 30
0.0
 10
-24.7205
 20
134.5881
 30
0.0
 10
-24.7138
 20
134.9252
 30
0.0
 10
-24.6887
 20
135.262
 30
0.0
 10
-24.645
 20
135.5966
 30
0.0
 10
-24.645
 20
135.5966
 30
0.0
 10
-24.5855
 20
135.9908
 30
0.0
 10
-24.5855
 20
135.9908
 30
0.0
 10
-24.5013
 20
136.4732
 30
0.0
 10
-24.3789
 20
136.9484
 30
0.0
 10
-24.2195
 20
137.4116
 30
0.0
 10
-24.2195
 20
137.4116
 30
0.0
 10
-24.0918
 20
137.7589
 30
0.0
 10
-24.0918
 20
137.7589
 30
0.0
 10
-24.0298
 20
137.9175
 30
0.0
 10
-23.9635
 20
138.0742
 30
0.0
 10
-23.8929
 20
138.2293
 30
0.0
 10
-23.8929
 20
138.2293
 30
0.0
 10
-23.7173
 20
138.5939
 30
0.0
 10
-23.7173
 20
138.5939
 30
0.0
 10
-23.5733
 20
138.8757
 30
0.0
 10
-23.4152
 20
139.1499
 30
0.0
 10
-23.2437
 20
139.4155
 30
0.0
 10
-23.2437
 20
139.4155
 30
0.0
 10
-23.0406
 20
139.7167
 30
0.0
 10
-23.0406
 20
139.7167
 30
0.0
 10
-22.9413
 20
139.8573
 30
0.0
 10
-22.8384
 20
139.9953
 30
0.0
 10
-22.732
 20
140.1303
 30
0.0
 10
-22.732
 20
140.1303
 30
0.0
 10
-22.4987
 20
140.4128
 30
0.0
 10
-22.4987
 20
140.4128
 30
0.0
 10
-22.1913
 20
140.7705
 30
0.0
 10
-21.8571
 20
141.1047
 30
0.0
 10
-21.4996
 20
141.4121
 30
0.0
 10
-21.4996
 20
141.4121
 30
0.0
 10
-21.2169
 20
141.6452
 30
0.0
 10
-21.2169
 20
141.6452
 30
0.0
 10
-21.0819
 20
141.7518
 30
0.0
 10
-20.9441
 20
141.8548
 30
0.0
 10
-20.8035
 20
141.9538
 30
0.0
 10
-20.8035
 20
141.9538
 30
0.0
 10
-20.5021
 20
142.1569
 30
0.0
 10
-20.5021
 20
142.1569
 30
0.0
 10
-20.2365
 20
142.3286
 30
0.0
 10
-19.9623
 20
142.4867
 30
0.0
 10
-19.6805
 20
142.6304
 30
0.0
 10
-19.6805
 20
142.6304
 30
0.0
 10
-19.3158
 20
142.8063
 30
0.0
 10
-19.3158
 20
142.8063
 30
0.0
 10
-19.1607
 20
142.8765
 30
0.0
 10
-19.004
 20
142.9429
 30
0.0
 10
-18.8455
 20
143.0052
 30
0.0
 10
-18.8455
 20
143.0052
 30
0.0
 10
-18.4981
 20
143.1329
 30
0.0
 10
-18.4981
 20
143.1329
 30
0.0
 10
-18.0349
 20
143.2924
 30
0.0
 10
-17.56
 20
143.4149
 30
0.0
 10
-17.0774
 20
143.4989
 30
0.0
 10
-17.0774
 20
143.4989
 30
0.0
 10
-16.7206
 20
143.5538
 30
0.0
 10
-16.7206
 20
143.5538
 30
0.0
 10
-16.7206
 20
143.5538
 30
0.0
 10
-16.6003
 20
143.5691
 30
0.0
 10
-16.6003
 20
143.5691
 30
0.0
 10
-16.6003
 20
143.5691
 30
0.0
 10
-16.2209
 20
143.6072
 30
0.0
 10
-16.2209
 20
143.6072
 30
0.0
 10
-16.0391
 20
143.6212
 30
0.0
 10
-15.857
 20
143.6302
 30
0.0
 10
-15.6746
 20
143.6339
 30
0.0
 10
-15.6746
 20
143.6339
 30
0.0
 10
-15.3033
 20
143.6339
 30
0.0
 10
-15.3033
 20
143.6339
 30
0.0
 10
-15.1207
 20
143.63
 30
0.0
 10
-14.9386
 20
143.6212
 30
0.0
 10
-14.7568
 20
143.6072
 30
0.0
 10
-14.7568
 20
143.6072
 30
0.0
 10
-14.3774
 20
143.5691
 30
0.0
 10
-14.3774
 20
143.5691
 30
0.0
 10
-14.3774
 20
143.5691
 30
0.0
 10
-14.2571
 20
143.5538
 30
0.0
 10
-14.2571
 20
143.5538
 30
0.0
 10
-14.2571
 20
143.5538
 30
0.0
 10
-13.9003
 20
143.4989
 30
0.0
 10
-13.9003
 20
143.4989
 30
0.0
 10
-13.418
 20
143.4147
 30
0.0
 10
-12.9428
 20
143.2924
 30
0.0
 10
-12.4796
 20
143.1329
 30
0.0
 10
-12.4796
 20
143.1329
 30
0.0
 10
-12.1322
 20
143.0052
 30
0.0
 10
-12.1322
 20
143.0052
 30
0.0
 10
-11.9737
 20
142.9432
 30
0.0
 10
-11.817
 20
142.8767
 30
0.0
 10
-11.6619
 20
142.8063
 30
0.0
 10
-11.6619
 20
142.8063
 30
0.0
 10
-11.2972
 20
142.6304
 30
0.0
 10
-11.2972
 20
142.6304
 30
0.0
 10
-11.0156
 20
142.4867
 30
0.0
 10
-10.7415
 20
142.3286
 30
0.0
 10
-10.4756
 20
142.1569
 30
0.0
 10
-10.4756
 20
142.1569
 30
0.0
 10
-10.1744
 20
141.9538
 30
0.0
 10
-10.1744
 20
141.9538
 30
0.0
 10
-10.0339
 20
141.8548
 30
0.0
 10
-9.8958
 20
141.7518
 30
0.0
 10
-9.7608
 20
141.6452
 30
0.0
 10
-9.7608
 20
141.6452
 30
0.0
 10
-9.4783
 20
141.4121
 30
0.0
 10
-9.4783
 20
141.4121
 30
0.0
 10
-9.1206
 20
141.1047
 30
0.0
 10
-8.7867
 20
140.7705
 30
0.0
 10
-8.479
 20
140.4128
 30
0.0
 10
-8.479
 20
140.4128
 30
0.0
 10
-8.3555
 20
140.2632
 30
0.0
 10
-8.3555
 20
140.2632
 30
0.0
 10
-8.3555
 20
140.2632
 30
0.0
 10
-8.3555
 20
145.5373
 30
0.0
 10
-8.3555
 20
145.5373
 30
0.0
 10
-8.3516
 20
146.2414
 30
0.0
 10
-8.2314
 20
146.9402
 30
0.0
 10
-7.9994
 20
147.6052
 30
0.0
 10
-7.719
 20
148.3995
 30
0.0
 10
-7.2621
 20
149.1201
 30
0.0
 10
-6.6629
 20
149.7125
 30
0.0
 10
-6.6629
 20
149.7125
 30
0.0
 10
-6.3811
 20
149.9728
 30
0.0
 10
-6.3811
 20
149.9728
 30
0.0
 10
-6.2447
 20
150.0901
 30
0.0
 10
-6.103
 20
150.2009
 30
0.0
 10
-5.9565
 20
150.3052
 30
0.0
 10
-5.9565
 20
150.3052
 30
0.0
 10
-5.607
 20
150.535
 30
0.0
 10
-5.607
 20
150.535
 30
0.0
 10
-4.8129
 20
151.0146
 30
0.0
 10
-3.9206
 20
151.308
 30
0.0
 10
-2.997
 20
151.3938
 30
0.0
 10
-2.997
 20
151.3938
 30
0.0
 10
-2.6218
 20
151.4162
 30
0.0
 10
-2.6218
 20
151.4162
 30
0.0
 10
-1.627
 20
151.4508
 30
0.0
 10
-0.6402
 20
151.2288
 30
0.0
 10
0.244
 20
150.7716
 30
0.0
 10
0.9361
 20
150.4227
 30
0.0
 10
1.5528
 20
149.941
 30
0.0
 10
2.0594
 20
149.3541
 30
0.0
 10
2.0594
 20
149.3541
 30
0.0
 10
2.3197
 20
149.0317
 30
0.0
 10
2.3197
 20
149.0317
 30
0.0
 10
2.3968
 20
148.9241
 30
0.0
 10
2.4709
 20
148.8145
 30
0.0
 10
2.5417
 20
148.7028
 30
0.0
 10
2.629
 20
148.5625
 30
0.0
 10
2.7111
 20
148.4189
 30
0.0
 10
2.7873
 20
148.2721
 30
0.0
 10
2.7873
 20
148.2721
 30
0.0
 10
2.9632
 20
147.9026
 30
0.0
 10
2.9632
 20
147.9026
 30
0.0
 10
2.9632
 20
147.9026
 30
0.0
 10
3.0047
 20
147.8034
 30
0.0
 10
3.0047
 20
147.8034
 30
0.0
 10
3.0643
 20
147.6564
 30
0.0
 10
3.1185
 20
147.5071
 30
0.0
 10
3.1672
 20
147.3561
 30
0.0
 10
3.1672
 20
147.3561
 30
0.0
 10
3.2752
 20
146.9751
 30
0.0
 10
3.2752
 20
146.9751
 30
0.0
 10
3.3883
 20
146.5239
 30
0.0
 10
3.4536
 20
146.0618
 30
0.0
 10
3.4702
 20
145.597
 30
0.0
 10
3.8716
 20
145.5698
 30
0.0
 10
4.2692
 20
145.5017
 30
0.0
 10
4.657
 20
145.3942
 30
0.0
 10
5.5619
 20
145.1516
 30
0.0
 10
6.3987
 20
144.7034
 30
0.0
 10
7.1022
 20
144.0847
 30
0.0
 10
7.1022
 20
144.0847
 30
0.0
 10
7.3997
 20
143.8006
 30
0.0
 10
7.3997
 20
143.8006
 30
0.0
 10
7.5767
 20
143.6235
 30
0.0
 10
7.7403
 20
143.4336
 30
0.0
 10
7.8899
 20
143.2328
 30
0.0
 10
7.8899
 20
143.2328
 30
0.0
 10
8.1322
 20
142.8889
 30
0.0
 10
8.1322
 20
142.8889
 30
0.0
 10
8.5788
 20
142.1947
 30
0.0
 10
8.8844
 20
141.4193
 30
0.0
 10
9.0316
 20
140.6071
 30
0.0
 10
9.0316
 20
140.6071
 30
0.0
 10
9.1149
 20
140.1259
 30
0.0
 10
9.1149
 20
140.1259
 30
0.0
 10
9.3436
 20
140.5312
 30
0.0
 10
9.5834
 20
140.9302
 30
0.0
 10
9.8338
 20
141.3225
 30
0.0
 10
10.2523
 20
141.9819
 30
0.0
 10
10.7085
 20
142.6164
 30
0.0
 10
11.2008
 20
143.2227
 30
0.0
 10
11.7328
 20
143.8744
 30
0.0
 10
12.3933
 20
144.4094
 30
0.0
 10
13.1413
 20
144.7946
 30
0.0
 10
14.0437
 20
145.2543
 30
0.0
 10
15.0442
 20
145.4876
 30
0.0
 10
16.0567
 20
145.474
 30
0.0
 10
16.849
 20
145.4713
 30
0.0
 10
17.6321
 20
145.3032
 30
0.0
 10
18.3556
 20
144.9806
 30
0.0
 10
18.8615
 20
144.7542
 30
0.0
 10
19.3298
 20
144.4516
 30
0.0
 10
19.744
 20
144.0835
 30
0.0
 10
19.744
 20
144.0835
 30
0.0
 10
19.8691
 20
143.9651
 30
0.0
 10
19.8691
 20
143.9651
 30
0.0
 10
19.8691
 20
143.9651
 30
0.0
 10
20.0256
 20
144.0429
 30
0.0
 10
20.0256
 20
144.0429
 30
0.0
 10
21.5823
 20
144.7874
 30
0.0
 10
23.2498
 20
145.2732
 30
0.0
 10
24.9627
 20
145.4821
 30
0.0
 10
26.3874
 20
145.6637
 30
0.0
 10
27.8321
 20
145.6097
 30
0.0
 10
29.2393
 20
145.3219
 30
0.0
 10
29.8516
 20
145.1615
 30
0.0
 10
30.4525
 20
144.9617
 30
0.0
 10
31.039
 20
144.7235
 30
0.0
 10
31.8567
 20
144.3974
 30
0.0
 10
32.6361
 20
143.9829
 30
0.0
 10
33.3637
 20
143.4874
 30
0.0
 10
33.6333
 20
143.913
 30
0.0
 10
33.9569
 20
144.3018
 30
0.0
 10
34.3261
 20
144.6448
 30
0.0
 10
34.3261
 20
144.6448
 30
0.0
 10
34.6439
 20
144.9185
 30
0.0
 10
34.6439
 20
144.9185
 30
0.0
 10
35.634
 20
145.7067
 30
0.0
 10
36.8584
 20
146.1424
 30
0.0
 10
38.1238
 20
146.1569
 30
0.0
 10
38.7659
 20
146.1802
 30
0.0
 10
39.4075
 20
146.1039
 30
0.0
 10
40.026
 20
145.9305
 30
0.0
 10
40.5727
 20
145.7787
 30
0.0
 10
41.093
 20
145.5442
 30
0.0
 10
41.5688
 20
145.2352
 30
0.0
 10
42.3125
 20
145.4302
 30
0.0
 10
43.0764
 20
145.5377
 30
0.0
 10
43.8451
 20
145.5553
 30
0.0
 10
45.1817
 20
145.5723
 30
0.0
 10
46.5078
 20
145.3182
 30
0.0
 10
47.7432
 20
144.8082
 30
0.0
 10
49.1342
 20
144.2321
 30
0.0
 10
50.3934
 20
143.3791
 30
0.0
 10
51.444
 20
142.3006
 30
0.0
 10
52.6122
 20
141.0678
 30
0.0
 10
53.5112
 20
139.6052
 30
0.0
 10
54.0842
 20
138.0061
 30
0.0
 10
54.6127
 20
136.4988
 30
0.0
 10
54.9612
 20
134.9342
 30
0.0
 10
55.1221
 20
133.3452
 30
0.0
 10
55.2961
 20
131.5753
 30
0.0
 10
55.3259
 20
129.7943
 30
0.0
 10
55.2112
 20
128.0195
 30
0.0
 10
55.2112
 20
128.0195
 30
0.0
 10
55.2066
 20
127.9609
 30
0.0
 10
55.2066
 20
127.9609
 30
0.0
 10
55.2066
 20
127.9609
 30
0.0
 10
54.961
 20
124.3638
 30
0.0
 10
54.961
 20
124.3638
 30
0.0
 10
54.9164
 20
123.6924
 30
0.0
 10
54.7244
 20
123.039
 30
0.0
 10
54.3986
 20
122.4503
 30
0.0
 10
54.3986
 20
122.4503
 30
0.0
 10
54.3512
 20
122.3647
 30
0.0
 10
54.3512
 20
122.3647
 30
0.0
 10
54.3512
 20
122.3647
 30
0.0
 10
54.1991
 20
122.0593
 30
0.0
 10
54.1991
 20
122.0593
 30
0.0
 10
54.0189
 20
121.7083
 30
0.0
 10
53.8061
 20
121.3753
 30
0.0
 10
53.5635
 20
121.0641
 30
0.0
 10
53.4708
 20
120.9474
 30
0.0
 10
53.3734
 20
120.8343
 30
0.0
 10
53.2718
 20
120.7249
 30
0.0
 10
52.8319
 20
120.2492
 30
0.0
 10
52.3083
 20
119.8587
 30
0.0
 10
51.7267
 20
119.5732
 30
0.0
 10
51.7267
 20
119.5732
 30
0.0
 10
51.3537
 20
119.4043
 30
0.0
 10
51.3537
 20
119.4043
 30
0.0
 10
51.2692
 20
119.3697
 30
0.0
 10
51.1839
 20
119.3371
 30
0.0
 10
51.098
 20
119.3062
 30
0.0
 10
50.4663
 20
119.0925
 30
0.0
 10
49.806
 20
118.9759
 30
0.0
 10
49.1393
 20
118.9603
 30
0.0
 10
49.1393
 20
118.9603
 30
0.0
 10
49.0684
 20
118.9579
 30
0.0
 10
49.0684
 20
118.9579
 30
0.0
 10
48.8764
 20
118.951
 30
0.0
 10
48.6844
 20
118.9519
 30
0.0
 10
48.4926
 20
118.9603
 30
0.0
 10
47.8275
 20
118.9903
 30
0.0
 10
47.1729
 20
119.1387
 30
0.0
 10
46.5599
 20
119.3985
 30
0.0
 10
45.8595
 20
119.6997
 30
0.0
 10
45.223
 20
120.132
 30
0.0
 10
44.6848
 20
120.672
 30
0.0
 10
44.2082
 20
121.1465
 30
0.0
 10
43.8147
 20
121.6979
 30
0.0
 10
43.5207
 20
122.3026
 30
0.0
 10
43.5207
 20
122.3026
 30
0.0
 10
43.4722
 20
122.4041
 30
0.0
 10
43.4722
 20
122.4041
 30
0.0
 10
43.3519
 20
122.2183
 30
0.0
 10
43.2209
 20
122.0395
 30
0.0
 10
43.0801
 20
121.8687
 30
0.0
 10
42.8904
 20
121.6469
 30
0.0
 10
42.688
 20
121.4362
 30
0.0
 10
42.4738
 20
121.2377
 30
0.0
 10
42.2942
 20
121.0731
 30
0.0
 10
42.1061
 20
120.9183
 30
0.0
 10
41.9102
 20
120.7734
 30
0.0
 10
41.9102
 20
120.7734
 30
0.0
 10
41.5688
 20
120.5391
 30
0.0
 10
41.5688
 20
120.5391
 30
0.0
 10
40.7145
 20
119.9794
 30
0.0
 10
39.735
 20
119.6392
 30
0.0
 10
38.7176
 20
119.5485
 30
0.0
 10
38.1003
 20
119.4913
 30
0.0
 10
37.4776
 20
119.5349
 30
0.0
 10
36.8741
 20
119.678
 30
0.0
 10
36.8741
 20
119.678
 30
0.0
 10
36.4718
 20
119.7886
 30
0.0
 10
36.4718
 20
119.7886
 30
0.0
 10
36.337
 20
119.8336
 30
0.0
 10
36.2034
 20
119.8827
 30
0.0
 10
36.0716
 20
119.936
 30
0.0
 10
36.0716
 20
119.936
 30
0.0
 10
36.0121
 20
119.9633
 30
0.0
 10
36.0121
 20
119.9633
 30
0.0
 10
36.0121
 20
119.9633
 30
0.0
 10
35.8374
 20
119.8696
 30
0.0
 10
35.8374
 20
119.8696
 30
0.0
 10
35.3746
 20
119.6531
 30
0.0
 10
34.8914
 20
119.4832
 30
0.0
 10
34.3949
 20
119.3625
 30
0.0
 10
33.8791
 20
119.2277
 30
0.0
 10
33.348
 20
119.1601
 30
0.0
 10
32.8149
 20
119.1608
 30
0.0
 10
32.0422
 20
119.1661
 30
0.0
 10
31.2765
 20
119.3048
 30
0.0
 10
30.5511
 20
119.5709
 30
0.0
 10
30.185
 20
119.6969
 30
0.0
 10
29.8338
 20
119.8615
 30
0.0
 10
29.5031
 20
120.0623
 30
0.0
 10
28.5873
 20
119.6965
 30
0.0
 10
27.6348
 20
119.4301
 30
0.0
 10
26.662
 20
119.2679
 30
0.0
 10
25.5699
 20
119.0888
 30
0.0
 10
24.4612
 20
119.0341
 30
0.0
 10
23.3568
 20
119.1045
 30
0.0
 10
21.6748
 20
119.2047
 30
0.0
 10
20.042
 20
119.7092
 30
0.0
 10
18.5968
 20
120.5751
 30
0.0
 10
17.212
 20
121.4221
 30
0.0
 10
16.0098
 20
122.5366
 30
0.0
 10
15.0606
 20
123.8533
 30
0.0
 10
15.0606
 20
123.8533
 30
0.0
 10
15.0357
 20
123.7946
 30
0.0
 10
15.0357
 20
123.7946
 30
0.0
 10
15.0357
 20
123.7946
 30
0.0
 10
15.029
 20
123.7778
 30
0.0
 10
15.029
 20
123.7778
 30
0.0
 10
15.029
 20
123.7778
 30
0.0
 10
14.5332
 20
122.5911
 30
0.0
 10
14.5332
 20
122.5911
 30
0.0
 10
14.5332
 20
122.5911
 30
0.0
 10
14.4621
 20
122.4277
 30
0.0
 10
14.4621
 20
122.4277
 30
0.0
 10
14.341
 20
122.1752
 30
0.0
 10
14.2057
 20
121.9298
 30
0.0
 10
14.0564
 20
121.6931
 30
0.0
 10
13.7527
 20
121.2195
 30
0.0
 10
13.3827
 20
120.7916
 30
0.0
 10
12.9576
 20
120.423
 30
0.0
 10
12.7169
 20
120.21
 30
0.0
 10
12.4552
 20
120.0217
 30
0.0
 10
12.1768
 20
119.8606
 30
0.0
 10
11.5996
 20
119.5192
 30
0.0
 10
10.9636
 20
119.2894
 30
0.0
 10
10.3017
 20
119.1834
 30
0.0
 10
10.3017
 20
119.1834
 30
0.0
 10
10.0683
 20
119.1507
 30
0.0
 10
10.0683
 20
119.1507
 30
0.0
 10
10.0683
 20
119.1507
 30
0.0
 10
9.9015
 20
119.1213
 30
0.0
 10
9.9015
 20
119.1213
 30
0.0
 10
9.9015
 20
119.1213
 30
0.0
 10
9.6141
 20
119.092
 30
0.0
 10
9.6141
 20
119.092
 30
0.0
 10
8.0736
 20
118.9619
 30
0.0
 10
6.5522
 20
119.5056
 30
0.0
 10
5.4435
 20
120.5829
 30
0.0
 10
5.3558
 20
120.6545
 30
0.0
 10
5.2716
 20
120.7302
 30
0.0
 10
5.191
 20
120.8096
 30
0.0
 10
4.7753
 20
121.2045
 30
0.0
 10
4.4255
 20
121.6633
 30
0.0
 10
4.1543
 20
122.1685
 30
0.0
 10
3.915
 20
122.5329
 30
0.0
 10
3.6809
 20
122.9008
 30
0.0
 10
3.4522
 20
123.2717
 30
0.0
 10
3.4522
 20
123.2717
 30
0.0
 10
3.3124
 20
123.5018
 30
0.0
 10
3.3124
 20
123.5018
 30
0.0
 10
3.2807
 20
123.3603
 30
0.0
 10
3.2434
 20
123.22
 30
0.0
 10
3.2009
 20
123.0813
 30
0.0
 10
3.2009
 20
123.0813
 30
0.0
 10
3.0633
 20
122.6801
 30
0.0
 10
3.0633
 20
122.6801
 30
0.0
 10
3.0059
 20
122.5338
 30
0.0
 10
2.9426
 20
122.3898
 30
0.0
 10
2.8741
 20
122.2486
 30
0.0
 10
2.809
 20
122.1177
 30
0.0
 10
2.7398
 20
121.9892
 30
0.0
 10
2.6657
 20
121.8631
 30
0.0
 10
2.5974
 20
121.7473
 30
0.0
 10
2.5242
 20
121.6342
 30
0.0
 10
2.4469
 20
121.5239
 30
0.0
 10
2.4469
 20
121.5239
 30
0.0
 10
2.2069
 20
121.2049
 30
0.0
 10
2.2069
 20
121.2049
 30
0.0
 10
2.0864
 20
121.0542
 30
0.0
 10
1.9567
 20
120.9111
 30
0.0
 10
1.8182
 20
120.7768
 30
0.0
 10
1.8182
 20
120.7768
 30
0.0
 10
1.5251
 20
120.5075
 30
0.0
 10
1.5251
 20
120.5075
 30
0.0
 10
1.4026
 20
120.4032
 30
0.0
 10
1.2754
 20
120.3044
 30
0.0
 10
1.1443
 20
120.2111
 30
0.0
 10
1.1443
 20
120.2111
 30
0.0
 10
0.8175
 20
119.997
 30
0.0
 10
0.8175
 20
119.997
 30
0.0
 10
0.3804
 20
119.7443
 30
0.0
 10
-0.0833
 20
119.5409
 30
0.0
 10
-0.5652
 20
119.3907
 30
0.0
 10
-1.0861
 20
119.2178
 30
0.0
 10
-1.6277
 20
119.1156
 30
0.0
 10
-2.1756
 20
119.0865
 30
0.0
 10
-2.1756
 20
119.0865
 30
0.0
 10
-2.5767
 20
119.0807
 30
0.0
 10
-2.5767
 20
119.0807
 30
0.0
 10
-2.7189
 20
119.0837
 30
0.0
 10
-2.8611
 20
119.092
 30
0.0
 10
-3.0028
 20
119.1057
 30
0.0
 10
-3.8593
 20
119.1917
 30
0.0
 10
-4.6883
 20
119.4571
 30
0.0
 10
-5.4358
 20
119.8843
 30
0.0
 10
-5.7995
 20
120.0934
 30
0.0
 10
-6.1413
 20
120.3388
 30
0.0
 10
-6.4557
 20
120.6169
 30
0.0
 10
-6.8722
 20
120.982
 30
0.0
 10
-7.232
 20
121.4073
 30
0.0
 10
-7.5228
 20
121.8788
 30
0.0
 10
-7.5228
 20
121.8788
 30
0.0
 10
-7.7324
 20
122.2486
 30
0.0
 10
-7.7324
 20
122.2486
 30
0.0
 10
-7.8296
 20
122.4369
 30
0.0
 10
-7.9161
 20
122.6308
 30
0.0
 10
-7.9916
 20
122.829
 30
0.0
 10
-7.9916
 20
122.829
 30
0.0
 10
-8.1268
 20
123.229
 30
0.0
 10
-8.1268
 20
123.229
 30
0.0
 10
-8.1931
 20
123.4487
 30
0.0
 10
-8.2441
 20
123.6728
 30
0.0
 10
-8.2801
 20
123.8994
 30
0.0
 10
-8.2801
 20
123.8994
 30
0.0
 10
-8.332
 20
124.3028
 30
0.0
 10
-8.332
 20
124.3028
 30
0.0
 10
-8.332
 20
124.3028
 30
0.0
 10
-8.3398
 20
124.3975
 30
0.0
 10
-8.3398
 20
124.3975
 30
0.0
 10
-8.3398
 20
124.3975
 30
0.0
 10
-8.3555
 20
124.7808
 30
0.0
 10
-8.3555
 20
124.7808
 30
0.0
 10
-8.3555
 20
124.7808
 30
0.0
 10
-8.3555
 20
128.5413
 30
0.0
 10
-8.3555
 20
128.5413
 30
0.0
  0
SPLINE
  5
79
330
1F
100
AcDbEntity
  8
#Layer 1
370
     9
100
AcDbSpline
210
0.0
220
0.0
230
1.0
 70
    11
 71
     3
 72
    62
 73
    58
 74
     0
 42
0.0000000001
 43
0.0000000001
 40
0.0
 40
0.0
 40
0.0
 40
0.0
 40
0.0526315789473684
 40
0.0526315789473684
 40
0.0526315789473684
 40
0.1052631578947368
 40
0.1052631578947368
 40
0.1052631578947368
 40
0.1578947368421053
 40
0.1578947368421053
 40
0.1578947368421053
 40
0.2105263157894737
 40
0.2105263157894737
 40
0.2105263157894737
 40
0.2631578947368421
 40
0.2631578947368421
 40
0.2631578947368421
 40
0.3157894736842105
 40
0.3157894736842105
 40
0.3157894736842105
 40
0.3684210526315789
 40
0.3684210526315789
 40
0.3684210526315789
 40
0.4210526315789473
 40
0.4210526315789473
 40
0.4210526315789473
 40
0.4736842105263158
 40
0.4736842105263158
 40
0.4736842105263158
 40
0.5263157894736842
 40
0.5263157894736842
 40
0.5263157894736842
 40
0.5789473684210527
 40
0.5789473684210527
 40
0.5789473684210527
 40
0.631578947368421
 40
0.631578947368421
 40
0.631578947368421
 40
0.6842105263157894
 40
0.6842105263157894
 40
0.6842105263157894
 40
0.7368421052631579
 40
0.7368421052631579
 40
0.7368421052631579
 40
0.7894736842105263
 40
0.7894736842105263
 40
0.7894736842105263
 40
0.8421052631578947
 40
0.8421052631578947
 40
0.8421052631578947
 40
0.894736842105263
 40
0.894736842105263
 40
0.894736842105263
 40
0.9473684210526315
 40
0.9473684210526315
 40
0.9473684210526315
 40
1.0
 40
1.0
 40
1.0
 40
1.0
 10
-2.3651
 20
123.6984
 30
0.0
 10
-2.3083
 20
123.7028
 30
0.0
 10
-2.2518
 20
123.7111
 30
0.0
 10
-2.1962
 20
123.7231
 30
0.0
 10
-2.0138
 20
123.7674
 30
0.0
 10
-1.8354
 20
123.827
 30
0.0
 10
-1.663
 20
123.9013
 30
0.0
 10
-1.663
 20
123.9013
 30
0.0
 10
-1.547
 20
123.9608
 30
0.0
 10
-1.547
 20
123.9608
 30
0.0
 10
-1.4747
 20
124.0077
 30
0.0
 10
-1.411
 20
124.0667
 30
0.0
 10
-1.3589
 20
124.1355
 30
0.0
 10
-1.3035
 20
124.2105
 30
0.0
 10
-1.2594
 20
124.2934
 30
0.0
 10
-1.2282
 20
124.3813
 30
0.0
 10
-1.1738
 20
124.5433
 30
0.0
 10
-1.144
 20
124.7127
 30
0.0
 10
-1.1403
 20
124.8837
 30
0.0
 10
-1.1403
 20
124.8837
 30
0.0
 10
-1.1403
 20
145.3923
 30
0.0
 10
-1.1403
 20
145.3923
 30
0.0
 10
-1.1447
 20
145.5677
 30
0.0
 10
-1.1705
 20
145.7417
 30
0.0
 10
-1.2169
 20
145.9109
 30
0.0
 10
-1.2548
 20
146.0505
 30
0.0
 10
-1.3173
 20
146.1821
 30
0.0
 10
-1.4018
 20
146.2996
 30
0.0
 10
-1.5068
 20
146.4341
 30
0.0
 10
-1.6388
 20
146.5449
 30
0.0
 10
-1.7893
 20
146.6252
 30
0.0
 10
-1.9462
 20
146.7201
 30
0.0
 10
-2.1221
 20
146.7791
 30
0.0
 10
-2.3044
 20
146.7988
 30
0.0
 10
-2.6031
 20
146.8248
 30
0.0
 10
-2.9029
 20
146.7611
 30
0.0
 10
-3.1653
 20
146.6162
 30
0.0
 10
-3.2781
 20
146.5548
 30
0.0
 10
-3.3801
 20
146.4752
 30
0.0
 10
-3.4674
 20
146.3808
 30
0.0
 10
-3.556
 20
146.276
 30
0.0
 10
-3.6227
 20
146.1546
 30
0.0
 10
-3.6633
 20
146.0235
 30
0.0
 10
-3.7109
 20
145.8654
 30
0.0
 10
-3.7367
 20
145.7016
 30
0.0
 10
-3.7399
 20
145.5366
 30
0.0
 10
-3.7399
 20
145.5366
 30
0.0
 10
-3.7399
 20
124.7801
 30
0.0
 10
-3.7399
 20
124.7801
 30
0.0
 10
-3.7314
 20
124.5279
 30
0.0
 10
-3.6248
 20
124.2888
 30
0.0
 10
-3.4424
 20
124.1141
 30
0.0
 10
-3.2299
 20
123.9105
 30
0.0
 10
-2.9631
 20
123.772
 30
0.0
 10
-2.6739
 20
123.7152
 30
0.0
 10
-2.5724
 20
123.6961
 30
0.0
 10
-2.4685
 20
123.6903
 30
0.0
 10
-2.3651
 20
123.6984
 30
0.0
  0
SPLINE
  5
7A
330
1F
100
AcDbEntity
  8
#Layer 1
370
     9
100
AcDbSpline
210
0.0
220
0.0
230
1.0
 70
    11
 71
     3
 72
   173
 73
   169
 74
     0
 42
0.0000000001
 43
0.0000000001
 40
0.0
 40
0.0
 40
0.0
 40
0.0
 40
0.0178571428571429
 40
0.0178571428571429
 40
0.0178571428571429
 40
0.0357142857142857
 40
0.0357142857142857
 40
0.0357142857142857
 40
0.0535714285714286
 40
0.0535714285714286
 40
0.0535714285714286
 40
0.0714285714285714
 40
0.0714285714285714
 40
0.0714285714285714
 40
0.0892857142857143
 40
0.0892857142857143
 40
0.0892857142857143
 40
0.1071428571428571
 40
0.1071428571428571
 40
0.1071428571428571
 40
0.125
 40
0.125
 40
0.125
 40
0.1428571428571428
 40
0.1428571428571428
 40
0.1428571428571428
 40
0.1607142857142857
 40
0.1607142857142857
 40
0.1607142857142857
 40
0.1785714285714285
 40
0.1785714285714285
 40
0.1785714285714285
 40
0.1964285714285714
 40
0.1964285714285714
 40
0.1964285714285714
 40
0.2142857142857143
 40
0.2142857142857143
 40
0.2142857142857143
 40
0.2321428571428571
 40
0.2321428571428571
 40
0.2321428571428571
 40
0.25
 40
0.25
 40
0.25
 40
0.2678571428571428
 40
0.2678571428571428
 40
0.2678571428571428
 40
0.2857142857142857
 40
0.2857142857142857
 40
0.2857142857142857
 40
0.3035714285714285
 40
0.3035714285714285
 40
0.3035714285714285
 40
0.3214285714285714
 40
0.3214285714285714
 40
0.3214285714285714
 40
0.3392857142857142
 40
0.3392857142857142
 40
0.3392857142857142
 40
0.3571428571428571
 40
0.3571428571428571
 40
0.3571428571428571
 40
0.375
 40
0.375
 40
0.375
 40
0.3928571428571428
 40
0.3928571428571428
 40
0.3928571428571428
 40
0.4107142857142857
 40
0.4107142857142857
 40
0.4107142857142857
 40
0.4285714285714285
 40
0.4285714285714285
 40
0.4285714285714285
 40
0.4464285714285714
 40
0.4464285714285714
 40
0.4464285714285714
 40
0.4642857142857142
 40
0.4642857142857142
 40
0.4642857142857142
 40
0.4821428571428571
 40
0.4821428571428571
 40
0.4821428571428571
 40
0.5
 40
0.5
 40
0.5
 40
0.5178571428571428
 40
0.5178571428571428
 40
0.5178571428571428
 40
0.5357142857142857
 40
0.5357142857142857
 40
0.5357142857142857
 40
0.5535714285714285
 40
0.5535714285714285
 40
0.5535714285714285
 40
0.5714285714285714
 40
0.5714285714285714
 40
0.5714285714285714
 40
0.5892857142857143
 40
0.5892857142857143
 40
0.5892857142857143
 40
0.6071428571428571
 40
0.6071428571428571
 40
0.6071428571428571
 40
0.625
 40
0.625
 40
0.625
 40
0.6428571428571428
 40
0.6428571428571428
 40
0.6428571428571428
 40
0.6607142857142857
 40
0.6607142857142857
 40
0.6607142857142857
 40
0.6785714285714285
 40
0.6785714285714285
 40
0.6785714285714285
 40
0.6964285714285714
 40
0.6964285714285714
 40
0.6964285714285714
 40
0.7142857142857142
 40
0.7142857142857142
 40
0.7142857142857142
 40
0.7321428571428571
 40
0.7321428571428571
 40
0.7321428571428571
 40
0.75
 40
0.75
 40
0.75
 40
0.7678571428571428
 40
0.7678571428571428
 40
0.7678571428571428
 40
0.7857142857142857
 40
0.7857142857142857
 40
0.7857142857142857
 40
0.8035714285714285
 40
0.8035714285714285
 40
0.8035714285714285
 40
0.8214285714285714
 40
0.8214285714285714
 40
0.8214285714285714
 40
0.8392857142857142
 40
0.8392857142857142
 40
0.8392857142857142
 40
0.8571428571428571
 40
0.8571428571428571
 40
0.8571428571428571
 40
0.875
 40
0.875
 40
0.875
 40
0.8928571428571428
 40
0.8928571428571428
 40
0.8928571428571428
 40
0.9107142857142857
 40
0.9107142857142857
 40
0.9107142857142857
 40
0.9285714285714285
 40
0.9285714285714285
 40
0.9285714285714285
 40
0.9464285714285714
 40
0.9464285714285714
 40
0.9464285714285714
 40
0.9642857142857142
 40
0.9642857142857142
 40
0.9642857142857142
 40
0.9821428571428571
 40
0.9821428571428571
 40
0.9821428571428571
 40
1.0
 40
1.0
 40
1.0
 40
1.0
 10
48.9722
 20
123.5722
 30
0.0
 10
49.139
 20
123.5745
 30
0.0
 10
49.3052
 20
123.5941
 30
0.0
 10
49.4682
 20
123.6308
 30
0.0
 10
49.5859
 20
123.6592
 30
0.0
 10
49.6971
 20
123.7095
 30
0.0
 10
49.7961
 20
123.7794
 30
0.0
 10
49.8817
 20
123.8477
 30
0.0
 10
49.9544
 20
123.9303
 30
0.0
 10
50.0112
 20
124.024
 30
0.0
 10
50.0112
 20
124.024
 30
0.0
 10
50.0677
 20
124.1175
 30
0.0
 10
50.0677
 20
124.1175
 30
0.0
 10
50.0677
 20
124.1175
 30
0.0
 10
50.1691
 20
124.3238
 30
0.0
 10
50.1691
 20
124.3238
 30
0.0
 10
50.2277
 20
124.4436
 30
0.0
 10
50.2902
 20
124.5616
 30
0.0
 10
50.3562
 20
124.6776
 30
0.0
 10
50.3562
 20
124.6776
 30
0.0
 10
50.6018
 20
128.2748
 30
0.0
 10
50.6018
 20
128.2748
 30
0.0
 10
50.7024
 20
129.7924
 30
0.0
 10
50.6803
 20
131.3157
 30
0.0
 10
50.5353
 20
132.8297
 30
0.0
 10
50.4169
 20
134.0385
 30
0.0
 10
50.1584
 20
135.2294
 30
0.0
 10
49.7645
 20
136.3783
 30
0.0
 10
49.4638
 20
137.241
 30
0.0
 10
49.0119
 20
138.0435
 30
0.0
 10
48.4303
 20
138.7481
 30
0.0
 10
48.2108
 20
139.0186
 30
0.0
 10
47.9659
 20
139.2674
 30
0.0
 10
47.6989
 20
139.4908
 30
0.0
 10
47.3368
 20
139.7984
 30
0.0
 10
46.9426
 20
140.0661
 30
0.0
 10
46.5235
 20
140.2898
 30
0.0
 10
46.0284
 20
140.5529
 30
0.0
 10
45.4971
 20
140.7416
 30
0.0
 10
44.9469
 20
140.8499
 30
0.0
 10
44.6347
 20
140.9104
 30
0.0
 10
44.3173
 20
140.9408
 30
0.0
 10
43.9993
 20
140.9411
 30
0.0
 10
43.6854
 20
140.9397
 30
0.0
 10
43.3725
 20
140.9071
 30
0.0
 10
43.0651
 20
140.8441
 30
0.0
 10
42.4177
 20
140.7172
 30
0.0
 10
41.7927
 20
140.4954
 30
0.0
 10
41.2102
 20
140.1861
 30
0.0
 10
40.9575
 20
140.056
 30
0.0
 10
40.7138
 20
139.9087
 30
0.0
 10
40.4811
 20
139.7456
 30
0.0
 10
40.3526
 20
139.6525
 30
0.0
 10
40.2303
 20
139.5517
 30
0.0
 10
40.1149
 20
139.4434
 30
0.0
 10
39.9494
 20
139.2927
 30
0.0
 10
39.8153
 20
139.1109
 30
0.0
 10
39.7204
 20
138.9082
 30
0.0
 10
39.7204
 20
138.9082
 30
0.0
 10
39.6888
 20
138.8316
 30
0.0
 10
39.6888
 20
138.8316
 30
0.0
 10
39.6888
 20
138.8316
 30
0.0
 10
39.6888
 20
140.3055
 30
0.0
 10
39.6888
 20
140.3055
 30
0.0
 10
39.6835
 20
140.4827
 30
0.0
 10
39.6337
 20
140.6556
 30
0.0
 10
39.5434
 20
140.8081
 30
0.0
 10
39.4559
 20
140.9676
 30
0.0
 10
39.3463
 20
141.1135
 30
0.0
 10
39.2178
 20
141.242
 30
0.0
 10
39.1121
 20
141.3401
 30
0.0
 10
38.9874
 20
141.4156
 30
0.0
 10
38.8515
 20
141.464
 30
0.0
 10
38.6994
 20
141.5164
 30
0.0
 10
38.5402
 20
141.5439
 30
0.0
 10
38.3793
 20
141.5453
 30
0.0
 10
38.2766
 20
141.5453
 30
0.0
 10
38.1741
 20
141.542
 30
0.0
 10
38.0717
 20
141.5351
 30
0.0
 10
37.7834
 20
141.506
 30
0.0
 10
37.5198
 20
141.3592
 30
0.0
 10
37.3437
 20
141.1294
 30
0.0
 10
37.1762
 20
140.9205
 30
0.0
 10
37.0684
 20
140.6701
 30
0.0
 10
37.0315
 20
140.4047
 30
0.0
 10
37.0172
 20
140.3089
 30
0.0
 10
37.0102
 20
140.212
 30
0.0
 10
37.0112
 20
140.115
 30
0.0
 10
37.0112
 20
140.115
 30
0.0
 10
37.0112
 20
125.3266
 30
0.0
 10
37.0112
 20
125.3266
 30
0.0
 10
37.0158
 20
125.1595
 30
0.0
 10
37.0636
 20
124.9966
 30
0.0
 10
37.1499
 20
124.8535
 30
0.0
 10
37.2731
 20
124.6347
 30
0.0
 10
37.4428
 20
124.4455
 30
0.0
 10
37.6468
 20
124.2989
 30
0.0
 10
37.8
 20
124.1941
 30
0.0
 10
37.9817
 20
124.1383
 30
0.0
 10
38.1674
 20
124.139
 30
0.0
 10
38.449
 20
124.1397
 30
0.0
 10
38.7255
 20
124.2147
 30
0.0
 10
38.9687
 20
124.3564
 30
0.0
 10
39.1792
 20
124.4766
 30
0.0
 10
39.3678
 20
124.6317
 30
0.0
 10
39.5266
 20
124.815
 30
0.0
 10
39.6198
 20
124.9214
 30
0.0
 10
39.6842
 20
125.0499
 30
0.0
 10
39.7135
 20
125.1882
 30
0.0
 10
39.7135
 20
125.1882
 30
0.0
 10
39.7216
 20
125.2793
 30
0.0
 10
39.7216
 20
125.2793
 30
0.0
 10
39.7216
 20
125.2793
 30
0.0
 10
39.7216
 20
134.5832
 30
0.0
 10
39.7216
 20
134.5832
 30
0.0
 10
39.8755
 20
135.0393
 30
0.0
 10
40.0662
 20
135.4819
 30
0.0
 10
40.2916
 20
135.9073
 30
0.0
 10
40.4636
 20
136.2368
 30
0.0
 10
40.6796
 20
136.5412
 30
0.0
 10
40.9339
 20
136.8122
 30
0.0
 10
41.072
 20
136.9564
 30
0.0
 10
41.2289
 20
137.0811
 30
0.0
 10
41.4006
 20
137.1828
 30
0.0
 10
41.7742
 20
137.4009
 30
0.0
 10
42.1689
 20
137.5814
 30
0.0
 10
42.5781
 20
137.7215
 30
0.0
 10
42.7994
 20
137.7958
 30
0.0
 10
43.0258
 20
137.8542
 30
0.0
 10
43.2555
 20
137.8962
 30
0.0
 10
43.7826
 20
137.8981
 30
0.0
 10
44.306
 20
137.8088
 30
0.0
 10
44.8027
 20
137.6324
 30
0.0
 10
45.1182
 20
137.5071
 30
0.0
 10
45.4178
 20
137.3449
 30
0.0
 10
45.6952
 20
137.1491
 30
0.0
 10
45.8258
 20
137.0591
 30
0.0
 10
45.9532
 20
136.9647
 30
0.0
 10
46.0774
 20
136.8662
 30
0.0
 10
46.4496
 20
136.5394
 30
0.0
 10
46.7494
 20
136.1383
 30
0.0
 10
46.9574
 20
135.6887
 30
0.0
 10
47.1037
 20
135.3797
 30
0.0
 10
47.2202
 20
135.0573
 30
0.0
 10
47.3056
 20
134.7263
 30
0.0
 10
47.5625
 20
133.7249
 30
0.0
 10
47.7137
 20
132.6995
 30
0.0
 10
47.7564
 20
131.6667
 30
0.0
 10
47.8035
 20
130.6761
 30
0.0
 10
47.8011
 20
129.6842
 30
0.0
 10
47.7497
 20
128.6939
 30
0.0
 10
47.6786
 20
127.4912
 30
0.0
 10
47.5964
 20
126.29
 30
0.0
 10
47.5027
 20
125.0889
 30
0.0
 10
47.5027
 20
125.0889
 30
0.0
 10
47.5097
 20
124.9267
 30
0.0
 10
47.5097
 20
124.9267
 30
0.0
 10
47.5242
 20
124.6793
 30
0.0
 10
47.5969
 20
124.4388
 30
0.0
 10
47.7215
 20
124.2246
 30
0.0
 10
47.8611
 20
123.9917
 30
0.0
 10
48.0617
 20
123.8016
 30
0.0
 10
48.3017
 20
123.6746
 30
0.0
 10
48.4427
 20
123.6042
 30
0.0
 10
48.5983
 20
123.5675
 30
0.0
 10
48.7559
 20
123.5675
 30
0.0
 10
48.7559
 20
123.5675
 30
0.0
 10
48.9722
 20
123.5722
 30
0.0
 10
48.9722
 20
123.5722
 30
0.0
  0
SPLINE
  5
7B
330
1F
100
AcDbEntity
  8
#Layer 1
370
     9
100
AcDbSpline
210
0.0
220
0.0
230
1.0
 70
    11
 71
     3
 72
   155
 73
   151
 74
     0
 42
0.0000000001
 43
0.0000000001
 40
0.0
 40
0.0
 40
0.0
 40
0.0
 40
0.02
 40
0.02
 40
0.02
 40
0.04
 40
0.04
 40
0.04
 40
0.06
 40
0.06
 40
0.06
 40
0.08
 40
0.08
 40
0.08
 40
0.1
 40
0.1
 40
0.1
 40
0.12
 40
0.12
 40
0.12
 40
0.14
 40
0.14
 40
0.14
 40
0.16
 40
0.16
 40
0.16
 40
0.18
 40
0.18
 40
0.18
 40
0.2
 40
0.2
 40
0.2
 40
0.22
 40
0.22
 40
0.22
 40
0.24
 40
0.24
 40
0.24
 40
0.26
 40
0.26
 40
0.26
 40
0.28
 40
0.28
 40
0.28
 40
0.3
 40
0.3
 40
0.3
 40
0.32
 40
0.32
 40
0.32
 40
0.34
 40
0.34
 40
0.34
 40
0.36
 40
0.36
 40
0.36
 40
0.38
 40
0.38
 40
0.38
 40
0.4
 40
0.4
 40
0.4
 40
0.42
 40
0.42
 40
0.42
 40
0.44
 40
0.44
 40
0.44
 40
0.46
 40
0.46
 40
0.46
 40
0.48
 40
0.48
 40
0.48
 40
0.5
 40
0.5
 40
0.5
 40
0.52
 40
0.52
 40
0.52
 40
0.54
 40
0.54
 40
0.54
 40
0.56
 40
0.56
 40
0.56
 40
0.58
 40
0.58
 40
0.58
 40
0.6
 40
0.6
 40
0.6
 40
0.62
 40
0.62
 40
0.62
 40
0.64
 40
0.64
 40
0.64
 40
0.66
 40
0.66
 40
0.66
 40
0.68
 40
0.68
 40
0.68
 40
0.7000000000000001
 40
0.7000000000000001
 40
0.7000000000000001
 40
0.72
 40
0.72
 40
0.72
 40
0.74
 40
0.74
 40
0.74
 40
0.76
 40
0.76
 40
0.76
 40
0.78
 40
0.78
 40
0.78
 40
0.8
 40
0.8
 40
0.8
 40
0.8200000000000001
 40
0.8200000000000001
 40
0.8200000000000001
 40
0.84
 40
0.84
 40
0.84
 40
0.86
 40
0.86
 40
0.86
 40
0.88
 40
0.88
 40
0.88
 40
0.9
 40
0.9
 40
0.9
 40
0.92
 40
0.92
 40
0.92
 40
0.9400000000000001
 40
0.9400000000000001
 40
0.9400000000000001
 40
0.96
 40
0.96
 40
0.96
 40
0.98
 40
0.98
 40
0.98
 40
1.0
 40
1.0
 40
1.0
 40
1.0
 10
9.2938
 20
123.6961
 30
0.0
 10
9.2938
 20
123.6961
 30
0.0
 10
9.4325
 20
123.7266
 30
0.0
 10
9.4325
 20
123.7266
 30
0.0
 10
9.4325
 20
123.7266
 30
0.0
 10
9.5103
 20
123.7298
 30
0.0
 10
9.5103
 20
123.7298
 30
0.0
 10
9.6871
 20
123.7459
 30
0.0
 10
9.853
 20
123.8233
 30
0.0
 10
9.979
 20
123.9486
 30
0.0
 10
10.0589
 20
124.0268
 30
0.0
 10
10.129
 20
124.1145
 30
0.0
 10
10.1874
 20
124.2098
 30
0.0
 10
10.1874
 20
124.2098
 30
0.0
 10
10.2742
 20
124.37
 30
0.0
 10
10.2742
 20
124.37
 30
0.0
 10
10.9398
 20
125.9509
 30
0.0
 10
11.5906
 20
127.5374
 30
0.0
 10
12.2271
 20
129.1301
 30
0.0
 10
12.2271
 20
129.1301
 30
0.0
 10
13.4882
 20
132.2945
 30
0.0
 10
13.4882
 20
132.2945
 30
0.0
 10
13.9507
 20
133.4468
 30
0.0
 10
14.467
 20
134.5767
 30
0.0
 10
15.0354
 20
135.6806
 30
0.0
 10
15.4358
 20
136.4628
 30
0.0
 10
15.8817
 20
137.2205
 30
0.0
 10
16.3708
 20
137.9502
 30
0.0
 10
16.5141
 20
138.1637
 30
0.0
 10
16.6632
 20
138.373
 30
0.0
 10
16.8183
 20
138.578
 30
0.0
 10
16.8183
 20
138.578
 30
0.0
 10
16.8677
 20
138.6613
 30
0.0
 10
16.8677
 20
138.6613
 30
0.0
 10
16.9775
 20
138.8845
 30
0.0
 10
17.0516
 20
139.1231
 30
0.0
 10
17.0874
 20
139.3691
 30
0.0
 10
17.1199
 20
139.5182
 30
0.0
 10
17.1305
 20
139.6712
 30
0.0
 10
17.119
 20
139.8233
 30
0.0
 10
17.0992
 20
140.0186
 30
0.0
 10
17.0292
 20
140.2057
 30
0.0
 10
16.9161
 20
140.3664
 30
0.0
 10
16.8331
 20
140.4834
 30
0.0
 10
16.7345
 20
140.5889
 30
0.0
 10
16.6233
 20
140.6798
 30
0.0
 10
16.4945
 20
140.7719
 30
0.0
 10
16.3445
 20
140.8296
 30
0.0
 10
16.1871
 20
140.8476
 30
0.0
 10
15.8891
 20
140.8838
 30
0.0
 10
15.5868
 20
140.8397
 30
0.0
 10
15.3114
 20
140.7202
 30
0.0
 10
15.1234
 20
140.6332
 30
0.0
 10
14.9551
 20
140.5085
 30
0.0
 10
14.8169
 20
140.3539
 30
0.0
 10
14.4356
 20
139.8886
 30
0.0
 10
14.0823
 20
139.4007
 30
0.0
 10
13.7587
 20
138.8935
 30
0.0
 10
13.2553
 20
138.1055
 30
0.0
 10
12.7981
 20
137.289
 30
0.0
 10
12.3894
 20
136.4482
 30
0.0
 10
11.9964
 20
135.646
 30
0.0
 10
11.6333
 20
134.8297
 30
0.0
 10
11.3008
 20
134.0005
 30
0.0
 10
10.7122
 20
132.5296
 30
0.0
 10
10.1507
 20
131.0477
 30
0.0
 10
9.6171
 20
129.5559
 30
0.0
 10
9.5107
 20
129.2561
 30
0.0
 10
9.4108
 20
128.9542
 30
0.0
 10
9.3176
 20
128.65
 30
0.0
 10
9.3176
 20
128.65
 30
0.0
 10
9.2262
 20
128.3073
 30
0.0
 10
9.2262
 20
128.3073
 30
0.0
 10
9.0339
 20
128.5298
 30
0.0
 10
8.853
 20
128.762
 30
0.0
 10
8.684
 20
129.0027
 30
0.0
 10
8.2257
 20
129.6228
 30
0.0
 10
7.8135
 20
130.276
 30
0.0
 10
7.4514
 20
130.9568
 30
0.0
 10
6.9014
 20
131.9617
 30
0.0
 10
6.4209
 20
133.0032
 30
0.0
 10
6.0133
 20
134.0739
 30
0.0
 10
5.7509
 20
134.7355
 30
0.0
 10
5.5162
 20
135.4083
 30
0.0
 10
5.3101
 20
136.0898
 30
0.0
 10
5.0232
 20
137.0674
 30
0.0
 10
4.7913
 20
138.0603
 30
0.0
 10
4.6149
 20
139.0638
 30
0.0
 10
4.6149
 20
139.0638
 30
0.0
 10
4.5032
 20
139.7185
 30
0.0
 10
4.5032
 20
139.7185
 30
0.0
 10
4.4811
 20
139.848
 30
0.0
 10
4.4467
 20
139.9752
 30
0.0
 10
4.4008
 20
140.0982
 30
0.0
 10
4.3588
 20
140.2083
 30
0.0
 10
4.3038
 20
140.3131
 30
0.0
 10
4.2374
 20
140.4105
 30
0.0
 10
4.1416
 20
140.548
 30
0.0
 10
4.0188
 20
140.6648
 30
0.0
 10
3.8766
 20
140.7541
 30
0.0
 10
3.6477
 20
140.8951
 30
0.0
 10
3.3878
 20
140.9782
 30
0.0
 10
3.1194
 20
140.9964
 30
0.0
 10
2.9304
 20
141.0064
 30
0.0
 10
2.7416
 20
140.9704
 30
0.0
 10
2.5694
 20
140.8917
 30
0.0
 10
2.3714
 20
140.7862
 30
0.0
 10
2.2006
 20
140.6357
 30
0.0
 10
2.0714
 20
140.452
 30
0.0
 10
1.9505
 20
140.2826
 30
0.0
 10
1.8563
 20
140.0957
 30
0.0
 10
1.7919
 20
139.8976
 30
0.0
 10
1.7444
 20
139.7368
 30
0.0
 10
1.7238
 20
139.5692
 30
0.0
 10
1.7312
 20
139.4017
 30
0.0
 10
1.74
 20
139.2147
 30
0.0
 10
1.7746
 20
139.0296
 30
0.0
 10
1.8337
 20
138.8519
 30
0.0
 10
1.8337
 20
138.8519
 30
0.0
 10
1.9036
 20
138.6569
 30
0.0
 10
1.9036
 20
138.6569
 30
0.0
 10
1.9036
 20
138.6569
 30
0.0
 10
1.9722
 20
138.2636
 30
0.0
 10
1.9722
 20
138.2636
 30
0.0
 10
2.1723
 20
137.2463
 30
0.0
 10
2.4432
 20
136.2442
 30
0.0
 10
2.7836
 20
135.265
 30
0.0
 10
3.1614
 20
134.1599
 30
0.0
 10
3.5937
 20
133.0741
 30
0.0
 10
4.0784
 20
132.0115
 30
0.0
 10
4.0784
 20
132.0115
 30
0.0
 10
4.7276
 20
130.6074
 30
0.0
 10
4.7276
 20
130.6074
 30
0.0
 10
5.4613
 20
129.0569
 30
0.0
 10
6.2704
 20
127.5432
 30
0.0
 10
7.1516
 20
126.0716
 30
0.0
 10
7.477
 20
125.5304
 30
0.0
 10
7.8149
 20
124.9971
 30
0.0
 10
8.1645
 20
124.4713
 30
0.0
 10
8.2065
 20
124.3529
 30
0.0
 10
8.2758
 20
124.2461
 30
0.0
 10
8.3662
 20
124.1593
 30
0.0
 10
8.4355
 20
124.0877
 30
0.0
 10
8.5109
 20
124.0224
 30
0.0
 10
8.5917
 20
123.9643
 30
0.0
 10
8.7323
 20
123.7919
 30
0.0
 10
8.9418
 20
123.6903
 30
0.0
 10
9.1643
 20
123.6871
 30
0.0
 10
9.1643
 20
123.6871
 30
0.0
 10
9.2938
 20
123.6961
 30
0.0
 10
9.2938
 20
123.6961
 30
0.0
  0
SPLINE
  5
7C
330
1F
100
AcDbEntity
  8
#Layer 1
370
     9
100
AcDbSpline
210
0.0
220
0.0
230
1.0
 70
    11
 71
     3
 72
   146
 73
   142
 74
     0
 42
0.0000000001
 43
0.0000000001
 40
0.0
 40
0.0
 40
0.0
 40
0.0
 40
0.0212765957446809
 40
0.0212765957446809
 40
0.0212765957446809
 40
0.0425531914893617
 40
0.0425531914893617
 40
0.0425531914893617
 40
0.0638297872340425
 40
0.0638297872340425
 40
0.0638297872340425
 40
0.0851063829787234
 40
0.0851063829787234
 40
0.0851063829787234
 40
0.1063829787234043
 40
0.1063829787234043
 40
0.1063829787234043
 40
0.1276595744680851
 40
0.1276595744680851
 40
0.1276595744680851
 40
0.148936170212766
 40
0.148936170212766
 40
0.148936170212766
 40
0.1702127659574468
 40
0.1702127659574468
 40
0.1702127659574468
 40
0.1914893617021277
 40
0.1914893617021277
 40
0.1914893617021277
 40
0.2127659574468085
 40
0.2127659574468085
 40
0.2127659574468085
 40
0.2340425531914894
 40
0.2340425531914894
 40
0.2340425531914894
 40
0.2553191489361702
 40
0.2553191489361702
 40
0.2553191489361702
 40
0.2765957446808511
 40
0.2765957446808511
 40
0.2765957446808511
 40
0.2978723404255319
 40
0.2978723404255319
 40
0.2978723404255319
 40
0.3191489361702128
 40
0.3191489361702128
 40
0.3191489361702128
 40
0.3404255319148936
 40
0.3404255319148936
 40
0.3404255319148936
 40
0.3617021276595744
 40
0.3617021276595744
 40
0.3617021276595744
 40
0.3829787234042553
 40
0.3829787234042553
 40
0.3829787234042553
 40
0.4042553191489361
 40
0.4042553191489361
 40
0.4042553191489361
 40
0.425531914893617
 40
0.425531914893617
 40
0.425531914893617
 40
0.4468085106382979
 40
0.4468085106382979
 40
0.4468085106382979
 40
0.4680851063829787
 40
0.4680851063829787
 40
0.4680851063829787
 40
0.4893617021276596
 40
0.4893617021276596
 40
0.4893617021276596
 40
0.5106382978723404
 40
0.5106382978723404
 40
0.5106382978723404
 40
0.5319148936170213
 40
0.5319148936170213
 40
0.5319148936170213
 40
0.5531914893617021
 40
0.5531914893617021
 40
0.5531914893617021
 40
0.5744680851063829
 40
0.5744680851063829
 40
0.5744680851063829
 40
0.5957446808510638
 40
0.5957446808510638
 40
0.5957446808510638
 40
0.6170212765957447
 40
0.6170212765957447
 40
0.6170212765957447
 40
0.6382978723404256
 40
0.6382978723404256
 40
0.6382978723404256
 40
0.6595744680851063
 40
0.6595744680851063
 40
0.6595744680851063
 40
0.6808510638297872
 40
0.6808510638297872
 40
0.6808510638297872
 40
0.7021276595744681
 40
0.7021276595744681
 40
0.7021276595744681
 40
0.7234042553191489
 40
0.7234042553191489
 40
0.7234042553191489
 40
0.7446808510638298
 40
0.7446808510638298
 40
0.7446808510638298
 40
0.7659574468085106
 40
0.7659574468085106
 40
0.7659574468085106
 40
0.7872340425531915
 40
0.7872340425531915
 40
0.7872340425531915
 40
0.8085106382978723
 40
0.8085106382978723
 40
0.8085106382978723
 40
0.8297872340425532
 40
0.8297872340425532
 40
0.8297872340425532
 40
0.851063829787234
 40
0.851063829787234
 40
0.851063829787234
 40
0.8723404255319148
 40
0.8723404255319148
 40
0.8723404255319148
 40
0.8936170212765957
 40
0.8936170212765957
 40
0.8936170212765957
 40
0.9148936170212766
 40
0.9148936170212766
 40
0.9148936170212766
 40
0.9361702127659575
 40
0.9361702127659575
 40
0.9361702127659575
 40
0.9574468085106382
 40
0.9574468085106382
 40
0.9574468085106382
 40
0.9787234042553191
 40
0.9787234042553191
 40
0.9787234042553191
 40
1.0
 40
1.0
 40
1.0
 40
1.0
 10
24.5939
 20
123.6949
 30
0.0
 10
25.7082
 20
123.721
 30
0.0
 10
26.8086
 20
123.949
 30
0.0
 10
27.8416
 20
124.3677
 30
0.0
 10
28.4056
 20
124.5932
 30
0.0
 10
28.9508
 20
124.863
 30
0.0
 10
29.4721
 20
125.1745
 30
0.0
 10
29.7122
 20
125.3204
 30
0.0
 10
29.9462
 20
125.476
 30
0.0
 10
30.1733
 20
125.6412
 30
0.0
 10
30.1733
 20
125.6412
 30
0.0
 10
30.4943
 20
125.8914
 30
0.0
 10
30.4943
 20
125.8914
 30
0.0
 10
30.4943
 20
125.8914
 30
0.0
 10
30.8449
 20
126.1933
 30
0.0
 10
30.8449
 20
126.1933
 30
0.0
 10
30.8961
 20
126.2383
 30
0.0
 10
30.9543
 20
126.2747
 30
0.0
 10
31.0173
 20
126.3015
 30
0.0
 10
31.0634
 20
126.3223
 30
0.0
 10
31.1151
 20
126.328
 30
0.0
 10
31.1648
 20
126.3183
 30
0.0
 10
31.2278
 20
126.3017
 30
0.0
 10
31.2825
 20
126.2623
 30
0.0
 10
31.318
 20
126.208
 30
0.0
 10
31.3812
 20
126.1092
 30
0.0
 10
31.4262
 20
126.0001
 30
0.0
 10
31.4512
 20
125.8856
 30
0.0
 10
31.5063
 20
125.6375
 30
0.0
 10
31.5384
 20
125.3848
 30
0.0
 10
31.5469
 20
125.1307
 30
0.0
 10
31.5555
 20
124.9583
 30
0.0
 10
31.5592
 20
124.7859
 30
0.0
 10
31.5583
 20
124.6133
 30
0.0
 10
31.5583
 20
124.6133
 30
0.0
 10
31.5661
 20
124.4962
 30
0.0
 10
31.5661
 20
124.4962
 30
0.0
 10
31.5802
 20
124.3562
 30
0.0
 10
31.6409
 20
124.2248
 30
0.0
 10
31.7385
 20
124.1231
 30
0.0
 10
31.8184
 20
124.046
 30
0.0
 10
31.9137
 20
123.9867
 30
0.0
 10
32.018
 20
123.9486
 30
0.0
 10
32.1876
 20
123.8812
 30
0.0
 10
32.3635
 20
123.8309
 30
0.0
 10
32.543
 20
123.7986
 30
0.0
 10
32.7644
 20
123.7603
 30
0.0
 10
32.9912
 20
123.7688
 30
0.0
 10
33.2091
 20
123.8235
 30
0.0
 10
33.3776
 20
123.8625
 30
0.0
 10
33.5438
 20
123.9121
 30
0.0
 10
33.706
 20
123.9721
 30
0.0
 10
33.9506
 20
124.0573
 30
0.0
 10
34.1362
 20
124.2597
 30
0.0
 10
34.1997
 20
124.5108
 30
0.0
 10
34.2214
 20
124.589
 30
0.0
 10
34.2366
 20
124.6689
 30
0.0
 10
34.2447
 20
124.7497
 30
0.0
 10
34.2447
 20
124.7497
 30
0.0
 10
34.2525
 20
124.9311
 30
0.0
 10
34.2525
 20
124.9311
 30
0.0
 10
34.2525
 20
124.9311
 30
0.0
 10
34.2998
 20
137.6112
 30
0.0
 10
34.2998
 20
137.6112
 30
0.0
 10
34.2786
 20
137.9361
 30
0.0
 10
34.141
 20
138.2426
 30
0.0
 10
33.9123
 20
138.4744
 30
0.0
 10
33.7379
 20
138.6456
 30
0.0
 10
33.514
 20
138.7578
 30
0.0
 10
33.2721
 20
138.7945
 30
0.0
 10
33.0321
 20
138.8307
 30
0.0
 10
32.7875
 20
138.8212
 30
0.0
 10
32.5509
 20
138.7663
 30
0.0
 10
32.4655
 20
138.7455
 30
0.0
 10
32.384
 20
138.7109
 30
0.0
 10
32.3097
 20
138.6636
 30
0.0
 10
32.3097
 20
138.6636
 30
0.0
 10
32.1892
 20
138.578
 30
0.0
 10
32.1892
 20
138.578
 30
0.0
 10
32.1892
 20
138.578
 30
0.0
 10
32.1283
 20
138.56
 30
0.0
 10
32.1283
 20
138.56
 30
0.0
 10
32.1283
 20
138.56
 30
0.0
 10
32.0653
 20
138.5634
 30
0.0
 10
32.0653
 20
138.5634
 30
0.0
 10
32.0161
 20
138.5752
 30
0.0
 10
31.9705
 20
138.5987
 30
0.0
 10
31.9324
 20
138.6322
 30
0.0
 10
31.8486
 20
138.7091
 30
0.0
 10
31.7761
 20
138.7975
 30
0.0
 10
31.717
 20
138.8946
 30
0.0
 10
31.717
 20
138.8946
 30
0.0
 10
31.6393
 20
138.986
 30
0.0
 10
31.6393
 20
138.986
 30
0.0
 10
31.4244
 20
139.1979
 30
0.0
 10
31.1897
 20
139.389
 30
0.0
 10
30.9384
 20
139.5561
 30
0.0
 10
30.5624
 20
139.8243
 30
0.0
 10
30.1634
 20
140.0585
 30
0.0
 10
29.7461
 20
140.2561
 30
0.0
 10
29.2406
 20
140.4878
 30
0.0
 10
28.7177
 20
140.6793
 30
0.0
 10
28.182
 20
140.8284
 30
0.0
 10
27.3248
 20
140.9874
 30
0.0
 10
26.4485
 20
141.0142
 30
0.0
 10
25.5833
 20
140.9074
 30
0.0
 10
24.4522
 20
140.7751
 30
0.0
 10
23.3472
 20
140.4742
 30
0.0
 10
22.3051
 20
140.0149
 30
0.0
 10
21.4787
 20
139.6419
 30
0.0
 10
20.7108
 20
139.151
 30
0.0
 10
20.0254
 20
138.5577
 30
0.0
 10
19.6171
 20
138.2027
 30
0.0
 10
19.2504
 20
137.8028
 30
0.0
 10
18.9323
 20
137.3654
 30
0.0
 10
18.9323
 20
137.3654
 30
0.0
 10
18.5716
 20
136.8427
 30
0.0
 10
18.5716
 20
136.8427
 30
0.0
 10
18.1061
 20
136.1413
 30
0.0
 10
17.7565
 20
135.3695
 30
0.0
 10
17.536
 20
134.5571
 30
0.0
 10
17.1059
 20
133.0611
 30
0.0
 10
17.0308
 20
131.4851
 30
0.0
 10
17.3175
 20
129.9549
 30
0.0
 10
17.4421
 20
129.2898
 30
0.0
 10
17.6528
 20
128.6433
 30
0.0
 10
17.9439
 20
128.0324
 30
0.0
 10
18.0558
 20
127.8003
 30
0.0
 10
18.1742
 20
127.5715
 30
0.0
 10
18.299
 20
127.3461
 30
0.0
 10
18.9224
 20
126.2203
 30
0.0
 10
19.8167
 20
125.2673
 30
0.0
 10
20.901
 20
124.574
 30
0.0
 10
21.7185
 20
124.07
 30
0.0
 10
22.6472
 20
123.7746
 30
0.0
 10
23.6056
 20
123.7129
 30
0.0
 10
23.6056
 20
123.7129
 30
0.0
 10
23.8558
 20
123.6996
 30
0.0
 10
23.8558
 20
123.6996
 30
0.0
 10
24.1016
 20
123.6906
 30
0.0
 10
24.3479
 20
123.6892
 30
0.0
 10
24.5939
 20
123.6949
 30
0.0
  0
SPLINE
  5
7D
330
1F
100
AcDbEntity
  8
#Layer 1
370
     9
100
AcDbSpline
210
0.0
220
0.0
230
1.0
 70
    11
 71
     3
 72
    83
 73
    79
 74
     0
 42
0.0000000001
 43
0.0000000001
 40
0.0
 40
0.0
 40
0.0
 40
0.0
 40
0.0384615384615385
 40
0.0384615384615385
 40
0.0384615384615385
 40
0.0769230769230769
 40
0.0769230769230769
 40
0.0769230769230769
 40
0.1153846153846154
 40
0.1153846153846154
 40
0.1153846153846154
 40
0.1538461538461539
 40
0.1538461538461539
 40
0.1538461538461539
 40
0.1923076923076923
 40
0.1923076923076923
 40
0.1923076923076923
 40
0.2307692307692308
 40
0.2307692307692308
 40
0.2307692307692308
 40
0.2692307692307693
 40
0.2692307692307693
 40
0.2692307692307693
 40
0.3076923076923077
 40
0.3076923076923077
 40
0.3076923076923077
 40
0.3461538461538461
 40
0.3461538461538461
 40
0.3461538461538461
 40
0.3846153846153846
 40
0.3846153846153846
 40
0.3846153846153846
 40
0.4230769230769231
 40
0.4230769230769231
 40
0.4230769230769231
 40
0.4615384615384616
 40
0.4615384615384616
 40
0.4615384615384616
 40
0.5
 40
0.5
 40
0.5
 40
0.5384615384615385
 40
0.5384615384615385
 40
0.5384615384615385
 40
0.576923076923077
 40
0.576923076923077
 40
0.576923076923077
 40
0.6153846153846154
 40
0.6153846153846154
 40
0.6153846153846154
 40
0.6538461538461539
 40
0.6538461538461539
 40
0.6538461538461539
 40
0.6923076923076923
 40
0.6923076923076923
 40
0.6923076923076923
 40
0.7307692307692308
 40
0.7307692307692308
 40
0.7307692307692308
 40
0.7692307692307693
 40
0.7692307692307693
 40
0.7692307692307693
 40
0.8076923076923077
 40
0.8076923076923077
 40
0.8076923076923077
 40
0.8461538461538463
 40
0.8461538461538463
 40
0.8461538461538463
 40
0.8846153846153847
 40
0.8846153846153847
 40
0.8846153846153847
 40
0.9230769230769231
 40
0.9230769230769231
 40
0.9230769230769231
 40
0.9615384615384616
 40
0.9615384615384616
 40
0.9615384615384616
 40
1.0
 40
1.0
 40
1.0
 40
1.0
 10
24.6479
 20
126.4684
 30
0.0
 10
24.6479
 20
126.4684
 30
0.0
 10
24.337
 20
126.4907
 30
0.0
 10
24.337
 20
126.4907
 30
0.0
 10
24.0291
 20
126.5251
 30
0.0
 10
23.7261
 20
126.5928
 30
0.0
 10
23.4332
 20
126.6925
 30
0.0
 10
23.2345
 20
126.7596
 30
0.0
 10
23.0409
 20
126.8411
 30
0.0
 10
22.854
 20
126.9359
 30
0.0
 10
22.6605
 20
127.0352
 30
0.0
 10
22.4734
 20
127.1462
 30
0.0
 10
22.2938
 20
127.2683
 30
0.0
 10
21.6873
 20
127.6883
 30
0.0
 10
21.1844
 20
128.2411
 30
0.0
 10
20.8232
 20
128.8843
 30
0.0
 10
20.6582
 20
129.1702
 30
0.0
 10
20.5195
 20
129.4705
 30
0.0
 10
20.4085
 20
129.7814
 30
0.0
 10
20.1645
 20
130.4142
 30
0.0
 10
20.0101
 20
131.078
 30
0.0
 10
19.9499
 20
131.7535
 30
0.0
 10
19.8777
 20
132.6296
 30
0.0
 10
20.0233
 20
133.5098
 30
0.0
 10
20.3736
 20
134.316
 30
0.0
 10
20.5638
 20
134.7646
 30
0.0
 10
20.805
 20
135.1895
 30
0.0
 10
21.0925
 20
135.5828
 30
0.0
 10
21.7065
 20
136.3984
 30
0.0
 10
22.511
 20
137.0515
 30
0.0
 10
23.4353
 20
137.485
 30
0.0
 10
24.0148
 20
137.7663
 30
0.0
 10
24.6327
 20
137.9606
 30
0.0
 10
25.269
 20
138.0619
 30
0.0
 10
25.9475
 20
138.166
 30
0.0
 10
26.6399
 20
138.1397
 30
0.0
 10
27.3085
 20
137.9842
 30
0.0
 10
27.5035
 20
137.9398
 30
0.0
 10
27.6973
 20
137.8909
 30
0.0
 10
27.8901
 20
137.8376
 30
0.0
 10
28.3761
 20
137.7044
 30
0.0
 10
28.8321
 20
137.4792
 30
0.0
 10
29.2333
 20
137.1738
 30
0.0
 10
29.5245
 20
136.9454
 30
0.0
 10
29.7765
 20
136.6709
 30
0.0
 10
29.9794
 20
136.3615
 30
0.0
 10
30.2681
 20
135.922
 30
0.0
 10
30.4913
 20
135.4429
 30
0.0
 10
30.642
 20
134.9393
 30
0.0
 10
30.7399
 20
134.6197
 30
0.0
 10
30.8183
 20
134.2947
 30
0.0
 10
30.8763
 20
133.9656
 30
0.0
 10
30.8763
 20
133.9656
 30
0.0
 10
30.9215
 20
133.5892
 30
0.0
 10
30.9215
 20
133.5892
 30
0.0
 10
30.9543
 20
133.2146
 30
0.0
 10
30.9538
 20
132.838
 30
0.0
 10
30.9203
 20
132.4634
 30
0.0
 10
30.897
 20
132.2121
 30
0.0
 10
30.8599
 20
131.9623
 30
0.0
 10
30.8086
 20
131.7152
 30
0.0
 10
30.7272
 20
131.3367
 30
0.0
 10
30.6164
 20
130.9653
 30
0.0
 10
30.4775
 20
130.6039
 30
0.0
 10
30.2631
 20
130.0283
 30
0.0
 10
29.9785
 20
129.4816
 30
0.0
 10
29.63
 20
128.9757
 30
0.0
 10
29.4954
 20
128.7823
 30
0.0
 10
29.351
 20
128.5963
 30
0.0
 10
29.1973
 20
128.4179
 30
0.0
 10
28.6662
 20
127.6934
 30
0.0
 10
27.9284
 20
127.1467
 30
0.0
 10
27.0809
 20
126.8492
 30
0.0
 10
26.6738
 20
126.7021
 30
0.0
 10
26.254
 20
126.5932
 30
0.0
 10
25.8268
 20
126.5235
 30
0.0
 10
25.437
 20
126.4614
 30
0.0
 10
25.0416
 20
126.443
 30
0.0
 10
24.6479
 20
126.4684
 30
0.0
  0
ENDSEC
  0
SECTION
  2
OBJECTS
  0
DICTIONARY
  5
C
330
0
100
AcDbDictionary
281
     1
  3
ACAD_DETAILVIEWSTYLE
350
85
  3
ACAD_GROUP
350
D
  3
ACAD_LAYOUT
350
1A
  3
ACAD_MATERIAL
350
43
  3
ACAD_MLEADERSTYLE
350
5B
  3
ACAD_MLINESTYLE
350
17
  3
ACAD_PLOTSETTINGS
350
19
  3
ACAD_PLOTSTYLENAME
350
E
  3
ACAD_SCALELIST
350
47
  3
ACAD_SECTIONVIEWSTYLE
350
86
  3
ACAD_TABLESTYLE
350
59
  3
ACAD_VISUALSTYLE
350
2A
  3
ACDB_RECOMPOSE_DATA
350
82
  3
AcDbVariableDictionary
350
7E
  0
SUN
  5
5D
330
29
100
AcDbSun
 90
        1
290
     0
 63
     7
421
 16777215
 40
1.0
291
     1
 91
  2455826
 92
 54000000
292
     0
 70
     2
 71
   256
280
     1
  0
DICTIONARY
  5
85
102
{ACAD_REACTORS
330
C
102
}
330
C
100
AcDbDictionary
281
     1
  0
DICTIONARY
  5
D
102
{ACAD_REACTORS
330
C
102
}
330
C
100
AcDbDictionary
281
     1
  0
DICTIONARY
  5
1A
102
{ACAD_REACTORS
330
C
102
}
330
C
100
AcDbDictionary
281
     1
  3
Layout1
350
1E
  3
Layout2
350
26
  3
Model
350
22
  0
DICTIONARY
  5
43
102
{ACAD_REACTORS
330
C
102
}
330
C
100
AcDbDictionary
281
     1
  3
ByBlock
350
45
  3
ByLayer
350
44
  3
Global
350
46
  0
DICTIONARY
  5
5B
102
{ACAD_REACTORS
330
C
102
}
330
C
100
AcDbDictionary
281
     1
  3
Standard
350
5C
  0
DICTIONARY
  5
17
102
{ACAD_REACTORS
330
C
102
}
330
C
100
AcDbDictionary
281
     1
  3
Standard
350
18
  0
DICTIONARY
  5
19
102
{ACAD_REACTORS
330
C
102
}
330
C
100
AcDbDictionary
281
     1
  0
ACDBDICTIONARYWDFLT
  5
E
102
{ACAD_REACTORS
330
C
102
}
330
C
100
AcDbDictionary
281
     1
  3
Normal
350
F
100
AcDbDictionaryWithDefault
340
F
  0
DICTIONARY
  5
47
102
{ACAD_REACTORS
330
C
102
}
330
C
100
AcDbDictionary
281
     1
  3
A0
350
48
  3
A1
350
49
  3
A2
350
4A
  3
A3
350
4B
  3
A4
350
4C
  3
A5
350
4D
  3
A6
350
4E
  3
A7
350
4F
  3
A8
350
50
  3
A9
350
51
  3
B1
350
52
  3
B2
350
53
  3
B3
350
54
  3
B4
350
55
  3
B5
350
56
  3
B6
350
57
  3
B7
350
58
  0
DICTIONARY
  5
86
102
{ACAD_REACTORS
330
C
102
}
330
C
100
AcDbDictionary
281
     1
  0
DICTIONARY
  5
59
102
{ACAD_REACTORS
330
C
102
}
330
C
100
AcDbDictionary
281
     1
  3
Standard
350
5A
  0
DICTIONARY
  5
2A
102
{ACAD_REACTORS
330
C
102
}
330
C
100
AcDbDictionary
281
     1
  3
2dWireframe
350
2F
  3
Basic
350
32
  3
Brighten
350
36
  3
ColorChange
350
3A
  3
Conceptual
350
34
  3
Dim
350
35
  3
EdgeColorOff
350
3D
  3
Facepattern
350
39
  3
Flat
350
2B
  3
FlatWithEdges
350
2C
  3
Gouraud
350
2D
  3
GouraudWithEdges
350
2E
  3
Hidden
350
31
  3
JitterOff
350
3B
  3
Linepattern
350
38
  3
OverhangOff
350
3C
  3
Realistic
350
33
  3
Shaded
350
42
  3
Shaded with edges
350
41
  3
Shades of Gray
350
3E
  3
Sketchy
350
3F
  3
Thicken
350
37
  3
Wireframe
350
30
  3
X-Ray
350
40
  0
XRECORD
  5
82
102
{ACAD_REACTORS
330
C
102
}
330
C
100
AcDbXrecord
280
     1
 90
        1
330
5A
  0
DICTIONARY
  5
7E
102
{ACAD_REACTORS
330
C
102
}
330
C
100
AcDbDictionary
281
     1
  3
CANNOSCALE
350
7F
  3
CMLEADERSTYLE
350
84
  3
CTABLESTYLE
350
83
  0
LAYOUT
  5
1E
102
{ACAD_REACTORS
330
1A
102
}
330
1A
100
AcDbPlotSettings
  1

  2
none_device
  4

  6

 40
0.0
 41
0.0
 42
0.0
 43
0.0
 44
0.0
 45
0.0
 46
0.0
 47
0.0
 48
0.0
 49
0.0
140
0.0
141
0.0
142
1.0
143
1.0
 70
   688
 72
     0
 73
     0
 74
     5
  7

 75
    16
 76
     0
 77
     2
 78
   300
147
1.0
148
0.0
149
0.0
100
AcDbLayout
  1
Layout1
 70
     1
 71
     1
 10
0.0
 20
0.0
 11
12.0
 21
9.0
 12
0.0
 22
0.0
 32
0.0
 14
1.000000000000000E+20
 24
1.000000000000000E+20
 34
1.000000000000000E+20
 15
-1.000000000000000E+20
 25
-1.000000000000000E+20
 35
-1.000000000000000E+20
146
0.0
 13
0.0
 23
0.0
 33
0.0
 16
1.0
 26
0.0
 36
0.0
 17
0.0
 27
1.0
 37
0.0
 76
     0
330
1B
  0
LAYOUT
  5
26
102
{ACAD_REACTORS
330
1A
102
}
330
1A
100
AcDbPlotSettings
  1

  2
none_device
  4

  6

 40
0.0
 41
0.0
 42
0.0
 43
0.0
 44
0.0
 45
0.0
 46
0.0
 47
0.0
 48
0.0
 49
0.0
140
0.0
141
0.0
142
1.0
143
1.0
 70
   688
 72
     0
 73
     0
 74
     5
  7

 75
    16
 76
     0
 77
     2
 78
   300
147
1.0
148
0.0
149
0.0
100
AcDbLayout
  1
Layout2
 70
     1
 71
     2
 10
0.0
 20
0.0
 11
0.0
 21
0.0
 12
0.0
 22
0.0
 32
0.0
 14
0.0
 24
0.0
 34
0.0
 15
0.0
 25
0.0
 35
0.0
146
0.0
 13
0.0
 23
0.0
 33
0.0
 16
1.0
 26
0.0
 36
0.0
 17
0.0
 27
1.0
 37
0.0
 76
     0
330
23
  0
LAYOUT
  5
22
102
{ACAD_REACTORS
330
1A
102
}
330
1A
100
AcDbPlotSettings
  1

  2
none_device
  4
Letter_(8.50_x_11.00_Inches)
  6

 40
6.35
 41
6.35
 42
6.35000508
 43
6.35000508
 44
215.9
 45
279.4
 46
0.0
 47
0.0
 48
0.0
 49
0.0
140
0.0
141
0.0
142
1.0
143
1.0
 70
  1712
 72
     0
 73
     0
 74
     0
  7

 75
     0
 76
     0
 77
     2
 78
   300
147
1.0
148
0.0
149
0.0
100
AcDbLayout
  1
Model
 70
     1
 71
     0
 10
0.0
 20
0.0
 11
12.0
 21
9.0
 12
0.0
 22
0.0
 32
0.0
 14
-221.9618
 24
26.563
 34
0.0
 15
55.3176
 25
151.4578
 35
0.0
146
0.0
 13
0.0
 23
0.0
 33
0.0
 16
1.0
 26
0.0
 36
0.0
 17
0.0
 27
1.0
 37
0.0
 76
     0
330
1F
331
29
  0
MATERIAL
  5
45
102
{ACAD_REACTORS
330
43
102
}
330
43
100
AcDbMaterial
  1
ByBlock
 72
     1
 94
      127
  0
MATERIAL
  5
44
102
{ACAD_REACTORS
330
43
102
}
330
43
100
AcDbMaterial
  1
ByLayer
 72
     1
 94
      127
  0
MATERIAL
  5
46
102
{ACAD_REACTORS
330
43
102
}
330
43
100
AcDbMaterial
  1
Global
 72
     1
 94
      127
  0
MLEADERSTYLE
  5
5C
102
{ACAD_REACTORS
330
5B
102
}
330
5B
100
AcDbMLeaderStyle
179
     2
170
     2
171
     1
172
     0
 90
        2
 40
0.0
 41
0.0
173
     1
 91
-1056964608
340
14
 92
       -2
290
     1
 42
0.09
291
     1
 43
0.36
  3
Standard
341
0
 44
0.18
300

342
11
174
     1
178
     6
175
     1
176
     0
 93
-1056964608
 45
0.18
292
     0
297
     0
 46
0.18
343
0
 94
-1056964608
 47
1.0
 49
1.0
140
1.0
293
     1
141
0.0
294
     1
177
     0
142
1.0
295
     0
296
     0
143
0.125
271
     0
272
     9
273
     9
298
     0
  0
MLINESTYLE
  5
18
102
{ACAD_REACTORS
330
17
102
}
330
17
100
AcDbMlineStyle
  2
Standard
 70
     0
  3

 62
   256
 51
90.0
 52
90.0
 71
     2
 49
0.5
 62
   256
  6
BYLAYER
 49
-0.5
 62
   256
  6
BYLAYER
  0
ACDBPLACEHOLDER
  5
F
102
{ACAD_REACTORS
330
E
102
}
330
E
  0
SCALE
  5
48
102
{ACAD_REACTORS
330
47
102
}
330
47
100
AcDbScale
 70
     0
300
1:1
140
1.0
141
1.0
290
     1
  0
SCALE
  5
49
102
{ACAD_REACTORS
330
47
102
}
330
47
100
AcDbScale
 70
     0
300
1/128" = 1'-0"
140
0.0078125
141
12.0
290
     0
  0
SCALE
  5
4A
102
{ACAD_REACTORS
330
47
102
}
330
47
100
AcDbScale
 70
     0
300
1/64" = 1'-0"
140
0.015625
141
12.0
290
     0
  0
SCALE
  5
4B
102
{ACAD_REACTORS
330
47
102
}
330
47
100
AcDbScale
 70
     0
300
1/32" = 1'-0"
140
0.03125
141
12.0
290
     0
  0
SCALE
  5
4C
102
{ACAD_REACTORS
330
47
102
}
330
47
100
AcDbScale
 70
     0
300
1/16" = 1'-0"
140
0.0625
141
12.0
290
     0
  0
SCALE
  5
4D
102
{ACAD_REACTORS
330
47
102
}
330
47
100
AcDbScale
 70
     0
300
3/32" = 1'-0"
140
0.09375
141
12.0
290
     0
  0
SCALE
  5
4E
102
{ACAD_REACTORS
330
47
102
}
330
47
100
AcDbScale
 70
     0
300
1/8" = 1'-0"
140
0.125
141
12.0
290
     0
  0
SCALE
  5
4F
102
{ACAD_REACTORS
330
47
102
}
330
47
100
AcDbScale
 70
     0
300
3/16" = 1'-0"
140
0.1875
141
12.0
290
     0
  0
SCALE
  5
50
102
{ACAD_REACTORS
330
47
102
}
330
47
100
AcDbScale
 70
     0
300
1/4" = 1'-0"
140
0.25
141
12.0
290
     0
  0
SCALE
  5
51
102
{ACAD_REACTORS
330
47
102
}
330
47
100
AcDbScale
 70
     0
300
3/8" = 1'-0"
140
0.375
141
12.0
290
     0
  0
SCALE
  5
52
102
{ACAD_REACTORS
330
47
102
}
330
47
100
AcDbScale
 70
     0
300
1/2" = 1'-0"
140
0.5
141
12.0
290
     0
  0
SCALE
  5
53
102
{ACAD_REACTORS
330
47
102
}
330
47
100
AcDbScale
 70
     0
300
3/4" = 1'-0"
140
0.75
141
12.0
290
     0
  0
SCALE
  5
54
102
{ACAD_REACTORS
330
47
102
}
330
47
100
AcDbScale
 70
     0
300
1" = 1'-0"
140
1.0
141
12.0
290
     0
  0
SCALE
  5
55
102
{ACAD_REACTORS
330
47
102
}
330
47
100
AcDbScale
 70
     0
300
1-1/2" = 1'-0"
140
1.5
141
12.0
290
     0
  0
SCALE
  5
56
102
{ACAD_REACTORS
330
47
102
}
330
47
100
AcDbScale
 70
     0
300
3" = 1'-0"
140
3.0
141
12.0
290
     0
  0
SCALE
  5
57
102
{ACAD_REACTORS
330
47
102
}
330
47
100
AcDbScale
 70
     0
300
6" = 1'-0"
140
6.0
141
12.0
290
     0
  0
SCALE
  5
58
102
{ACAD_REACTORS
330
47
102
}
330
47
100
AcDbScale
 70
     0
300
1'-0" = 1'-0"
140
12.0
141
12.0
290
     0
  0
TABLESTYLE
  5
5A
102
{ACAD_REACTORS
330
59
102
}
102
{ACAD_XDICTIONARY
360
80
102
}
330
59
100
AcDbTableStyle
  3
Standard
 70
     0
 71
     0
 40
0.06
 41
0.06
280
     0
281
     0
  7
Standard
140
0.18
170
     2
 62
     0
 63
   257
283
     0
 90
        4
 91
        0
  1

274
    -2
284
     1
 64
     0
275
    -2
285
     1
 65
     0
276
    -2
286
     1
 66
     0
277
    -2
287
     1
 67
     0
278
    -2
288
     1
 68
     0
279
    -2
289
     1
 69
     0
  7
Standard
140
0.25
170
     5
 62
     0
 63
   257
283
     0
 90
        4
 91
        0
  1

274
    -2
284
     1
 64
     0
275
    -2
285
     1
 65
     0
276
    -2
286
     1
 66
     0
277
    -2
287
     1
 67
     0
278
    -2
288
     1
 68
     0
279
    -2
289
     1
 69
     0
  7
Standard
140
0.18
170
     5
 62
     0
 63
   257
283
     0
 90
        4
 91
        0
  1

274
    -2
284
     1
 64
     0
275
    -2
285
     1
 65
     0
276
    -2
286
     1
 66
     0
277
    -2
287
     1
 67
     0
278
    -2
288
     1
 68
     0
279
    -2
289
     1
 69
     0
  0
VISUALSTYLE
  5
2F
102
{ACAD_REACTORS
330
2A
102
}
330
2A
100
AcDbVisualStyle
  2
2dWireframe
 70
     4
177
     3
291
     0
 70
    58
 90
        0
176
     1
 90
        2
176
     1
 90
        0
176
     1
 90
        0
176
     1
 40
0.6
176
     1
 40
30.0
176
     1
 62
     7
420
 16777215
176
     1
 90
        1
176
     1
 90
        4
176
     1
 62
     7
176
     1
 62
   257
176
     1
 90
        1
176
     1
 90
        1
176
     1
 40
1.0
176
     1
 90
        0
176
     1
 62
   257
176
     1
 40
1.0
176
     1
 90
        1
176
     1
 90
        6
176
     1
 90
        2
176
     1
 62
     7
176
     1
 90
        5
176
     1
 90
        0
176
     1
 90
        0
176
     1
290
     0
176
     1
 90
        1
176
     1
 40
0.0
176
     1
 90
        0
176
     1
290
     1
176
     1
290
     1
176
     1
290
     0
176
     1
290
     0
176
     1
290
     0
176
     1
290
     0
176
     1
290
     0
176
     1
290
     0
176
     1
290
     0
176
     1
 90
       50
176
     1
 40
0.0
176
     1
 40
1.0
176
     1
 90
        0
176
     1
 62
    18
420
        0
176
     1
 90
       50
176
     1
 90
        3
176
     1
 62
     5
420
      255
176
     1
290
     0
176
     1
 90
       50
176
     1
 90
       50
176
     1
 90
       50
176
     1
290
     0
176
     1
 90
       50
176
     1
 62
   256
176
     0
 40
1.0
176
     0
 90
        2
176
     1
  1
strokes_ogs.tif
176
     1
290
     0
176
     1
 40
1.0
176
     1
 40
1.0
176
     1
  0
VISUALSTYLE
  5
32
102
{ACAD_REACTORS
330
2A
102
}
330
2A
100
AcDbVisualStyle
  2
Basic
 70
     7
177
     3
291
     1
 70
    58
 90
        1
176
     1
 90
        0
176
     1
 90
        1
176
     1
 90
        0
176
     1
 40
0.6
176
     1
 40
30.0
176
     1
 62
     7
420
 16777215
176
     1
 90
        0
176
     1
 90
        4
176
     1
 62
     7
176
     1
 62
   257
176
     1
 90
        1
176
     1
 90
        1
176
     1
 40
1.0
176
     1
 90
        8
176
     1
 62
     7
176
     1
 40
1.0
176
     1
 90
        1
176
     1
 90
        6
176
     1
 90
        2
176
     1
 62
     7
176
     1
 90
        5
176
     1
 90
        0
176
     1
 90
        0
176
     1
290
     0
176
     1
 90
        1
176
     1
 40
0.0
176
     1
 90
        0
176
     1
290
     0
176
     1
290
     1
176
     1
290
     1
176
     1
290
     0
176
     1
290
     0
176
     1
290
     0
176
     1
290
     0
176
     1
290
     0
176
     1
290
     0
176
     1
 90
       50
176
     1
 40
0.0
176
     1
 40
1.0
176
     1
 90
        0
176
     1
 62
    18
420
        0
176
     1
 90
       50
176
     1
 90
        3
176
     1
 62
     5
420
      255
176
     1
290
     0
176
     1
 90
       50
176
     1
 90
       50
176
     1
 90
       50
176
     1
290
     0
176
     1
 90
       50
176
     1
 62
   256
176
     0
 40
1.0
176
     0
 90
        2
176
     1
  1
strokes_ogs.tif
176
     1
290
     0
176
     1
 40
1.0
176
     1
 40
1.0
176
     1
  0
VISUALSTYLE
  5
36
102
{ACAD_REACTORS
330
2A
102
}
330
2A
100
AcDbVisualStyle
  2
Brighten
 70
    12
177
     3
291
     1
 70
    58
 90
        2
176
     1
 90
        2
176
     1
 90
        0
176
     1
 90
        0
176
     1
 40
0.6
176
     1
 40
30.0
176
     1
 62
     7
420
 16777215
176
     1
 90
        1
176
     1
 90
        4
176
     1
 62
     7
176
     1
 62
   257
176
     1
 90
        1
176
     1
 90
        1
176
     1
 40
1.0
176
     1
 90
        8
176
     1
 62
     7
176
     1
 40
1.0
176
     1
 90
        1
176
     1
 90
        6
176
     1
 90
        2
176
     1
 62
     7
176
     1
 90
        5
176
     1
 90
        0
176
     1
 90
        0
176
     1
290
     0
176
     1
 90
        1
176
     1
 40
50.0
176
     1
 90
        0
176
     1
290
     0
176
     1
290
     1
176
     1
290
     1
176
     1
290
     0
176
     1
290
     0
176
     1
290
     0
176
     1
290
     0
176
     1
290
     0
176
     1
290
     0
176
     1
 90
       50
176
     1
 40
0.0
176
     1
 40
1.0
176
     1
 90
        0
176
     1
 62
    18
420
        0
176
     1
 90
       50
176
     1
 90
        3
176
     1
 62
     5
420
      255
176
     1
290
     0
176
     1
 90
       50
176
     1
 90
       50
176
     1
 90
       50
176
     1
290
     0
176
     1
 90
       50
176
     1
 62
   256
176
     0
 40
1.0
176
     0
 90
        2
176
     1
  1
strokes_ogs.tif
176
     1
290
     0
176
     1
 40
1.0
176
     1
 40
1.0
176
     1
  0
VISUALSTYLE
  5
3A
102
{ACAD_REACTORS
330
2A
102
}
330
2A
100
AcDbVisualStyle
  2
ColorChange
 70
    16
177
     3
291
     1
 70
    58
 90
        2
176
     1
 90
        2
176
     1
 90
        3
176
     1
 90
        0
176
     1
 40
0.6
176
     1
 40
30.0
176
     1
 62
     8
420
  8421504
176
     1
 90
        1
176
     1
 90
        4
176
     1
 62
     7
176
     1
 62
   257
176
     1
 90
        1
176
     1
 90
        1
176
     1
 40
1.0
176
     1
 90
        8
176
     1
 62
     8
420
  8421504
176
     1
 40
1.0
176
     1
 90
        1
176
     1
 90
        6
176
     1
 90
        2
176
     1
 62
     7
176
     1
 90
        5
176
     1
 90
        0
176
     1
 90
        0
176
     1
290
     0
176
     1
 90
        1
176
     1
 40
0.0
176
     1
 90
        0
176
     1
290
     0
176
     1
290
     1
176
     1
290
     1
176
     1
290
     0
176
     1
290
     0
176
     1
290
     0
176
     1
290
     0
176
     1
290
     0
176
     1
290
     0
176
     1
 90
       50
176
     1
 40
0.0
176
     1
 40
1.0
176
     1
 90
        0
176
     1
 62
    18
420
        0
176
     1
 90
       50
176
     1
 90
        3
176
     1
 62
     5
420
      255
176
     1
290
     0
176
     1
 90
       50
176
     1
 90
       50
176
     1
 90
       50
176
     1
290
     0
176
     1
 90
       50
176
     1
 62
   256
176
     0
 40
1.0
176
     0
 90
        2
176
     1
  1
strokes_ogs.tif
176
     1
290
     0
176
     1
 40
1.0
176
     1
 40
1.0
176
     1
  0
VISUALSTYLE
  5
34
102
{ACAD_REACTORS
330
2A
102
}
330
2A
100
AcDbVisualStyle
  2
Conceptual
 70
     9
177
     3
291
     0
 70
    58
 90
        3
176
     1
 90
        2
176
     1
 90
        0
176
     1
 90
        0
176
     1
 40
0.6
176
     1
 40
30.0
176
     1
 62
     7
420
 16777215
176
     1
 90
        2
176
     1
 90
        2
176
     1
 62
     7
176
     1
 62
   257
176
     1
 90
        1
176
     1
 90
        1
176
     1
 40
179.0
176
     1
 90
        8
176
     1
 62
     7
176
     1
 40
1.0
176
     1
 90
        1
176
     1
 90
        6
176
     1
 90
        2
176
     1
 62
     7
176
     1
 90
        3
176
     1
 90
        0
176
     1
 90
        0
176
     1
290
     0
176
     1
 90
        1
176
     1
 40
0.0
176
     1
 90
        0
176
     1
290
     0
176
     1
290
     1
176
     1
290
     1
176
     1
290
     0
176
     1
290
     0
176
     1
290
     0
176
     1
290
     0
176
     1
290
     0
176
     1
290
     0
176
     1
 90
       50
176
     1
 40
0.0
176
     1
 40
1.0
176
     1
 90
        0
176
     1
 62
    18
420
        0
176
     1
 90
       50
176
     1
 90
        3
176
     1
 62
     5
420
      255
176
     1
290
     0
176
     1
 90
       50
176
     1
 90
       50
176
     1
 90
       50
176
     1
290
     0
176
     1
 90
       50
176
     1
 62
   256
176
     0
 40
1.0
176
     0
 90
        2
176
     1
  1
strokes_ogs.tif
176
     1
290
     0
176
     1
 40
1.0
176
     1
 40
1.0
176
     1
  0
VISUALSTYLE
  5
35
102
{ACAD_REACTORS
330
2A
102
}
330
2A
100
AcDbVisualStyle
  2
Dim
 70
    11
177
     3
291
     1
 70
    58
 90
        2
176
     1
 90
        2
176
     1
 90
        0
176
     1
 90
        0
176
     1
 40
0.6
176
     1
 40
30.0
176
     1
 62
     7
420
 16777215
176
     1
 90
        1
176
     1
 90
        4
176
     1
 62
     7
176
     1
 62
   257
176
     1
 90
        1
176
     1
 90
        1
176
     1
 40
1.0
176
     1
 90
        8
176
     1
 62
     7
176
     1
 40
1.0
176
     1
 90
        1
176
     1
 90
        6
176
     1
 90
        2
176
     1
 62
     7
176
     1
 90
        5
176
     1
 90
        0
176
     1
 90
        0
176
     1
290
     0
176
     1
 90
        1
176
     1
 40
-50.0
176
     1
 90
        0
176
     1
290
     0
176
     1
290
     1
176
     1
290
     1
176
     1
290
     0
176
     1
290
     0
176
     1
290
     0
176
     1
290
     0
176
     1
290
     0
176
     1
290
     0
176
     1
 90
       50
176
     1
 40
0.0
176
     1
 40
1.0
176
     1
 90
        0
176
     1
 62
    18
420
        0
176
     1
 90
       50
176
     1
 90
        3
176
     1
 62
     5
420
      255
176
     1
290
     0
176
     1
 90
       50
176
     1
 90
       50
176
     1
 90
       50
176
     1
290
     0
176
     1
 90
       50
176
     1
 62
   256
176
     0
 40
1.0
176
     0
 90
        2
176
     1
  1
strokes_ogs.tif
176
     1
290
     0
176
     1
 40
1.0
176
     1
 40
1.0
176
     1
  0
VISUALSTYLE
  5
3D
102
{ACAD_REACTORS
330
2A
102
}
330
2A
100
AcDbVisualStyle
  2
EdgeColorOff
 70
    22
177
     3
291
     1
 70
    58
 90
        2
176
     0
 90
        2
176
     0
 90
        0
176
     0
 90
        0
176
     0
 40
0.6
176
     0
 40
30.0
176
     0
 62
     7
420
 16777215
176
     0
 90
        1
176
     0
 90
        4
176
     0
 62
     7
176
     0
 62
   257
176
     0
 90
        1
176
     0
 90
        1
176
     0
 40
1.0
176
     0
 90
        8
176
     2
 62
     7
176
     0
 40
1.0
176
     0
 90
        1
176
     0
 90
        6
176
     0
 90
        2
176
     0
 62
     7
176
     0
 90
        5
176
     0
 90
        0
176
     0
 90
        0
176
     0
290
     0
176
     0
 90
        1
176
     0
 40
0.0
176
     0
 90
        0
176
     0
290
     0
176
     0
290
     1
176
     0
290
     1
176
     0
290
     0
176
     0
290
     0
176
     0
290
     0
176
     0
290
     0
176
     0
290
     0
176
     0
290
     0
176
     0
 90
       50
176
     0
 40
0.0
176
     0
 40
1.0
176
     0
 90
        0
176
     0
 62
    18
420
        0
176
     0
 90
       50
176
     0
 90
        3
176
     0
 62
     5
420
      255
176
     0
290
     0
176
     0
 90
       50
176
     0
 90
       50
176
     0
 90
       50
176
     0
290
     0
176
     0
 90
       50
176
     0
 62
   256
176
     0
 40
1.0
176
     0
 90
        2
176
     0
  1
strokes_ogs.tif
176
     0
290
     0
176
     0
 40
1.0
176
     0
 40
1.0
176
     0
  0
VISUALSTYLE
  5
39
102
{ACAD_REACTORS
330
2A
102
}
330
2A
100
AcDbVisualStyle
  2
Facepattern
 70
    15
177
     3
291
     1
 70
    58
 90
        2
176
     1
 90
        2
176
     1
 90
        0
176
     1
 90
        0
176
     1
 40
0.6
176
     1
 40
30.0
176
     1
 62
     7
420
 16777215
176
     1
 90
        1
176
     1
 90
        4
176
     1
 62
     7
176
     1
 62
   257
176
     1
 90
        1
176
     1
 90
        1
176
     1
 40
1.0
176
     1
 90
        8
176
     1
 62
     7
176
     1
 40
1.0
176
     1
 90
        1
176
     1
 90
        6
176
     1
 90
        2
176
     1
 62
     7
176
     1
 90
        5
176
     1
 90
        0
176
     1
 90
        0
176
     1
290
     0
176
     1
 90
        1
176
     1
 40
0.0
176
     1
 90
        0
176
     1
290
     0
176
     1
290
     1
176
     1
290
     1
176
     1
290
     0
176
     1
290
     0
176
     1
290
     0
176
     1
290
     0
176
     1
290
     0
176
     1
290
     0
176
     1
 90
       50
176
     1
 40
0.0
176
     1
 40
1.0
176
     1
 90
        0
176
     1
 62
    18
420
        0
176
     1
 90
       50
176
     1
 90
        3
176
     1
 62
     5
420
      255
176
     1
290
     0
176
     1
 90
       50
176
     1
 90
       50
176
     1
 90
       50
176
     1
290
     0
176
     1
 90
       50
176
     1
 62
   256
176
     0
 40
1.0
176
     0
 90
        2
176
     1
  1
strokes_ogs.tif
176
     1
290
     0
176
     1
 40
1.0
176
     1
 40
1.0
176
     1
  0
VISUALSTYLE
  5
2B
102
{ACAD_REACTORS
330
2A
102
}
330
2A
100
AcDbVisualStyle
  2
Flat
 70
     0
177
     3
291
     1
 70
    58
 90
        2
176
     1
 90
        1
176
     1
 90
        1
176
     1
 90
        2
176
     1
 40
0.6
176
     1
 40
30.0
176
     1
 62
     7
420
 16777215
176
     1
 90
        0
176
     1
 90
        0
176
     1
 62
     7
176
     1
 62
   257
176
     1
 90
        1
176
     1
 90
        1
176
     1
 40
1.0
176
     1
 90
        8
176
     1
 62
     7
176
     1
 40
1.0
176
     1
 90
        1
176
     1
 90
        6
176
     1
 90
        2
176
     1
 62
     7
176
     1
 90
        5
176
     1
 90
        0
176
     1
 90
        0
176
     1
290
     0
176
     1
 90
       13
176
     1
 40
0.0
176
     1
 90
        0
176
     1
290
     0
176
     1
290
     1
176
     1
290
     1
176
     1
290
     0
176
     1
290
     0
176
     1
290
     0
176
     1
290
     0
176
     1
290
     0
176
     1
290
     0
176
     1
 90
       50
176
     1
 40
0.0
176
     1
 40
1.0
176
     1
 90
        0
176
     1
 62
    18
420
        0
176
     1
 90
       50
176
     1
 90
        3
176
     1
 62
     5
420
      255
176
     1
290
     0
176
     1
 90
       50
176
     1
 90
       50
176
     1
 90
       50
176
     1
290
     0
176
     1
 90
       50
176
     1
 62
   256
176
     0
 40
1.0
176
     0
 90
        2
176
     1
  1
strokes_ogs.tif
176
     1
290
     0
176
     1
 40
1.0
176
     1
 40
1.0
176
     1
  0
VISUALSTYLE
  5
2C
102
{ACAD_REACTORS
330
2A
102
}
330
2A
100
AcDbVisualStyle
  2
FlatWithEdges
 70
     1
177
     3
291
     1
 70
    58
 90
        2
176
     1
 90
        1
176
     1
 90
        1
176
     1
 90
        2
176
     1
 40
0.6
176
     1
 40
30.0
176
     1
 62
     7
420
 16777215
176
     1
 90
        1
176
     1
 90
        0
176
     1
 62
     7
176
     1
 62
   257
176
     1
 90
        1
176
     1
 90
        1
176
     1
 40
1.0
176
     1
 90
        0
176
     1
 62
   257
176
     1
 40
1.0
176
     1
 90
        1
176
     1
 90
        6
176
     1
 90
        2
176
     1
 62
     7
176
     1
 90
        5
176
     1
 90
        0
176
     1
 90
        0
176
     1
290
     0
176
     1
 90
       13
176
     1
 40
0.0
176
     1
 90
        0
176
     1
290
     0
176
     1
290
     1
176
     1
290
     1
176
     1
290
     0
176
     1
290
     0
176
     1
290
     0
176
     1
290
     0
176
     1
290
     0
176
     1
290
     0
176
     1
 90
       50
176
     1
 40
0.0
176
     1
 40
1.0
176
     1
 90
        0
176
     1
 62
    18
420
        0
176
     1
 90
       50
176
     1
 90
        3
176
     1
 62
     5
420
      255
176
     1
290
     0
176
     1
 90
       50
176
     1
 90
       50
176
     1
 90
       50
176
     1
290
     0
176
     1
 90
       50
176
     1
 62
   256
176
     0
 40
1.0
176
     0
 90
        2
176
     1
  1
strokes_ogs.tif
176
     1
290
     0
176
     1
 40
1.0
176
     1
 40
1.0
176
     1
  0
VISUALSTYLE
  5
2D
102
{ACAD_REACTORS
330
2A
102
}
330
2A
100
AcDbVisualStyle
  2
Gouraud
 70
     2
177
     3
291
     1
 70
    58
 90
        2
176
     1
 90
        2
176
     1
 90
        1
176
     1
 90
        2
176
     1
 40
0.6
176
     1
 40
30.0
176
     1
 62
     7
420
 16777215
176
     1
 90
        0
176
     1
 90
        0
176
     1
 62
     7
176
     1
 62
   257
176
     1
 90
        1
176
     1
 90
        1
176
     1
 40
1.0
176
     1
 90
        0
176
     1
 62
     7
176
     1
 40
1.0
176
     1
 90
        1
176
     1
 90
        6
176
     1
 90
        2
176
     1
 62
     7
176
     1
 90
        5
176
     1
 90
        0
176
     1
 90
        0
176
     1
290
     0
176
     1
 90
       13
176
     1
 40
0.0
176
     1
 90
        0
176
     1
290
     0
176
     1
290
     1
176
     1
290
     1
176
     1
290
     0
176
     1
290
     0
176
     1
290
     0
176
     1
290
     0
176
     1
290
     0
176
     1
290
     0
176
     1
 90
       50
176
     1
 40
0.0
176
     1
 40
1.0
176
     1
 90
        0
176
     1
 62
    18
420
        0
176
     1
 90
       50
176
     1
 90
        3
176
     1
 62
     5
420
      255
176
     1
290
     0
176
     1
 90
       50
176
     1
 90
       50
176
     1
 90
       50
176
     1
290
     0
176
     1
 90
       50
176
     1
 62
   256
176
     0
 40
1.0
176
     0
 90
        2
176
     1
  1
strokes_ogs.tif
176
     1
290
     0
176
     1
 40
1.0
176
     1
 40
1.0
176
     1
  0
VISUALSTYLE
  5
2E
102
{ACAD_REACTORS
330
2A
102
}
330
2A
100
AcDbVisualStyle
  2
GouraudWithEdges
 70
     3
177
     3
291
     1
 70
    58
 90
        2
176
     1
 90
        2
176
     1
 90
        1
176
     1
 90
        2
176
     1
 40
0.6
176
     1
 40
30.0
176
     1
 62
     7
420
 16777215
176
     1
 90
        1
176
     1
 90
        0
176
     1
 62
     7
176
     1
 62
   257
176
     1
 90
        1
176
     1
 90
        1
176
     1
 40
1.0
176
     1
 90
        0
176
     1
 62
   257
176
     1
 40
1.0
176
     1
 90
        1
176
     1
 90
        6
176
     1
 90
        2
176
     1
 62
     7
176
     1
 90
        5
176
     1
 90
        0
176
     1
 90
        0
176
     1
290
     0
176
     1
 90
       13
176
     1
 40
0.0
176
     1
 90
        0
176
     1
290
     0
176
     1
290
     1
176
     1
290
     1
176
     1
290
     0
176
     1
290
     0
176
     1
290
     0
176
     1
290
     0
176
     1
290
     0
176
     1
290
     0
176
     1
 90
       50
176
     1
 40
0.0
176
     1
 40
1.0
176
     1
 90
        0
176
     1
 62
    18
420
        0
176
     1
 90
       50
176
     1
 90
        3
176
     1
 62
     5
420
      255
176
     1
290
     0
176
     1
 90
       50
176
     1
 90
       50
176
     1
 90
       50
176
     1
290
     0
176
     1
 90
       50
176
     1
 62
   256
176
     0
 40
1.0
176
     0
 90
        2
176
     1
  1
strokes_ogs.tif
176
     1
290
     0
176
     1
 40
1.0
176
     1
 40
1.0
176
     1
  0
VISUALSTYLE
  5
31
102
{ACAD_REACTORS
330
2A
102
}
330
2A
100
AcDbVisualStyle
  2
Hidden
 70
     6
177
     3
291
     0
 70
    58
 90
        1
176
     1
 90
        2
176
     1
 90
        2
176
     1
 90
        0
176
     1
 40
0.6
176
     1
 40
30.0
176
     1
 62
     7
420
 16777215
176
     1
 90
        2
176
     1
 90
        2
176
     1
 62
     7
176
     1
 62
   257
176
     1
 90
        2
176
     1
 90
        1
176
     1
 40
40.0
176
     1
 90
        0
176
     1
 62
   257
176
     1
 40
1.0
176
     1
 90
        1
176
     1
 90
        6
176
     1
 90
        2
176
     1
 62
     7
176
     1
 90
        3
176
     1
 90
        0
176
     1
 90
        0
176
     1
290
     0
176
     1
 90
        1
176
     1
 40
0.0
176
     1
 90
        0
176
     1
290
     0
176
     1
290
     1
176
     1
290
     1
176
     1
290
     0
176
     1
290
     0
176
     1
290
     0
176
     1
290
     0
176
     1
290
     0
176
     1
290
     0
176
     1
 90
       50
176
     1
 40
0.0
176
     1
 40
1.0
176
     1
 90
        0
176
     1
 62
    18
420
        0
176
     1
 90
       50
176
     1
 90
        3
176
     1
 62
     5
420
      255
176
     1
290
     0
176
     1
 90
       50
176
     1
 90
       50
176
     1
 90
       50
176
     1
290
     0
176
     1
 90
       50
176
     1
 62
   256
176
     0
 40
1.0
176
     0
 90
        2
176
     1
  1
strokes_ogs.tif
176
     1
290
     0
176
     1
 40
1.0
176
     1
 40
1.0
176
     1
  0
VISUALSTYLE
  5
3B
102
{ACAD_REACTORS
330
2A
102
}
330
2A
100
AcDbVisualStyle
  2
JitterOff
 70
    20
177
     3
291
     1
 70
    58
 90
        2
176
     0
 90
        2
176
     0
 90
        0
176
     0
 90
        0
176
     0
 40
0.6
176
     0
 40
30.0
176
     0
 62
     7
420
 16777215
176
     0
 90
        1
176
     0
 90
        4
176
     0
 62
     7
176
     0
 62
   257
176
     0
 90
        1
176
     0
 90
        1
176
     0
 40
1.0
176
     0
 90
       10
176
     2
 62
     7
176
     0
 40
1.0
176
     0
 90
        1
176
     0
 90
        6
176
     0
 90
        2
176
     0
 62
     7
176
     0
 90
        5
176
     0
 90
        0
176
     0
 90
        0
176
     0
290
     0
176
     0
 90
        1
176
     0
 40
0.0
176
     0
 90
        0
176
     0
290
     0
176
     0
290
     1
176
     0
290
     1
176
     0
290
     0
176
     0
290
     0
176
     0
290
     0
176
     0
290
     0
176
     0
290
     0
176
     0
290
     0
176
     0
 90
       50
176
     0
 40
0.0
176
     0
 40
1.0
176
     0
 90
        0
176
     0
 62
    18
420
        0
176
     0
 90
       50
176
     0
 90
        3
176
     0
 62
     5
420
      255
176
     0
290
     0
176
     0
 90
       50
176
     0
 90
       50
176
     0
 90
       50
176
     0
290
     0
176
     0
 90
       50
176
     0
 62
   256
176
     0
 40
1.0
176
     0
 90
        2
176
     0
  1
strokes_ogs.tif
176
     0
290
     0
176
     0
 40
1.0
176
     0
 40
1.0
176
     0
  0
VISUALSTYLE
  5
38
102
{ACAD_REACTORS
330
2A
102
}
330
2A
100
AcDbVisualStyle
  2
Linepattern
 70
    14
177
     3
291
     1
 70
    58
 90
        2
176
     1
 90
        2
176
     1
 90
        0
176
     1
 90
        0
176
     1
 40
0.6
176
     1
 40
30.0
176
     1
 62
     7
420
 16777215
176
     1
 90
        1
176
     1
 90
        4
176
     1
 62
     7
176
     1
 62
   257
176
     1
 90
        7
176
     1
 90
        7
176
     1
 40
1.0
176
     1
 90
        8
176
     1
 62
     7
176
     1
 40
1.0
176
     1
 90
        1
176
     1
 90
        6
176
     1
 90
        2
176
     1
 62
     7
176
     1
 90
        5
176
     1
 90
        0
176
     1
 90
        0
176
     1
290
     0
176
     1
 90
        1
176
     1
 40
0.0
176
     1
 90
        0
176
     1
290
     0
176
     1
290
     1
176
     1
290
     1
176
     1
290
     0
176
     1
290
     0
176
     1
290
     0
176
     1
290
     0
176
     1
290
     0
176
     1
290
     0
176
     1
 90
       50
176
     1
 40
0.0
176
     1
 40
1.0
176
     1
 90
        0
176
     1
 62
    18
420
        0
176
     1
 90
       50
176
     1
 90
        3
176
     1
 62
     5
420
      255
176
     1
290
     0
176
     1
 90
       50
176
     1
 90
       50
176
     1
 90
       50
176
     1
290
     0
176
     1
 90
       50
176
     1
 62
   256
176
     0
 40
1.0
176
     0
 90
        2
176
     1
  1
strokes_ogs.tif
176
     1
290
     0
176
     1
 40
1.0
176
     1
 40
1.0
176
     1
  0
VISUALSTYLE
  5
3C
102
{ACAD_REACTORS
330
2A
102
}
330
2A
100
AcDbVisualStyle
  2
OverhangOff
 70
    21
177
     3
291
     1
 70
    58
 90
        2
176
     0
 90
        2
176
     0
 90
        0
176
     0
 90
        0
176
     0
 40
0.6
176
     0
 40
30.0
176
     0
 62
     7
420
 16777215
176
     0
 90
        1
176
     0
 90
        4
176
     0
 62
     7
176
     0
 62
   257
176
     0
 90
        1
176
     0
 90
        1
176
     0
 40
1.0
176
     0
 90
        9
176
     2
 62
     7
176
     0
 40
1.0
176
     0
 90
        1
176
     0
 90
        6
176
     0
 90
        2
176
     0
 62
     7
176
     0
 90
        5
176
     0
 90
        0
176
     0
 90
        0
176
     0
290
     0
176
     0
 90
        1
176
     0
 40
0.0
176
     0
 90
        0
176
     0
290
     0
176
     0
290
     1
176
     0
290
     1
176
     0
290
     0
176
     0
290
     0
176
     0
290
     0
176
     0
290
     0
176
     0
290
     0
176
     0
290
     0
176
     0
 90
       50
176
     0
 40
0.0
176
     0
 40
1.0
176
     0
 90
        0
176
     0
 62
    18
420
        0
176
     0
 90
       50
176
     0
 90
        3
176
     0
 62
     5
420
      255
176
     0
290
     0
176
     0
 90
       50
176
     0
 90
       50
176
     0
 90
       50
176
     0
290
     0
176
     0
 90
       50
176
     0
 62
   256
176
     0
 40
1.0
176
     0
 90
        2
176
     0
  1
strokes_ogs.tif
176
     0
290
     0
176
     0
 40
1.0
176
     0
 40
1.0
176
     0
  0
VISUALSTYLE
  5
33
102
{ACAD_REACTORS
330
2A
102
}
330
2A
100
AcDbVisualStyle
  2
Realistic
 70
     8
177
     3
291
     0
 70
    58
 90
        2
176
     1
 90
        3
176
     1
 90
        0
176
     1
 90
        2
176
     1
 40
0.6
176
     1
 40
30.0
176
     1
 62
     7
420
 16777215
176
     1
 90
        0
176
     1
 90
        0
176
     1
 62
     7
176
     1
 62
   257
176
     1
 90
        1
176
     1
 90
        1
176
     1
 40
1.0
176
     1
 90
        8
176
     1
 62
   257
176
     1
 40
1.0
176
     1
 90
        1
176
     1
 90
        6
176
     1
 90
        2
176
     1
 62
     7
176
     1
 90
        3
176
     1
 90
        0
176
     1
 90
        0
176
     1
290
     0
176
     1
 90
       13
176
     1
 40
0.0
176
     1
 90
        0
176
     1
290
     0
176
     1
290
     1
176
     1
290
     1
176
     1
290
     0
176
     1
290
     0
176
     1
290
     0
176
     1
290
     0
176
     1
290
     0
176
     1
290
     0
176
     1
 90
       50
176
     1
 40
0.0
176
     1
 40
1.0
176
     1
 90
        0
176
     1
 62
    18
420
        0
176
     1
 90
       50
176
     1
 90
        3
176
     1
 62
     5
420
      255
176
     1
290
     0
176
     1
 90
       50
176
     1
 90
       50
176
     1
 90
       50
176
     1
290
     0
176
     1
 90
       50
176
     1
 62
   256
176
     0
 40
1.0
176
     0
 90
        2
176
     1
  1
strokes_ogs.tif
176
     1
290
     0
176
     1
 40
1.0
176
     1
 40
1.0
176
     1
  0
VISUALSTYLE
  5
42
102
{ACAD_REACTORS
330
2A
102
}
330
2A
100
AcDbVisualStyle
  2
Shaded
 70
    27
177
     3
291
     0
 70
    58
 90
        2
176
     1
 90
        2
176
     1
 90
        1
176
     1
 90
        2
176
     1
 40
0.6
176
     1
 40
30.0
176
     1
 62
     7
420
 16777215
176
     1
 90
        0
176
     1
 90
        4
176
     1
 62
     7
176
     1
 62
   257
176
     1
 90
        1
176
     1
 90
        1
176
     1
 40
1.0
176
     1
 90
        8
176
     1
 62
   257
176
     1
 40
1.0
176
     1
 90
        1
176
     1
 90
        6
176
     1
 90
        2
176
     1
 62
     8
420
  7895160
176
     1
 90
        3
176
     1
 90
        0
176
     1
 90
        0
176
     1
290
     0
176
     1
 90
        5
176
     1
 40
0.0
176
     1
 90
        0
176
     1
290
     0
176
     1
290
     1
176
     1
290
     1
176
     1
290
     0
176
     1
290
     0
176
     1
290
     0
176
     1
290
     0
176
     1
290
     0
176
     1
290
     0
176
     1
 90
       50
176
     1
 40
0.0
176
     1
 40
1.0
176
     1
 90
        0
176
     1
 62
    18
420
        0
176
     1
 90
       50
176
     1
 90
        3
176
     1
 62
     5
420
      255
176
     1
290
     0
176
     1
 90
       50
176
     1
 90
       50
176
     1
 90
       50
176
     1
290
     0
176
     1
 90
       50
176
     1
 62
   256
176
     0
 40
1.0
176
     0
 90
        2
176
     1
  1
strokes_ogs.tif
176
     1
290
     0
176
     1
 40
1.0
176
     1
 40
1.0
176
     1
  0
VISUALSTYLE
  5
41
102
{ACAD_REACTORS
330
2A
102
}
330
2A
100
AcDbVisualStyle
  2
Shaded with edges
 70
    26
177
     3
291
     0
 70
    58
 90
        2
176
     1
 90
        2
176
     1
 90
        1
176
     1
 90
        2
176
     1
 40
0.6
176
     1
 40
30.0
176
     1
 62
     7
420
 16777215
176
     1
 90
        1
176
     1
 90
       10
176
     1
 62
     7
176
     1
 62
   257
176
     1
 90
        2
176
     1
 90
        1
176
     1
 40
1.0
176
     1
 90
        8
176
     1
 62
   257
176
     1
 40
1.0
176
     1
 90
        1
176
     1
 90
        6
176
     1
 90
        2
176
     1
 62
     7
176
     1
 90
        3
176
     1
 90
        0
176
     1
 90
        0
176
     1
290
     0
176
     1
 90
        5
176
     1
 40
0.0
176
     1
 90
        0
176
     1
290
     0
176
     1
290
     1
176
     1
290
     1
176
     1
290
     0
176
     1
290
     0
176
     1
290
     0
176
     1
290
     0
176
     1
290
     0
176
     1
290
     0
176
     1
 90
       50
176
     1
 40
0.0
176
     1
 40
1.0
176
     1
 90
        0
176
     1
 62
    18
420
        0
176
     1
 90
       50
176
     1
 90
        3
176
     1
 62
     5
420
      255
176
     1
290
     0
176
     1
 90
       50
176
     1
 90
       50
176
     1
 90
       50
176
     1
290
     0
176
     1
 90
       50
176
     1
 62
   256
176
     0
 40
1.0
176
     0
 90
        2
176
     1
  1
strokes_ogs.tif
176
     1
290
     0
176
     1
 40
1.0
176
     1
 40
1.0
176
     1
  0
VISUALSTYLE
  5
3E
102
{ACAD_REACTORS
330
2A
102
}
330
2A
100
AcDbVisualStyle
  2
Shades of Gray
 70
    23
177
     3
291
     0
 70
    58
 90
        2
176
     1
 90
        2
176
     1
 90
        3
176
     1
 90
        0
176
     1
 40
0.6
176
     1
 40
30.0
176
     1
 62
     7
420
 16777215
176
     1
 90
        2
176
     1
 90
        2
176
     1
 62
     7
176
     1
 62
     7
176
     1
 90
        1
176
     1
 90
        1
176
     1
 40
40.0
176
     1
 90
        8
176
     1
 62
     7
176
     1
 40
1.0
176
     1
 90
        1
176
     1
 90
        6
176
     1
 90
        2
176
     1
 62
     7
176
     1
 90
        3
176
     1
 90
        0
176
     1
 90
        0
176
     1
290
     0
176
     1
 90
        1
176
     1
 40
0.0
176
     1
 90
        0
176
     1
290
     0
176
     1
290
     1
176
     1
290
     1
176
     1
290
     0
176
     1
290
     0
176
     1
290
     0
176
     1
290
     0
176
     1
290
     0
176
     1
290
     0
176
     1
 90
       50
176
     1
 40
0.0
176
     1
 40
1.0
176
     1
 90
        0
176
     1
 62
    18
420
        0
176
     1
 90
       50
176
     1
 90
        3
176
     1
 62
     5
420
      255
176
     1
290
     0
176
     1
 90
       50
176
     1
 90
       50
176
     1
 90
       50
176
     1
290
     0
176
     1
 90
       50
176
     1
 62
   256
176
     0
 40
1.0
176
     0
 90
        2
176
     1
  1
strokes_ogs.tif
176
     1
290
     0
176
     1
 40
1.0
176
     1
 40
1.0
176
     1
  0
VISUALSTYLE
  5
3F
102
{ACAD_REACTORS
330
2A
102
}
330
2A
100
AcDbVisualStyle
  2
Sketchy
 70
    24
177
     3
291
     0
 70
    58
 90
        1
176
     1
 90
        2
176
     1
 90
        2
176
     1
 90
        0
176
     1
 40
0.6
176
     1
 40
30.0
176
     1
 62
     7
420
 16777215
176
     1
 90
        2
176
     1
 90
        2
176
     1
 62
     7
176
     1
 62
     7
176
     1
 90
        1
176
     1
 90
        1
176
     1
 40
40.0
176
     1
 90
       11
176
     1
 62
     7
176
     1
 40
1.0
176
     1
 90
        1
176
     1
 90
        6
176
     1
 90
        2
176
     1
 62
     7
176
     1
 90
        6
176
     1
 90
        0
176
     1
 90
        0
176
     1
290
     0
176
     1
 90
        1
176
     1
 40
0.0
176
     1
 90
        0
176
     1
290
     0
176
     1
290
     1
176
     1
290
     1
176
     1
290
     0
176
     1
290
     0
176
     1
290
     0
176
     1
290
     0
176
     1
290
     0
176
     1
290
     0
176
     1
 90
       50
176
     1
 40
0.0
176
     1
 40
1.0
176
     1
 90
        0
176
     1
 62
    18
420
        0
176
     1
 90
       50
176
     1
 90
        3
176
     1
 62
     5
420
      255
176
     1
290
     0
176
     1
 90
       50
176
     1
 90
       50
176
     1
 90
       50
176
     1
290
     0
176
     1
 90
       50
176
     1
 62
   256
176
     0
 40
1.0
176
     0
 90
        2
176
     1
  1
strokes_ogs.tif
176
     1
290
     0
176
     1
 40
1.0
176
     1
 40
1.0
176
     1
  0
VISUALSTYLE
  5
37
102
{ACAD_REACTORS
330
2A
102
}
330
2A
100
AcDbVisualStyle
  2
Thicken
 70
    13
177
     3
291
     1
 70
    58
 90
        2
176
     1
 90
        2
176
     1
 90
        0
176
     1
 90
        0
176
     1
 40
0.6
176
     1
 40
30.0
176
     1
 62
     7
420
 16777215
176
     1
 90
        1
176
     1
 90
        4
176
     1
 62
     7
176
     1
 62
   257
176
     1
 90
        1
176
     1
 90
        1
176
     1
 40
1.0
176
     1
 90
       12
176
     1
 62
     7
176
     1
 40
1.0
176
     1
 90
        1
176
     1
 90
        6
176
     1
 90
        2
176
     1
 62
     7
176
     1
 90
        5
176
     1
 90
        0
176
     1
 90
        0
176
     1
290
     0
176
     1
 90
        1
176
     1
 40
0.0
176
     1
 90
        0
176
     1
290
     0
176
     1
290
     1
176
     1
290
     1
176
     1
290
     0
176
     1
290
     0
176
     1
290
     0
176
     1
290
     0
176
     1
290
     0
176
     1
290
     0
176
     1
 90
       50
176
     1
 40
0.0
176
     1
 40
1.0
176
     1
 90
        0
176
     1
 62
    18
420
        0
176
     1
 90
       50
176
     1
 90
        3
176
     1
 62
     5
420
      255
176
     1
290
     0
176
     1
 90
       50
176
     1
 90
       50
176
     1
 90
       50
176
     1
290
     0
176
     1
 90
       50
176
     1
 62
   256
176
     0
 40
1.0
176
     0
 90
        2
176
     1
  1
strokes_ogs.tif
176
     1
290
     0
176
     1
 40
1.0
176
     1
 40
1.0
176
     1
  0
VISUALSTYLE
  5
30
102
{ACAD_REACTORS
330
2A
102
}
330
2A
100
AcDbVisualStyle
  2
Wireframe
 70
     5
177
     3
291
     0
 70
    58
 90
        0
176
     1
 90
        2
176
     1
 90
        0
176
     1
 90
        0
176
     1
 40
0.6
176
     1
 40
30.0
176
     1
 62
     7
420
 16777215
176
     1
 90
        1
176
     1
 90
        4
176
     1
 62
     7
176
     1
 62
   257
176
     1
 90
        1
176
     1
 90
        1
176
     1
 40
1.0
176
     1
 90
        0
176
     1
 62
   257
176
     1
 40
1.0
176
     1
 90
        1
176
     1
 90
        6
176
     1
 90
        2
176
     1
 62
     7
176
     1
 90
        3
176
     1
 90
        0
176
     1
 90
        0
176
     1
290
     0
176
     1
 90
        1
176
     1
 40
0.0
176
     1
 90
        0
176
     1
290
     0
176
     1
290
     1
176
     1
290
     1
176
     1
290
     0
176
     1
290
     0
176
     1
290
     0
176
     1
290
     0
176
     1
290
     0
176
     1
290
     0
176
     1
 90
       50
176
     1
 40
0.0
176
     1
 40
1.0
176
     1
 90
        0
176
     1
 62
    18
420
        0
176
     1
 90
       50
176
     1
 90
        3
176
     1
 62
     5
420
      255
176
     1
290
     0
176
     1
 90
       50
176
     1
 90
       50
176
     1
 90
       50
176
     1
290
     0
176
     1
 90
       50
176
     1
 62
   256
176
     0
 40
1.0
176
     0
 90
        2
176
     1
  1
strokes_ogs.tif
176
     1
290
     0
176
     1
 40
1.0
176
     1
 40
1.0
176
     1
  0
VISUALSTYLE
  5
40
102
{ACAD_REACTORS
330
2A
102
}
330
2A
100
AcDbVisualStyle
  2
X-Ray
 70
    25
177
     3
291
     0
 70
    58
 90
        2
176
     1
 90
        2
176
     1
 90
        1
176
     1
 90
        1
176
     1
 40
0.5
176
     1
 40
30.0
176
     1
 62
     7
420
 16777215
176
     1
 90
        1
176
     1
 90
        0
176
     1
 62
     7
176
     1
 62
   257
176
     1
 90
        1
176
     1
 90
        1
176
     1
 40
1.0
176
     1
 90
        8
176
     1
 62
     7
176
     1
 40
1.0
176
     1
 90
        1
176
     1
 90
        6
176
     1
 90
        2
176
     1
 62
     7
176
     1
 90
        3
176
     1
 90
        0
176
     1
 90
        0
176
     1
290
     0
176
     1
 90
       13
176
     1
 40
0.0
176
     1
 90
        0
176
     1
290
     0
176
     1
290
     1
176
     1
290
     1
176
     1
290
     0
176
     1
290
     0
176
     1
290
     0
176
     1
290
     0
176
     1
290
     0
176
     1
290
     0
176
     1
 90
       50
176
     1
 40
0.0
176
     1
 40
1.0
176
     1
 90
        0
176
     1
 62
    18
420
        0
176
     1
 90
       50
176
     1
 90
        3
176
     1
 62
     5
420
      255
176
     1
290
     0
176
     1
 90
       50
176
     1
 90
       50
176
     1
 90
       50
176
     1
290
     0
176
     1
 90
       50
176
     1
 62
   256
176
     0
 40
1.0
176
     0
 90
        2
176
     1
  1
strokes_ogs.tif
176
     1
290
     0
176
     1
 40
1.0
176
     1
 40
1.0
176
     1
  0
DICTIONARYVAR
  5
7F
102
{ACAD_REACTORS
330
7E
102
}
330
7E
100
DictionaryVariables
280
     0
  1
1:1
  0
DICTIONARYVAR
  5
84
102
{ACAD_REACTORS
330
7E
102
}
330
7E
100
DictionaryVariables
280
     0
  1
Standard
  0
DICTIONARYVAR
  5
83
102
{ACAD_REACTORS
330
7E
102
}
330
7E
100
DictionaryVariables
280
     0
  1
Standard
  0
DICTIONARY
  5
80
330
5A
100
AcDbDictionary
280
     1
281
     1
  3
ACAD_ROUNDTRIP_2008_TABLESTYLE_CELLSTYLEMAP
360
81
  0
CELLSTYLEMAP
  5
81
102
{ACAD_REACTORS
330
80
102
}
330
80
100
AcDbCellStyleMap
 90
        3
300
CELLSTYLE
  1
TABLEFORMAT_BEGIN
 90
        5
170
     1
 91
        0
 92
    32768
 62
   257
 93
        1
300
CONTENTFORMAT
  1
CONTENTFORMAT_BEGIN
 90
        0
 91
        0
 92
        4
 93
        0
300

 40
0.0
140
1.0
 94
        5
 62
     0
340
11
144
0.25
309
CONTENTFORMAT_END
171
     1
301
MARGIN
  1
CELLMARGIN_BEGIN
 40
0.06
 40
0.06
 40
0.06
 40
0.06
 40
0.06
 40
0.06
309
CELLMARGIN_END
 94
        6
 95
        1
302
GRIDFORMAT
  1
GRIDFORMAT_BEGIN
 90
        0
 91
        1
 62
     0
 92
       -2
340
14
 93
        0
 40
0.045
309
GRIDFORMAT_END
 95
        2
302
GRIDFORMAT
  1
GRIDFORMAT_BEGIN
 90
        0
 91
        1
 62
     0
 92
       -2
340
14
 93
        0
 40
0.045
309
GRIDFORMAT_END
 95
        4
302
GRIDFORMAT
  1
GRIDFORMAT_BEGIN
 90
        0
 91
        1
 62
     0
 92
       -2
340
14
 93
        0
 40
0.045
309
GRIDFORMAT_END
 95
        8
302
GRIDFORMAT
  1
GRIDFORMAT_BEGIN
 90
        0
 91
        1
 62
     0
 92
       -2
340
14
 93
        0
 40
0.045
309
GRIDFORMAT_END
 95
       16
302
GRIDFORMAT
  1
GRIDFORMAT_BEGIN
 90
        0
 91
        1
 62
     0
 92
       -2
340
14
 93
        0
 40
0.045
309
GRIDFORMAT_END
 95
       32
302
GRIDFORMAT
  1
GRIDFORMAT_BEGIN
 90
        0
 91
        1
 62
     0
 92
       -2
340
14
 93
        0
 40
0.045
309
GRIDFORMAT_END
309
TABLEFORMAT_END
  1
CELLSTYLE_BEGIN
 90
        1
 91
        1
300
_TITLE
309
CELLSTYLE_END
300
CELLSTYLE
  1
TABLEFORMAT_BEGIN
 90
        5
170
     1
 91
        0
 92
        0
 62
   257
 93
        1
300
CONTENTFORMAT
  1
CONTENTFORMAT_BEGIN
 90
        0
 91
        0
 92
        4
 93
        0
300

 40
0.0
140
1.0
 94
        5
 62
     0
340
11
144
0.18
309
CONTENTFORMAT_END
171
     1
301
MARGIN
  1
CELLMARGIN_BEGIN
 40
0.06
 40
0.06
 40
0.06
 40
0.06
 40
0.06
 40
0.06
309
CELLMARGIN_END
 94
        6
 95
        1
302
GRIDFORMAT
  1
GRIDFORMAT_BEGIN
 90
        0
 91
        1
 62
     0
 92
       -2
340
14
 93
        0
 40
0.045
309
GRIDFORMAT_END
 95
        2
302
GRIDFORMAT
  1
GRIDFORMAT_BEGIN
 90
        0
 91
        1
 62
     0
 92
       -2
340
14
 93
        0
 40
0.045
309
GRIDFORMAT_END
 95
        4
302
GRIDFORMAT
  1
GRIDFORMAT_BEGIN
 90
        0
 91
        1
 62
     0
 92
       -2
340
14
 93
        0
 40
0.045
309
GRIDFORMAT_END
 95
        8
302
GRIDFORMAT
  1
GRIDFORMAT_BEGIN
 90
        0
 91
        1
 62
     0
 92
       -2
340
14
 93
        0
 40
0.045
309
GRIDFORMAT_END
 95
       16
302
GRIDFORMAT
  1
GRIDFORMAT_BEGIN
 90
        0
 91
        1
 62
     0
 92
       -2
340
14
 93
        0
 40
0.045
309
GRIDFORMAT_END
 95
       32
302
GRIDFORMAT
  1
GRIDFORMAT_BEGIN
 90
        0
 91
        1
 62
     0
 92
       -2
340
14
 93
        0
 40
0.045
309
GRIDFORMAT_END
309
TABLEFORMAT_END
  1
CELLSTYLE_BEGIN
 90
        2
 91
        1
300
_HEADER
309
CELLSTYLE_END
300
CELLSTYLE
  1
TABLEFORMAT_BEGIN
 90
        5
170
     1
 91
        0
 92
        0
 62
   257
 93
        1
300
CONTENTFORMAT
  1
CONTENTFORMAT_BEGIN
 90
        0
 91
        0
 92
        4
 93
        0
300

 40
0.0
140
1.0
 94
        2
 62
     0
340
11
144
0.18
309
CONTENTFORMAT_END
171
     1
301
MARGIN
  1
CELLMARGIN_BEGIN
 40
0.06
 40
0.06
 40
0.06
 40
0.06
 40
0.06
 40
0.06
309
CELLMARGIN_END
 94
        6
 95
        1
302
GRIDFORMAT
  1
GRIDFORMAT_BEGIN
 90
        0
 91
        1
 62
     0
 92
       -2
340
14
 93
        0
 40
0.045
309
GRIDFORMAT_END
 95
        2
302
GRIDFORMAT
  1
GRIDFORMAT_BEGIN
 90
        0
 91
        1
 62
     0
 92
       -2
340
14
 93
        0
 40
0.045
309
GRIDFORMAT_END
 95
        4
302
GRIDFORMAT
  1
GRIDFORMAT_BEGIN
 90
        0
 91
        1
 62
     0
 92
       -2
340
14
 93
        0
 40
0.045
309
GRIDFORMAT_END
 95
        8
302
GRIDFORMAT
  1
GRIDFORMAT_BEGIN
 90
        0
 91
        1
 62
     0
 92
       -2
340
14
 93
        0
 40
0.045
309
GRIDFORMAT_END
 95
       16
302
GRIDFORMAT
  1
GRIDFORMAT_BEGIN
 90
        0
 91
        1
 62
     0
 92
       -2
340
14
 93
        0
 40
0.045
309
GRIDFORMAT_END
 95
       32
302
GRIDFORMAT
  1
GRIDFORMAT_BEGIN
 90
        0
 91
        1
 62
     0
 92
       -2
340
14
 93
        0
 40
0.045
309
GRIDFORMAT_END
309
TABLEFORMAT_END
  1
CELLSTYLE_BEGIN
 90
        3
 91
        2
300
_DATA
309
CELLSTYLE_END
  0
ENDSEC
  0
EOF
