  0
SECTION
  2
HEADER
  9
$ACADVER
  1
AC1032
  9
$ACADMAINTVER
 90
      329
  9
$DWGCODEPAGE
  3
ANSI_1252
  9
$REQUIREDVERSIONS
160
                 0
  9
$INSBASE
 10
0.0
 20
0.0
 30
0.0
  9
$EXTMIN
 10
1.000000000000000E+20
 20
1.000000000000000E+20
 30
1.000000000000000E+20
  9
$EXTMAX
 10
-1.000000000000000E+20
 20
-1.000000000000000E+20
 30
-1.000000000000000E+20
  9
$LIMMIN
 10
0.0
 20
0.0
  9
$LIMMAX
 10
12.0
 20
9.0
  9
$ORTHOMODE
 70
     0
  9
$REGENMODE
 70
     1
  9
$FILLMODE
 70
     1
  9
$QTEXTMODE
 70
     0
  9
$MIRRTEXT
 70
     0
  9
$LTSCALE
 40
1.0
  9
$ATTMODE
 70
     1
  9
$TEXTSIZE
 40
0.2
  9
$TRACEWID
 40
0.05
  9
$TEXTSTYLE
  7
Standard
  9
$CLAYER
  8
0
  9
$CELTYPE
  6
ByLayer
  9
$CECOLOR
 62
   256
  9
$CELTSCALE
 40
1.0
  9
$DISPSILH
 70
     0
  9
$DIMSCALE
 40
1.0
  9
$DIMASZ
 40
0.18
  9
$DIMEXO
 40
0.0625
  9
$DIMDLI
 40
0.38
  9
$DIMRND
 40
0.0
  9
$DIMDLE
 40
0.0
  9
$DIMEXE
 40
0.18
  9
$DIMTP
 40
0.0
  9
$DIMTM
 40
0.0
  9
$DIMTXT
 40
0.18
  9
$DIMCEN
 40
0.09
  9
$DIMTSZ
 40
0.0
  9
$DIMTOL
 70
     0
  9
$DIMLIM
 70
     0
  9
$DIMTIH
 70
     1
  9
$DIMTOH
 70
     1
  9
$DIMSE1
 70
     0
  9
$DIMSE2
 70
     0
  9
$DIMTAD
 70
     0
  9
$DIMZIN
 70
     0
  9
$DIMBLK
  1

  9
$DIMASO
 70
     1
  9
$DIMSHO
 70
     1
  9
$DIMPOST
  1

  9
$DIMAPOST
  1

  9
$DIMALT
 70
     0
  9
$DIMALTD
 70
     2
  9
$DIMALTF
 40
25.4
  9
$DIMLFAC
 40
1.0
  9
$DIMTOFL
 70
     0
  9
$DIMTVP
 40
0.0
  9
$DIMTIX
 70
     0
  9
$DIMSOXD
 70
     0
  9
$DIMSAH
 70
     0
  9
$DIMBLK1
  1

  9
$DIMBLK2
  1

  9
$DIMSTYLE
  2
Standard
  9
$DIMCLRD
 70
     0
  9
$DIMCLRE
 70
     0
  9
$DIMCLRT
 70
     0
  9
$DIMTFAC
 40
1.0
  9
$DIMGAP
 40
0.09
  9
$DIMJUST
 70
     0
  9
$DIMSD1
 70
     0
  9
$DIMSD2
 70
     0
  9
$DIMTOLJ
 70
     1
  9
$DIMTZIN
 70
     0
  9
$DIMALTZ
 70
     0
  9
$DIMALTTZ
 70
     0
  9
$DIMUPT
 70
     0
  9
$DIMDEC
 70
     4
  9
$DIMTDEC
 70
     4
  9
$DIMALTU
 70
     2
  9
$DIMALTTD
 70
     2
  9
$DIMTXSTY
  7
Standard
  9
$DIMAUNIT
 70
     0
  9
$DIMADEC
 70
     0
  9
$DIMALTRND
 40
0.0
  9
$DIMAZIN
 70
     0
  9
$DIMDSEP
 70
    46
  9
$DIMATFIT
 70
     3
  9
$DIMFRAC
 70
     0
  9
$DIMLDRBLK
  1

  9
$DIMLUNIT
 70
     2
  9
$DIMLWD
 70
    -2
  9
$DIMLWE
 70
    -2
  9
$DIMTMOVE
 70
     0
  9
$DIMFXL
 40
1.0
  9
$DIMFXLON
 70
     0
  9
$DIMJOGANG
 40
0.7853981633974483
  9
$DIMTFILL
 70
     0
  9
$DIMTFILLCLR
 70
     0
  9
$DIMARCSYM
 70
     0
  9
$DIMLTYPE
  6

  9
$DIMLTEX1
  6

  9
$DIMLTEX2
  6

  9
$DIMTXTDIRECTION
 70
     0
  9
$LUNITS
 70
     2
  9
$LUPREC
 70
     4
  9
$SKETCHINC
 40
0.1
  9
$FILLETRAD
 40
0.0
  9
$AUNITS
 70
     0
  9
$AUPREC
 70
     0
  9
$MENU
  1
.
  9
$ELEVATION
 40
0.0
  9
$PELEVATION
 40
0.0
  9
$THICKNESS
 40
0.0
  9
$LIMCHECK
 70
     0
  9
$CHAMFERA
 40
0.0
  9
$CHAMFERB
 40
0.0
  9
$CHAMFERC
 40
0.0
  9
$CHAMFERD
 40
0.0
  9
$SKPOLY
 70
     0
  9
$TDCREATE
 40
2460829.350532407
  9
$TDUCREATE
 40
2460829.017199074
  9
$TDUPDATE
 40
2460829.350532407
  9
$TDUUPDATE
 40
2460829.017199074
  9
$TDINDWG
 40
0.0000000000
  9
$TDUSRTIMER
 40
0.0000000000
  9
$USRTIMER
 70
     1
  9
$ANGBASE
 50
0.0
  9
$ANGDIR
 70
     0
  9
$PDMODE
 70
     0
  9
$PDSIZE
 40
0.0
  9
$PLINEWID
 40
0.0
  9
$SPLFRAME
 70
     0
  9
$SPLINETYPE
 70
     6
  9
$SPLINESEGS
 70
     8
  9
$HANDSEED
  5
D3
  9
$SURFTAB1
 70
     6
  9
$SURFTAB2
 70
     6
  9
$SURFTYPE
 70
     6
  9
$SURFU
 70
     6
  9
$SURFV
 70
     6
  9
$UCSBASE
  2

  9
$UCSNAME
  2

  9
$UCSORG
 10
0.0
 20
0.0
 30
0.0
  9
$UCSXDIR
 10
1.0
 20
0.0
 30
0.0
  9
$UCSYDIR
 10
0.0
 20
1.0
 30
0.0
  9
$UCSORTHOREF
  2

  9
$UCSORTHOVIEW
 70
     0
  9
$UCSORGTOP
 10
0.0
 20
0.0
 30
0.0
  9
$UCSORGBOTTOM
 10
0.0
 20
0.0
 30
0.0
  9
$UCSORGLEFT
 10
0.0
 20
0.0
 30
0.0
  9
$UCSORGRIGHT
 10
0.0
 20
0.0
 30
0.0
  9
$UCSORGFRONT
 10
0.0
 20
0.0
 30
0.0
  9
$UCSORGBACK
 10
0.0
 20
0.0
 30
0.0
  9
$PUCSBASE
  2

  9
$PUCSNAME
  2

  9
$PUCSORG
 10
0.0
 20
0.0
 30
0.0
  9
$PUCSXDIR
 10
1.0
 20
0.0
 30
0.0
  9
$PUCSYDIR
 10
0.0
 20
1.0
 30
0.0
  9
$PUCSORTHOREF
  2

  9
$PUCSORTHOVIEW
 70
     0
  9
$PUCSORGTOP
 10
0.0
 20
0.0
 30
0.0
  9
$PUCSORGBOTTOM
 10
0.0
 20
0.0
 30
0.0
  9
$PUCSORGLEFT
 10
0.0
 20
0.0
 30
0.0
  9
$PUCSORGRIGHT
 10
0.0
 20
0.0
 30
0.0
  9
$PUCSORGFRONT
 10
0.0
 20
0.0
 30
0.0
  9
$PUCSORGBACK
 10
0.0
 20
0.0
 30
0.0
  9
$USERI1
 70
     0
  9
$USERI2
 70
     0
  9
$USERI3
 70
     0
  9
$USERI4
 70
     0
  9
$USERI5
 70
     0
  9
$USERR1
 40
0.0
  9
$USERR2
 40
0.0
  9
$USERR3
 40
0.0
  9
$USERR4
 40
0.0
  9
$USERR5
 40
0.0
  9
$WORLDVIEW
 70
     1
  9
$SHADEDGE
 70
     3
  9
$SHADEDIF
 70
    70
  9
$TILEMODE
 70
     1
  9
$MAXACTVP
 70
    64
  9
$PINSBASE
 10
0.0
 20
0.0
 30
0.0
  9
$PLIMCHECK
 70
     0
  9
$PEXTMIN
 10
1.000000000000000E+20
 20
1.000000000000000E+20
 30
1.000000000000000E+20
  9
$PEXTMAX
 10
-1.000000000000000E+20
 20
-1.000000000000000E+20
 30
-1.000000000000000E+20
  9
$PLIMMIN
 10
0.0
 20
0.0
  9
$PLIMMAX
 10
12.0
 20
9.0
  9
$UNITMODE
 70
     0
  9
$VISRETAIN
 70
     1
  9
$PLINEGEN
 70
     0
  9
$PSLTSCALE
 70
     1
  9
$TREEDEPTH
 70
  3020
  9
$CMLSTYLE
  2
Standard
  9
$CMLJUST
 70
     0
  9
$CMLSCALE
 40
1.0
  9
$PROXYGRAPHICS
 70
     1
  9
$MEASUREMENT
 70
     0
  9
$CELWEIGHT
370
    -1
  9
$ENDCAPS
280
     0
  9
$JOINSTYLE
280
     0
  9
$LWDISPLAY
290
     1
  9
$INSUNITS
 70
     4
  9
$HYPERLINKBASE
  1

  9
$STYLESHEET
  1

  9
$XEDIT
290
     1
  9
$CEPSNTYPE
380
     0
  9
$PSTYLEMODE
290
     1
  9
$FINGERPRINTGUID
  2
{82FC59A6-3001-9F45-9AEA-051339C0739A}
  9
$VERSIONGUID
  2
{17013827-B697-564C-9BFF-624E201F43E2}
  9
$EXTNAMES
290
     1
  9
$PSVPSCALE
 40
0.0
  9
$OLESTARTUP
290
     0
  9
$SORTENTS
280
   127
  9
$INDEXCTL
280
     0
  9
$HIDETEXT
280
     1
  9
$XCLIPFRAME
280
     2
  9
$HALOGAP
280
     0
  9
$OBSCOLOR
 70
   257
  9
$OBSLTYPE
280
     0
  9
$INTERSECTIONDISPLAY
280
     0
  9
$INTERSECTIONCOLOR
 70
   257
  9
$DIMASSOC
280
     2
  9
$PROJECTNAME
  1

  9
$CAMERADISPLAY
290
     0
  9
$LENSLENGTH
 40
50.0
  9
$CAMERAHEIGHT
 40
0.0
  9
$STEPSPERSEC
 40
2.0
  9
$STEPSIZE
 40
6.0
  9
$3DDWFPREC
 40
2.0
  9
$PSOLWIDTH
 40
0.25
  9
$PSOLHEIGHT
 40
4.0
  9
$LOFTANG1
 40
1.570796326794896
  9
$LOFTANG2
 40
1.570796326794896
  9
$LOFTMAG1
 40
0.0
  9
$LOFTMAG2
 40
0.0
  9
$LOFTPARAM
 70
     7
  9
$LOFTNORMALS
280
     1
  9
$LATITUDE
 40
37.795
  9
$LONGITUDE
 40
-122.394
  9
$NORTHDIRECTION
 40
0.0
  9
$TIMEZONE
 70
 -8000
  9
$LIGHTGLYPHDISPLAY
280
     1
  9
$TILEMODELIGHTSYNCH
280
     1
  9
$CMATERIAL
347
11
  9
$SOLIDHIST
280
     0
  9
$SHOWHIST
280
     1
  9
$DWFFRAME
280
     2
  9
$DGNFRAME
280
     0
  9
$REALWORLDSCALE
290
     1
  9
$INTERFERECOLOR
 62
     1
  9
$INTERFEREOBJVS
345
33
  9
$INTERFEREVPVS
346
30
  9
$CSHADOW
280
     0
  9
$SHADOWPLANELOCATION
 40
0.0
  0
ENDSEC
  0
SECTION
  2
CLASSES
  0
CLASS
  1
ACDBDICTIONARYWDFLT
  2
AcDbDictionaryWithDefault
  3
ObjectDBX Classes
 90
        0
 91
        1
280
     0
281
     0
  0
CLASS
  1
MATERIAL
  2
AcDbMaterial
  3
ObjectDBX Classes
 90
     1153
 91
        3
280
     0
281
     0
  0
CLASS
  1
VISUALSTYLE
  2
AcDbVisualStyle
  3
ObjectDBX Classes
 90
     4095
 91
       24
280
     0
281
     0
  0
CLASS
  1
SCALE
  2
AcDbScale
  3
ObjectDBX Classes
 90
     1153
 91
       17
280
     0
281
     0
  0
CLASS
  1
TABLESTYLE
  2
AcDbTableStyle
  3
ObjectDBX Classes
 90
     4095
 91
        1
280
     0
281
     0
  0
CLASS
  1
MLEADERSTYLE
  2
AcDbMLeaderStyle
  3
ACDB_MLEADERSTYLE_CLASS
 90
     4095
 91
        1
280
     0
281
     0
  0
CLASS
  1
ACDBSECTIONVIEWSTYLE
  2
AcDbSectionViewStyle
  3
ObjectDBX Classes
 90
     1025
 91
        1
280
     0
281
     0
  0
CLASS
  1
ACDBDETAILVIEWSTYLE
  2
AcDbDetailViewStyle
  3
ObjectDBX Classes
 90
     1025
 91
        1
280
     0
281
     0
  0
CLASS
  1
DICTIONARYVAR
  2
AcDbDictionaryVar
  3
ObjectDBX Classes
 90
        0
 91
        5
280
     0
281
     0
  0
CLASS
  1
CELLSTYLEMAP
  2
AcDbCellStyleMap
  3
ObjectDBX Classes
 90
     1152
 91
        1
280
     0
281
     0
  0
ENDSEC
  0
SECTION
  2
TABLES
  0
TABLE
  2
VPORT
  5
8
330
0
100
AcDbSymbolTable
 70
     1
  0
VPORT
  5
57
330
8
100
AcDbSymbolTableRecord
100
AcDbViewportTableRecord
  2
*Active
 70
     0
 10
0.0
 20
0.0
 11
1.0
 21
1.0
 12
0.0
 22
0.0
 13
0.0
 23
0.0
 14
1.0
 24
1.0
 15
0.0
 25
0.0
 16
0.0
 26
0.0
 36
1.0
 17
224.9999999437495
 27
149.9999999624997
 37
0.0
 40
305.9999999234995
 41
1.499999999999999
 42
50.0
 43
0.0
 44
0.0
 50
0.0
 51
0.0
 71
     0
 72
   100
 73
     1
 74
     1
 75
     0
 76
     0
 77
     0
 78
     0
281
     0
 65
     1
110
0.0
120
0.0
130
0.0
111
1.0
121
0.0
131
0.0
112
0.0
122
1.0
132
0.0
 79
     0
146
0.0
 60
     3
 61
     5
292
     1
282
     1
141
0.0
142
0.0
 63
   250
421
  3355443
  0
ENDTAB
  0
TABLE
  2
LTYPE
  5
5
330
0
100
AcDbSymbolTable
 70
     1
  0
LTYPE
  5
5B
330
5
100
AcDbSymbolTableRecord
100
AcDbLinetypeTableRecord
  2
ByBlock
 70
     0
  3

 72
    65
 73
     0
 40
0.0
  0
LTYPE
  5
5C
330
5
100
AcDbSymbolTableRecord
100
AcDbLinetypeTableRecord
  2
ByLayer
 70
     0
  3

 72
    65
 73
     0
 40
0.0
  0
LTYPE
  5
5D
330
5
100
AcDbSymbolTableRecord
100
AcDbLinetypeTableRecord
  2
Continuous
 70
     0
  3
Solid line
 72
    65
 73
     0
 40
0.0
  0
ENDTAB
  0
TABLE
  2
LAYER
  5
2
330
0
100
AcDbSymbolTable
 70
     1
  0
LAYER
  5
54
330
2
100
AcDbSymbolTableRecord
100
AcDbLayerTableRecord
  2
0
 70
     0
 62
     7
  6
Continuous
370
     0
390
F
347
21
348
0
  0
ENDTAB
  0
TABLE
  2
STYLE
  5
3
330
0
100
AcDbSymbolTable
 70
     2
  0
STYLE
  5
55
330
3
100
AcDbSymbolTableRecord
100
AcDbTextStyleTableRecord
  2
Standard
 70
     0
 40
0.0
 41
1.0
 50
0.0
 71
     0
 42
0.2
  3
txt
  4

  0
STYLE
  5
5A
330
3
100
AcDbSymbolTableRecord
100
AcDbTextStyleTableRecord
  2
Annotative
 70
     0
 40
0.0
 41
1.0
 50
0.0
 71
     0
 42
0.2
  3
txt
  4

1001
AcadAnnotative
1000
AnnotativeData
1002
{
1070
     1
1070
     1
1002
}
  0
ENDTAB
  0
TABLE
  2
VIEW
  5
6
330
0
100
AcDbSymbolTable
 70
     0
  0
ENDTAB
  0
TABLE
  2
UCS
  5
7
330
0
100
AcDbSymbolTable
 70
     0
  0
ENDTAB
  0
TABLE
  2
APPID
  5
9
330
0
100
AcDbSymbolTable
 70
     2
  0
APPID
  5
56
330
9
100
AcDbSymbolTableRecord
100
AcDbRegAppTableRecord
  2
ACAD
 70
     0
  0
APPID
  5
5E
330
9
100
AcDbSymbolTableRecord
100
AcDbRegAppTableRecord
  2
AcadAnnotative
 70
     0
  0
ENDTAB
  0
TABLE
  2
DIMSTYLE
  5
A
330
0
100
AcDbSymbolTable
 70
     2
100
AcDbDimStyleTable
 71
     0
  0
DIMSTYLE
105
58
330
A
100
AcDbSymbolTableRecord
100
AcDbDimStyleTableRecord
  2
Standard
 70
     0
340
55
  0
DIMSTYLE
105
59
330
A
100
AcDbSymbolTableRecord
100
AcDbDimStyleTableRecord
  2
Annotative
 70
     0
340
55
1001
AcadAnnotative
1000
AnnotativeData
1002
{
1070
     1
1070
     1
1002
}
  0
ENDTAB
  0
TABLE
  2
BLOCK_RECORD
  5
1
330
0
100
AcDbSymbolTable
 70
     1
  0
BLOCK_RECORD
  5
70
330
1
100
AcDbSymbolTableRecord
100
AcDbBlockTableRecord
  2
*Model_Space
340
73
 70
     0
280
     1
281
     0
  0
BLOCK_RECORD
  5
6C
330
1
100
AcDbSymbolTableRecord
100
AcDbBlockTableRecord
  2
*Paper_Space
340
6F
 70
     0
280
     1
281
     0
  0
BLOCK_RECORD
  5
74
330
1
100
AcDbSymbolTableRecord
100
AcDbBlockTableRecord
  2
*Paper_Space0
340
77
 70
     0
280
     1
281
     0
  0
ENDTAB
  0
ENDSEC
  0
SECTION
  2
BLOCKS
  0
BLOCK
  5
71
330
70
100
AcDbEntity
  8
0
100
AcDbBlockBegin
  2
*Model_Space
 70
     0
 10
0.0
 20
0.0
 30
0.0
  3
*Model_Space
  1

  0
ENDBLK
  5
72
330
70
100
AcDbEntity
  8
0
100
AcDbBlockEnd
  0
BLOCK
  5
6D
330
6C
100
AcDbEntity
 67
     1
  8
0
100
AcDbBlockBegin
  2
*Paper_Space
 70
     0
 10
0.0
 20
0.0
 30
0.0
  3
*Paper_Space
  1

  0
ENDBLK
  5
6E
330
6C
100
AcDbEntity
 67
     1
  8
0
100
AcDbBlockEnd
  0
BLOCK
  5
75
330
74
100
AcDbEntity
 67
     1
  8
0
100
AcDbBlockBegin
  2
*Paper_Space0
 70
     0
 10
0.0
 20
0.0
 30
0.0
  3
*Paper_Space0
  1

  0
ENDBLK
  5
76
330
74
100
AcDbEntity
 67
     1
  8
0
100
AcDbBlockEnd
  0
ENDSEC
  0
SECTION
  2
ENTITIES
  0
LWPOLYLINE
  5
78
330
70
100
AcDbEntity
  8
0
 62
    18
420
        0
370
    25
100
AcDbPolyline
 90
     1552
 70
     0
 43
0.0
 10
219.4860605900983
 20
98.68982610651498
 10
219.5559626821403
 20
98.76262979119491
 10
219.6256610737477
 20
98.83526373623675
 10
219.695155766903
 20
98.9077279437453
 10
219.7644467649022
 20
98.98002241722098
 10
219.8335340723535
 20
99.05214716155551
 10
219.9024176951721
 20
99.12410218303172
 10
219.9710976405806
 20
99.19588748931474
 10
220.0395739171041
 20
99.26750308945379
 10
220.1078465345676
 20
99.33894899387587
 10
220.1759155040942
 20
99.41022521437986
 10
220.2437808381019
 20
99.48133176413856
 10
220.3114425503009
 20
99.55226865768969
 10
220.3789006556904
 20
99.62303591093515
 10
220.4461551705563
 20
99.69363354113735
 10
220.5132061124693
 20
99.76406156691385
 10
220.5800535002797
 20
99.83432000823626
 10
220.6466973541182
 20
99.90440888642313
 10
220.7131376953894
 20
99.97432822414118
 10
220.7793745467724
 20
100.0440780453957
 10
220.8454079322153
 20
100.1136583755332
 10
220.9112378769348
 20
100.1830692412323
 10
220.9768644074117
 20
100.2523106705045
 10
221.0422875513886
 20
100.3213826926869
 10
221.1075073378685
 20
100.3902853384425
 10
221.1725237971095
 20
100.4590186397517
 10
221.2373369606254
 20
100.5275826299134
 10
221.3019468611794
 20
100.5959773435385
 10
221.3663535327839
 20
100.6642028165472
 10
221.4305570106966
 20
100.7322590861658
 10
221.4945573314182
 20
100.8001461909219
 10
221.5583545326897
 20
100.8678641706413
 10
221.6219486534898
 20
100.9354130664454
 10
221.6853397340311
 20
101.0027929207466
 10
221.7485278157588
 20
101.0700037772445
 10
221.8115129413471
 20
101.1370456809224
 10
221.8742951546963
 20
101.2039186780441
 10
221.9368745009313
 20
101.2706228161506
 10
221.9992510263971
 20
101.3371581440546
 10
222.0614247786576
 20
101.4035247118401
 10
222.1233958064921
 20
101.4697225708558
 10
222.1851641598927
 20
101.5357517737121
 10
222.2467298900614
 20
101.601612374279
 10
222.3080930494075
 20
101.6673044276803
 10
222.3692536915451
 20
101.7328279902932
 10
222.4302118712904
 20
101.7981831197403
 10
222.4909676446577
 20
101.8633698748897
 10
222.5515210688592
 20
101.9283883158496
 10
222.6118722022995
 20
101.9932385039649
 10
222.6720211045746
 20
102.0579205018142
 10
222.7319678364682
 20
102.1224343732048
 10
222.7917124599509
 20
102.186780183171
 10
222.8512550381741
 20
102.2509579979695
 10
222.9105956354704
 20
102.314967885075
 10
222.969734317349
 20
102.3788099131781
 10
223.0286711504943
 20
102.4424841521804
 10
223.0874062027617
 20
102.5059906731911
 10
223.1459395431762
 20
102.5693295485259
 10
223.2042712419286
 20
102.6325008516978
 10
223.2624013703738
 20
102.6955046574192
 10
223.320330001027
 20
102.7583410415959
 10
223.3780572075621
 20
102.8210100813225
 10
223.4355830648074
 20
102.8835118548803
 10
223.4929076487447
 20
102.945846441733
 10
223.5500310365053
 20
103.008013922524
 10
223.6069533063674
 20
103.0700143790721
 10
223.6636745377544
 20
103.1318478943654
 10
223.7201948112305
 20
103.1935145525636
 10
223.7765142084992
 20
103.2550144389894
 10
223.8326328124005
 20
103.3163476401253
 10
223.8885507069069
 20
103.3775142436127
 10
223.9442679771229
 20
103.4385143382459
 10
223.9997847092801
 20
103.4993480139687
 10
224.0551009907358
 20
103.5600153618736
 10
224.1102169099689
 20
103.6205164741932
 10
224.1651325565795
 20
103.6808514443005
 10
224.2198480212842
 20
103.7410203667042
 10
224.2743633959131
 20
103.8010233370439
 10
224.3286787734089
 20
103.8608604520897
 10
224.3827942478227
 20
103.9205318097334
 10
224.4367099143117
 20
103.9800375089905
 10
224.4904258691364
 20
104.0393776499929
 10
224.5439422096584
 20
104.0985523339867
 10
224.5972590343362
 20
104.1575616633274
 10
224.6503764427249
 20
104.2164057414779
 10
224.7032945354709
 20
104.2750846730039
 10
224.7560134143105
 20
104.33359856357
 10
224.8085331820671
 20
104.3919475199376
 10
224.8608539426482
 20
104.4501316499604
 10
224.9129758010426
 20
104.5081510625782
 10
224.9648988633186
 20
104.5660058678187
 10
225.0166232366198
 20
104.6236961767895
 10
225.0681490291635
 20
104.681222101675
 10
225.1194763502369
 20
104.7385837557358
 10
225.1706053101948
 20
104.7957812533021
 10
225.2215360204591
 20
104.8528147097686
 10
225.2722685935118
 20
104.9096842415974
 10
225.3228031428945
 20
104.9663899663073
 10
225.3731397832076
 20
105.0229320024727
 10
225.423278630104
 20
105.079310469723
 10
225.4732198002887
 20
105.1355254887336
 10
225.5229634115149
 20
105.191577181227
 10
225.5725095825808
 20
105.2474656699654
 10
225.6218584333309
 20
105.3031910787506
 10
225.6710100846459
 20
105.3587535324174
 10
225.7199646584485
 20
105.4141531568324
 10
225.7687222776922
 20
105.4693900788879
 10
225.8172830663667
 20
105.5244644265007
 10
225.8656471494878
 20
105.5793763286061
 10
225.9138146530999
 20
105.6341259151573
 10
225.9617857042717
 20
105.6887133171191
 10
226.0095604310921
 20
105.7431386664654
 10
226.0571389626683
 20
105.7974020961741
 10
226.1045214291253
 20
105.8515037402275
 10
226.1517079615989
 20
105.9054437336032
 10
226.1986986922366
 20
105.9592222122759
 10
226.2454937541937
 20
106.0128393132085
 10
226.2920932816288
 20
106.066295174353
 10
226.3384974097037
 20
106.1195899346447
 10
226.3847062745804
 20
106.1727237339979
 10
226.4307200134164
 20
106.2256967133046
 10
226.4765387643624
 20
106.2785090144285
 10
226.5221626665632
 20
106.3311607802034
 10
226.5675918601484
 20
106.383652154427
 10
226.6128264862362
 20
106.4359832818615
 10
226.6578666869261
 20
106.4881543082245
 10
226.7027126052985
 20
106.5401653801899
 10
226.7473643854116
 20
106.592016645383
 10
226.7918221722978
 20
106.6437082523752
 10
226.8360861119621
 20
106.6952403506823
 10
226.8801563513775
 20
106.7466130907616
 10
226.9240330384856
 20
106.797826624004
 10
226.9677163221903
 20
106.8488811027367
 10
227.011206352357
 20
106.8997766802134
 10
227.0545032798094
 20
106.9505135106158
 10
227.0976072563275
 20
107.0010917490458
 10
227.1405184346431
 20
107.0515115515247
 10
227.1832369684387
 20
107.1017730749892
 10
227.225763012344
 20
107.1518764772862
 10
227.2680967219343
 20
107.2018219171707
 10
227.3102382537265
 20
107.2516095543021
 10
227.3521877651755
 20
107.3012395492398
 10
227.3939454146739
 20
107.3507120634404
 10
227.4355113615497
 20
107.4000272592538
 10
227.4768857660596
 20
107.4491852999206
 10
227.5180687893907
 20
107.4981863495654
 10
227.5590605936547
 20
107.5470305731988
 10
227.5998613418881
 20
107.5957181367074
 10
227.6404711980477
 20
107.644249206855
 10
227.6808903270064
 20
107.6926239512775
 10
227.7211188945535
 20
107.7408425384787
 10
227.7611570673923
 20
107.7889051378275
 10
227.8010050131339
 20
107.8368119195544
 10
227.8406629002968
 20
107.8845630547472
 10
227.8801308983043
 20
107.9321587153485
 10
227.9194091774825
 20
107.9795990741507
 10
227.9584979090548
 20
108.0268843047936
 10
227.9973972651421
 20
108.0740145817609
 10
228.0361074187593
 20
108.1209900803763
 10
228.0746285438121
 20
108.1678109767992
 10
228.1129608150934
 20
108.2144774480229
 10
228.1511044082839
 20
108.2609896718686
 10
228.1890594999455
 20
108.3073478269841
 10
228.2268262675224
 20
108.3535520928385
 10
228.2644048893336
 20
108.3996026497216
 10
228.3017955445756
 20
108.4454996787356
 10
228.3389984133168
 20
108.4912433617952
 10
228.3760136764944
 20
108.5368338816235
 10
228.4128415159122
 20
108.5822714217477
 10
228.44948211424
 20
108.6275561664946
 10
228.4859356550076
 20
108.6726883009899
 10
228.5222023226046
 20
108.7176680111518
 10
228.5582823022754
 20
108.762495483689
 10
228.5941757801199
 20
108.8071709060963
 10
228.629882943088
 20
108.8516944666527
 10
228.6654039789768
 20
108.896066354415
 10
228.7007390764304
 20
108.9402867592157
 10
228.7358884249343
 20
108.9843558716618
 10
228.7708522148157
 20
109.0282738831267
 10
228.805630637238
 20
109.0720409857498
 10
228.8402238841995
 20
109.1156573724316
 10
228.8746321485308
 20
109.1591232368318
 10
228.9088556238922
 20
109.2024387733632
 10
228.9428945047697
 20
109.2456041771904
 10
228.9767489864749
 20
109.2886196442241
 10
229.0104192651397
 20
109.3314853711206
 10
229.0439055377144
 20
109.3742015552743
 10
229.0772080019657
 20
109.4167683948173
 10
229.1103268564735
 20
109.4591860886156
 10
229.1432623006286
 20
109.5014548362638
 10
229.1760145346296
 20
109.5435748380811
 10
229.2085837594797
 20
109.5855462951117
 10
229.2409701769861
 20
109.6273694091168
 10
229.2731739897544
 20
109.6690443825736
 10
229.3051954011886
 20
109.7105714186703
 10
229.337034615486
 20
109.7519507213036
 10
229.3686918376371
 20
109.7931824950754
 10
229.4001672734203
 20
109.8342669452876
 10
229.4314611294007
 20
109.8752042779398
 10
229.4625736129284
 20
109.9159946997252
 10
229.4935049321336
 20
109.9566384180286
 10
229.524255295925
 20
109.9971356409204
 10
229.5548249139869
 20
110.0374865771536
 10
229.5852139967767
 20
110.0776914361627
 10
229.6154227555231
 20
110.1177504280561
 10
229.6454514022215
 20
110.1576637636158
 10
229.6753001496325
 20
110.1974316542931
 10
229.7049692112789
 20
110.2370543122038
 10
229.7344588014439
 20
110.2765319501267
 10
229.7637691351665
 20
110.3158647814968
 10
229.7929004282418
 20
110.3550530204055
 10
229.821852897215
 20
110.3940968815953
 10
229.8506267593803
 20
110.4329965804551
 10
229.8792222327785
 20
110.4717523330181
 10
229.9076395361937
 20
110.510364355959
 10
229.9358788891525
 20
110.548832866588
 10
229.9639405119168
 20
110.5871580828492
 10
229.9918246254864
 20
110.6253402233167
 10
230.0195314515927
 20
110.6633795071899
 10
230.0470612126981
 20
110.7012761542917
 10
230.074414131992
 20
110.7390303850637
 10
230.1015904333886
 20
110.7766424205629
 10
230.1285903415238
 20
110.8141124824579
 10
230.1554140817546
 20
110.8514407930261
 10
230.1820618801522
 20
110.8886275751501
 10
230.2085339635033
 20
110.9256730523125
 10
230.2348305593069
 20
110.9625774485946
 10
230.2609518957698
 20
110.9993409886713
 10
230.2868982018034
 20
111.0359638978079
 10
230.3126697070248
 20
111.072446401858
 10
230.3382666417502
 20
111.108788727256
 10
230.3636892369951
 20
111.144991101019
 10
230.3889377244686
 20
111.1810537507378
 10
230.4140123365737
 20
111.216976904578
 10
230.4389133064028
 20
111.2527607912734
 10
230.4636408677362
 20
111.2884056401235
 10
230.4881952550382
 20
111.32391168099
 10
230.5125767034545
 20
111.3592791442923
 10
230.5367854488114
 20
111.3945082610055
 10
230.5608217276096
 20
111.4295992626558
 10
230.5846857770262
 20
111.4645523813177
 10
230.6318981397702
 20
111.5340459006875
 10
230.6784244478234
 20
111.6029906865277
 10
230.7242666225786
 20
111.6713886147858
 10
230.7694265959508
 20
111.7392415698321
 10
230.8139063102931
 20
111.8065514443453
 10
230.8577077183118
 20
111.8733201391988
 10
230.9008327829795
 20
111.9395495633447
 10
230.9432834774504
 20
112.0052416337036
 10
230.9850617849708
 20
112.0703982750453
 10
231.0261696988
 20
112.1350214198804
 10
231.0666092221175
 20
112.1991130083425
 10
231.1063823679417
 20
112.2626749880746
 10
231.1454911590427
 20
112.3257093141169
 10
231.1839376278551
 20
112.3882179487915
 10
231.221723816395
 20
112.4502028615875
 10
231.2588517761723
 20
112.5116660290497
 10
231.2953235681054
 20
112.5726094346608
 10
231.3311412624336
 20
112.6330350687313
 10
231.3663069386358
 20
112.6929449282831
 10
231.4008226853418
 20
112.752341016936
 10
231.4346906002475
 20
112.8112253447938
 10
231.4679127900319
 20
112.8695999283322
 10
231.500491370268
 20
112.927466790282
 10
231.5324284653437
 20
112.9848279595174
 10
231.5637262083698
 20
113.0416854709416
 10
231.5943867410997
 20
113.0980413653732
 10
231.6244122138431
 20
113.1538976894318
 10
231.65380478538
 20
113.2092564954242
 10
231.6825666228766
 20
113.2641198412311
 10
231.7106999017977
 20
113.3184897901928
 10
231.7382068058265
 20
113.372368410995
 10
231.7650895267734
 20
113.4257577775562
 10
231.7913502644969
 20
113.4786599689133
 10
231.8169912268127
 20
113.5310770691073
 10
231.8420146294131
 20
113.5830111670687
 10
231.8664226957802
 20
113.6344643565054
 10
231.8902176570997
 20
113.6854387357895
 10
231.9134017521767
 20
113.7359364078398
 10
231.9359772273511
 20
113.7859594800115
 10
231.9579463364126
 20
113.8355100639814
 10
231.9793113405141
 20
113.8845902756328
 10
232.0000745080873
 20
113.9332022349429
 10
232.0202381147568
 20
113.9813480658695
 10
232.0398044432586
 20
114.0290298962351
 10
232.0587757833492
 20
114.0762498576152
 10
232.0771544317248
 20
114.1230100852229
 10
232.0949426919348
 20
114.1693127177969
 10
232.1121428742966
 20
114.2151598974843
 10
232.1287572958102
 20
114.2605537697309
 10
232.1447882800735
 20
114.3054964831653
 10
232.1602381571967
 20
114.3499901894831
 10
232.1751092637187
 20
114.3940370433371
 10
232.1894039425194
 20
114.4376392022216
 10
232.2031245427365
 20
114.480798826356
 10
232.2162734196798
 20
114.5235180785768
 10
232.2288529347457
 20
114.565799124217
 10
232.2408654553337
 20
114.6076441309976
 10
232.252313354758
 20
114.6490552689113
 10
232.2631990121656
 20
114.6900347101092
 10
232.2735248124498
 20
114.7305846287858
 10
232.2832931461645
 20
114.7707072010677
 10
232.2925064094413
 20
114.8104046048974
 10
232.3011670039005
 20
114.8496790199199
 10
232.3092773365693
 20
114.8885326273704
 10
232.3168398197971
 20
114.9269676099587
 10
232.323856871166
 20
114.9649861517556
 10
232.3303309134105
 20
115.0025904380805
 10
232.336264374331
 20
115.0397826553851
 10
232.3416596867055
 20
115.0765649911424
 10
232.3465192882093
 20
115.1129396337303
 10
232.350845621326
 20
115.1489087723186
 10
232.3546411332655
 20
115.1844745967572
 10
232.3579082758764
 20
115.2196392974588
 10
232.3606495055621
 20
115.254405065288
 10
232.3628672831947
 20
115.288774091444
 10
232.3645640740305
 20
115.3227485673511
 10
232.3657423476264
 20
115.3563306845423
 10
232.3664045777508
 20
115.3895226345456
 10
232.3665532423029
 20
115.4223266087696
 10
232.3661908232248
 20
115.454744798392
 10
232.3653198064171
 20
115.4867793942433
 10
232.3639426816534
 20
115.5184325866937
 10
232.3620619424958
 20
115.5497065655401
 10
232.3596800862101
 20
115.5806035198917
 10
232.3567996136787
 20
115.6111256380547
 10
232.3534230293191
 20
115.6412751074213
 10
232.3495528409937
 20
115.6710541143544
 10
232.3451915599328
 20
115.7004648440754
 10
232.3403417006435
 20
115.7295094805525
 10
232.3350057808321
 20
115.758190206387
 10
232.3291863213176
 20
115.7865092027023
 10
232.3228858459474
 20
115.8144686490318
 10
232.3161068815145
 20
115.8420707232045
 10
232.3088519576738
 20
115.869317601236
 10
232.3011236068584
 20
115.8962114572116
 10
232.2929243641958
 20
115.9227544631786
 10
232.284256767423
 20
115.948948789032
 10
232.2751233568045
 20
115.9747966024004
 10
232.2655266750475
 20
116.0003000685374
 10
232.2554692672191
 20
116.0254613502068
 10
232.2449536806605
 20
116.0502826075691
 10
232.233982464906
 20
116.074765998073
 10
232.2225581715967
 20
116.0989136763397
 10
232.2106833543992
 20
116.1227277940529
 10
232.1983605689195
 20
116.146210499843
 10
232.1855923726217
 20
116.1693639391794
 10
232.1723813247412
 20
116.1921902542543
 10
232.1587299862029
 20
116.2146915838737
 10
232.1446409195393
 20
116.2368700633419
 10
232.1301166888015
 20
116.258727824351
 10
232.1151598594816
 20
116.2802669948673
 10
232.0997729984234
 20
116.3014896990214
 10
232.0839586737429
 20
116.3223980569932
 10
232.0677194547422
 20
116.3429941849008
 10
232.0510579118268
 20
116.3632801946886
 10
232.0339766164205
 20
116.3832581940134
 10
232.016478140884
 20
116.4029302861335
 10
231.9985650584292
 20
116.4222985697969
 10
231.9802399430349
 20
116.4413651391268
 10
231.9615053693663
 20
116.46013208351
 10
231.9423639126875
 20
116.4786014874867
 10
231.9228181487797
 20
116.4967754306352
 10
231.9028706538579
 20
116.5146559874621
 10
231.8825240044849
 20
116.532245227287
 10
231.8617807774906
 20
116.5495452141334
 10
231.8406435498855
 20
116.5665580066145
 10
231.8191148987793
 20
116.5832856578211
 10
231.797197401295
 20
116.5997302152088
 10
231.7748936344863
 20
116.6158937204884
 10
231.7522061752542
 20
116.6317782095088
 10
231.7291376002622
 20
116.6473857121492
 10
231.7056904858531
 20
116.6627182522037
 10
231.681867407966
 20
116.6777778472716
 10
231.6576709420509
 20
116.6925665086424
 10
231.6331036629862
 20
116.7070862411855
 10
231.6081681449952
 20
116.7213390432356
 10
231.5828669615604
 20
116.7353269064842
 10
231.5572026853425
 20
116.7490518158637
 10
231.5311778880942
 20
116.7625157494356
 10
231.5047951405779
 20
116.77572067828
 10
231.478057012482
 20
116.7886685663821
 10
231.4509660723365
 20
116.8013613705187
 10
231.4235248874296
 20
116.8138010401482
 10
231.3957360237228
 20
116.825989517297
 10
231.3676020457688
 20
116.8379287364465
 10
231.3391255166285
 20
116.8496206244238
 10
231.3103089977833
 20
116.8610671002838
 10
231.2811550490562
 20
116.8722700752032
 10
231.2516662285246
 20
116.8832314523639
 10
231.2218450924382
 20
116.893953126841
 10
231.1916941951341
 20
116.9044369854942
 10
231.1612160889547
 20
116.9146849068498
 10
231.1304133241621
 20
116.9246987609929
 10
231.099288448856
 20
116.9344804094531
 10
231.0678440088889
 20
116.9440317050915
 10
231.0360825477791
 20
116.953354491985
 10
231.0040066066273
 20
116.9624506053093
 10
230.9716187240289
 20
116.9713218712238
 10
230.9389214359882
 20
116.9799701067514
 10
230.9059172758335
 20
116.988397119664
 10
230.8726087741286
 20
116.9966047083669
 10
230.8389984585897
 20
117.0045946617791
 10
230.805088853997
 20
117.0123687592157
 10
230.770882482109
 20
117.0199287702763
 10
230.7363818615784
 20
117.0272764547221
 10
230.7015895078642
 20
117.0344135623631
 10
230.6665079331455
 20
117.0413418329398
 10
230.6311396462366
 20
117.0480629960057
 10
230.5954871525005
 20
117.0545787708123
 10
230.5595529537621
 20
117.0608908661894
 10
230.5233395482242
 20
117.067000980432
 10
230.4868494303785
 20
117.0729108011798
 10
230.4500850909219
 20
117.0786220053027
 10
230.4130490166704
 20
117.0841362587823
 10
230.3757436904708
 20
117.0894552165976
 10
230.3381715911176
 20
117.0945805226058
 10
230.3003351932644
 20
117.0995138094247
 10
230.2622369673407
 20
117.1042566983189
 10
230.2238793794627
 20
117.1088107990811
 10
230.1852648913483
 20
117.1131777099148
 10
230.1463959602338
 20
117.1173590173192
 10
230.1072750387834
 20
117.1213562959701
 10
230.0679045750058
 20
117.1251711086048
 10
230.0282870121682
 20
117.1288050059044
 10
229.988424788709
 20
117.1322595263777
 10
229.9483203381537
 20
117.1355361962435
 10
229.9079760890264
 20
117.1386365293136
 10
229.8673944647652
 20
117.1415620268775
 10
229.8265778836359
 20
117.1443141775839
 10
229.7855287586465
 20
117.146894457324
 10
229.7442494974607
 20
117.1493043291156
 10
229.7027425023109
 20
117.1515452429863
 10
229.6610101699137
 20
117.1536186358549
 10
229.6190548913826
 20
117.1555259314166
 10
229.5768790521446
 20
117.1572685400239
 10
229.5344850318489
 20
117.1588478585734
 10
229.4918752042871
 20
117.1602652703849
 10
229.4490519373018
 20
117.1615221450865
 10
229.4060175927049
 20
117.162619838498
 10
229.3627745261875
 20
117.1635596925139
 10
229.3193250872377
 20
117.1643430349849
 10
229.2756716190522
 20
117.1649711796035
 10
229.2318164584493
 20
117.165445425786
 10
229.1877619357874
 20
117.1657670585552
 10
229.1435103748729
 20
117.1659373484245
 10
229.0990640928792
 20
117.1659575512799
 10
229.0544254002578
 20
117.1658289082647
 10
229.009596600653
 20
117.1655526456614
 10
228.9645799908161
 20
117.165129974775
 10
228.9193778605199
 20
117.1645620918161
 10
228.8739924924706
 20
117.1638501777848
 10
228.8284261622236
 20
117.1629953983537
 10
228.7826811380977
 20
117.1619989037499
 10
228.736759681088
 20
117.1608618286389
 10
228.6906640447801
 20
117.1595852920085
 10
228.6443964752628
 20
117.1581703970517
 10
228.5513544829691
 20
117.1549298652463
 10
228.4576515197491
 20
117.1511487384147
 10
228.3633052757081
 20
117.1468352615469
 10
228.2683333128575
 20
117.1419974159327
 10
228.1727530634055
 20
117.136642918234
 10
228.076581829351
 20
117.1307792230295
 10
227.9798367823423
 20
117.1244135260625
 10
227.8825349635307
 20
117.1175527675014
 10
227.7846932834367
 20
117.1102036351984
 10
227.6863285218002
 20
117.1023725679437
 10
227.5874573274477
 20
117.0940657587266
 10
227.4880962181448
 20
117.085289157992
 10
227.3882615804582
 20
117.0760484768994
 10
227.2879696696147
 20
117.0663491905783
 10
227.1872366093596
 20
117.0561965413884
 10
227.0860783918127
 20
117.0455955421772
 10
226.984510877334
 20
117.0345509795365
 10
226.8825497943737
 20
117.0230674170617
 10
226.7802107393396
 20
117.0111491986093
 10
226.6775091764499
 20
116.9988004515542
 10
226.5744604375955
 20
116.9860250900474
 10
226.4710797221953
 20
116.9728268182761
 10
226.3673820970611
 20
116.9592091337177
 10
226.2633824962493
 20
116.9451753304013
 10
226.1590957209249
 20
116.9307285021633
 10
226.0545364392184
 20
116.9158715459072
 10
225.9497191860848
 20
116.9006071648582
 10
225.8446583631633
 20
116.8849378718257
 10
225.7393682386341
 20
116.8688659924573
 10
225.63386294708
 20
116.8523936684973
 10
225.5281564893441
 20
116.8355228610473
 10
225.4222627323859
 20
116.8182553538195
 10
225.3161954091465
 20
116.8005927563992
 10
225.2099681184015
 20
116.7825365074993
 10
225.1035943246213
 20
116.7640878782204
 10
224.9970873578332
 20
116.7452479753065
 10
224.890460413476
 20
116.7260177444053
 10
224.7837265522613
 20
116.7063979733319
 10
224.6768987000221
 20
116.6863892954445
 10
224.5699896475542
 20
116.6659921932161
 10
224.4630120504486
 20
116.6452070018529
 10
224.3559784289279
 20
116.6240339129157
 10
224.2489011676809
 20
116.6024729779417
 10
224.1417925156974
 20
116.580524112067
 10
224.0346645861035
 20
116.5581870976465
 10
223.9275293559968
 20
116.5354615878752
 10
223.8203986662805
 20
116.5123471104106
 10
223.713284221499
 20
116.488843070994
 10
223.6061975896731
 20
116.4649487570717
 10
223.4991502021349
 20
116.4406633414147
 10
223.3921533533615
 20
116.4159858857449
 10
223.2852182008119
 20
116.3909153443496
 10
223.1783557647613
 20
116.3654505677088
 10
223.0715769281357
 20
116.3395903061138
 10
222.9648924363463
 20
116.3133332132902
 10
222.8583128971263
 20
116.2866778500162
 10
222.7518487803649
 20
116.259622687748
 10
222.6455104179411
 20
116.2321661122384
 10
222.5393080035612
 20
116.2043064271591
 10
222.433251592591
 20
116.1760418577234
 10
222.3273511018938
 20
116.1473705543038
 10
222.2216163096625
 20
116.1182905960581
 10
222.1160568552558
 20
116.0887999945479
 10
222.0106822390345
 20
116.0588966973604
 10
221.9055018221936
 20
116.0285785917309
 10
221.8005248266004
 20
115.9978435081617
 10
221.6957603346267
 20
115.9666892240479
 10
221.5912172889855
 20
115.9351134672936
 10
221.4869044925662
 20
115.9031139199376
 10
221.3828306082673
 20
115.8706882217717
 10
221.2790041588354
 20
115.8378339739643
 10
221.1754335266964
 20
115.8045487426743
 10
221.0721269538231
 20
115.7708300625272
 10
220.969092541656
 20
115.7366754397871
 10
220.8663382510473
 20
115.702082355416
 10
220.7638719022056
 20
115.6670482681332
 10
220.6617011746419
 20
115.6315706174767
 10
220.5598336071115
 20
115.5956468268579
 10
220.4582765975604
 20
115.5592743066248
 10
220.3570374030701
 20
115.522450457119
 10
220.2561231398004
 20
115.4851726717347
 10
220.1555407829355
 20
115.4474383399761
 10
220.055297166628
 20
115.4092448505207
 10
219.9553989839433
 20
115.3705895942743
 10
219.8558527868047
 20
115.3314699674312
 10
219.7566649859372
 20
115.2918833745332
 10
219.6578418508128
 20
115.2518272315288
 10
219.5593895095941
 20
115.2112989688318
 10
219.4613139490803
 20
115.1702960343808
 10
219.3636210146497
 20
115.1288158966966
 10
219.2663164102066
 20
115.0868560479445
 10
219.1694056981237
 20
115.0444140069886
 10
219.0728942991881
 20
115.0014873224553
 10
218.9767874925453
 20
114.9580735757885
 10
218.8810904156436
 20
114.9141703843122
 10
218.7858080641792
 20
114.8697754042855
 10
218.6909452920402
 20
114.8248863339641
 10
218.5965068112515
 20
114.7795009166606
 10
218.5024971919186
 20
114.7336169437996
 10
218.4089208621736
 20
114.6872322579787
 10
218.315782108118
 20
114.6403447560286
 10
218.2230850737692
 20
114.5929523920704
 10
218.1308337610026
 20
114.5450531805749
 10
218.039032029499
 20
114.4966451994213
 10
217.9476835966862
 20
114.4477265929576
 10
217.8567920376841
 20
114.3982955750653
 10
217.7663607851675
 20
114.348350432469
 10
217.6763931290107
 20
114.2978895287418
 10
217.5868922158318
 20
114.2469113086278
 10
217.4978610485317
 20
114.1954143023725
 10
217.4093024858334
 20
114.1433971300593
 10
217.3212192418216
 20
114.0908585059427
 10
217.233613885482
 20
114.0377972427833
 10
217.1464888402416
 20
113.9842122561809
 10
217.0598463835067
 20
113.9301025689106
 10
216.9736886462036
 20
113.8754673152532
 10
216.8880176123165
 20
113.8203057453343
 10
216.802835118429
 20
113.7646172294543
 10
216.7181428532625
 20
113.7084012624239
 10
216.6339423572145
 20
113.6516574678995
 10
216.5502350218995
 20
113.5943856027163
 10
216.4670220896889
 20
113.5365855612211
 10
216.3843046532488
 20
113.4782573796096
 10
216.3020836550796
 20
113.4194012402578
 10
216.2203598870578
 20
113.3600174760567
 10
216.1391339899718
 20
113.3001065747489
 10
216.0584064530638
 20
113.2396691832581
 10
215.9781776135696
 20
113.1787061120279
 10
215.8984476562558
 20
113.1172183393533
 10
215.8192166129605
 20
113.0552070157148
 10
215.7404843621338
 20
112.9926734681146
 10
215.6622506283748
 20
112.9296192044087
 10
215.5845149819736
 20
112.8660459176417
 10
215.507276838449
 20
112.801955490381
 10
215.4305354580874
 20
112.7373499990516
 10
215.3542899454855
 20
112.672231718268
 10
215.278539249085
 20
112.6066031251721
 10
215.2032821607166
 20
112.5404669037638
 10
215.1285173151362
 20
112.4738259492378
 10
215.0542431895706
 20
112.4066833722994
 10
214.9804581035082
 20
112.3390425026999
 10
214.9071602194226
 20
112.270906889805
 10
214.8343475440274
 20
112.202280301465
 10
214.7620179295696
 20
112.1331667227668
 10
214.6901690751242
 20
112.063570354787
 10
214.6187985278858
 20
111.9934956133481
 10
214.547903684462
 20
111.922947127765
 10
214.4774817921669
 20
111.8519297396038
 10
214.4075299503144
 20
111.7804485014339
 10
214.338045111511
 20
111.7085086755771
 10
214.2690240829483
 20
111.6361157328659
 10
214.2004635276979
 20
111.5632753513931
 10
214.1323599660023
 20
111.4899934152653
 10
214.06470977657
 20
111.416276013357
 10
213.9975091978671
 20
111.342129438063
 10
213.9307543294115
 20
111.26756018405
 10
213.8644411330657
 20
111.1925749470131
 10
213.7985654343292
 20
111.1171806224257
 10
213.7331229236333
 20
111.0413843042936
 10
213.6681091576319
 20
110.9651932839069
 10
213.6035195604975
 20
110.8886150485964
 10
213.5393494252114
 20
110.8116572804814
 10
213.4755939148592
 20
110.7343278552273
 10
213.4122480639219
 20
110.6566348407968
 10
213.3493067795713
 20
110.5785864962024
 10
213.2867648429603
 20
110.5001912702609
 10
213.2246169105191
 20
110.4214578003433
 10
213.1628575152461
 20
110.3423949111328
 10
213.1014810680018
 20
110.2630116133737
 10
213.0404818588019
 20
110.1833171026254
 10
212.9798540581103
 20
110.1033207580156
 10
212.9195917181329
 20
110.0230321409941
 10
212.8596887741098
 20
109.942460994086
 10
212.8001390456093
 20
109.8616172396377
 10
212.7409362379324
 20
109.7805109782399
 10
212.682073944046
 20
109.6991524855078
 10
212.6235456469146
 20
109.617552207655
 10
212.5653447218659
 20
109.5357207569602
 10
212.5074644389577
 20
109.453668907227
 10
212.4498979653457
 20
109.3714075892433
 10
212.3926383676498
 20
109.2889478862464
 10
212.3356786143202
 20
109.2063010293843
 10
212.279011578006
 20
109.123478393175
 10
212.2226300379202
 20
109.0404914909703
 10
212.1665266822082
 20
108.9573519704183
 10
212.1106941103136
 20
108.8740716089231
 10
212.055124835346
 20
108.7906623091079
 10
211.9998112864463
 20
108.707136094276
 10
211.9447458111554
 20
108.6235051038728
 10
211.8899206777802
 20
108.5397815889481
 10
211.8353280777604
 20
108.4559779076174
 10
211.7809601280354
 20
108.3721065205248
 10
211.6728662889291
 20
108.2042109570309
 10
211.5655746959165
 20
108.0361964617076
 10
211.4590198439295
 20
107.8681659477916
 10
211.3531352631194
 20
107.7002235332861
 10
211.2478535945941
 20
107.5324743957438
 10
211.1431066661598
 20
107.3650246270383
 10
211.038825568061
 20
107.1979810881415
 10
210.9349407287202
 20
107.0314512639038
 10
210.8313819900429
 20
106.8655431190038
 10
210.7280786773287
 20
106.7003649684953
 10
210.676500593825
 20
106.6180835589115
 10
210.6249596609068
 20
106.5360253707542
 10
210.5734469260706
 20
106.4542039951303
 10
210.5219534158405
 20
106.3726330256285
 10
210.4704701376309
 20
106.2913260551375
 10
210.4189880816115
 20
106.2102966726677
 10
210.3674982225741
 20
106.1295584601699
 10
210.3159915217961
 20
106.0491249893537
 10
210.2644589289062
 20
105.96900981851
 10
210.2128913837489
 20
105.8892264893281
 10
210.16127981825
 20
105.8097885237153
 10
210.1096151582809
 20
105.7307094206195
 10
210.0578883255244
 20
105.652002652845
 10
210.0060902393398
 20
105.5736816638749
 10
209.954211818627
 20
105.4957598646899
 10
209.9022439836919
 20
105.4182506305876
 10
209.8501776581114
 20
105.3411672980022
 10
209.7980037705994
 20
105.2645231613252
 10
209.7457132568702
 20
105.1883314697225
 10
209.6932970615036
 20
105.1126054239586
 10
209.6407461398124
 20
105.037358173211
 10
209.5880514597032
 20
104.9626028118933
 10
209.535204003546
 20
104.8883523764733
 10
209.4821947700352
 20
104.8146198422935
 10
209.4290147760573
 20
104.7414181203912
 10
209.3756550585546
 20
104.6687600543156
 10
209.3221066763905
 20
104.5966584169507
 10
209.2683607122148
 20
104.5251259073337
 10
209.2144082743286
 20
104.4541751474723
 10
209.160240498549
 20
104.3838186791695
 10
209.1058485501004
 20
104.3140689607761
 10
209.0512236257447
 20
104.2449383634045
 10
208.9963569561912
 20
104.1764391664796
 10
208.9412398085615
 20
104.1085835531757
 10
208.885863488852
 20
104.0413836058527
 10
208.8302193443972
 20
103.974851301489
 10
208.7742987663314
 20
103.9089985071203
 10
208.7180931920539
 20
103.8438369752741
 10
208.6615941076906
 20
103.7793783394046
 10
208.6047930505575
 20
103.7156341093288
 10
208.5476816116249
 20
103.6526156666628
 10
208.4902514379773
 20
103.5903342602568
 10
208.432494235281
 20
103.5288010016301
 10
208.3744017702434
 20
103.468026860407
 10
208.315965873078
 20
103.4080226597544
 10
208.2571784399669
 20
103.3487990718146
 10
208.1980314355238
 20
103.2903666131415
 10
208.1683206023129
 20
103.2614503000371
 10
208.1385168952579
 20
103.2327356401384
 10
208.1086193302793
 20
103.2042239022237
 10
208.078626928036
 20
103.1759163444903
 10
208.0485387140023
 20
103.1478142144132
 10
208.0183537185456
 20
103.1199187486023
 10
207.9880709770035
 20
103.0922311726586
 10
207.9576895297595
 20
103.064752701034
 10
207.9272084223212
 20
103.0374845368854
 10
207.8966267053968
 20
103.0104278719351
 10
207.865943434972
 20
102.9835838863262
 10
207.8351576723873
 20
102.9569537484808
 10
207.8042684844145
 20
102.9305386149575
 10
207.773274943334
 20
102.9043396303081
 10
207.742176127012
 20
102.8783579269356
 10
207.7109711189769
 20
102.8525946249515
 10
207.6796590084967
 20
102.8270508320322
 10
207.6482388906554
 20
102.8017276432775
 10
207.6167098664313
 20
102.7766261410675
 10
207.5850710427717
 20
102.7517473949207
 10
207.5533215326728
 20
102.7270924613503
 10
207.521460455254
 20
102.7026623837211
 10
207.489486935836
 20
102.6784581921089
 10
207.4574001060186
 20
102.654480903157
 10
207.425199103756
 20
102.6307315199312
 10
207.392883073435
 20
102.6072110317815
 10
207.3604511659513
 20
102.5839204141955
 10
207.327902538787
 20
102.5608606286592
 10
207.2952363560872
 20
102.5380326225104
 10
207.2624517887368
 20
102.5154373288012
 10
207.2295480144384
 20
102.4930756661488
 10
207.1965242177884
 20
102.4709485386
 10
207.1633795903533
 20
102.4490568354823
 10
207.1301133307488
 20
102.427401431266
 10
207.0967246447097
 20
102.4059831854306
 10
207.0632127451254
 20
102.3848029424083
 10
207.0295768520444
 20
102.3638615316009
 10
206.9958161926694
 20
102.3431597674009
 10
206.9619300013572
 20
102.3226984492189
 10
206.9279175196165
 20
102.3024783615032
 10
206.8937779961051
 20
102.2825002737671
 10
206.8595106866283
 20
102.262764940612
 10
206.8251148541358
 20
102.2432731017489
 10
206.7905897687222
 20
102.2240254820261
 10
206.7559347076219
 20
102.2050227914504
 10
206.7211489552087
 20
102.1862657252115
 10
206.6862318029939
 20
102.1677549637074
 10
206.6511825496236
 20
102.149491172566
 10
206.6160005008769
 20
102.1314750026705
 10
206.5806849696631
 20
102.1137070901819
 10
206.5452352760206
 20
102.0961880565654
 10
206.5096507471151
 20
102.0789185086108
 10
206.4739307172365
 20
102.0618990384594
 10
206.4380745277968
 20
102.0451302236276
 10
206.4020815273294
 20
102.0286126270284
 10
206.365951071486
 20
102.0123467969963
 10
206.3296825230338
 20
101.9963332673145
 10
206.2932752518555
 20
101.980572557233
 10
206.2567286349453
 20
101.9650651714969
 10
206.2200420564079
 20
101.9498116003688
 10
206.1832149074564
 20
101.9348123196518
 10
206.146246586409
 20
101.9200677907166
 10
206.1091364986886
 20
101.9055784605193
 10
206.0718840568203
 20
101.8913447616333
 10
206.0344886804287
 20
101.8773671122666
 10
205.9969497962361
 20
101.8636459162872
 10
205.959266838061
 20
101.8501815632501
 10
205.9214392468144
 20
101.8369744284171
 10
205.8834664705006
 20
101.8240248727836
 10
205.8453479642123
 20
101.8113332431007
 10
205.8070831901301
 20
101.7988998719006
 10
205.7686716175198
 20
101.7867250775182
 10
205.7301127227305
 20
101.7748091641174
 10
205.691405989193
 20
101.7631524217141
 10
205.6525509074168
 20
101.7517551261999
 10
205.6135469749891
 20
101.7406175393653
 10
205.5743936965715
 20
101.7297399089249
 10
205.535090583899
 20
101.7191224685412
 10
205.495637155778
 20
101.7087654378472
 10
205.4560329380829
 20
101.6986690224721
 10
205.4162774637558
 20
101.688833414062
 10
205.3763702728029
 20
101.6792587903091
 10
205.3363109122936
 20
101.6699453149699
 10
205.296098936357
 20
101.6608931378926
 10
205.255733906182
 20
101.6521023950398
 10
205.2152153900137
 20
101.6435732085133
 10
205.1745429631508
 20
101.6353056865755
 10
205.1337162079452
 20
101.627299923678
 10
205.092734713799
 20
101.6195560004786
 10
205.0515980771618
 20
101.6120739838731
 10
205.0103059015309
 20
101.6048539270121
 10
204.9688577974462
 20
101.5978958693301
 10
204.9272533824901
 20
101.5911998365654
 10
204.8854922812856
 20
101.5847658407879
 10
204.8435741254927
 20
101.578593880419
 10
204.8014985538081
 20
101.5726839402587
 10
204.7592652119616
 20
101.5670359915077
 10
204.716873752715
 20
101.5616499917918
 10
204.6743238358597
 20
101.5565258851858
 10
204.6316151282147
 20
101.5516636022374
 10
204.5887473036249
 20
101.5470630599908
 10
204.5457200429579
 20
101.5427241620109
 10
204.5025330341027
 20
101.5386467984093
 10
204.4591859719565
 20
101.5348308458861
 10
204.415678558399
 20
101.5312761678069
 10
204.3720105022629
 20
101.5279826142811
 10
204.328181519304
 20
101.52495002224
 10
204.2841913321726
 20
101.522178215522
 10
204.2400396703829
 20
101.5196670049477
 10
204.1957262702841
 20
101.5174161884037
 10
204.1512508750309
 20
101.5154255509196
 10
204.106613234553
 20
101.5136948647526
 10
204.0618131055274
 20
101.5122238894631
 10
204.0168502513475
 20
101.5110123719977
 10
203.9717244420931
 20
101.5100600467676
 10
203.9264354545024
 20
101.5093666357321
 10
203.880983071942
 20
101.5089318484745
 10
203.8353670843766
 20
101.5087553822846
 10
203.7895872883396
 20
101.5088369222391
 10
203.7436434869049
 20
101.5091761412819
 10
203.6975354896561
 20
101.5097727003027
 10
203.6512631126564
 20
101.5106262482184
 10
203.6048261784214
 20
101.511736422053
 10
203.5582245158874
 20
101.5131028470198
 10
203.5114579603821
 20
101.5147251365971
 10
203.4645263535966
 20
101.5166028926126
 10
203.417429543554
 20
101.5187357053215
 10
203.3701673845814
 20
101.5211231534883
 10
203.3227397372793
 20
101.5237648044639
 10
203.275146468492
 20
101.5266602142704
 10
203.2273874512798
 20
101.5298089276768
 10
203.179462564887
 20
101.5332104782815
 10
203.1313716947138
 20
101.5368643885936
 10
203.0831147322874
 20
101.5407701701102
 10
203.0346915752303
 20
101.5449273233988
 10
202.9861021272332
 20
101.5493353381765
 10
202.9373462980238
 20
101.55399369339
 10
202.8884240033378
 20
101.5589018572981
 10
202.8393351648899
 20
101.5640592875475
 10
202.7900797103429
 20
101.5694654312576
 10
202.7406575732801
 20
101.5751197250987
 10
202.6910686931739
 20
101.5810215953705
 10
202.6413130153569
 20
101.587170458086
 10
202.5913904909939
 20
101.593565719048
 10
202.5413010770496
 20
101.6002067739329
 10
202.4910447362611
 20
101.6070930083681
 10
202.4406214371079
 20
101.6142237980118
 10
202.3900311537816
 20
101.6215985086368
 10
202.3392738661579
 20
101.6292164962077
 10
202.2883495597657
 20
101.6370771069608
 10
202.2372582257578
 20
101.6451796774859
 10
202.1859998608823
 20
101.653523534807
 10
202.1345744674515
 20
101.6621079964609
 10
202.0829820533144
 20
101.6709323705762
 10
202.0312226318251
 20
101.6799959559581
 10
201.9792962218144
 20
101.6892980421642
 10
201.9272028475606
 20
101.6988379095861
 10
201.8749425387589
 20
101.708614829531
 10
201.8225153304924
 20
101.7186280642984
 10
201.7699212632031
 20
101.7288768672651
 10
201.7171603826614
 20
101.7393604829614
 10
201.6642327399376
 20
101.7500781471539
 10
201.6111383913706
 20
101.7610290869225
 10
201.5578773985406
 20
101.7722125207457
 10
201.5044498282391
 20
101.7836276585748
 10
201.4508557524373
 20
101.795273701919
 10
201.3970952482591
 20
101.8071498439229
 10
201.3431683979504
 20
101.8192552694488
 10
201.2890752888496
 20
101.8315891551533
 10
201.2348160133581
 20
101.8441506695716
 10
201.1803906689115
 20
101.8569389731951
 10
201.1257993579511
 20
101.8699532185486
 10
201.0710421879024
 20
101.8831925502549
 10
201.0161192711549
 20
101.8966561050979
 10
200.9610307250418
 20
101.9103430120829
 10
200.9057766718211
 20
101.9242523924999
 10
200.8503572386528
 20
101.9383833599842
 10
200.7947725575824
 20
101.9527350205764
 10
200.7390227655178
 20
101.9673064727883
 10
200.6831080042112
 20
101.9820968076602
 10
200.6270284202379
 20
101.9971051088247
 10
200.5707841649773
 20
102.0123304525682
 10
200.5143753945913
 20
102.0277719078926
 10
200.4578022700066
 20
102.0434285365768
 10
200.4010649568914
 20
102.0592993932364
 10
200.3441636256388
 20
102.0753835253885
 10
200.2870984513446
 20
102.0916799735121
 10
200.229869613787
 20
102.1081877711096
 10
200.1724772974085
 20
102.1249059447679
 10
200.1149216912938
 20
102.1418335142198
 10
200.0572029891509
 20
102.1589694924077
 10
199.9993213892908
 20
102.1763128855438
 10
199.9412770946074
 20
102.1938626931706
 10
199.8830703125572
 20
102.2116179082248
 10
199.8247012551398
 20
102.2295775170979
 10
199.7661701388772
 20
102.2477404996983
 10
199.7074771847943
 20
102.2661058295103
 10
199.6486226183982
 20
102.2846724736602
 10
199.5896066696593
 20
102.3034393929748
 10
199.53042957299
 20
102.3224055420443
 10
199.4710915672251
 20
102.3415698692818
 10
199.4115928956015
 20
102.3609313169889
 10
199.3519338057396
 20
102.3804888214139
 10
199.2921145496205
 20
102.4002413128146
 10
199.232135383569
 20
102.4201877155204
 10
199.1719965682307
 20
102.4403269479924
 10
199.1116983685546
 20
102.4606579228884
 10
199.0512410537711
 20
102.4811795471189
 10
198.9906248973721
 20
102.5018907219156
 10
198.9298501770924
 20
102.522790342886
 10
198.868917174888
 20
102.5438773000822
 10
198.8078261769173
 20
102.5651504780554
 10
198.7465774735202
 20
102.5866087559235
 10
198.6851713591978
 20
102.6082510074297
 10
198.6236081325939
 20
102.6300761010031
 10
198.561888096473
 20
102.6520828998239
 10
198.5000115577016
 20
102.674270261882
 10
198.4379788272277
 20
102.6966370400405
 10
198.3757902200606
 20
102.7191820820958
 10
198.3134460552511
 20
102.7419042308394
 10
198.2509466558712
 20
102.7648023241209
 10
198.1882923489941
 20
102.78787519491
 10
198.1254834656747
 20
102.8111216713538
 10
198.0625203409286
 20
102.8345405768444
 10
197.9994033137125
 20
102.8581307300769
 10
197.9361327269044
 20
102.8818909451113
 10
197.8727089272832
 20
102.9058200314346
 10
197.8091322655088
 20
102.9299167940243
 10
197.745403096102
 20
102.954180033405
 10
197.6815217774241
 20
102.9786085457165
 10
197.6174886716575
 20
103.0032011227712
 10
197.5533041447855
 20
103.0279565521152
 10
197.42448231054
 20
103.0779510969086
 10
197.2950592778044
 20
103.1285823975233
 10
197.1650381092233
 20
103.1798406070925
 10
197.0344219263274
 20
103.2317158164338
 10
196.9032139088742
 20
103.284198056044
 10
196.7714172941355
 20
103.337277298202
 10
196.6390353761567
 20
103.3909434591053
 10
196.5060715050142
 20
103.4451864010199
 10
196.3725290860742
 20
103.4999959344247
 10
196.2384115792501
 20
103.5553618201549
 10
196.1037224982602
 20
103.6112737715529
 10
195.9684654098852
 20
103.6677214566076
 10
195.8326439332276
 20
103.7246945001063
 10
195.6962617389679
 20
103.7821824857753
 10
195.5593225486232
 20
103.8401749584287
 10
195.4218301338054
 20
103.8986614261121
 10
195.283788315478
 20
103.9576313622514
 10
195.1452009632152
 20
104.0170742077947
 10
195.0060719944595
 20
104.0769793733584
 10
194.8664053737788
 20
104.1373362413774
 10
194.7262051121245
 20
104.1981341682451
 10
194.5854752660907
 20
104.2593624864618
 10
194.4442199371703
 20
104.3210105067802
 10
194.3024432710137
 20
104.3830675203516
 10
194.1601494566862
 20
104.4455228008703
 10
194.0173427259274
 20
104.50836560672
 10
193.874027352407
 20
104.5715851831196
 10
193.7302076509836
 20
104.6351707642678
 10
193.5858879769631
 20
104.6991115754914
 10
193.441072725356
 20
104.7633968353876
 10
193.2957663301343
 20
104.8280157579714
 10
193.1499732634923
 20
104.8929575548228
 10
193.0036980351004
 20
104.958211437229
 10
192.8569451913669
 20
105.0237666183339
 10
192.7097193146937
 20
105.0896123152789
 10
192.5620250227336
 20
105.1557377513549
 10
192.4138669676505
 20
105.2221321581431
 10
192.265249835375
 20
105.288784777661
 10
192.1161783448685
 20
105.3556848645177
 10
191.9666572474026
 20
105.4228216880826
 10
191.8166913258528
 20
105.4901845346808
 10
191.6662853939915
 20
105.5577627097791
 10
191.5154442957827
 20
105.6255455401797
 10
191.3641729046759
 20
105.6935223762113
 10
191.2124761228986
 20
105.7616825939181
 10
191.0603588807516
 20
105.830015597253
 10
190.9078261359022
 20
105.8985108202666
 10
190.7548828726775
 20
105.9671577292984
 10
190.6015341013599
 20
106.0359458251692
 10
190.447784857479
 20
106.1048646453701
 10
190.2936402011064
 20
106.1739037662554
 10
190.1391052161496
 20
106.2430528052316
 10
189.9841850096452
 20
106.3123014229499
 10
189.828884711054
 20
106.3816393254944
 10
189.6732094715526
 20
106.4510562665773
 10
189.5171644633301
 20
106.5205420497261
 10
189.3607548788789
 20
106.5900865304773
 10
189.2039859302915
 20
106.6596796185645
 10
189.0468628485518
 20
106.7293112801102
 10
188.8893908828307
 20
106.79897153982
 10
188.7315752997791
 20
106.8686504831684
 10
188.5734213828209
 20
106.9383382585922
 10
188.4149344314494
 20
107.0080250796825
 10
188.2561197605181
 20
107.0777012273734
 10
188.0969826995369
 20
107.1473570521349
 10
187.9375285919646
 20
107.2169829761616
 10
187.7777627945027
 20
107.2865694955652
 10
187.6176906763901
 20
107.3561071825672
 10
187.4573176186967
 20
107.4255866876836
 10
187.2966490136162
 20
107.4949987419236
 10
187.1356902637612
 20
107.5643341589758
 10
186.9744467814562
 20
107.6335838373982
 10
186.8129239880367
 20
107.7027387627824
 10
186.6511273131655
 20
107.7717900097383
 10
186.4890621941739
 20
107.8407287437367
 10
186.326734075398
 20
107.9095462229384
 10
186.1641484075191
 20
107.9782338000211
 10
186.001310646904
 20
108.0467829240047
 10
185.8382262549428
 20
108.1151851420812
 10
185.6749006973891
 20
108.1834321014389
 10
185.5113394436996
 20
108.2515155510924
 10
185.3475479663726
 20
108.3194273437072
 10
185.1835317402878
 20
108.3871594374296
 10
185.0192962420464
 20
108.4547038977104
 10
184.8548469493092
 20
108.5220528991352
 10
184.6901893401364
 20
108.5891987272495
 10
184.5253288923276
 20
108.6561337803876
 10
184.3602710827605
 20
108.7228505714978
 10
184.1950213867301
 20
108.7893417299709
 10
184.0295852772889
 20
108.855600003467
 10
183.8639682245852
 20
108.9216182597424
 10
183.6981756952031
 20
108.987389488477
 10
183.5322131515024
 20
109.0529068031025
 10
183.3660860509566
 20
109.1181634426264
 10
183.1997998454933
 20
109.1831527734618
 10
183.0333599808331
 20
109.2478682912561
 10
182.8667718958293
 20
109.3123036227122
 10
182.7000410218066
 20
109.3764525274232
 10
182.5331727819017
 20
109.4403088996932
 10
182.3661725904014
 20
109.5038667703671
 10
182.1990458520824
 20
109.5671203086602
 10
182.0317979615511
 20
109.6300638239795
 10
181.8644343025819
 20
109.6926917677569
 10
181.6969602474582
 20
109.7549987352714
 10
181.5293811563094
 20
109.8169794674797
 10
181.3617023764536
 20
109.8786288528414
 10
181.1939292417651
 20
109.9399419289492
 10
181.0260670722854
 20
110.0009138826552
 10
180.8581211740869
 20
110.0615400486008
 10
180.6900968391738
 20
110.1218159075051
 10
180.5219993453856
 20
110.1817370844454
 10
180.3538339562978
 20
110.2412993471499
 10
180.1856059211248
 20
110.3004986042756
 10
180.0173204746219
 20
110.3593309037002
 10
179.8489828369879
 20
110.4177924308027
 10
179.6805982137658
 20
110.4758795067513
 10
179.5121717957474
 20
110.5335885867897
 10
179.3437087588728
 20
110.590916258519
 10
179.1752142641336
 20
110.6478592401881
 10
179.0066934574765
 20
110.7044143789739
 10
178.8381514697021
 20
110.7605786492705
 10
178.6695934163704
 20
110.8163491509748
 10
178.5010243977016
 20
110.8717231077684
 10
178.3324494984768
 20
110.9266978654062
 10
178.1638737879432
 20
110.9812708900016
 10
177.9953023197135
 20
111.0354397663104
 10
177.8267401316695
 20
111.0892021960176
 10
177.658192245863
 20
111.1425559960226
 10
177.4896636684204
 20
111.1954990967241
 10
177.3211593894413
 20
111.2480295403067
 10
177.1526843829041
 20
111.3001454790243
 10
176.9842436065649
 20
111.3518451734881
 10
176.8158420018632
 20
111.4031269909507
 10
176.6474844938204
 20
111.4539894035909
 10
176.479175990945
 20
111.5044309868002
 10
176.3109213851323
 20
111.5544504174685
 10
176.1427255515682
 20
111.6040464722689
 10
175.9745933486309
 20
111.6532180259425
 10
175.8065296177925
 20
111.7019640495864
 10
175.6385391835217
 20
111.7502836089355
 10
175.4706268531836
 20
111.7981758626629
 10
175.3027974169184
 20
111.845640060798
 10
175.1350556474902
 20
111.8926755433125
 10
174.967406300131
 20
111.9392817387418
 10
174.7998541123829
 20
111.9854581628034
 10
174.6324038039418
 20
112.0312044170182
 10
174.4650600765002
 20
112.076520187331
 10
174.297827613591
 20
112.1214052427302
 10
174.13071108043
 20
112.165859433868
 10
173.9637151237596
 20
112.2098826916809
 10
173.796844371691
 20
112.2534750260099
 10
173.6301034335493
 20
112.29663652422
 10
173.4634968997138
 20
112.3393673498224
 10
173.2970293414638
 20
112.3816677410927
 10
173.1307053108209
 20
112.4235380096927
 10
172.9645293403917
 20
112.4649785392878
 10
172.7985059432105
 20
112.5059897841726
 10
172.6326396125847
 20
112.5465722678852
 10
172.4669348219349
 20
112.5867265818312
 10
172.3013960246408
 20
112.6264533839024
 10
172.1360276538826
 20
112.6657533970992
 10
171.9708341224853
 20
112.7046274081465
 10
171.8058198227603
 20
112.7430762661187
 10
171.6409891263506
 20
112.7811008810572
 10
171.4763463840723
 20
112.8187022225906
 10
171.3118959257591
 20
112.8558813185577
 10
171.1476420601038
 20
112.8926392536231
 10
170.9835890745032
 20
112.9289771679017
 10
170.8197412348999
 20
112.9648962555775
 10
170.6561027856268
 20
113.0003977635224
 10
170.4926779492483
 20
113.0354829899193
 10
170.3294709264057
 20
113.070153282879
 10
170.1664858956592
 20
113.1044100390633
 10
170.0037270133304
 20
113.1382547023034
 10
169.8411984133479
 20
113.1716887622209
 10
169.6789042070946
 20
113.204713752812
 10
169.5168484832716
 20
113.2373312509937
 10
169.355035307759
 20
113.2695428751228
 10
169.1934687234822
 20
113.3013502835278
 10
169.0321527502746
 20
113.3327551730298
 10
168.8710913847425
 20
113.3637592774715
 10
168.7102886001278
 20
113.3943643662416
 10
168.549748346173
 20
113.4245722427994
 10
168.3894745489839
 20
113.4543847432029
 10
168.2294711108957
 20
113.4838037346329
 10
168.0697419103344
 20
113.5128311139202
 10
167.9102908016819
 20
113.5414688060682
 10
167.7511216151408
 20
113.5697187627821
 10
167.5922381565969
 20
113.5975829609942
 10
167.4336442074837
 20
113.6250634013855
 10
167.2753435246461
 20
113.6521621069185
 10
167.1173398402049
 20
113.6788811213559
 10
166.9596368614201
 20
113.705222507791
 10
166.8022382705552
 20
113.7311883471715
 10
166.6451477247417
 20
113.7567807368254
 10
166.4883688558407
 20
113.7820017889872
 10
166.3319052703106
 20
113.8068536293234
 10
166.1757605490669
 20
113.8313383954574
 10
166.0199382473498
 20
113.8554582354972
 10
165.8644418945855
 20
113.8792153065586
 10
165.7092749942512
 20
113.902611773293
 10
165.5544410237395
 20
113.9256498064119
 10
165.3999434342214
 20
113.9483315812147
 10
165.2457856505105
 20
113.9706592761098
 10
165.0919710709269
 20
113.9926350711453
 10
164.9385030671622
 20
114.0142611465333
 10
164.7853849841414
 20
114.0355396811733
 10
164.6326201398886
 20
114.0564728511802
 10
164.4802118253893
 20
114.0770628284108
 10
164.3281633044497
 20
114.0973117789876
 10
164.1764778135386
 20
114.1172218618255
 10
164.0251585616288
 20
114.1367952271597
 10
163.8742087300349
 20
114.1560340150727
 10
163.7236314722529
 20
114.1749403540198
 10
163.5734299137999
 20
114.1935163593542
 10
163.4236071520531
 20
114.2117641318594
 10
163.2741662560877
 20
114.2296857562684
 10
163.1251102665194
 20
114.2472832997969
 10
162.9764421953393
 20
114.264558810666
 10
162.8281650257567
 20
114.28151431663
 10
162.6802817120366
 20
114.2981518235046
 10
162.5327951793388
 20
114.31447331369
 10
162.3857083235585
 20
114.330480744702
 10
162.2390240111639
 20
114.3461760476953
 10
162.0927450790363
 20
114.3615611259917
 10
161.9468743343091
 20
114.3766378536071
 10
161.8014145542072
 20
114.3914080737764
 10
161.656368485886
 20
114.4058735974827
 10
161.5117388462706
 20
114.4200362019816
 10
161.3675283218948
 20
114.4338976293299
 10
161.2237395687417
 20
114.4474595849115
 10
161.0803752120807
 20
114.4607237359626
 10
160.9374378463087
 20
114.4736917101014
 10
160.7949300347874
 20
114.4863650938518
 10
160.6528543096851
 20
114.4987454311731
 10
160.5112131718132
 20
114.5108342219842
 10
160.3700090904672
 20
114.5226329206903
 10
160.2292445032651
 20
114.5341429347118
 10
160.0889218159872
 20
114.5453656230088
 10
159.9490434024143
 20
114.5563022946102
 10
159.8096116041689
 20
114.5669542071362
 10
159.6706287305515
 20
114.5773225653301
 10
159.5320970583832
 20
114.5874085195824
 10
159.3940188318458
 20
114.597213164475
 10
159.256396262339
 20
114.6067375373825
 10
159.1192315283388
 20
114.6159826170853
 10
158.9825267752573
 20
114.6249493223961
 10
158.8462841153026
 20
114.6336385107771
 10
158.7105056273396
 20
114.6420509769623
 10
158.5751933567491
 20
114.6501874515772
 10
158.4403493152877
 20
114.6580485997597
 10
158.3059754809475
 20
114.6656350197831
 10
158.1720737978169
 20
114.6729472416723
 10
158.0386461759395
 20
114.6799857258288
 10
157.9056944911748
 20
114.686750861648
 10
157.7732205850573
 20
114.6932429661432
 10
157.6412262646569
 20
114.6994622825632
 10
157.5097133024393
 20
114.7054089790161
 10
157.3786834361241
 20
114.7110831470862
 10
157.2481383685469
 20
114.7164848004591
 10
157.1180797675176
 20
114.7216138735378
 10
156.9885092656812
 20
114.7264702200681
 10
156.8594284603768
 20
114.7310536117553
 10
156.7308389134991
 20
114.7353637368872
 10
156.6027421513564
 20
114.7394001989539
 10
156.4751396645311
 20
114.7431625152695
 10
156.3480329077408
 20
114.7466501155907
 10
156.2214232996961
 20
114.7498623407405
 10
156.0953122229626
 20
114.7527984412253
 10
155.9697010238194
 20
114.7554575758598
 10
155.8445910121189
 20
114.7578388103842
 10
155.7199834611481
 20
114.7599411160862
 10
155.5958796074869
 20
114.7617633684215
 10
155.4722806508693
 20
114.7633043456364
 10
155.3491877540415
 20
114.7645627273843
 10
155.2266020426245
 20
114.7655370933504
 10
155.1045246049712
 20
114.7662259218705
 10
154.9829564920172
 20
114.7666275885015
 10
154.8618987170923
 20
114.7667403644222
 10
154.7413522557099
 20
114.7665624147255
 10
154.6213180453541
 20
114.7660917967075
 10
154.5017969852694
 20
114.7653264581568
 10
154.3827899362475
 20
114.7642642356428
 10
154.2642977204161
 20
114.7629028528044
 10
154.1463211210256
 20
114.7612399186362
 10
154.0288608822391
 20
114.7592729257808
 10
153.9119177089192
 20
114.7569992488144
 10
153.7954922664156
 20
114.7544161425364
 10
153.6795851803542
 20
114.7515207402571
 10
153.5641970364247
 20
114.7483100520875
 10
153.4493283801692
 20
114.744780963227
 10
153.334979716768
 20
114.7409302322509
 10
153.2211515108313
 20
114.7367544894006
 10
153.1078441861835
 20
114.732250234872
 10
152.9950581256543
 20
114.7274138371022
 10
152.8827936708643
 20
114.7222415310593
 10
152.7710511220152
 20
114.716729416532
 10
152.6598307376754
 20
114.7108734564145
 10
152.549132734571
 20
114.7046694749991
 10
152.4389572873706
 20
114.6981131562631
 10
152.3293045284763
 20
114.691200042155
 10
152.220174547809
 20
114.6839255308862
 10
152.1115673925992
 20
114.6762848752191
 10
152.003483067173
 20
114.6682731807541
 10
151.8959215327401
 20
114.6598854042174
 10
151.7888827071836
 20
114.6511163517534
 10
151.6823664648467
 20
114.6419606772082
 10
151.5763726363204
 20
114.6324128804222
 10
151.4709010082321
 20
114.6224673055166
 10
151.3659513230346
 20
114.6121181391813
 10
151.2615232787928
 20
114.6013594089685
 10
151.1576165290471
 20
114.5901849819681
 10
151.0542306830311
 20
114.5785885653682
 10
150.9513653061562
 20
114.56656370841
 10
150.8490199205199
 20
114.5541038044704
 10
150.7471940054133
 20
114.5412020931505
 10
150.6458869978311
 20
114.5278516623588
 10
150.5450982929793
 20
114.514045450397
 10
150.4448272447836
 20
114.499776248048
 10
150.3450731663987
 20
114.4850367006577
 10
150.2458353307158
 20
114.4698193102219
 10
150.1471129708712
 20
114.4541164374727
 10
150.0489052807561
 20
114.4379203039634
 10
149.9512114155237
 20
114.4212229941541
 10
149.8540304920986
 20
114.4040164574959
 10
149.7573615896844
 20
114.3862925105178
 10
149.6612037502728
 20
114.3680428389121
 10
149.565555979153
 20
114.3492589996199
 10
149.4704172454179
 20
114.3299324229154
 10
149.3757864824754
 20
114.3100544144921
 10
149.2816625885549
 20
114.2896161575504
 10
149.1880444272161
 20
114.2686087148774
 10
149.094930827858
 20
114.2470230309396
 10
149.0023205862279
 20
114.2248499339627
 10
148.9102124649292
 20
114.2020801380208
 10
148.8186051939291
 20
114.1787042451181
 10
148.7274974710691
 20
114.1547127472784
 10
148.6368879625716
 20
114.130096028628
 10
148.5467753035502
 20
114.1048443674818
 10
148.4571580985162
 20
114.0789479384288
 10
148.3680349218891
 20
114.0523968144184
 10
148.2794043185036
 20
114.025180968844
 10
148.1912648041193
 20
113.9972902776308
 10
148.1036148659285
 20
113.9687145213192
 10
148.0164529630642
 20
113.9394433871512
 10
147.9297775271152
 20
113.9094664711851
 10
147.8435869626723
 20
113.8787732805969
 10
147.7578796479082
 20
113.8473532361566
 10
147.7152066952537
 20
113.8313673147232
 10
147.6726539351586
 20
113.8151956747334
 10
147.6302211577232
 20
113.798836970597
 10
147.5879081515074
 20
113.7822898517922
 10
147.545714703546
 20
113.7655529629429
 10
147.503640599369
 20
113.7486249438987
 10
147.4616856230194
 20
113.7315044298126
 10
147.4198495570709
 20
113.7141900512185
 10
147.3781321826465
 20
113.69668043411
 10
147.336533279437
 20
113.6789742000191
 10
147.2950526257184
 20
113.6610699660917
 10
147.2536899983712
 20
113.6429663451706
 10
147.2124451728973
 20
113.6246619458683
 10
147.1713179234398
 20
113.6061553726485
 10
147.1303080227996
 20
113.5874452259032
 10
147.0894152424547
 20
113.5685301020327
 10
147.0486393525784
 20
113.5494085935196
 10
147.007980122057
 20
113.5300792890108
 10
146.9674373185079
 20
113.510540773394
 10
146.9270107082991
 20
113.4907916278776
 10
146.8867000565654
 20
113.4708304300651
 10
146.8465051272284
 20
113.4506557540384
 10
146.8064256830141
 20
113.4302661704301
 10
146.7664614854706
 20
113.4096602465074
 10
146.7266122949872
 20
113.3888365462471
 10
146.6868778708122
 20
113.3677936304128
 10
146.6472579710707
 20
113.3465300566368
 10
146.6077523527832
 20
113.3250443794941
 10
146.5683607718851
 20
113.303335150584
 10
146.5290829832422
 20
113.2814009186058
 10
146.4899187406707
 20
113.2592402294388
 10
146.4508677969559
 20
113.2368516262182
 10
146.4119299038692
 20
113.2142336494163
 10
146.3731048121864
 20
113.1913848369185
 10
146.3343922717067
 20
113.1683037241014
 10
146.2957920312704
 20
113.1449888439113
 10
146.2573038387773
 20
113.1214387269448
 10
146.2189274412053
 20
113.0976519015221
 10
146.1806625846265
 20
113.073626893769
 10
146.1425090142295
 20
113.049362227695
 10
146.1044664743331
 20
113.0248564252683
 10
146.0665347084081
 20
113.0001080064978
 10
146.0287134590934
 20
112.9751154895081
 10
145.9910024682145
 20
112.9498773906203
 10
145.953401476803
 20
112.9243922244283
 10
145.9159102251135
 20
112.8986585038773
 10
145.8785284526418
 20
112.8726747403435
 10
145.8412558981443
 20
112.8464394437095
 10
145.8040922996552
 20
112.8199511224453
 10
145.7670373945046
 20
112.7932082836842
 10
145.7300909193377
 20
112.7662094333026
 10
145.6932526101323
 20
112.7389530759966
 10
145.6565222022167
 20
112.711437715362
 10
145.6198994302892
 20
112.6836618539716
 10
145.5833840284348
 20
112.6556239934524
 10
145.5469757301443
 20
112.627322634565
 10
145.5106742683324
 20
112.5987562772822
 10
145.4744793753562
 20
112.5699234208648
 10
145.4383907830325
 20
112.5408225639426
 10
145.4024082226569
 20
112.5114522045914
 10
145.3665314250218
 20
112.4818108404094
 10
145.3307601204342
 20
112.4518969685998
 10
145.2950940387348
 20
112.421709086043
 10
145.2595329093141
 20
112.3912456893747
 10
145.2240764611308
 20
112.3605052750602
 10
145.1887244227289
 20
112.329486339465
 10
145.1534765222537
 20
112.2981873789298
 10
145.1183324874715
 20
112.2666068898453
 10
145.0832920457836
 20
112.2347433687223
 10
145.0483549242469
 20
112.2025953122697
 10
145.0135208495879
 20
112.1701612174622
 10
144.9787895482228
 20
112.1374395816197
 10
144.9441607462726
 20
112.1044289024758
 10
144.9096341695815
 20
112.071127678256
 10
144.8752095437337
 20
112.0375344077464
 10
144.8408865940703
 20
112.0036475903704
 10
144.8066650457077
 20
111.9694657262599
 10
144.7725446235531
 20
111.9349873163326
 10
144.7385250523231
 20
111.9002108623599
 10
144.7046060565608
 20
111.865134867045
 10
144.6707873606522
 20
111.8297578340939
 10
144.6370686888444
 20
111.7940782682907
 10
144.6034497652616
 20
111.7580946755683
 10
144.5699303139239
 20
111.7218055630843
 10
144.536510058763
 20
111.6852094392947
 10
144.5031887236408
 20
111.6483048140242
 10
144.4699660323658
 20
111.6110901985445
 10
144.4368417087093
 20
111.5735641056417
 10
144.4038154764258
 20
111.5357250496958
 10
144.3708870592669
 20
111.497571546751
 10
144.3380561809998
 20
111.4591021145877
 10
144.3053225654251
 20
111.4203152728003
 10
144.2726859363931
 20
111.3812095428676
 10
144.240146017822
 20
111.3417834482258
 10
144.207702533714
 20
111.3020355143429
 10
144.1753552081733
 20
111.2619642687951
 10
144.1431037654227
 20
111.2215682413336
 10
144.1109479298214
 20
111.1808459639641
 10
144.0788874258826
 20
111.1397959710183
 10
144.0469219782897
 20
111.0984167992262
 10
144.0150513119133
 20
111.0567069877905
 10
143.9832751518307
 20
111.0146650784606
 10
143.9515932233397
 20
110.9722896156045
 10
143.9200052519794
 20
110.9295791462845
 10
143.8885109635445
 20
110.8865322203283
 10
143.8571100841041
 20
110.8431473904047
 10
143.8258023400182
 20
110.7994232120937
 10
143.7945874579562
 20
110.7553582439652
 10
143.7634651649119
 20
110.7109510476469
 10
143.7324351882228
 20
110.6662001879014
 10
143.7014972555865
 20
110.6211042326982
 10
143.6706510950779
 20
110.5756617532875
 10
143.639896435166
 20
110.5298713242746
 10
143.6092330047322
 20
110.4837315236906
 10
143.5786605330866
 20
110.4372409330686
 10
143.5481787499858
 20
110.390398137516
 10
143.5177873856495
 20
110.3432017257893
 10
143.4874861707782
 20
110.2956502903651
 10
143.4572748365708
 20
110.247742427514
 10
143.4271531147408
 20
110.1994767373771
 10
143.3971207375343
 20
110.1508518240366
 10
143.3671774377465
 20
110.1018662955886
 10
143.3373229487401
 20
110.0525187642199
 10
143.307557004462
 20
110.0028078462783
 10
143.2778793394591
 20
109.9527321623465
 10
143.2482896888986
 20
109.9022903373173
 10
143.2187877885814
 20
109.8514810004671
 10
143.1893733749631
 20
109.8003027855255
 10
143.1600461851684
 20
109.748754330754
 10
143.1308059570096
 20
109.6968342790148
 10
143.1016524290042
 20
109.6445412778496
 10
143.0725853403909
 20
109.5918739795479
 10
143.0436044311487
 20
109.5388310412295
 10
143.0147094420139
 20
109.4854111249164
 10
142.9859001144975
 20
109.4316128976106
 10
142.9571761909028
 20
109.3774350313696
 10
142.9285374143447
 20
109.3228762033837
 10
142.8999835287644
 20
109.2679350960502
 10
142.8715142789501
 20
109.2126103970516
 10
142.8431294105516
 20
109.1569007994304
 10
142.814828670101
 20
109.1008050016671
 10
142.7866118050285
 20
109.0443217077521
 10
142.7584785636796
 20
108.9874496272674
 10
142.7304286953347
 20
108.9301874754594
 10
142.7024619502243
 20
108.8725339733149
 10
142.6745780795497
 20
108.8144878476388
 10
142.6467768354974
 20
108.7560478311301
 10
142.6190579712589
 20
108.6972126624554
 10
142.5914212410473
 20
108.6379810863302
 10
142.5638664001155
 20
108.5783518535897
 10
142.536393204774
 20
108.5183237212675
 10
142.509001412408
 20
108.4578954526727
 10
142.4816907814945
 20
108.3970658174644
 10
142.4544610716218
 20
108.3358335917272
 10
142.4273120435054
 20
108.2741975580504
 10
142.4002434590064
 20
108.2121565056004
 10
142.3732550811489
 20
108.1497092301995
 10
142.3463466741381
 20
108.0868545344027
 10
142.3195180033774
 20
108.0235912275695
 10
142.2927688354861
 20
107.9599181259447
 10
142.2660989383169
 20
107.8958340527333
 10
142.2395080809748
 20
107.8313378381743
 10
142.2129960338329
 20
107.7664283196214
 10
142.1865625685511
 20
107.7011043416139
 10
142.1602074580942
 20
107.635364755956
 10
142.1339304767474
 20
107.5692084217946
 10
142.1077314001367
 20
107.5026342056897
 10
142.0816100052455
 20
107.4356409816976
 10
142.0555660704306
 20
107.36822763144
 10
142.0295993754426
 20
107.3003930441874
 10
142.0037097014415
 20
107.2321361169283
 10
141.9778968310153
 20
107.1634557544507
 10
141.9521605481976
 20
107.094350869416
 10
141.9265006384843
 20
107.0248203824338
 10
141.9009168888527
 20
106.9548632221415
 10
141.8754090877782
 20
106.884478325277
 10
141.8499770252519
 20
106.8136646367575
 10
141.824620492799
 20
106.7424211097537
 10
141.7993392834952
 20
106.6707467057675
 10
141.774133191986
 20
106.5986403947069
 10
141.7490020145027
 20
106.5261011549635
 10
141.723945548881
 20
106.4531279734868
 10
141.6989635945787
 20
106.3797198458621
 10
141.6740559526924
 20
106.3058757763853
 10
141.6492224259764
 20
106.2315947781414
 10
141.6244628188594
 20
106.1568758730771
 10
141.5997769374628
 20
106.0817180920792
 10
141.5751645896174
 20
106.006120475051
 10
141.5506255848825
 20
105.9300820709877
 10
141.5261597345622
 20
105.853601938052
 10
141.5017668517231
 20
105.7766791436525
 10
141.4774467512138
 20
105.6993127645172
 10
141.4531992496795
 20
105.6215018867702
 10
141.4290241655826
 20
105.5432456060094
 10
141.4049213192179
 20
105.4645430273816
 10
141.380890532732
 20
105.3853932656585
 10
141.3569316301407
 20
105.3057954453129
 10
141.3330444373448
 20
105.2257487005953
 10
141.3092287821512
 20
105.1452521756095
 10
141.2854844942866
 20
105.0643050243901
 10
141.261811405418
 20
104.9829064109746
 10
141.2382093491692
 20
104.9010555094848
 10
141.2146781611371
 20
104.8187515041987
 10
141.191217678912
 20
104.7359935896281
 10
141.1678277420922
 20
104.6527809705916
 10
141.1445081923038
 20
104.5691128622965
 10
141.1212588732164
 20
104.4849884904078
 10
141.098079630562
 20
104.4004070911291
 10
141.0749703121521
 20
104.3153679112757
 10
141.0519307678948
 20
104.2298702083524
 10
141.0289608498128
 20
104.1439132506286
 10
141.0060604120604
 20
104.0574963172119
 10
140.9832293109422
 20
103.9706186981289
 10
140.960467404929
 20
103.8832796943969
 10
140.9377745546763
 20
103.7954786181009
 10
140.9151506230424
 20
103.7072147924706
 10
140.8925954751044
 20
103.6184875519562
 10
140.8701089781767
 20
103.5292962423012
 10
140.8476910018285
 20
103.4396402206227
 10
140.8253414179005
 20
103.3495188554844
 10
140.8030601005243
 20
103.2589315269742
 10
140.7808469261373
 20
103.1678776267786
 10
140.7587017735028
 20
103.0763565582595
 10
140.7366245237256
 20
102.9843677365286
 10
140.7146150602707
 20
102.891910588527
 10
140.69267326898
 20
102.7989845530958
 10
140.6707990380906
 20
102.7055890810575
 10
140.648992258252
 20
102.6117236352869
 10
140.6272528225426
 20
102.5173876907907
 10
140.6055806264895
 20
102.4225807347815
 10
140.5839755680839
 20
102.3273022667545
 10
140.5624375477996
 20
102.2315517985616
 10
140.5409664686103
 20
102.1353288544908
 10
140.5195622360075
 20
102.0386329713393
 10
140.4982247580172
 20
101.9414636984893
 10
140.4769539452184
 20
101.8438205979852
 10
140.4557497107599
 20
101.7457032446101
 10
140.4346119703776
 20
101.6471112259582
 10
140.4135406424138
 20
101.5480441425155
 10
140.3925356478316
 20
101.448501607732
 10
140.3715969102359
 20
101.3484832480984
 10
140.3507243558884
 20
101.2479887032244
 10
140.3299179137259
 20
101.1470176259104
 10
140.3091775153781
 20
101.0455696822271
 10
140.2885030951854
 20
100.9436445515887
 10
140.2678945902153
 20
100.8412419268312
 10
140.2473519402807
 20
100.7383615142869
 10
140.2268750879575
 20
100.6350030338598
 10
140.2064639786015
 20
100.5311662191031
 10
140.1861185603669
 20
100.4268508172925
 10
140.1658387842229
 20
100.3220565895057
 10
140.1456246039716
 20
100.2167833106954
 10
140.1254759762655
 20
100.1110307697658
 10
140.1053928606254
 20
100.0047987696499
 10
140.085375219457
 20
99.89808712738383
 10
140.0654230180693
 20
99.79089567418215
 10
140.0455362246918
 20
99.68322425551669
 10
140.0257148104922
 20
99.57507273118901
 10
140.0059587495928
 20
99.46644097540819
 10
139.9862680190902
 20
99.35732887686761
 10
139.9666425990709
 20
99.24773633881772
 10
139.9470824726295
 20
99.1376632791454
 10
139.9275876258868
 20
99.02710963044659
 10
139.9081580480061
 20
98.91607534010583
 10
139.8887937312116
 20
98.80456037036809
 10
139.8694946708058
 20
98.69256469841907
  0
LINE
  5
79
330
70
100
AcDbEntity
  8
0
 62
    18
420
        0
370
    25
100
AcDbLine
 10
139.8694946708058
 20
98.69256469841907
 30
0.0
 11
139.8685708575801
 21
91.14472055630635
 31
0.0
  0
LINE
  5
7A
330
70
100
AcDbEntity
  8
0
 62
    18
420
        0
370
    25
100
AcDbLine
 10
139.8685708575801
 20
91.14472055630635
 30
0.0
 11
139.8693986618852
 21
83.59687640305374
 31
0.0
  0
LWPOLYLINE
  5
7B
330
70
100
AcDbEntity
  8
0
 62
    18
420
        0
370
    25
100
AcDbPolyline
 90
     1552
 70
     0
 43
0.0
 10
139.8693986618852
 20
83.59687640305374
 10
139.8886962976993
 20
83.48488048562854
 10
139.9080591960167
 20
83.37336526958489
 10
139.9274873615348
 20
83.26233073210785
 10
139.9469808020287
 20
83.15177683544307
 10
139.9665395283338
 20
83.04170352697376
 10
139.9861635543297
 20
82.93211073929652
 10
140.0058528969198
 20
82.82299839029761
 10
140.0256075760165
 20
82.71436638322809
 10
140.0454276145225
 20
82.60621460677944
 10
140.065313038313
 20
82.49854293516198
 10
140.0852638762189
 20
82.39135122817602
 10
140.1052801600088
 20
82.28463933129274
 10
140.1253619243716
 20
82.17840707572735
 10
140.1455092068987
 20
82.07265427851536
 10
140.1657220480676
 20
81.96738074258846
 10
140.1860004912227
 20
81.86258625685011
 10
140.206344582559
 20
81.75827059625326
 10
140.2267543711043
 20
81.65443352187475
 10
140.2472299087013
 20
81.5510747809891
 10
140.2677712499905
 20
81.44819410715005
 10
140.2883784523931
 20
81.3457912202598
 10
140.3090515760919
 20
81.24386582665058
 10
140.3297906840154
 20
81.14241761915646
 10
140.3505958418194
 20
81.04144627719163
 10
140.3714671178701
 20
80.94095146682558
 10
140.3924045832262
 20
80.84093284085867
 10
140.413408311621
 20
80.74139003889861
 10
140.4344783794454
 20
80.6423226874355
 10
140.4556148657309
 20
80.5437303999188
 10
140.4768178521306
 20
80.44561277683248
 10
140.498087422903
 20
80.3479694057707
 10
140.519423664894
 20
80.25079986151476
 10
140.5408266675192
 20
80.15410370610831
 10
140.5622965227462
 20
80.05788048893229
 10
140.5838333250787
 20
79.96212974678271
 10
140.6054371715358
 20
79.8668510039462
 10
140.6271081616387
 20
79.77204377227334
 10
140.6488463973886
 20
79.67770755125812
 10
140.6706519832528
 20
79.5838418281118
 10
140.6925250261459
 20
79.49044607783985
 10
140.7144656354112
 20
79.3975197633158
 10
140.7364739228053
 20
79.30506233536011
 10
140.7585500024787
 20
79.21307323281341
 10
140.7806939909591
 20
79.12155188261407
 10
140.8029060071345
 20
79.03049769987266
 10
140.8251861722343
 20
78.93991008795089
 10
140.8475346098124
 20
78.84978843853218
 10
140.8699514457302
 20
78.7601321317032
 10
140.8924368081389
 20
78.67094053602631
 10
140.9149908274604
 20
78.58221300861593
 10
140.9376136363726
 20
78.49394889521568
 10
140.9603053697894
 20
78.40614753027323
 10
140.9830661648448
 20
78.31880823701557
 10
141.0058961608738
 20
78.23193032752659
 10
141.0287954993971
 20
78.14551310282273
 10
141.051764324101
 20
78.05955585292695
 10
141.0748027808218
 20
77.9740578569468
 10
141.0979110175277
 20
77.88901838314903
 10
141.1210891843008
 20
77.8044366890359
 10
141.1443374333204
 20
77.72031202142146
 10
141.1676559188449
 20
77.63664361650741
 10
141.1910447971946
 20
77.55343069995681
 10
141.2145042267333
 20
77.4706724869743
 10
141.2380343678526
 20
77.38836818237667
 10
141.2616353829528
 20
77.30651698067443
 10
141.2853074364252
 20
77.22511806614362
 10
141.3090506946365
 20
77.14417061290152
 10
141.3328653259088
 20
77.06367378498625
 10
141.3567515005041
 20
76.98362673642866
 10
141.3807093906058
 20
76.90402861133121
 10
141.4047391703011
 20
76.82487854394178
 10
141.4288410155633
 20
76.74617565873134
 10
141.4530151042352
 20
76.66791907046835
 10
141.4772616160094
 20
76.5901078842984
 10
141.5015807324129
 20
76.51274119581661
 10
141.5259726367886
 20
76.43581809114474
 10
141.5504375142761
 20
76.35933764700877
 10
141.574975551797
 20
76.28329893081467
 10
141.5995869380352
 20
76.20770100072275
 10
141.6242718634197
 20
76.13254290572482
 10
141.6490305201069
 20
76.05782368572292
 10
141.6738631019631
 20
75.98354237160139
 10
141.6987698045473
 20
75.90969798530434
 10
141.7237508250932
 20
75.83628953991405
 10
141.7488063624905
 20
75.7633160397241
 10
141.7739366172692
 20
75.69077648031634
 10
141.799141791581
 20
75.61866984863923
 10
141.8244220891809
 20
75.54699512308094
 10
141.8497777154111
 20
75.47575127354702
 10
141.8752088771818
 20
75.40493726153615
 10
141.9007157829553
 20
75.33455204021706
 10
141.9262986427265
 20
75.26459455450371
 10
141.9519576680068
 20
75.19506374113162
 10
141.9776930718053
 20
75.12595852873545
 10
142.0035050686119
 20
75.05727783792288
 10
142.0293938743797
 20
74.98902058135155
 10
142.0553597065065
 20
74.92118566380679
 10
142.0814027838183
 20
74.85377198227531
 10
142.1075233265509
 20
74.7867784260223
 10
142.1337215563321
 20
74.7202038766696
 10
142.1599976961651
 20
74.65404720826902
 10
142.1863519704099
 20
74.58830728737854
 10
142.2127846047652
 20
74.52298297314134
 10
142.2392958262529
 20
74.45807311735889
 10
142.2658858631981
 20
74.39357656456869
 10
142.2925549452128
 20
74.32949215212049
 10
142.3193033031773
 20
74.26581871025021
 10
142.3461311692236
 20
74.20255506216013
 10
142.3730387767176
 20
74.13970002409195
 10
142.4000263602408
 20
74.07725240540263
 10
142.4270941555725
 20
74.01521100864456
 10
142.4542423996737
 20
73.95357462963547
 10
142.4814713306674
 20
73.89234205753997
 10
142.5087811878228
 20
73.83151207494394
 10
142.5361722115366
 20
73.77108345792908
 10
142.5636446433153
 20
73.71105497615167
 10
142.5911987257582
 20
73.65142539291714
 10
142.6188347025391
 20
73.59219346525637
 10
142.6465528183894
 20
73.53335794400144
 10
142.6743533190798
 20
73.47491757386389
 10
142.702236451403
 20
73.41687109350854
 10
142.7302024631557
 20
73.35921723563048
 10
142.7582516031211
 20
73.30195472703144
 10
142.7863841210523
 20
73.24508228869551
 10
142.8146002676529
 20
73.18859863586549
 10
142.8429002945598
 20
73.13250247811925
 10
142.8712844543271
 20
73.07679251944612
 10
142.8997530004068
 20
73.02146745832196
 10
142.9283061871313
 20
72.96652598778614
 10
142.9569442696967
 20
72.91196679551792
 10
142.9856675041438
 20
72.85778856391153
 10
143.0144761473419
 20
72.80398997015445
 10
143.0433704569709
 20
72.75056968629993
 10
143.0723506915021
 20
72.69752637934719
 10
143.1014171101826
 20
72.64485871131589
 10
143.1305699730164
 20
72.59256533931988
 10
143.1598095407471
 20
72.54064491564871
 10
143.1891360748408
 20
72.48909608783759
 10
143.2185498374677
 20
72.43791749874761
 10
143.2480510914851
 20
72.38710778663564
 10
143.2776401004211
 20
72.33666558522945
 10
143.3073171284565
 20
72.28658952380024
 10
143.3370824404073
 20
72.23687822723828
 10
143.3669363017082
 20
72.18753031612294
 10
143.3968789783953
 20
72.13854440679901
 10
143.4269107370886
 20
72.08991911144922
 10
143.4570318449744
 20
72.04165303816676
 10
143.4872425697891
 20
71.99374479103029
 10
143.5175431798013
 20
71.94619297017664
 10
143.5479339437947
 20
71.89899617187369
 10
143.5784151310507
 20
71.85215298859572
 10
143.6089870113314
 20
71.80566200909443
 10
143.6396498548622
 20
71.75952181847414
 10
143.6704039323155
 20
71.71373099826361
 10
143.7012495147912
 20
71.66828812649242
 10
143.7321868738024
 20
71.62319177776158
 10
143.763216281256
 20
71.57844052331658
 10
143.7943380094361
 20
71.53403293112456
 10
143.8255523309874
 20
71.48996756594475
 10
143.8568595188968
 20
71.44624298940168
 10
143.8882598464779
 20
71.40285776006094
 10
143.9197535873513
 20
71.35981043349904
 10
143.95134101543
 20
71.31709956238241
 10
143.9830224049005
 20
71.27472369653412
 10
144.0147980302059
 20
71.23268138301341
 10
144.0466681660287
 20
71.19097116618442
 10
144.0786330872744
 20
71.14959158779379
 10
144.1106930690528
 20
71.10854118704058
 10
144.1428483866621
 20
71.0678185006508
 10
144.1750993155709
 20
71.02742206295302
 10
144.2074461314011
 20
70.9873504059484
 10
144.2398891099109
 20
70.94760205938637
 10
144.2724285269775
 20
70.90817555083844
 10
144.3050646585802
 20
70.86906940576938
 10
144.3377977807816
 20
70.83028214761241
 10
144.3706281697131
 20
70.79181229784222
 10
144.4035561015553
 20
70.75365837604889
 10
144.4365818525216
 20
70.71581890001093
 10
144.4697056988416
 20
70.67829238576852
 10
144.5029279167426
 20
70.64107734769724
 10
144.5362487824337
 20
70.60417229858133
 10
144.5696685720872
 20
70.56757574968731
 10
144.6031875618232
 20
70.53128621083795
 10
144.6368060276904
 20
70.49530219048404
 10
144.6705242456498
 20
70.45962219578014
 10
144.704342491558
 20
70.4242447326571
 10
144.7382610411494
 20
70.38916830589392
 10
144.7722801700185
 20
70.35439141919344
 10
144.8064001536033
 20
70.31991257525493
 10
144.8406212671685
 20
70.28573027584845
 10
144.8749437857873
 20
70.25184302188546
 10
144.9093679843245
 20
70.21824931349522
 10
144.9438941374195
 20
70.18494765009854
 10
144.9785225194697
 20
70.15193653047771
 10
145.0132534046112
 20
70.11921445285423
 10
145.0480870667043
 20
70.08677991495865
 10
145.0830237793134
 20
70.05463141410572
 10
145.1180638156927
 20
70.02276744727012
 10
145.1532074487671
 20
69.99118651115438
 10
145.1884549511152
 20
69.95988710226666
 10
145.2238065949521
 20
69.92886771699445
 10
145.2592626521129
 20
69.89812685167454
 10
145.2948233940349
 20
69.86766300267004
 10
145.3304890917403
 20
69.8374746664416
 10
145.3662600158189
 20
69.80756033962123
 10
145.4021364364116
 20
69.7779185190873
 10
145.438118623192
 20
69.74854770203839
 10
145.4742068453487
 20
69.71944638607038
 10
145.5104013715669
 20
69.69061306925451
 10
145.5467024700103
 20
69.66204625021785
 10
145.5831104083032
 20
69.63374442821756
 10
145.6196254535119
 20
69.6057061032231
 10
145.6562478721263
 20
69.5779297759913
 10
145.6929779300422
 20
69.55041394814654
 10
145.7298158925427
 20
69.52315712225782
 10
145.76676202428
 20
69.49615780191765
 10
145.8038165892574
 20
69.46941449181834
 10
145.8409798508108
 20
69.44292569783367
 10
145.8782520715911
 20
69.41668992709317
 10
145.9156335135451
 20
69.39070568806366
 10
145.9531244378975
 20
69.36497149062501
 10
145.9907251051336
 20
69.33948584614838
 10
146.0284357749794
 20
69.3142472675771
 10
146.0662567063855
 20
69.28925426950176
 10
146.1041881575061
 20
69.26450536823908
 10
146.1422303856844
 20
69.23999908191156
 10
146.180383647431
 20
69.21573393052442
 10
146.2186481984072
 20
69.19170843604263
 10
146.2570242934069
 20
69.16792112247243
 10
146.2955121863382
 20
69.1443705159357
 10
146.334112130205
 20
69.12105514475155
 10
146.3728243770888
 20
69.09797353951065
 10
146.4116491781304
 20
69.07512423315745
 10
146.4505867835126
 20
69.05250576106588
 10
146.4896374424401
 20
69.03011666111763
 10
146.5288014031231
 20
69.00795547378104
 10
146.5680789127585
 20
68.98602074218948
 10
146.6074702175114
 20
68.96431101221826
 10
146.6469755624966
 20
68.94282483256425
 10
146.6865951917614
 20
68.92156075482292
 10
146.7263293482663
 20
68.90051733356713
 10
146.7661782738679
 20
68.87969312642431
 10
146.8061422093001
 20
68.85908669415721
 10
146.8462213941548
 20
68.83869660073833
 10
146.8864160668654
 20
68.81852141343149
 10
146.9267264646888
 20
68.79855970286744
 10
146.9671528236843
 20
68.77881004312422
 10
147.0076953786992
 20
68.75927101180273
 10
147.0483543633478
 20
68.73994119010834
 10
147.0891300099942
 20
68.72081916292588
 10
147.1300225497343
 20
68.701903518898
 10
147.1710322123774
 20
68.68319285050727
 10
147.2121592264272
 20
68.66468575414869
 10
147.2534038190649
 20
68.64638083021121
 10
147.29476621613
 20
68.62827668315728
 10
147.3362466421025
 20
68.61037192159599
 10
147.3778453200846
 20
68.59266515836591
 10
147.4195624717824
 20
68.575155010612
 10
147.4613983174879
 20
68.5578400998627
 10
147.5033530760603
 20
68.54071905210884
 10
147.5454269649087
 20
68.52379049788122
 10
147.587620199973
 20
68.50705307233091
 10
147.6299329957055
 20
68.49050541530366
 10
147.6723655650535
 20
68.47414617142199
 10
147.7149181194414
 20
68.45797399016098
 10
147.7575908687504
 20
68.44198752592649
 10
147.8432977838435
 20
68.41056639128834
 10
147.9294879578604
 20
68.37987210435414
 10
148.0161630124948
 20
68.34989408587529
 10
148.1033245430219
 20
68.32062184300595
 10
148.190974117721
 20
68.29204497178529
 10
148.2791132773273
 20
68.26415315943593
 10
148.3677435345187
 20
68.23693618647848
 10
148.4568663734071
 20
68.21038392881944
 10
148.5464832490301
 20
68.18448635983433
 10
148.6365955868419
 20
68.15923355245252
 10
148.7272047822063
 20
68.13461568124715
 10
148.8183121998861
 20
68.11062302451502
 10
148.909919173536
 20
68.08724596636584
 10
149.0020270051946
 20
68.06447499880528
 10
149.0946369647745
 20
68.04230072382428
 10
149.187750289554
 20
68.02071385547882
 10
149.2813681836695
 20
67.99970522198056
 10
149.3754918176072
 20
67.97926576777982
 10
149.4701223276927
 20
67.95938655565111
 10
149.5652608155849
 20
67.94005876877924
 10
149.6609083477658
 20
67.92127371284422
 10
149.7570659550328
 20
67.90302281810816
 10
149.8537346319899
 20
67.88529764149867
 10
149.9509153365395
 20
67.86808986869586
 10
150.0486089893734
 20
67.85139131621713
 10
150.1468164734649
 20
67.83519393350333
 10
150.2455386335601
 20
67.81948980500236
 10
150.3447762756694
 20
67.80427115225792
 10
150.4445301665584
 20
67.7895303359925
 10
150.544801033241
 20
67.77525985819213
 10
150.645589562469
 20
67.76145236419528
 10
150.7468964002249
 20
67.74810064477439
 10
150.8487221512129
 20
67.73519763822536
 10
150.9510673783504
 20
67.72273643244908
 10
151.0539326022603
 20
67.71071026703904
 10
151.1573183007612
 20
67.69911253536799
 10
151.2612249083591
 20
67.68793678666973
 10
151.3656528157409
 20
67.67717672812842
 10
151.4706023692881
 20
67.66682622682864
 10
151.5760738708596
 20
67.65687931031964
 10
151.682067577929
 20
67.64733016528872
 10
151.7885837037966
 20
67.63817313585317
 10
151.8956224178017
 20
67.62940272185073
 10
152.0031838455329
 20
67.62101357712758
 10
152.1112680690415
 20
67.61300050782494
 10
152.2198751270529
 20
67.60535847067095
 10
152.3290050151792
 20
67.59808257126464
 10
152.4386576861296
 20
67.59116806236916
 10
152.5488330499245
 20
67.58461034219642
 10
152.6595309741051
 20
67.57840495269764
 10
152.7707512839475
 20
67.57254757785256
 10
152.8824937626733
 20
67.56703404195549
 10
152.9947581516622
 20
67.56186030790385
 10
153.1075441506633
 20
67.5570224754907
 10
153.2208514180074
 20
67.55251677968806
 10
153.3346795708195
 20
67.5483395889382
 10
153.4490281852298
 20
67.54448740344281
 10
153.563896796586
 20
67.54095685344769
 10
153.6792848996659
 20
67.53774469753595
 10
153.7951919488883
 20
67.53484782091327
 10
153.9116173585254
 20
67.53226323369847
 10
154.0285605029145
 20
67.5299880692102
 10
154.1460207166713
 20
67.52801958225546
 10
154.2639972948995
 20
67.52635514741955
 10
154.3824894934047
 20
67.52499225735459
 10
154.5014965289054
 20
67.52392852106554
 10
154.6210175792452
 20
67.5231616622021
 10
154.741051783605
 20
67.52268951734333
 10
154.8615982427142
 20
67.52251003429012
 10
154.9826560190637
 20
67.52262127034999
 10
155.1042241371173
 20
67.52302139062944
 10
155.2263015835227
 20
67.52370866631875
 10
155.3488873073235
 20
67.52468147298954
 10
155.4719802201479
 20
67.52593828898985
 10
155.5955791963572
 20
67.52747769402024
 10
155.7196830731872
 20
67.529298367749
 10
155.8442906508893
 20
67.53139908843699
 10
155.969400692869
 20
67.53377873155608
 10
156.0950119258265
 20
67.53643626841006
 10
156.2211230398973
 20
67.53937076475637
 10
156.3477326887913
 20
67.54258137942573
 10
156.4748394899339
 20
67.54606736294256
 10
156.6024420246056
 20
67.54982805614847
 10
156.730538838082
 20
67.55386288881815
 10
156.8591284397742
 20
67.55817137828479
 10
156.9882093033689
 20
67.56275312805802
 10
157.1177798669679
 20
67.56760782644531
 10
157.2478385332288
 20
67.57273524517254
 10
157.3783836695047
 20
67.57813523800544
 10
157.5094136079851
 20
67.58380773936945
 10
157.6409266458343
 20
67.58975276297062
 10
157.7729210453337
 20
67.59597040041661
 10
157.9053950340206
 20
67.60246081983709
 10
158.0383468048275
 20
67.60922426450462
 10
158.1717745162238
 20
67.61626105145447
 10
158.3056762923552
 20
67.62357157010812
 10
158.4400502231842
 20
67.63115628088915
 10
158.5748943646291
 20
67.63901571384927
 10
158.7102067387048
 20
67.64715046728558
 10
158.8459853336637
 20
67.65556120636086
 10
158.982228104134
 20
67.66424866172837
 10
159.1189329712615
 20
67.67321362814778
 10
159.2560978228485
 20
67.68245696310869
 10
159.3937205134947
 20
67.69197958544967
 10
159.5317988647363
 20
67.70178247398058
 10
159.6703306651873
 20
67.71186666610226
 10
159.8093136706793
 20
67.72223325642686
 10
159.9487456044067
 20
67.73288339537379
 10
160.0886241570828
 20
67.74381828771375
 10
160.2289469871025
 20
67.75503919109922
 10
160.3697117207012
 20
67.76654741458789
 10
160.5109159521159
 20
67.77834431717128
 10
160.6525572437463
 20
67.79043130629877
 10
160.7946331263154
 20
67.80280983640951
 10
160.9371410990312
 20
67.81548140745382
 10
161.0800786297449
 20
67.8284475634218
 10
161.223443155115
 20
67.84170989087073
 10
161.3672320807651
 20
67.85527001745094
 10
161.5114427814468
 20
67.86912961043388
 10
161.6560726011996
 20
67.88329037523678
 10
161.8011188535116
 20
67.89775405394867
 10
161.9465788214796
 20
67.91252242386221
 10
162.0924497579715
 20
67.92759729599392
 10
162.2387288857862
 20
67.94298051361399
 10
162.3854133978141
 20
67.95867395077497
 10
162.5325004571974
 20
67.97467951083447
 10
162.6799871974935
 20
67.99099912498324
 10
162.8278707228314
 20
68.00763475077355
 10
162.9761481080767
 20
68.02458837064413
 10
163.1248163989902
 20
68.04186199044671
 10
163.2738726123883
 20
68.05945763797528
 10
163.423313736305
 20
68.07737736148763
 10
163.5731367301522
 20
68.09562322823902
 10
163.7233385248806
 20
68.1141973230018
 10
163.87391602314
 20
68.13310174659729
 10
164.0248660994401
 20
68.15233861441969
 10
164.1761856003117
 20
68.17191005496484
 10
164.3278713444678
 20
68.19181820835487
 10
164.4799201229626
 20
68.21206522486551
 10
164.632328699355
 20
68.23265326345403
 10
164.7850938098664
 20
68.25358449028398
 10
164.9382121635388
 20
68.27486107725313
 10
165.0916804423759
 20
68.29648520051889
 10
165.24549530148
 20
68.31845903902486
 10
165.3996533691876
 20
68.34078477302438
 10
165.5541512472066
 20
68.36346458260782
 10
165.7089855107505
 20
68.38650064623045
 10
165.8641527086763
 20
68.4098951392328
 10
166.0196493636189
 20
68.43365023237168
 10
166.1754719721291
 20
68.45776809034245
 10
166.3316170048073
 20
68.48225087030691
 10
166.4880809064415
 20
68.50710072041675
 10
166.6448600961426
 20
68.53231977834217
 10
166.8019509674798
 20
68.55791016979532
 10
166.9593498886185
 20
68.58387400705689
 10
167.1170532024543
 20
68.61021338750034
 10
167.2750572267496
 20
68.63693039212162
 10
167.4333582542714
 20
68.66402708406012
 10
167.5919525529244
 20
68.69150550712799
 10
167.7508363658892
 20
68.71936768433208
 10
167.9100059117581
 20
68.74761561640468
 10
168.06945738467
 20
68.77625128032557
 10
168.2291869544483
 20
68.80527662784738
 10
168.3891907667347
 20
68.83469358402425
 10
168.5494649431269
 20
68.86450404573522
 10
168.7100055813146
 20
68.89470988021155
 10
168.8708087552141
 20
68.92531292356017
 10
169.0318705151069
 20
68.95631497929102
 10
169.1931868877731
 20
68.98771781684425
 10
169.3547538766283
 20
69.0195231701125
 10
169.5165674618612
 20
69.05173273596814
 10
169.6786236005674
 20
69.08434817279055
 10
169.8409182268868
 20
69.11737109898965
 10
170.003447252139
 20
69.15080309153312
 10
170.16620656496
 20
69.18464568447053
 10
170.3291920314409
 20
69.21890036747476
 10
170.4923994952781
 20
69.25356858443088
 10
170.655824777929
 20
69.28865173205335
 10
170.8194636787699
 20
69.32415115850691
 10
170.9833119752523
 20
69.36006816202764
 10
171.1473654230595
 20
69.39640398954267
 10
171.311619756264
 20
69.43315983528856
 10
171.4760706874838
 20
69.47033683943487
 10
171.6407139080396
 20
69.50793608670199
 10
171.8055450881105
 20
69.54595860498392
 10
171.9705598768934
 20
69.58440536396302
 10
172.1357539027568
 20
69.62327727373859
 10
172.3011227733995
 20
69.66257518343823
 10
172.4666620760069
 20
69.70229987984591
 10
172.6323673774078
 20
69.74245208601593
 10
172.7982342242314
 20
69.78303245989771
 10
172.9642581430638
 20
69.82404159295424
 10
173.1304346406054
 20
69.86548000878051
 10
173.2967592038265
 20
69.907348161727
 10
173.4632273001257
 20
69.94964643551949
 10
173.6298343774857
 20
69.99237514187548
 10
173.7965758646305
 20
70.03553451913032
 10
173.963447171182
 20
70.07912473085183
 10
174.1304436878166
 20
70.12314586446509
 10
174.2975607864235
 20
70.16759792986957
 10
174.4647938202591
 20
70.21248085806082
 10
174.6321381241059
 20
70.25779449975011
 10
174.7995890144279
 20
70.30353862398548
 10
174.9671417895285
 20
70.34971291677205
 10
175.1347917297072
 20
70.39631697968977
 10
175.3025340974149
 20
70.44335032851769
 10
175.4703641374133
 20
70.49081239185041
 10
175.6382770769297
 20
70.53870250972164
 10
175.8062681258138
 20
70.58701993222135
 10
175.9743324766904
 20
70.63576381808275
 10
176.1424653050786
 20
70.68493323310367
 10
176.3106617694932
 20
70.734527148441
 10
176.4789170115415
 20
70.78454443889921
 10
176.6472261560226
 20
70.83498388121256
 10
176.8155843110237
 20
70.88584415233367
 10
176.9839865680193
 20
70.9371238277157
 10
177.1524280019668
 20
70.98882137960095
 10
177.3209036714077
 20
71.0409351753049
 10
177.4894086185626
 20
71.09346347550101
 10
177.6579378694306
 20
71.14640443250678
 10
177.826486433886
 20
71.19975608857092
 10
177.9950493057772
 20
71.253516374155
 10
178.1636214630236
 20
71.30768310622264
 10
178.332197867715
 20
71.36225398652292
 10
178.5007734662073
 20
71.41722659987654
 10
178.669343189222
 20
71.47259841245972
 10
178.8379019519433
 20
71.52836677009293
 10
179.0064446541161
 20
71.5845288965237
 10
179.1749661801436
 20
71.64108189171257
 10
179.3434613991863
 20
71.69802273011915
 10
179.511925165258
 20
71.75534825898686
 10
179.6803523173248
 20
71.8130551966283
 10
179.8487376794034
 20
71.8711401307126
 10
180.0170760606572
 20
71.92959951654751
 10
180.185362255496
 20
71.98842967536871
 10
180.3535910436727
 20
72.0476267926219
 10
180.5217571903815
 20
72.1071869162502
 10
180.6898554463564
 20
72.16710595497817
 10
180.8578805479673
 20
72.2273796765998
 10
181.0258272173199
 20
72.28800370626128
 10
181.193690162352
 20
72.34897352474774
 10
181.3614640769323
 20
72.41028446676856
 10
181.5291436409575
 20
72.47193171924402
 10
181.69672352049
 20
72.53391031983333
 10
181.8641983681479
 20
72.59621515706548
 10
182.0315628237336
 20
72.658840971964
 10
182.1988115148961
 20
72.72178235987777
 10
182.3659390577892
 20
72.78503377230596
 10
182.5329400577354
 20
72.84858951872506
 10
182.6998091098826
 20
72.91244376841824
 10
182.8665407998687
 20
72.97659055229972
 10
183.0331297044794
 20
73.04102376474308
 10
183.1995703923105
 20
73.10573716540864
 10
183.3658574244278
 20
73.17072438107118
 10
183.5319853550274
 20
73.2359789074455
 10
183.6979487320978
 20
73.30149411101398
 10
183.8637420980793
 20
73.36726323085542
 10
184.0293599905248
 20
73.43327938046944
 10
184.194796942761
 20
73.49953554960524
 10
184.3600474845488
 20
73.56602460608922
 10
184.525106142743
 20
73.63273929765125
 10
184.6899674419555
 20
73.69967225375091
 10
184.8546259052127
 20
73.7668159874083
 10
185.0190760546191
 20
73.83416289702452
 10
185.183312412016
 20
73.90170526821691
 10
185.3473294996427
 20
73.96943527563961
 10
185.5111218407976
 20
74.03734498481423
 10
185.6746839604985
 20
74.10542635395623
 10
185.8380103861432
 20
74.17367123579985
 10
186.0010956481707
 20
74.24207137942954
 10
186.1639342807204
 20
74.3106184321043
 10
186.3265208222953
 20
74.37930394108396
 10
186.4888498164196
 20
74.4481193554593
 10
186.650915812302
 20
74.51705602797641
 10
186.8127133654949
 20
74.58610521686553
 10
186.9742370385554
 20
74.6552580876667
 10
187.1354814017062
 20
74.7245057150592
 10
187.2964410334979
 20
74.79383908470261
 10
187.45711052149
 20
74.86324909522545
 10
187.6174844629527
 20
74.93272656038385
 10
187.777557465575
 20
75.00226221125486
 10
187.9373241481676
 20
75.07184669842526
 10
188.0967791413722
 20
75.14147059418306
 10
188.2559170883655
 20
75.21112439470815
 10
188.4147326455676
 20
75.28079852226376
 10
188.5732204833462
 20
75.3504833273866
 10
188.7313752867227
 20
75.42016909108008
 10
188.8891917560814
 20
75.48984602700139
 10
189.0466646078714
 20
75.55950428365466
 10
189.2037885753163
 20
75.62913394658247
 10
189.3605584091182
 20
75.69872504055592
 10
189.5169688781652
 20
75.76826753176414
 10
189.6730147702377
 20
75.83775133000822
 10
189.8286908927131
 20
75.90716629088942
 10
189.9839920732732
 20
75.97650221800126
 10
190.1389131606106
 20
76.04574886512146
 10
190.2934490251339
 20
76.11489593840026
 10
190.4475945596745
 20
76.18393309855298
 10
190.6013446801937
 20
76.25284996305089
 10
190.7546943264866
 20
76.32163610831316
 10
190.9076384628903
 20
76.39028107189386
 10
191.06017207899
 20
76.45877435467845
 10
191.2122901903237
 20
76.52710542306936
 10
191.3639878390898
 20
76.59526371118134
 10
191.515260094853
 20
76.66323862302831
 10
191.6661020552502
 20
76.73101953471797
 10
191.8165088466965
 20
76.79859579664001
 10
191.966475625093
 20
76.86595673565943
 10
192.11599757653
 20
76.93309165730413
 10
192.2650699179968
 20
76.99998984795879
 10
192.4136878980844
 20
77.06664057705506
 10
192.5618467976954
 20
77.13303309926043
 10
192.7095419307619
 20
77.19915665665282
 10
192.8567686449839
 20
77.26500048087294
 10
193.0035223225703
 20
77.33055379526951
 10
193.1497983809823
 20
77.39580581704307
 10
193.2955922736754
 20
77.46074575939447
 10
193.4408994908408
 20
77.52536283366943
 10
193.585715560148
 20
77.58964625150371
 10
193.7300360474867
 20
77.65358522696892
 10
193.8738565577099
 20
77.7171689787191
 10
194.0171727353747
 20
77.78038673213583
 10
194.1599802654851
 20
77.84322772147217
 10
194.302274874235
 20
77.90568119200177
 10
194.4440523297483
 20
77.96773640216267
 10
194.5853084428229
 20
78.02938262570197
 10
194.7260390676725
 20
78.09060915382352
 10
194.8662401026674
 20
78.15140529733255
 10
195.0059074910791
 20
78.21176038878076
 10
195.1450372218201
 20
78.2716637846136
 10
195.2836253301872
 20
78.33110486731405
 10
195.4216678986037
 20
78.39007304755043
 10
195.5591610573612
 20
78.44855776631971
 10
195.6961009853617
 20
78.50654849709584
 10
195.8324839108599
 20
78.56403474797253
 10
195.9683061122066
 20
78.62100606381081
 10
196.1035639185872
 20
78.67745202838505
 10
196.2382537107693
 20
78.73336226652678
 10
196.3723719218389
 20
78.78872644627185
 10
196.5059150379479
 20
78.84353428100628
 10
196.6388795990522
 20
78.89777553161014
 10
196.7712621996561
 20
78.95144000860534
 10
196.9030594895546
 20
79.00451757430019
 10
197.0342681745737
 20
79.05699814493459
 10
197.164885017314
 20
79.1088716928272
 10
197.2949068378914
 20
79.16012824851731
 10
197.4243305146491
 20
79.21075790286079
 10
197.553152984817
 20
79.26075080903079
 10
197.617337826574
 20
79.28550542194304
 10
197.6813712451541
 20
79.31009718449103
 10
197.7452528745587
 20
79.33452488422742
 10
197.80898235259
 20
79.35878731296895
 10
197.8725593208709
 20
79.38288326685809
 10
197.9359834248661
 20
79.40681154642584
 10
197.9992543139
 20
79.4305709566534
 10
198.062371641179
 20
79.45416030703249
 10
198.1253350638096
 20
79.47757841162756
 10
198.18814424282
 20
79.50082408913806
 10
198.2507988431797
 20
79.52389616295874
 10
198.3132985338194
 20
79.54679346124386
 10
198.3756429876508
 20
79.56951481696489
 10
198.4378318815869
 20
79.5920590679766
 10
198.4998648965622
 20
79.61442505707364
 10
198.5617417175528
 20
79.63661163205777
 10
198.6234620335963
 20
79.65861764579571
 10
198.6850255378114
 20
79.68044195628005
 10
198.7464319274192
 20
79.7020834266954
 10
198.8076809037617
 20
79.72354092547607
 10
198.8687721723234
 20
79.7448133263671
 10
198.9297054427496
 20
79.76589950849097
 10
198.9904804288686
 20
79.78679835640277
 10
199.0510968487097
 20
79.80750876015696
 10
199.1115544245245
 20
79.82802961536638
 10
199.1718528828067
 20
79.84835982326451
 10
199.2319919543118
 20
79.86849829076712
 10
199.2919713740777
 20
79.88844393053314
 10
199.3517908814444
 20
79.9081956610289
 10
199.411450220074
 20
79.92775240658584
 10
199.4709491379712
 20
79.94711309746536
 10
199.5302873875025
 20
79.96627666991975
 10
199.5894647254175
 20
79.98524206625188
 10
199.6484809128676
 20
80.00400823487938
 10
199.7073357154275
 20
80.02257413039494
 10
199.7660289031135
 20
80.04093871362858
 10
199.8245602504051
 20
80.05910095170857
 10
199.8829295362652
 20
80.07705981812371
 10
199.9411365441575
 20
80.09481429278368
 10
199.9991810620707
 20
80.11236336208311
 10
200.0570628825347
 20
80.1297060189607
 10
200.1147818026435
 20
80.14684126296273
 10
200.1723376240729
 20
80.16376810030404
 10
200.2297301531028
 20
80.18048554392764
 10
200.2869592006356
 20
80.19699261357022
 10
200.3440245822168
 20
80.21328833582121
 10
200.4009261180559
 20
80.22937174418492
 10
200.4576636330441
 20
80.24524187914163
 10
200.5142369567776
 20
80.26089778821168
 10
200.5706459235748
 20
80.2763385260126
 10
200.6268903724979
 20
80.29156315432587
 10
200.6829701473729
 20
80.30657074215396
 10
200.7388850968089
 20
80.32136036578652
 10
200.7946350742184
 20
80.33593110885679
 10
200.8502199378384
 20
80.35028206240832
 10
200.9056395507482
 20
80.36441232495347
 10
200.9608937808927
 20
80.37832100253549
 10
201.0159825010993
 20
80.39200720879092
 10
201.0709055890993
 20
80.40547006501045
 10
201.1256629275484
 20
80.41870870020252
 10
201.1802544040464
 20
80.43172225115098
 10
201.2346799111566
 20
80.44450986248067
 10
201.2889393464264
 20
80.45707068671763
 10
201.3430326124107
 20
80.46940388435393
 10
201.3969596166966
 20
80.4815086239267
 10
201.4507202719353
 20
80.49338408209367
 10
201.5043144958711
 20
80.50502944371805
 10
201.5577422113696
 20
80.51644390194544
 10
201.6110033464488
 20
80.52762665828469
 10
201.6640978343078
 20
80.53857692269005
 10
201.7170256133567
 20
80.54929391363948
 10
201.7697866272464
 20
80.55977685821421
 10
201.8223808248965
 20
80.57002499218144
 10
201.8748081605277
 20
80.58003756007149
 10
201.9270685936879
 20
80.58981381526173
 10
201.9791620892851
 20
80.59935302005305
 10
202.0310886176144
 20
80.60865444575188
 10
202.0828481543888
 20
80.61771737275117
 10
202.1344406807684
 20
80.62654109060792
 10
202.1858661833894
 20
80.63512489812735
 10
202.2371246543952
 20
80.64346810343916
 10
202.2882160914639
 20
80.65157002408039
 10
202.3391404978394
 20
80.65942998707301
 10
202.38989788236
 20
80.66704732900802
 10
202.4404882594889
 20
80.67442139612181
 10
202.4909116493421
 20
80.68155154437828
 10
202.5411680777197
 20
80.68843713954967
 10
202.5912575761346
 20
80.69507755729427
 10
202.6411801818416
 20
80.70147218323979
 10
202.6909359378679
 20
80.70762041306037
 10
202.7405248930424
 20
80.71352165255879
 10
202.7899471020242
 20
80.71917531774715
 10
202.8392026253334
 20
80.72458083492538
 10
202.8882915293803
 20
80.72973764076257
 10
202.9372138864943
 20
80.73464518237592
 10
202.9859697749541
 20
80.73930291741302
 10
203.0345592790176
 20
80.74371031412992
 10
203.0829824889498
 20
80.74786685147341
 10
203.1312395010543
 20
80.75177201915865
 10
203.1793304177012
 20
80.75542531775257
 10
203.2272553473581
 20
80.75882625875086
 10
203.2750144046185
 20
80.76197436466012
 10
203.3226077102312
 20
80.76486916907747
 10
203.3700353911318
 20
80.76751021677132
 10
203.4172975804691
 20
80.76989706376039
 10
203.464394417637
 20
80.77202927739579
 10
203.511326048304
 20
80.7739064364393
 10
203.5580926244409
 20
80.77552813114364
 10
203.6046943043524
 20
80.77689396333452
 10
203.6511312527051
 20
80.77800354648971
 10
203.6974036405582
 20
80.77885650581846
 10
203.7435116453915
 20
80.77945247834366
 10
203.7894554511372
 20
80.77979111297898
 10
203.8352352482077
 20
80.77987207061276
 10
203.8808512335248
 20
80.77969502418516
 10
203.9263036105512
 20
80.7792596587714
 10
203.9715925893179
 20
80.77856567165772
 10
204.0167183864548
 20
80.77761277242586
 10
204.0616812252208
 20
80.7764006830302
 10
204.1064813355319
 20
80.77492913788114
 10
204.1511189539915
 20
80.77319788392145
 10
204.1955943239203
 20
80.77120668070907
 10
204.239907695385
 20
80.76895530049666
 10
204.2840593252283
 20
80.76644352831122
 10
204.3280494770989
 20
80.76367116203611
 10
204.3718784214793
 20
80.76063801248887
 10
204.4155464357178
 20
80.75734390350383
 10
204.4590538040561
 20
80.75378867200862
 10
204.50240081766
 20
80.7499721681094
 10
204.5455877746473
 20
80.74589425516657
 10
204.5886149801198
 20
80.74155480987837
 10
204.631482746187
 20
80.73695372235187
 10
204.6741913919799
 20
80.73209089614678
 10
204.716741243653
 20
80.72696624830426
 10
204.759132634386
 20
80.72157970936805
 10
204.801365904387
 20
80.71593122340706
 10
204.8434414008937
 20
80.71002074804413
 10
204.8853594781753
 20
80.70384825447527
 10
204.9271204975356
 20
80.69741372749483
 10
204.9687248273145
 20
80.690717165521
 10
205.0101728428891
 20
80.6837585806177
 10
205.0514649266774
 20
80.67653799851902
 10
205.0926014681394
 20
80.66905545865415
 10
205.1335828637793
 20
80.66131101416923
 10
205.1744095171479
 20
80.65330473195372
 10
205.2150818388443
 20
80.64503669266143
 10
205.255600246518
 20
80.63650699073832
 10
205.2959651648709
 20
80.62771573444157
 10
205.33617702566
 20
80.61866304586661
 10
205.3762362676986
 20
80.60934906097086
 10
205.4161433368586
 20
80.59977392959746
 10
205.455898686073
 20
80.58993781549709
 10
205.4955027753378
 20
80.57984089635494
 10
205.5349560717139
 20
80.5694833638125
 10
205.5742590493286
 20
80.55886542349261
 10
205.6134121893792
 20
80.54798729502186
 10
205.6524159801332
 20
80.53684921205642
 10
205.6912709169323
 20
80.52545142230425
 10
205.7299775021924
 20
80.51379418755034
 10
205.7685362454075
 20
80.50187778367973
 10
205.8069476631509
 20
80.48970250070187
 10
205.845212279077
 20
80.47726864277247
 10
205.8833306239241
 20
80.46457652822175
 10
205.9213032355157
 20
80.45162648957367
 10
205.9591306587635
 20
80.4384188735735
 10
205.9968134456688
 20
80.42495404120842
 10
206.0343521553242
 20
80.41123236773371
 10
206.0717473539163
 20
80.39725424269667
 10
206.1089996147282
 20
80.38302006995891
 10
206.1461095181405
 20
80.36853026772147
 10
206.1830776516341
 20
80.35378526854856
 10
206.2199046097911
 20
80.33878551938995
 10
206.2565909942996
 20
80.32353148160801
 10
206.2931374139521
 20
80.30802363099883
 10
206.3295444846505
 20
80.29226245781662
 10
206.3658128294069
 20
80.27624846679813
 10
206.4019430783453
 20
80.25998217718631
 10
206.4379358687054
 20
80.24346412275605
 10
206.4737918448417
 20
80.22669485183275
 10
206.5095116582291
 20
80.20967492732252
 10
206.5450959674624
 20
80.19240492673267
 10
206.5805454382589
 20
80.17488544219551
 10
206.6158607434611
 20
80.15711708049327
 10
206.6510425630388
 20
80.13910046308195
 10
206.6860915840899
 20
80.12083622611378
 10
206.7210085008442
 20
80.10232502046344
 10
206.7557940146637
 20
80.08356751175057
 10
206.790448834046
 20
80.06456438036225
 10
206.8249736746264
 20
80.04531632147992
 10
206.8593692591788
 20
80.02582404510189
 10
206.8936363176189
 20
80.00608827606633
 10
206.9277755870052
 20
79.98610975407578
 10
206.9617878115427
 20
79.96588923372147
 10
206.9956737425831
 20
79.94542748450706
 10
207.0294341386282
 20
79.92472529087243
 10
207.0630697653309
 20
79.90378345221604
 10
207.0965813954986
 20
79.88260278292269
 10
207.129969809094
 20
79.8611841123832
 10
207.163235793238
 20
79.83952828502028
 10
207.1963801422068
 20
79.81763616030379
 10
207.2294036573964
 20
79.79550861269179
 10
207.2623071472508
 20
79.77314653150404
 10
207.2950914271852
 20
79.75055082077514
 10
207.3277573195091
 20
79.72772239911333
 10
207.3603056533493
 20
79.70466219955861
 10
207.3927372645727
 20
79.68137116943974
 10
207.4250529957095
 20
79.65785027023042
 10
207.4572536958762
 20
79.63410047740818
 10
207.4893402206986
 20
79.61012278031185
 10
207.5213134322354
 20
79.58591818199725
 10
207.5531741989003
 20
79.56148769909598
 10
207.5849233953848
 20
79.53683236167169
 10
207.6165619025829
 20
79.51195321308013
 10
207.6480906075123
 20
79.48685130982171
 10
207.6795104032389
 20
79.46152772140401
 10
207.7108221887984
 20
79.4359835301949
 10
207.7420268691207
 20
79.41021983128397
 10
207.7731253549516
 20
79.38423773233487
 10
207.8041185627772
 20
79.35803835344869
 10
207.8350074147458
 20
79.33162282701566
 10
207.8657928385915
 20
79.30499229757598
 10
207.8964757675572
 20
79.27814792167666
 10
207.9270571403173
 20
79.2510908677278
 10
207.9575379009006
 20
79.22382231586013
 10
207.9879189986149
 20
79.19634345778387
 10
208.0182013879674
 20
79.1686554966449
 10
208.04838602859
 20
79.14075964688176
 10
208.0784738851608
 20
79.11265713408382
 10
208.1084659273282
 20
79.08434919484808
 10
208.1383631296339
 20
79.05583707663685
 10
208.1681664714345
 20
79.0271220376365
 10
208.1978769368264
 20
78.9982053466105
 10
208.257023198001
 20
78.93977213558958
 10
208.3158098777809
 20
78.88054779987591
 10
208.3742450116854
 20
78.82054285592087
 10
208.4323367036684
 20
78.75976797576406
 10
208.4900931236543
 20
78.69823398246831
 10
208.5475225050746
 20
78.63595184555272
 10
208.6046331424055
 20
78.57293267643147
 10
208.6614333887041
 20
78.50918772384933
 10
208.717931653146
 20
78.44472836931416
 10
208.7741363985614
 20
78.37956612253567
 10
208.8300561389722
 20
78.31371261685967
 10
208.8856994371287
 20
78.24717960470569
 10
208.9410749020472
 20
78.17997895299804
 10
208.9961911865458
 20
78.11212263860777
 10
209.0510569847821
 20
78.04362274378196
 10
209.1056810297894
 20
77.97449145158434
 10
209.1600720910137
 20
77.90474104132837
 10
209.2142389718515
 20
77.83438388401475
 10
209.2681905072365
 20
77.7634324378819
 10
209.3219355615109
 20
77.69189924461928
 10
209.3754830265346
 20
77.61979692612225
 10
209.428841819819
 20
77.54713818131452
 10
209.4820208826634
 20
77.47393578296585
 10
209.5350291782887
 20
77.40020257451245
 10
209.5878756899731
 20
77.32595146687675
 10
209.640569419186
 20
77.25119543528584
 10
209.6931193837246
 20
77.17594751609441
 10
209.745534615848
 20
77.10022080360004
 10
209.7978241604115
 20
77.02402844686607
 10
209.8499970730023
 20
76.94738364654139
 10
209.902062418075
 20
76.87029965167572
 10
209.9540292670851
 20
76.79278975654634
 10
210.0059066966248
 20
76.71486729747208
 10
210.0577037865588
 20
76.63654564963436
 10
210.1094296181573
 20
76.55783822389884
 10
210.1610932722323
 20
76.47875846363195
 10
210.2127038272725
 20
76.39931984152449
 10
210.2642703575782
 20
76.31953585640748
 10
210.3158019313952
 20
76.23942003007328
 10
210.3673076090518
 20
76.15898590409648
 10
210.4187964410913
 20
76.07824703665118
 10
210.4702774664088
 20
75.99721699933453
 10
210.5217597103864
 20
75.91590937398006
 10
210.5732521830257
 20
75.83433774948513
 10
210.624763877086
 20
75.75251571862358
 10
210.6763037662163
 20
75.6704568748694
 10
210.7278808030925
 20
75.58817480921701
 10
210.8311820147246
 20
75.42299534469939
 10
210.9347386430346
 20
75.25708588254085
 10
211.0386213641
 20
75.09055473689655
 10
211.1429003373889
 20
74.92350987155332
 10
211.247645135846
 20
74.75605877047527
 10
211.3529246705863
 20
74.58830829375898
 10
211.4588071151527
 20
74.42036453241062
 10
211.5653598297752
 20
74.25233266312495
 10
211.6726492856272
 20
74.08431680306239
 10
211.7807409890856
 20
73.91641986462302
 10
211.8351078719583
 20
73.83254778597394
 10
211.8896994059871
 20
73.74874341022992
 10
211.9445234743908
 20
73.66501919793435
 10
211.9995878858872
 20
73.58138750710252
 10
212.0549003723251
 20
73.49786058868608
 10
212.1104685863185
 20
73.41445058203365
 10
212.1663000988784
 20
73.33116951035279
 10
212.2224023970472
 20
73.24802927616987
 10
212.2787828815314
 20
73.16504165679656
 10
212.3354488643332
 20
73.08221829978657
 10
212.3924075663865
 20
72.99957071840011
 10
212.4496661151866
 20
72.91711028706578
 10
212.5072315424262
 20
72.83484823684062
 10
212.5651107816262
 20
72.75279565087387
 10
212.6233106657708
 20
72.67096345986761
 10
212.6818379249383
 20
72.58936243753864
 10
212.740699183936
 20
72.50800319608174
 10
212.799900959933
 20
72.42689618162829
 10
212.8594496600924
 20
72.34605166971144
 10
212.9193515792419
 20
72.26547976084155
 10
212.9796128979396
 20
72.18519037728682
 10
213.0402396810691
 20
72.10519326149529
 10
213.1012378765462
 20
72.02549797484043
 10
213.1626133140264
 20
71.94611389637678
 10
213.2243717036111
 20
71.86705022159063
 10
213.2865186345539
 20
71.78831596115505
 10
213.3490595739687
 20
71.70991993968318
 10
213.4119998655361
 20
71.63187079447934
 10
213.4753447282095
 20
71.55417697429301
 10
213.539099254923
 20
71.47684673807252
 10
213.6032684112972
 20
71.39988815371639
 10
213.6678570343478
 20
71.32330909682898
 10
213.7328698311905
 20
71.24711724947056
 10
213.7983113777487
 20
71.17132009891303
 10
213.8641861174605
 20
71.09592493638984
 10
213.9304983599855
 20
71.02093885585181
 10
213.9972522799115
 20
70.94636875272084
 10
214.0644519154612
 20
70.87222132263748
 10
214.1321011671991
 20
70.79850306022165
 10
214.2002037967396
 20
70.72522025781946
 10
214.2687634254517
 20
70.652379004259
 10
214.337783533167
 20
70.57998518360347
 10
214.4072674568873
 20
70.50804447390243
 10
214.4772183894895
 20
70.43656234594691
 10
214.5476393784345
 20
70.36554406202262
 10
214.6185333244726
 20
70.29499467465988
 10
214.6899029803516
 20
70.22491902538941
 10
214.7617509495222
 20
70.1553217434948
 10
214.8340796848458
 20
70.08620724476573
 10
214.9068914873022
 20
70.01757973025054
 10
214.9801885046937
 20
69.94944318500872
 10
215.0539727303547
 20
69.88180137686535
 10
215.1282460018578
 20
69.81465785516244
 10
215.2030099997563
 20
69.74801594962944
 10
215.278266246863
 20
69.68187877095314
 10
215.3540161084587
 20
69.61624921431021
 10
215.4302607927472
 20
69.55112996368581
 10
215.5070013513175
 20
69.486523496207
 10
215.584238679603
 20
69.42243208647932
 10
215.6619735173427
 20
69.35885781091639
 10
215.740206449042
 20
69.29580255207838
 10
215.818937904433
 20
69.23326800300543
 10
215.8981681589349
 20
69.17125567154974
 10
215.9778973341151
 20
69.10976688471156
 10
216.0581253981497
 20
69.04880279297191
 10
216.1388521662846
 20
68.98836437462796
 10
216.2200773012949
 20
68.9284524401276
 10
216.3018003139462
 20
68.86906763640164
 10
216.3840205634554
 20
68.81021045119976
 10
216.4667372579521
 20
68.75188121742322
 10
216.5499494549367
 20
68.69408011746087
 10
216.6336560617439
 20
68.63680718752054
 10
216.7178558360015
 20
68.58006232196707
 10
216.8025473860919
 20
68.52384527765167
 10
216.8877291716116
 20
68.46815567825061
 10
216.9733995038342
 20
68.41299301859656
 10
217.0595565461677
 20
68.35835666901401
 10
217.1461983146178
 20
68.30424587965196
 10
217.2333226782477
 20
68.25065978481926
 10
217.3209273596384
 20
68.19759740732059
 10
217.4090099353495
 20
68.14505766278529
 10
217.49756783638
 20
68.09303936400664
 10
217.5865983486286
 20
68.04154122527513
 10
217.6760986133549
 20
67.9905618667094
 10
217.7660656276391
 20
67.94009981859405
 10
217.8564962448441
 20
67.89015352571178
 10
217.9473871750742
 20
67.84072135167871
 10
218.0387349856323
 20
67.79180158326299
 10
218.130536101377
 20
67.74339243439097
 10
218.2227868048558
 20
67.69549204945831
 10
218.3154832363646
 20
67.64809850639352
 10
218.4086213940011
 20
67.60120981971816
 10
218.5021971337234
 20
67.55482394360587
 10
218.5962061694024
 20
67.50893877494192
 10
218.6906440728789
 20
67.46355215638037
 10
218.7855062740194
 20
67.41866187940424
 10
218.8807880607697
 20
67.37426568738516
 10
218.9764845792129
 20
67.33036127864109
 10
219.0725908336232
 20
67.28694630949462
 10
219.1691016865215
 20
67.2440183973352
 10
219.266011858732
 20
67.20157512367484
 10
219.3633159294362
 20
67.15961403720656
 10
219.4610083362297
 20
67.11813265686775
 10
219.5590833751764
 20
67.07712847489405
 10
219.6575352008656
 20
67.03659895988224
 10
219.7563578264662
 20
66.99654155984593
 10
219.8555451237825
 20
66.95695370527777
 10
219.9550908233095
 20
66.91783281220589
 10
220.0549885142895
 20
66.87917628525287
 10
220.155231644766
 20
66.84098152069724
 10
220.2558135216402
 20
66.80324590952999
 10
220.3567273107267
 20
66.76596684051407
 10
220.4579660368079
 20
66.7291417032441
 10
220.5595225836904
 20
66.69276789120468
 10
220.6613896942605
 20
66.65684280482873
 10
220.7635599705388
 20
66.62136385455837
 10
220.8660258737365
 20
66.58632846390204
 10
220.9687797243117
 20
66.55173407249463
 10
221.071813702022
 20
66.51757813915477
 10
221.1751198459839
 20
66.48385814494671
 10
221.2786900547245
 20
66.45057159623572
 10
221.3825160862409
 20
66.41771602775397
 10
221.4865895580748
 20
66.38528900576609
 10
221.5909019474501
 20
66.3532881315491
 10
221.6954445914376
 20
66.32171104500516
 10
221.800208687119
 20
66.29055542828459
 10
221.9051852917522
 20
66.25981900940641
 10
222.0103653229367
 20
66.22949956587937
 10
222.1157395587784
 20
66.19959492832433
 10
222.2212986380546
 20
66.17010298409545
 10
222.3270330603788
 20
66.1410216809006
 10
222.4329331863674
 20
66.1123490304244
 10
222.5389892378022
 20
66.08408311194867
 10
222.6451912977971
 20
66.0562220759723
 10
222.7515293109633
 20
66.02876414783617
 10
222.8579930835735
 20
66.00170763134169
 10
222.9645722837274
 20
65.97505091237323
 10
223.0712564415163
 20
65.94879246251982
 10
223.17803494919
 20
65.92293084269565
 10
223.284897061319
 20
65.89746470676178
 10
223.3918318949612
 20
65.87239280514859
 10
223.4988284298276
 20
65.84771398847557
 10
223.6058755084458
 20
65.82342721117306
 10
223.7129618363262
 20
65.79953153510594
 10
223.8200759821265
 20
65.77602613319088
 10
223.927206377817
 20
65.75291029302066
 10
224.0343413188456
 20
65.73018342048659
 10
224.1414689643029
 20
65.70784504339505
 10
224.2485773370871
 20
65.68589481509575
 10
224.3556543240693
 20
65.66433251809569
 10
224.4626876762589
 20
65.64315806768739
 10
224.5696650089673
 20
65.62237151556613
 10
224.6765738019744
 20
65.60197305345105
 10
224.7834013996933
 20
65.58196301671074
 10
224.8901350113355
 20
65.56234188797862
 10
224.9967617110744
 20
65.54311030077974
 10
225.1032684382095
 20
65.52426904309424
 10
225.2096419973132
 20
65.50581906073706
 10
225.3158690583737
 20
65.48776146062305
 10
225.4219361569357
 20
65.47009751402277
 10
225.5278296942414
 20
65.45282865982312
 10
225.633535937372
 20
65.43595650778327
 10
225.7390410193883
 20
65.41948284179253
 10
225.8443309394742
 20
65.4034096231302
 10
225.949391563073
 20
65.38773899372033
 10
226.0542086220342
 20
65.37247327939272
 10
226.1587677147514
 20
65.35761499313901
 10
226.2630543063028
 20
65.34316683836985
 10
226.3670537285959
 20
65.32913171217481
 10
226.4707511805041
 20
65.31551270857898
 10
226.5741317280133
 20
65.30231312180084
 10
226.6771803043561
 20
65.28953644951082
 10
226.7798817101612
 20
65.27718639608797
 10
226.8822206135868
 20
65.26526687587912
 10
226.9841815504669
 20
65.25378201645612
 10
227.0857489244507
 20
65.24273616187312
 10
227.1869070071433
 20
65.23213387592514
 10
227.2876399382488
 20
65.22197994540722
 10
227.3879317257083
 20
65.21227938336918
 10
227.4877662458452
 20
65.20303743237599
 10
227.5871272435014
 20
65.1942595677645
 10
227.6859983321828
 20
65.18595150090196
 10
227.7843629941994
 20
65.17811918244385
 10
227.882204580805
 20
65.17076880559058
 10
227.979506312339
 20
65.16390680934671
 10
228.0762512783679
 20
65.15753988177874
 10
228.172422437828
 20
65.15167496327184
 10
228.2680026191631
 20
65.14631924978897
 10
228.3629745204683
 20
65.14148019612758
 10
228.4573207096339
 20
65.13716551917096
 10
228.5510236247507
 20
65.13338320043406
 10
228.6440655758172
 20
65.13014148513093
 10
228.6903331273329
 20
65.12872600164754
 10
228.7364287473995
 20
65.12744887867943
 10
228.782350189942
 20
65.12631121944521
 10
228.8280952013886
 20
65.12531414296276
 10
228.8736615207588
 20
65.12445878392603
 10
228.9190468797491
 20
65.12374629259082
 10
228.9642490028186
 20
65.12317783465928
 10
229.0092656072749
 20
65.12275459115921
 10
229.0540944033625
 20
65.12247775833121
 10
229.0987330943437
 20
65.12234854750992
 10
229.1431793765909
 20
65.1223681850066
 10
229.1874309396679
 20
65.12253791199423
 10
229.2314854664175
 20
65.12285898438822
 10
229.2753406330491
 20
65.12333267273082
 10
229.3189941092212
 20
65.12396026207508
 10
229.3624435581314
 20
65.12474305186732
 10
229.4056866366005
 20
65.12568235582911
 10
229.448720995157
 20
65.12677950184175
 10
229.4915442781257
 20
65.12803583182947
 10
229.534154123714
 20
65.12945270164202
 10
229.5765481640949
 20
65.13103148093724
 10
229.6187240254959
 20
65.13277355306617
 10
229.6606793282839
 20
65.13468031495438
 10
229.7024116870511
 20
65.13675317698574
 10
229.7439187107026
 20
65.13899356288508
 10
229.7851980025392
 20
65.14140290960265
 10
229.8262471603464
 20
65.14398266719604
 10
229.8670637764796
 20
65.14673429871338
 10
229.9076454379498
 20
65.14965928007659
 10
229.9479897265108
 20
65.15275909996649
 10
229.9880942187419
 20
65.15603525970083
 10
230.0279564861396
 20
65.15948927312469
 10
230.0675740951974
 20
65.16312266648712
 10
230.1069446074964
 20
65.16693697832704
 10
230.1460655797892
 20
65.17093375935766
 10
230.1849345640871
 20
65.17511457234715
 10
230.2235491077451
 20
65.1794809920025
 10
230.2619067535486
 20
65.18403460485399
 10
230.3000050397991
 20
65.18877700913712
 10
230.3378415004009
 20
65.19370981467462
 10
230.3754136649449
 20
65.19883464276336
 10
230.4127190587988
 20
65.20415312605317
 10
230.4497552031893
 20
65.20966690843199
 10
230.4865196152894
 20
65.21537764491028
 10
230.5230098083057
 20
65.22128700150173
 10
230.5592232915616
 20
65.22739665510716
 10
230.5951575705869
 20
65.23370829339949
 10
230.630810147201
 20
65.24022361470388
 10
230.6661785196009
 20
65.24694432788351
 10
230.7012601824447
 20
65.25387215222015
 10
230.7360526269408
 20
65.26100881730062
 10
230.7705533409309
 20
65.26835606289615
 10
230.8047598089795
 20
65.27591563884941
 10
230.8386695124567
 20
65.28368930495395
 10
230.8722799296254
 20
65.29167883083989
 10
230.9055885357282
 20
65.29988599585651
 10
230.9385928030724
 20
65.30831258895489
 10
230.9712902011164
 20
65.31696040857034
 10
231.003678196555
 20
65.32583126250897
 10
231.035754253407
 20
65.33492696782501
 10
231.0675158331009
 20
65.34424935071054
 10
231.0989603945583
 20
65.35380024637344
 10
231.1300853942853
 20
65.36358149892265
 10
231.1608882864519
 20
65.37359496125262
 10
231.1913665229829
 20
65.38384249492452
 10
231.2215175536398
 20
65.394325970056
 10
231.2513388261039
 20
65.40504726520623
 10
231.2808277860626
 20
65.41600826726686
 10
231.3099818772893
 20
65.42721087134585
 10
231.3387985417321
 20
65.43865698065772
 10
231.3672752195913
 20
65.45034850641068
 10
231.3954093494098
 20
65.46228736769425
 10
231.423198368153
 20
65.47447549136634
 10
231.4506397112907
 20
65.48691481194234
 10
231.477730812887
 20
65.49960727147944
 10
231.5044691056782
 20
65.51255481947023
 10
231.5308520211599
 20
65.52575941272333
 10
231.5568769896674
 20
65.5392230152581
 10
231.5825414404653
 20
65.55294759818533
 10
231.6078428018239
 20
65.56693513960071
 10
231.6327785011097
 20
65.5811876244693
 10
231.6573459648637
 20
65.59570704451392
 10
231.6815426188896
 20
65.61049539810344
 10
231.7053658883336
 20
65.62555469013924
 10
231.728813197771
 20
65.64088693194418
 10
231.7518819712893
 20
65.65649414115032
 10
231.7745696325713
 20
65.67237834158399
 10
231.7968736049784
 20
65.68854156315682
 10
231.8187913116367
 20
65.70498584175204
 10
231.8403201755175
 20
65.72171321911163
 10
231.8614576195247
 20
65.7387257427246
 10
231.8822010665737
 20
65.75602546571537
 10
231.9025479396808
 20
65.77361444672823
 10
231.9224956620425
 20
65.79149474982026
 10
231.9420416571224
 20
65.80966844434442
 10
231.9611833487311
 20
65.82813760483993
 10
231.9799181611149
 20
65.84690431091734
 10
231.9982435190349
 20
65.86597064714879
 10
232.016156847854
 20
65.88533870295512
 10
232.0336555736191
 20
65.90501057249294
 10
232.0507371231447
 20
65.92498835454097
 10
232.0673989240981
 20
65.94527415239166
 10
232.0836384050808
 20
65.96587007373374
 10
232.0994529957154
 20
65.98677823054505
 10
232.1148401267262
 20
66.00800073897578
 10
232.1297972300246
 20
66.02953971923934
 10
232.1443217387926
 20
66.05139729549749
 10
232.1584110875663
 20
66.07357559575004
 10
232.172062712321
 20
66.09607675172185
 10
232.1852740505523
 20
66.11890289875052
 10
232.1980425413625
 20
66.14205617567285
 10
232.2103656255421
 20
66.16553872471445
 10
232.222240745655
 20
66.18935269137683
 10
232.2336653461224
 20
66.21350022432439
 10
232.2446368733063
 20
66.23798347527219
 10
232.2551527755912
 20
66.26280459887365
 10
232.2652105034721
 20
66.2879657526101
 10
232.2748075096336
 20
66.31346909667477
 10
232.2839412490363
 20
66.33931679386418
 10
232.2926091790017
 20
66.36551100946279
 10
232.3008087592922
 20
66.39205391113314
 10
232.3085374521975
 20
66.41894766880174
 10
232.3157927226191
 20
66.44619445454728
 10
232.3225720381512
 20
66.47379644248977
 10
232.3288728691665
 20
66.50175580867427
 10
232.3346926889
 20
66.53007473096383
 10
232.3400289735307
 20
66.55875538892257
 10
232.344879202268
 20
66.58779996370672
 10
232.349240857435
 20
66.61721063794965
 10
232.3531114245502
 20
66.64698959565162
 10
232.3564883924122
 20
66.67713902206543
 10
232.3593692531863
 20
66.70766110358677
 10
232.3617515024819
 20
66.73855802763803
 10
232.363632639446
 20
66.76983198255863
 10
232.3650101668393
 20
66.80148515749003
 10
232.3658815911291
 20
66.83351974225914
 10
232.3662444225681
 20
66.86593792726902
 10
232.3660961752834
 20
66.89874190338158
 10
232.3654343673623
 20
66.93193386180523
 10
232.3642565209332
 20
66.96551599398138
 10
232.3625601622541
 20
66.99949049146944
 10
232.360342821797
 20
67.03385954583268
 10
232.3576020343344
 20
67.06862534852724
 10
232.3543353390198
 20
67.10379009078403
 10
232.3505402794794
 20
67.13935596349893
 10
232.3462144038921
 20
67.1753251571161
 10
232.3413552650758
 20
67.21169986151505
 10
232.3359604205744
 20
67.2484822658982
 10
232.330027432742
 20
67.28567455867366
 10
232.3235538688257
 20
67.32327892734528
 10
232.3165373010548
 20
67.36129755839669
 10
232.3089753067226
 20
67.39973263717693
 10
232.3008654682737
 20
67.43858634778828
 10
232.2922053733875
 20
67.47786087297066
 10
232.282992615065
 20
67.51755839399002
 10
232.2732247917115
 20
67.55768109052214
 10
232.2628995072249
 20
67.5982311405404
 10
232.2520143710786
 20
67.63921072020095
 10
232.240566998407
 20
67.68062200372895
 10
232.2285550100904
 20
67.72246716330649
 10
232.2159760328421
 20
67.76474836895499
 10
232.2028276992907
 20
67.80746778842623
 10
232.1891076480671
 20
67.85062758708419
 10
232.1748135238888
 20
67.8942299277941
 10
232.1599429776464
 20
67.93827697080563
 10
232.1444936664858
 20
67.98277087364311
 10
232.1284632538973
 20
68.02771379098821
 10
232.1118494097974
 20
68.07310787456753
 10
232.0946498106156
 20
68.11895527303905
 10
232.0768621393788
 20
68.16525813187602
 10
232.0584840857966
 20
68.21201859325727
 10
232.0395133463478
 20
68.25923879595023
 10
232.0199476243626
 20
68.30692087519629
 10
231.9997846301114
 20
68.35506696260096
 10
231.9790220808864
 20
68.40367918601578
 10
231.9576577010895
 20
68.45275966942669
 10
231.9356892223151
 20
68.5023105328405
 10
231.9131143834378
 20
68.55233389216994
 10
231.8899309306958
 20
68.60283185911886
 10
231.8661366177747
 20
68.65380654107119
 10
231.8417292058963
 20
68.70526004097607
 10
231.816706463902
 20
68.75719445723233
 10
231.7910661683359
 20
68.80961188357561
 10
231.7648061035333
 20
68.862514408966
 10
231.7379240617035
 20
68.91590411747261
 10
231.7104178430157
 20
68.96978308815985
 10
231.6822852556851
 20
69.02415339497339
 10
231.6535241160555
 20
69.0790171066277
 10
231.6241322486876
 20
69.13437628649065
 10
231.5941074864411
 20
69.19023299246989
 10
231.5634476705629
 20
69.24658927690052
 10
231.5321506507694
 20
69.30344718642904
 10
231.5002142853332
 20
69.36080876190096
 10
231.4676364411688
 20
69.41867603824722
 10
231.4344149939149
 20
69.47705104436874
 10
231.4005478280228
 20
69.53593580302284
 10
231.3660328368411
 20
69.5953323307128
 10
231.3308679226975
 20
69.65524263756859
 10
231.2950509969887
 20
69.71566872723703
 10
231.258579980262
 20
69.7766125967664
 10
231.221452802302
 20
69.83807623649278
 10
231.1836674022158
 20
69.90006162992589
 10
231.1452217285192
 20
69.96257075363608
 10
231.1061137392212
 20
70.02560557713889
 10
231.0663414019115
 20
70.08916806278205
 10
231.025902693845
 20
70.15326016563131
 10
230.9847956020284
 20
70.21788383335557
 10
230.9430181233065
 20
70.28304100611453
 10
230.9005682644453
 20
70.3487336164426
 10
230.8574440422219
 20
70.41496358913595
 10
230.8136434835079
 20
70.4817328411402
 10
230.7691646253538
 20
70.54904328143233
 10
230.7240055150784
 20
70.61689681090972
 10
230.6781642103516
 20
70.68529532227715
 10
230.6316387792828
 20
70.75424069992815
 10
230.5844273005036
 20
70.82373481983582
 10
230.560563695694
 20
70.85868824204635
 10
230.5365278632565
 20
70.89377954943678
 10
230.512319566018
 20
70.92900897408338
 10
230.4879385674789
 20
70.96437674751628
 10
230.4633846318181
 20
70.99988310071246
 10
230.4386575238907
 20
71.03552826409518
 10
230.4137570092359
 20
71.07131246752934
 10
230.3886828540765
 20
71.10723594031648
 10
230.3634348253234
 20
71.14329891119472
 10
230.3380126905772
 20
71.17950160833107
 10
230.3124162181299
 20
71.21584425932074
 10
230.2866451769697
 20
71.25232709118212
 10
230.2606993367827
 20
71.28895033035412
 10
230.2345784679567
 20
71.32571420269235
 10
230.2082823415803
 20
71.36261893346523
 10
230.1818107294513
 20
71.39966474735087
 10
230.1551634040732
 20
71.43685186843312
 10
230.1283401386631
 20
71.47418052019715
 10
230.1013407071505
 20
71.51165092552943
 10
230.0741648841834
 20
71.54926330670939
 10
230.0468124451269
 20
71.58701788540873
 10
230.019283166071
 20
71.62491488268698
 10
229.9915768238282
 20
71.6629545189896
 10
229.9636931959394
 20
71.70113701414088
 10
229.9356320606758
 20
71.73946258734455
 10
229.9073931970407
 20
71.77793145717612
 10
229.8789763847743
 20
71.81654384158291
 10
229.850381404353
 20
71.85529995787888
 10
229.8216080369961
 20
71.89420002274011
 10
229.7926560646652
 20
71.93324425220357
 10
229.7635252700688
 20
71.97243286166068
 10
229.7342154366635
 20
72.01176606585666
 10
229.7047263486582
 20
72.05124407888476
 10
229.6750577910164
 20
72.09086711418438
 10
229.6452095494573
 20
72.13063538453582
 10
229.6151814104609
 20
72.1705491020585
 10
229.5849731612691
 20
72.21060847820509
 10
229.5545845898891
 20
72.25081372376087
 10
229.5240154850954
 20
72.29116504883802
 10
229.4932656364335
 20
72.33166266287233
 10
229.4623348342204
 20
72.37230677462005
 10
229.4312228695511
 20
72.41309759215532
 10
229.399929534298
 20
72.45403532286307
 10
229.3684546211131
 20
72.49512017344097
 10
229.3367979234349
 20
72.53635234989045
 10
229.3049592354866
 20
72.57773205751735
 10
229.2729383522812
 20
72.6192595009242
 10
229.240735069623
 20
72.66093488401151
 10
229.2083491841107
 20
72.70275840996943
 10
229.1757804931421
 20
72.74473028127903
 10
229.1430287949123
 20
72.78685069970333
 10
229.1100938884201
 20
72.82911986628793
 10
229.0769755734695
 20
72.87153798135584
 10
229.043673650673
 20
72.91410524450501
 10
229.0101879214531
 20
72.95682185460181
 10
228.9765181880457
 20
72.99968800978238
 10
228.942664253502
 20
73.04270390744294
 10
228.9086259216922
 20
73.08586974424244
 10
228.8744029973098
 20
73.12918571609483
 10
228.8399952858689
 20
73.17265201816579
 10
228.8054025937126
 20
73.21626884487217
 10
228.7706247280123
 20
73.2600363898749
 10
228.735661496773
 20
73.30395484607702
 10
228.700512708833
 20
73.34802440562057
 10
228.6651781738677
 20
73.39224525988268
 10
228.6296577023943
 20
73.43661759947039
 10
228.5939511057712
 20
73.48114161421948
 10
228.5580581962032
 20
73.52581749318988
 10
228.5219787867422
 20
73.57064542466249
 10
228.4857126912925
 20
73.61562559613472
 10
228.4492597246106
 20
73.66075819431725
 10
228.4126197023098
 20
73.70604340513018
 10
228.375792440862
 20
73.75148141370242
 10
228.3387777576012
 20
73.79707240436264
 10
228.3015754707252
 20
73.84281656064125
 10
228.2641853992984
 20
73.88871406526208
 10
228.2266073632551
 20
73.93476510014292
 10
228.1888411834021
 20
73.98096984638924
 10
228.1508866814207
 20
74.02732848429152
 10
228.1127436798711
 20
74.07384119332139
 10
228.0744120021928
 20
74.12050815212918
 10
228.0358914727073
 20
74.16732953853932
 10
227.9971819166235
 20
74.21430552954523
 10
227.9582831600384
 20
74.26143630131061
 10
227.9191950299396
 20
74.30872202916049
 10
227.8799173542081
 20
74.35616288758054
 10
227.8404499616225
 20
74.40375905021195
 10
227.8007926818592
 20
74.45151068985142
 10
227.7609453454975
 20
74.49941797844222
 10
227.7209077840208
 20
74.54748108707416
 10
227.6806798298192
 20
74.595700185981
 10
227.6402613161927
 20
74.64407544453279
 10
227.5996520773541
 20
74.69260703123584
 10
227.5588519484321
 20
74.7412951137276
 10
227.517860765472
 20
74.79013985877412
 10
227.4766783654399
 20
74.83914143226551
 10
227.4353045862259
 20
74.88829999921208
 10
227.3937392666449
 20
74.93761572374251
 10
227.3519822464422
 20
74.9870887690986
 10
227.3100333662922
 20
75.03671929763152
 10
227.2678924678049
 20
75.08650747080105
 10
227.2255593935262
 20
75.13645344916864
 10
227.1830339869417
 20
75.18655739239481
 10
227.1403160924784
 20
75.23681945923653
 10
227.0974055555083
 20
75.28723980754406
 10
227.0543022223513
 20
75.33781859425452
 10
227.0110059402774
 20
75.38855597539129
 10
226.967516557508
 20
75.4394521060594
 10
226.9238339232227
 20
75.49050714044054
 10
226.8799578875565
 20
75.54172123179299
 10
226.8358883016083
 20
75.59309453244323
 10
226.7916250174383
 20
75.64462719378543
 10
226.7471678880754
 20
75.69631936627875
 10
226.702516767516
 20
75.74817119944032
 10
226.6576715107301
 20
75.8001828418434
 10
226.6126319736617
 20
75.85235444111598
 10
226.5673980132321
 20
75.90468614393248
 10
226.521969487343
 20
75.95717809601314
 10
226.4763462548797
 20
76.00983044212203
 10
226.4305281757117
 20
76.06264332605817
 10
226.3845151106982
 20
76.1156168906573
 10
226.3383069216897
 20
76.16875127778499
 10
226.2919034715301
 20
76.22204662833526
 10
226.2453046240598
 20
76.27550308222351
 10
226.1985102441185
 20
76.32912077838719
 10
226.1515201975492
 20
76.38289985477944
 10
226.1043343511988
 20
76.43684044836639
 10
226.056952572921
 20
76.49094269512217
 10
226.0093747315814
 20
76.54520673002751
 10
225.961600697058
 20
76.59963268706599
 10
225.9136303402444
 20
76.65422069921688
 10
225.8654635330535
 20
76.70897089845649
 10
225.8171001484179
 20
76.76388341575175
 10
225.7685400602959
 20
76.81895838105507
 10
225.7197831436716
 20
76.87419592330494
 10
225.6708292745597
 20
76.9295961704196
 10
225.621678330005
 20
76.98515924929373
 10
225.5723301880891
 20
77.04088528579404
 10
225.5227847279307
 20
77.09677440475793
 10
225.4730418296887
 20
77.15282672998715
 10
225.4231013745659
 20
77.20904238424767
 10
225.3729632448106
 20
77.26542148926147
 10
225.3226273237182
 20
77.3219641657071
 10
225.2720934956386
 20
77.37867053321332
 10
225.2213616459739
 20
77.43554071035842
 10
225.1704316611818
 20
77.49257481466186
 10
225.1193034287823
 20
77.54977296258561
 10
225.067976837356
 20
77.60713526952769
 10
225.0164517765491
 20
77.66466184981895
 10
224.9647281370757
 20
77.72235281672124
 10
224.9128058107193
 20
77.78020828242086
 10
224.8606846903385
 20
77.8382283580267
 10
224.8083646698664
 20
77.89641315356707
 10
224.7558456443156
 20
77.95476277798383
 10
224.7031275097796
 20
78.01327733913185
 10
224.6502101634367
 20
78.0719569437738
 10
224.5970935035518
 20
78.13080169757504
 10
224.5437774294792
 20
78.18981170510366
 10
224.4902618416663
 20
78.24898706982271
 10
224.4365466416553
 20
78.30832789408962
 10
224.3826317320859
 20
78.36783427915164
 10
224.3285170166987
 20
78.42750632514205
 10
224.2742024003382
 20
78.48734413107696
 10
224.2196877889541
 20
78.54734779485013
 10
224.1649730896055
 20
78.60751741323167
 10
224.1100582104628
 20
78.66785308186364
 10
224.054943060811
 20
78.72835489525546
 10
223.9996275510513
 20
78.78902294678076
 10
223.9441115927059
 20
78.8498573286748
 10
223.8883950984182
 20
78.91085813202932
 10
223.8324779819583
 20
78.97202544678936
 10
223.7763601582227
 20
79.03335936175192
 10
223.72004154324
 20
79.09485996455771
 10
223.663522054171
 20
79.15652734169109
 10
223.6068016093138
 20
79.21836157847683
 10
223.5498801281047
 20
79.28036275907313
 10
223.492757531122
 20
79.34253096647092
 10
223.4354337400882
 20
79.40486628249003
 10
223.377908677873
 20
79.46736878777473
 10
223.3201822684957
 20
79.53003856178852
 10
223.262254437129
 20
79.59287568281482
 10
223.2041251100998
 20
79.65588022794931
 10
223.1457942148939
 20
79.71905227309854
 10
223.0872616801575
 20
79.78239189297425
 10
223.0285274357003
 20
79.8458991610927
 10
222.9695914124992
 20
79.90957414976889
 10
222.9104535426988
 20
79.9734169301133
 10
222.8511137596159
 20
80.03742757202882
 10
222.7915719977423
 20
80.10160614420611
 10
222.7318281927461
 20
80.16595271412173
 10
222.6718822814764
 20
80.23046734803241
 10
222.6117342019644
 20
80.29515011097304
 10
222.5513838934264
 20
80.3600010667523
 10
222.4908312962674
 20
80.42502027794924
 10
222.4300763520834
 20
80.49020780590971
 10
222.3691190036634
 20
80.5555637107423
 10
222.3079591949931
 20
80.62108805131581
 10
222.2465968712581
 20
80.68678088525418
 10
222.1850319788443
 20
80.75264226893452
 10
222.1232644653429
 20
80.81867225748201
 10
222.0612942795533
 20
80.88487090476659
 10
221.9991213714835
 20
80.9512382633993
 10
221.9367456923548
 20
81.01777438473078
 10
221.8741671946048
 20
81.08447931884374
 10
221.8113858318883
 20
81.15135311455285
 10
221.7484015590811
 20
81.21839581939903
 10
221.685214332284
 20
81.28560747964622
 10
221.6218241088225
 20
81.35298814027946
 10
221.5582308472527
 20
81.42053784499841
 10
221.4944345073621
 20
81.48825663621556
 10
221.4304350501726
 20
81.55614455505292
 10
221.3662324379436
 20
81.62420164133751
 10
221.3018266341757
 20
81.6924279335963
 10
221.2372176036108
 20
81.76082346905685
 10
221.1724053122373
 20
81.82938828363953
 10
221.1073897272922
 20
81.89812241195566
 10
221.0421708172622
 20
81.96702588730364
 10
220.9767485518897
 20
82.03609874166639
 10
220.9111229021727
 20
82.1053410057056
 10
220.8452938403679
 20
82.17475270875906
 10
220.7792613399951
 20
82.24433387883827
 10
220.7130253758387
 20
82.31408454262313
 10
220.6465859239498
 20
82.3840047254588
 10
220.5799429616504
 20
82.45409445135321
 10
220.5130964675358
 20
82.52435374297176
 10
220.4460464214761
 20
82.59478262163368
 10
220.3787928046206
 20
82.66538110731051
 10
220.3113355993994
 20
82.73614921862055
 10
220.2436747895265
 20
82.80708697282612
 10
220.1758103600026
 20
82.87819438582918
 10
220.1077422971181
 20
82.94947147216806
 10
220.0394705884554
 20
83.02091824501426
 10
219.9709952228911
 20
83.09253471616928
 10
219.9023161906007
 20
83.1643208960588
 10
219.8334334830586
 20
83.23627679373142
 10
219.7643470930432
 20
83.30840241685416
 10
219.6950570146382
 20
83.38069777170863
 10
219.6255632432366
 20
83.45316286318711
 10
219.5558657755417
 20
83.52579769478944
 10
219.4859646095717
 20
83.59860226862103
  0
LWPOLYLINE
  5
7C
330
70
100
AcDbEntity
  8
0
 62
    18
420
        0
370
    25
100
AcDbPolyline
 90
       65
 70
     0
 43
0.0
 10
219.4859646095717
 20
83.59860226862103
 10
219.4207935780222
 20
83.71649894726969
 10
219.3565178842108
 20
83.83439573513678
 10
219.2931379278563
 20
83.95229263227047
 10
219.2306543765459
 20
84.07018963875287
 10
219.1690681632479
 20
84.1880867546976
 10
219.1083804838316
 20
84.30598398025091
 10
219.0485927945788
 20
84.42388131558997
 10
218.9897068097026
 20
84.54177876092392
 10
218.9317244988608
 20
84.65967631649347
 10
218.8746480846727
 20
84.77757398256867
 10
218.8184800402358
 20
84.89547175945251
 10
218.7632230866381
 20
85.01336964747666
 10
218.7088801904777
 20
85.13126764700182
 10
218.6554545612847
 20
85.24916575842132
 10
218.6029496476089
 20
85.36706398215418
 10
218.5513691307828
 20
85.48496231865026
 10
218.500716918062
 20
85.60286076838632
 10
218.450997135758
 20
85.7207593318661
 10
218.4022141223676
 20
85.83865800961708
 10
218.354372421705
 20
85.95655680219563
 10
218.3074767760317
 20
86.07445571017859
 10
218.261532119188
 20
86.19235473416919
 10
218.2165435697233
 20
86.31025387479054
 10
218.1725164240276
 20
86.42815313269005
 10
218.1294561494614
 20
86.54605250853323
 10
218.0873683774876
 20
86.66395200300796
 10
218.0462588965649
 20
86.78185161682073
 10
218.0061336429417
 20
86.8997513506941
 10
217.9669986889242
 20
87.01765120537052
 10
217.9288602307006
 20
87.13555118160465
 10
217.8917245761629
 20
87.2534512801665
 10
217.8555981327269
 20
87.37135150183767
 10
217.8204873951551
 20
87.48925184741066
 10
217.7863989333765
 20
87.60715231768632
 10
217.7533393803082
 20
87.72505291347378
 10
217.7213154196775
 20
87.84295363558937
 10
217.6903337738411
 20
87.96085448485182
 10
217.660401191609
 20
88.07875546208446
 10
217.6315244360586
 20
88.1966565681138
 10
217.603710271828
 20
88.31455780376314
 10
217.5769654494036
 20
88.43245916985706
 10
217.5512966869117
 20
88.55036066721501
 10
217.5267106516329
 20
88.66826229665004
 10
217.5032139415102
 20
88.7861640589668
 10
217.4808130666631
 20
88.90406595495974
 10
217.4595144308979
 20
89.02196798540982
 10
217.439324313219
 20
89.1398701510832
 10
217.4202488493417
 20
89.25777245272875
 10
217.4022940132017
 20
89.37567489107419
 10
217.3854655984684
 20
89.49357746682727
 10
217.369769200056
 20
89.61148018066948
 10
217.3552101956116
 20
89.72938303325795
 10
217.3417937259114
 20
89.84728602521895
 10
217.3295246711208
 20
89.965189157148
 10
217.3184076246859
 20
90.08309242960526
 10
217.3084468670603
 20
90.20099584311314
 10
217.2996463394353
 20
90.31889939815284
 10
217.2920096174644
 20
90.43680309515949
 10
217.2855398849945
 20
90.55470693452258
 10
217.2802399077923
 20
90.67261091657835
 10
217.276112007273
 20
90.79051504161109
 10
217.2731580342276
 20
90.90841930984538
 10
217.2713793425512
 20
91.02632372144745
 10
217.2707767629721
 20
91.14422827651864
  0
LWPOLYLINE
  5
7D
330
70
100
AcDbEntity
  8
0
 62
    18
420
        0
370
    25
100
AcDbPolyline
 90
       65
 70
     0
 43
0.0
 10
217.2707767629721
 20
91.14422827651864
 10
217.2713808423026
 20
91.26213282391512
 10
217.2731610337281
 20
91.38003721288253
 10
217.2761165065208
 20
91.49794144353315
 10
217.2802459067856
 20
91.6158455160486
 10
217.2855473837316
 20
91.73374943067978
 10
217.292018615943
 20
91.85165318773725
 10
217.2996568376536
 20
91.96955678759517
 10
217.3084588650167
 20
92.08746023068213
 10
217.3184211223782
 20
92.20536351747947
 10
217.3295396685472
 20
92.32326664851782
 10
217.34181022307
 20
92.44116962437411
 10
217.3552281925007
 20
92.55907244566754
 10
217.3697886966734
 20
92.67697511305525
 10
217.3854865948126
 20
92.79487762722897
 10
217.4023165092706
 20
92.91277998891445
 10
217.4202728451334
 20
93.03068219886444
 10
217.439349808732
 20
93.14858425785919
 10
217.4595414261299
 20
93.26648616670345
 10
217.4808415616127
 20
93.38438792622499
 10
217.5032439361753
 20
93.50228953726826
 10
217.5267421460119
 20
93.62019100069638
 10
217.551329681003
 20
93.73809231738588
 10
217.5769999432048
 20
93.85599348822683
 10
217.603746265338
 20
93.97389451411568
 10
217.6315619292754
 20
94.09179539595847
 10
217.6604401845307
 20
94.20969613466388
 10
217.6903742664664
 20
94.32759673114375
 10
217.7213574120045
 20
94.44549718630867
 10
217.7533828723352
 20
94.5633975010679
 10
217.7864439251017
 20
94.68129767632692
 10
217.8205338865768
 20
94.79919771298662
 10
217.8556461238435
 20
94.91709761193964
 10
217.8917740669725
 20
95.03499737407089
 10
217.9289112212023
 20
95.15289700025626
 10
217.9670511791157
 20
95.27079649135821
 10
218.0061876328213
 20
95.38869584822634
 10
218.0463143861315
 20
95.50659507169552
 10
218.0874253667395
 20
95.62449416258388
 10
218.1295146383967
 20
95.74239312169103
 10
218.1725764126447
 20
95.86029194979593
 10
218.2166050580208
 20
95.97819064765841
 10
218.2615951071642
 20
96.09608921601447
 10
218.3075412636851
 20
96.21398765557703
 10
218.3544384090341
 20
96.33188596703593
 10
218.4022816093708
 20
96.44978415105597
 10
218.4510661224339
 20
96.56768220827565
 10
218.5007874044092
 20
96.68558013930777
 10
218.5514411167995
 20
96.80347794473563
 10
218.6030231332936
 20
96.92137562511561
 10
218.6555295466358
 20
97.03927318097456
 10
218.7089566754939
 20
97.15717061280781
 10
218.7633010713178
 20
97.27506792107936
 10
218.8185595245773
 20
97.39296510622295
 10
218.8747290686749
 20
97.51086216863715
 10
218.9318069825219
 20
97.6287591086883
 10
218.9897907930212
 20
97.74665592671077
 10
219.0486782775538
 20
97.86455262300293
 10
219.1084674664611
 20
97.98244919783044
 10
219.1691566455307
 20
98.10034565142366
 10
219.2307443584802
 20
98.21824198397962
 10
219.293229409441
 20
98.33613819565874
 10
219.3566108654442
 20
98.45403428658741
 10
219.4208880589027
 20
98.57193025685488
 10
219.4860605900983
 20
98.68982610651498
  0
SPLINE
  5
7E
330
70
100
AcDbEntity
  8
0
 62
    18
420
        0
370
    25
100
AcDbSpline
210
0.0
220
0.0
230
1.0
 70
     9
 71
     3
 72
   143
 73
   139
 74
     0
 42
0.0000000001
 43
0.0000000001
 40
0.0
 40
0.0
 40
0.0
 40
0.0
 40
1.0
 40
1.0
 40
1.0
 40
2.0
 40
2.0
 40
2.0
 40
3.0
 40
3.0
 40
3.0
 40
4.0
 40
4.0
 40
4.0
 40
5.0
 40
5.0
 40
5.0
 40
6.0
 40
6.0
 40
6.0
 40
7.0
 40
7.0
 40
7.0
 40
8.0
 40
8.0
 40
8.0
 40
9.0
 40
9.0
 40
9.0
 40
10.0
 40
10.0
 40
10.0
 40
11.0
 40
11.0
 40
11.0
 40
12.0
 40
12.0
 40
12.0
 40
13.0
 40
13.0
 40
13.0
 40
14.0
 40
14.0
 40
14.0
 40
15.0
 40
15.0
 40
15.0
 40
16.0
 40
16.0
 40
16.0
 40
17.0
 40
17.0
 40
17.0
 40
18.0
 40
18.0
 40
18.0
 40
19.0
 40
19.0
 40
19.0
 40
20.0
 40
20.0
 40
20.0
 40
21.0
 40
21.0
 40
21.0
 40
22.0
 40
22.0
 40
22.0
 40
23.0
 40
23.0
 40
23.0
 40
24.0
 40
24.0
 40
24.0
 40
25.0
 40
25.0
 40
25.0
 40
26.0
 40
26.0
 40
26.0
 40
27.0
 40
27.0
 40
27.0
 40
28.0
 40
28.0
 40
28.0
 40
29.0
 40
29.0
 40
29.0
 40
30.0
 40
30.0
 40
30.0
 40
31.0
 40
31.0
 40
31.0
 40
32.0
 40
32.0
 40
32.0
 40
33.0
 40
33.0
 40
33.0
 40
34.0
 40
34.0
 40
34.0
 40
35.0
 40
35.0
 40
35.0
 40
36.0
 40
36.0
 40
36.0
 40
37.0
 40
37.0
 40
37.0
 40
38.0
 40
38.0
 40
38.0
 40
39.0
 40
39.0
 40
39.0
 40
40.0
 40
40.0
 40
40.0
 40
41.0
 40
41.0
 40
41.0
 40
42.0
 40
42.0
 40
42.0
 40
43.0
 40
43.0
 40
43.0
 40
44.0
 40
44.0
 40
44.0
 40
45.0
 40
45.0
 40
45.0
 40
46.0
 40
46.0
 40
46.0
 40
46.0
 10
198.5543743728467
 20
180.8289852140593
 30
0.0
 10
198.5543743728467
 20
180.8289852140593
 30
0.0
 10
164.5543743728468
 20
180.8289852140593
 30
0.0
 10
164.5543743728468
 20
180.8289852140593
 30
0.0
 10
164.0020896230158
 20
180.8289852140593
 30
0.0
 10
163.5543743728467
 20
181.2767004642283
 30
0.0
 10
163.5543743728467
 20
181.8289852140593
 30
0.0
 10
163.5543743728467
 20
181.8289852140593
 30
0.0
 10
163.5543743728467
 20
191.1952686652473
 30
0.0
 10
163.5543743728467
 20
191.1952686652473
 30
0.0
 10
163.5543743728467
 20
192.5759805398244
 30
0.0
 10
162.4350862474237
 20
193.6952686652474
 30
0.0
 10
161.0543743728466
 20
193.6952686652474
 30
0.0
 10
161.0543743728466
 20
193.6952686652474
 30
0.0
 10
156.0543743728465
 20
193.6952686652474
 30
0.0
 10
156.0543743728465
 20
193.6952686652474
 30
0.0
 10
154.6736624982697
 20
193.6952686652474
 30
0.0
 10
153.5543743728467
 20
192.5759805398244
 30
0.0
 10
153.5543743728467
 20
191.1952686652473
 30
0.0
 10
153.5543743728467
 20
191.1952686652473
 30
0.0
 10
153.5543743728467
 20
181.7904666108751
 30
0.0
 10
153.5543743728467
 20
181.7904666108751
 30
0.0
 10
153.5543743728464
 20
181.2680176846705
 30
0.0
 10
153.1521983757531
 20
180.8336179592894
 30
0.0
 10
152.6312974497696
 20
180.7934295803507
 30
0.0
 10
146.380486337968
 20
180.3111690330851
 30
0.0
 10
141.5543743728466
 20
175.0983723285125
 30
0.0
 10
141.5543743728466
 20
168.8289852140592
 30
0.0
 10
141.5543743728466
 20
168.8289852140592
 30
0.0
 10
141.5543743728466
 20
149.7658231684027
 30
0.0
 10
141.5543743728466
 20
149.7658231684027
 30
0.0
 10
141.5543743728466
 20
149.0735005076543
 30
0.0
 10
141.7938269643833
 20
148.402485839561
 30
0.0
 10
142.2321254805549
 20
147.8665706622178
 30
0.0
 10
142.2321254805549
 20
147.8665706622178
 30
0.0
 10
148.9509194057299
 20
139.6513851092355
 30
0.0
 10
148.9509194057299
 20
139.6513851092355
 30
0.0
 10
149.0534921987778
 20
139.5259675808877
 30
0.0
 10
149.1457363330341
 20
139.3924467175156
 30
0.0
 10
149.2267467247915
 20
139.252132603051
 30
0.0
 10
149.3145150565163
 20
139.1001133932076
 30
0.0
 10
149.3607213210071
 20
138.9276692665004
 30
0.0
 10
149.3607213210068
 20
138.7521326030507
 30
0.0
 10
149.3607213210068
 20
138.1998478532203
 30
0.0
 10
148.9130060708377
 20
137.7521326030506
 30
0.0
 10
148.3607213210071
 20
137.7521326030506
 30
0.0
 10
148.3607213210071
 20
137.7521326030506
 30
0.0
 10
144.4671307549779
 20
137.7521326030506
 30
0.0
 10
144.4671307549779
 20
137.7521326030506
 30
0.0
 10
143.3625612553163
 20
137.7521326030506
 30
0.0
 10
142.4671307549778
 20
136.8567021027125
 30
0.0
 10
142.4671307549778
 20
135.7521326030512
 30
0.0
 10
142.4671307549778
 20
135.7521326030512
 30
0.0
 10
142.4671307549778
 20
132.2094846496985
 30
0.0
 10
142.4671307549778
 20
132.2094846496985
 30
0.0
 10
142.4671307549778
 20
131.1049151500365
 30
0.0
 10
143.3625612553163
 20
130.2094846496984
 30
0.0
 10
144.4671307549779
 20
130.2094846496984
 30
0.0
 10
144.4671307549779
 20
130.2094846496984
 30
0.0
 10
148.6286705134382
 20
130.2094846496984
 30
0.0
 10
148.6286705134382
 20
130.2094846496984
 30
0.0
 10
149.1809552632688
 20
130.2094846496984
 30
0.0
 10
149.6286705134382
 20
129.7617693995293
 30
0.0
 10
149.6286705134382
 20
129.2094846496983
 30
0.0
 10
149.6286705134382
 20
129.2094846496983
 30
0.0
 10
149.6286705134382
 20
127.6952686652476
 30
0.0
 10
149.6286705134382
 20
127.6952686652476
 30
0.0
 10
149.6286705134382
 20
125.4861296659244
 30
0.0
 10
151.4195315141149
 20
123.6952686652475
 30
0.0
 10
153.628670513438
 20
123.6952686652475
 30
0.0
 10
153.628670513438
 20
123.6952686652475
 30
0.0
 10
209.4800782322551
 20
123.6952686652475
 30
0.0
 10
209.4800782322551
 20
123.6952686652475
 30
0.0
 10
211.6892172315783
 20
123.6952686652475
 30
0.0
 10
213.4800782322553
 20
125.4861296659244
 30
0.0
 10
213.4800782322553
 20
127.6952686652476
 30
0.0
 10
213.4800782322553
 20
127.6952686652476
 30
0.0
 10
213.4800782322553
 20
129.2094846496983
 30
0.0
 10
213.4800782322553
 20
129.2094846496983
 30
0.0
 10
213.4800782322553
 20
129.7617693995293
 30
0.0
 10
213.9277934824244
 20
130.2094846496984
 30
0.0
 10
214.4800782322553
 20
130.2094846496984
 30
0.0
 10
214.4800782322553
 20
130.2094846496984
 30
0.0
 10
218.6416179907153
 20
130.2094846496984
 30
0.0
 10
218.6416179907153
 20
130.2094846496984
 30
0.0
 10
219.7461874903769
 20
130.2094846496984
 30
0.0
 10
220.6416179907153
 20
131.1049151500365
 30
0.0
 10
220.6416179907153
 20
132.2094846496985
 30
0.0
 10
220.6416179907153
 20
132.2094846496985
 30
0.0
 10
220.6416179907153
 20
135.7521326030512
 30
0.0
 10
220.6416179907153
 20
135.7521326030512
 30
0.0
 10
220.6416179907153
 20
136.8567021027125
 30
0.0
 10
219.7461874903769
 20
137.7521326030513
 30
0.0
 10
218.6416179907153
 20
137.7521326030513
 30
0.0
 10
218.6416179907153
 20
137.7521326030513
 30
0.0
 10
214.7480274246864
 20
137.7521326030506
 30
0.0
 10
214.7480274246864
 20
137.7521326030506
 30
0.0
 10
214.5724907612364
 20
137.7521326030506
 30
0.0
 10
214.4000466345294
 20
137.7983388675415
 30
0.0
 10
214.2480274246864
 20
137.8861071992663
 30
0.0
 10
213.76973480121
 20
138.1622495741821
 30
0.0
 10
213.6058596459866
 20
138.7738399795746
 30
0.0
 10
213.8820020209017
 20
139.252132603051
 30
0.0
 10
213.9630124126591
 20
139.3924467175156
 30
0.0
 10
214.0552565469156
 20
139.5259675808877
 30
0.0
 10
214.1578293399633
 20
139.6513851092355
 30
0.0
 10
214.1578293399633
 20
139.6513851092355
 30
0.0
 10
220.8766232651386
 20
147.8665706622178
 30
0.0
 10
220.8766232651386
 20
147.8665706622178
 30
0.0
 10
221.3149217813098
 20
148.402485839561
 30
0.0
 10
221.5543743728466
 20
149.0735005076543
 30
0.0
 10
221.5543743728466
 20
149.7658231684027
 30
0.0
 10
221.5543743728466
 20
149.7658231684027
 30
0.0
 10
221.5543743728466
 20
168.8289852140592
 30
0.0
 10
221.5543743728466
 20
168.8289852140592
 30
0.0
 10
221.5543743728466
 20
175.0983723285125
 30
0.0
 10
216.7282624077251
 20
180.3111690330851
 30
0.0
 10
210.4774512959236
 20
180.7934295803507
 30
0.0
 10
209.95655036994
 20
180.8336179592894
 30
0.0
 10
209.5543743728465
 20
181.2680176846705
 30
0.0
 10
209.5543743728465
 20
181.7904666108751
 30
0.0
 10
209.5543743728465
 20
181.7904666108751
 30
0.0
 10
209.5543743728465
 20
191.1952686652473
 30
0.0
 10
209.5543743728465
 20
191.1952686652473
 30
0.0
 10
209.5543743728465
 20
192.5759805398244
 30
0.0
 10
208.4350862474237
 20
193.6952686652474
 30
0.0
 10
207.0543743728467
 20
193.6952686652474
 30
0.0
 10
207.0543743728467
 20
193.6952686652474
 30
0.0
 10
202.0543743728465
 20
193.6952686652474
 30
0.0
 10
202.0543743728465
 20
193.6952686652474
 30
0.0
 10
200.6736624982698
 20
193.6952686652474
 30
0.0
 10
199.5543743728467
 20
192.5759805398244
 30
0.0
 10
199.5543743728467
 20
191.1952686652473
 30
0.0
 10
199.5543743728467
 20
191.1952686652473
 30
0.0
 10
199.5543743728467
 20
181.8289852140593
 30
0.0
 10
199.5543743728467
 20
181.8289852140593
 30
0.0
 10
199.5543743728467
 20
181.2767004642283
 30
0.0
 10
199.1066591226773
 20
180.8289852140593
 30
0.0
 10
198.5543743728467
 20
180.8289852140593
 30
0.0
  0
LWPOLYLINE
  5
7F
330
70
100
AcDbEntity
  8
0
 62
    18
420
        0
370
    25
100
AcDbPolyline
 90
       48
 70
     0
 43
0.0
 10
277.4454186294918
 20
82.27864866961827
 10
277.3466872894561
 20
82.26049852787062
 10
277.2487128096271
 20
82.24248179025176
 10
277.1514922458429
 20
82.22459498604838
 10
277.0550211291078
 20
82.20683248425833
 10
276.9592937345296
 20
82.18918658167419
 10
276.8643033502573
 20
82.17164759097562
 10
276.7700425464219
 20
82.15420392881663
 10
276.6765034440715
 20
82.13684220391495
 10
276.5836779841131
 20
82.11954730514056
 10
276.4915581961477
 20
82.10230248957859
 10
276.4001364543234
 20
82.08508946736001
 10
276.3094056592203
 20
82.06788846807302
 10
276.2193593581599
 20
82.05067829183589
 10
276.1299918586198
 20
82.03343635865891
 10
276.0412983416352
 20
82.0161387577996
 10
275.9532749752028
 20
81.99876029711942
 10
275.865919027683
 20
81.98127455243881
 10
275.7792289812019
 20
81.9636539168936
 10
275.6932046450565
 20
81.94586965029179
 10
275.6078472663868
 20
81.92789192892041
 10
275.5231596007661
 20
81.90968990198538
 10
275.4391459130696
 20
81.89123175958044
 10
275.3558119598122
 20
81.87248480373149
 10
275.2731649711246
 20
81.85341551948845
 10
275.1912136327255
 20
81.83398964602755
 10
275.1099680679005
 20
81.81417224774957
 10
275.0294398194748
 20
81.79392778537437
 10
274.9496418317898
 20
81.77322018704368
 10
274.8705884322512
 20
81.75201291974159
 10
274.792295290841
 20
81.73026907758012
 10
274.7147792967767
 20
81.70795153346288
 10
274.6380583875155
 20
81.6850231272023
 10
274.5621513745165
 20
81.66144685612104
 10
274.4870777690092
 20
81.63718606564486
 10
274.4128576077577
 20
81.61220463990389
 10
274.3395112788241
 20
81.58646719232763
 10
274.2670593473345
 20
81.55993925624292
 10
274.1955223812261
 20
81.5325874754907
 10
274.1249207671472
 20
81.50437980497624
 10
274.055274438386
 20
81.47528579998931
 10
273.986602497136
 20
81.4452770121538
 10
273.9189228182042
 20
81.41432740409099
 10
273.8522516525817
 20
81.38241376423239
 10
273.78660323101
 20
81.34951612163144
 10
273.721989367548
 20
81.31561816077496
 10
273.6584190631396
 20
81.28070763639483
 10
273.5958981091827
 20
81.24477678828085
  0
LWPOLYLINE
  5
80
330
70
100
AcDbEntity
  8
0
 62
    18
420
        0
370
    25
100
AcDbPolyline
 90
       48
 70
     0
 43
0.0
 10
273.5958981091827
 20
81.24477678828085
 10
273.5333771552264
 20
81.28070763639483
 10
273.469806850818
 20
81.31561816077496
 10
273.4051929873554
 20
81.34951612163144
 10
273.3395445657836
 20
81.38241376423239
 10
273.2728734001611
 20
81.41432740409099
 10
273.2051937212294
 20
81.4452770121538
 10
273.1365217799794
 20
81.47528579998931
 10
273.0668754512182
 20
81.50437980497624
 10
272.9962738371386
 20
81.5325874754907
 10
272.9247368710302
 20
81.55993925624292
 10
272.85228493954
 20
81.58646719232763
 10
272.7789386106064
 20
81.61220463990389
 10
272.7047184493542
 20
81.63718606564486
 10
272.6296448438477
 20
81.66144685612104
 10
272.5537378308486
 20
81.6850231272023
 10
272.4770169215867
 20
81.70795153346288
 10
272.3995009275224
 20
81.73026907758012
 10
272.3212077861122
 20
81.75201291974159
 10
272.2421543865737
 20
81.77322018704368
 10
272.1623563988886
 20
81.79392778537437
 10
272.0818281504629
 20
81.81417224774957
 10
272.0005825856379
 20
81.83398964602755
 10
271.9186312472388
 20
81.85341551948781
 10
271.8359842585513
 20
81.87248480373149
 10
271.7526503052945
 20
81.89123175958044
 10
271.6686366175981
 20
81.90968990198474
 10
271.5839489519772
 20
81.92789192892041
 10
271.4985915733082
 20
81.94586965029179
 10
271.4125672371622
 20
81.9636539168936
 10
271.3258771906818
 20
81.98127455243881
 10
271.2385212431619
 20
81.99876029711942
 10
271.1504978767295
 20
82.0161387577996
 10
271.0618043597449
 20
82.03343635865891
 10
270.9724368602048
 20
82.05067829183589
 10
270.882390559145
 20
82.06788846807302
 10
270.791659764042
 20
82.08508946736001
 10
270.7002380222177
 20
82.10230248957859
 10
270.6081182342523
 20
82.11954730514056
 10
270.5152927742944
 20
82.13684220391495
 10
270.4217536719441
 20
82.15420392881663
 10
270.3274928681081
 20
82.17164759097562
 10
270.2325024838363
 20
82.18918658167419
 10
270.1367750892575
 20
82.20683248425833
 10
270.0403039725231
 20
82.22459498604838
 10
269.9430834087389
 20
82.24248179025176
 10
269.84510892891
 20
82.26049852787062
 10
269.7463775888742
 20
82.27864866961827
  0
SPLINE
  5
81
330
70
100
AcDbEntity
  8
0
 62
    18
420
        0
370
    25
100
AcDbSpline
210
0.0
220
0.0
230
1.0
 70
     8
 71
     3
 72
     8
 73
     4
 74
     0
 42
0.0000000001
 43
0.0000000001
 40
0.0
 40
0.0
 40
0.0
 40
0.0
 40
1.0
 40
1.0
 40
1.0
 40
1.0
 10
267.3084820562194
 20
85.12422895273568
 30
0.0
 10
267.3559914894723
 20
83.72242878091642
 30
0.0
 10
268.3684597502483
 20
82.54064732984213
 30
0.0
 10
269.7463775888742
 20
82.27864866961827
 30
0.0
  0
LWPOLYLINE
  5
82
330
70
100
AcDbEntity
  8
0
 62
    18
420
        0
370
    25
100
AcDbPolyline
 90
      231
 70
     0
 43
0.0
 10
267.3084820562194
 20
85.12422895273568
 10
267.3054671557496
 20
85.22008216814114
 10
267.3028725309476
 20
85.3154203482177
 10
267.3006982188174
 20
85.41024419809252
 10
267.2989442793464
 20
85.50455487798243
 10
267.2976107941094
 20
85.598353992601
 10
267.2966978648643
 20
85.69164358056696
 10
267.2962056121614
 20
85.78442610381324
 10
267.296134173941
 20
85.87670443699433
 10
267.2964837041364
 20
85.96848185689569
 10
267.2972543712763
 20
86.0597620318399
 10
267.2984463570882
 20
86.15054901109937
 10
267.3000598550973
 20
86.24084721429857
 10
267.3020950692325
 20
86.33066142082865
 10
267.3045522124243
 20
86.41999675925099
 10
267.3074315052112
 20
86.50885869670792
 10
267.3107331743381
 20
86.59725302833088
 10
267.314457451361
 20
86.68518586664713
 10
267.3186045712455
 20
86.77266363099251
 10
267.3231747709218
 20
86.85969303700348
 10
267.3281682876992
 20
86.94628108634169
 10
267.3335853576181
 20
87.03243505652558
 10
267.3394262138048
 20
87.11816249076779
 10
267.3456910848183
 20
87.20347118780933
 10
267.3523801930054
 20
87.28836919175517
 10
267.3594937528469
 20
87.37286478191347
 10
267.3670319693125
 20
87.45696646262725
 10
267.37499503621
 20
87.54068295311315
 10
267.3833831345357
 20
87.6240231772968
 10
267.3921964308259
 20
87.70699625364779
 10
267.4014350755091
 20
87.78961148501823
 10
267.4110992012545
 20
87.87187834847451
 10
267.421188921324
 20
87.95380648513722
 10
267.4317043279246
 20
88.03540569001537
 10
267.4426454905568
 20
88.11668590184121
 10
267.454012454366
 20
88.19765719291217
 10
267.4658052384665
 20
88.27832975901744
 10
267.4780238341814
 20
88.35871390968417
 10
267.4906682032331
 20
88.43882005856736
 10
267.5037382759417
 20
88.51865871386095
 10
267.5172339494105
 20
88.59824046869871
 10
267.5311550857244
 20
88.67757599156327
 10
267.5455015101371
 20
88.75667601668776
 10
267.5602730092672
 20
88.83555133446352
 10
267.5754693292879
 20
88.91421278184555
 10
267.5910901741205
 20
88.99267123275583
 10
267.6071352036255
 20
89.07093758849057
 10
267.6236040317965
 20
89.14902276812364
 10
267.6404962249508
 20
89.2269376989144
 10
267.6578112999231
 20
89.30469330670982
 10
267.6755487222569
 20
89.38230050635302
 10
267.693707904396
 20
89.45977019208608
 10
267.7122882038771
 20
89.53711322795518
 10
267.7312889214516
 20
89.61434043813522
 10
267.7507092989579
 20
89.69146259696229
 10
267.7705485170431
 20
89.76849041879349
 10
267.7908056928791
 20
89.84543454786104
 10
267.811479877876
 20
89.92230554811998
 10
267.8325700553971
 20
89.99911389309838
 10
267.8540751384723
 20
90.07586995575087
 10
267.8759939675142
 20
90.15258399830623
 10
267.8983253080299
 20
90.22926616211959
 10
267.9210678483372
 20
90.30592645752337
 10
267.9442201972799
 20
90.38257475367489
 10
267.9677808819387
 20
90.45922076841177
 10
267.9917483453484
 20
90.53587405809647
 10
268.016120944212
 20
90.61254400747406
 10
268.0408969466133
 20
90.68923981951563
 10
268.0660745297337
 20
90.76597050527416
 10
268.0916517775638
 20
90.8427448737329
 10
268.1176266786376
 20
90.91957152178265
 10
268.1439971238304
 20
90.99645882471113
 10
268.1707609042073
 20
91.07341492703636
 10
268.1979157088735
 20
91.1504477333643
 10
268.2254591228223
 20
91.2275648992505
 10
268.2533886247885
 20
91.30477382205517
 10
268.2817015850952
 20
91.38208163180481
 10
268.310395263508
 20
91.45949518205048
 10
268.3394668070816
 20
91.53702104072687
 10
268.3689132480119
 20
91.61466548100936
 10
268.3987315014854
 20
91.69243447217555
 10
268.428918363531
 20
91.77033367046368
 10
268.4594705088679
 20
91.84836840992899
 10
268.490384488758
 20
91.92654369330659
 10
268.521656728854
 20
92.00486418286727
 10
268.5532835270525
 20
92.08333419127713
 10
268.5852610513385
 20
92.16195767245272
 10
268.6175853374867
 20
92.2407382120228
 10
268.6502522859949
 20
92.31967901584841
 10
268.683257658475
 20
92.39878289711247
 10
268.7165970739778
 20
92.47805226327406
 10
268.7502660053275
 20
92.55748910302136
 10
268.7842597754524
 20
92.63709497322603
 10
268.8185735537122
 20
92.71687098589532
 10
268.8532023522334
 20
92.7968177951279
 10
268.8881410222373
 20
92.87693558406459
 10
268.9233842503706
 20
92.95722405184422
 10
268.9589265550385
 20
93.03768240055701
 10
268.9947622827319
 20
93.11830932219635
 10
269.0308856043633
 20
93.19910298561437
 10
269.0672905115917
 20
93.28006102347357
 10
269.1039708131577
 20
93.36118051920371
 10
269.1409201312134
 20
93.4424579939502
 10
269.1781318976559
 20
93.52388939354902
 10
269.2155993512233
 20
93.60547007767035
 10
269.2533155388749
 20
93.68719482134329
 10
269.2912733207513
 20
93.76905782679584
 10
269.3678842058026
 20
93.93317264588253
 10
269.445371354793
 20
94.0977571903743
 10
269.5236714700601
 20
94.26274578236546
 10
269.602718779382
 20
94.42806482636406
 10
269.6824452074923
 20
94.59363322505323
 10
269.7627805475981
 20
94.75936279505551
 10
269.8436526328972
 20
94.92515868269832
 10
269.9249875093625
 20
95.09091978350696
 10
270.0067096242538
 20
95.25653920792516
 10
270.0887420387789
 20
95.42190481801261
 10
270.1710066463601
 20
95.5868997806327
 10
270.2534243909875
 20
95.75140312088766
 10
270.3359154855704
 20
95.91529027555006
 10
270.4183996302908
 20
96.07843364649355
 10
270.5007962309515
 20
96.24070315412808
 10
270.5419364898158
 20
96.32146901700366
 10
270.5830246173132
 20
96.40196679076147
 10
270.6240505533882
 20
96.48217976324975
 10
270.6650042599763
 20
96.56209116915574
 10
270.705875727452
 20
96.64168420604823
 10
270.7466549810745
 20
96.72094205041886
 10
270.7873320874372
 20
96.79984787372569
 10
270.8278971609146
 20
96.87838485843197
 10
270.8683403701098
 20
96.95653621405172
 10
270.9086519443025
 20
97.03428519318975
 10
270.9488221798951
 20
97.11161510758277
 10
270.9888414468608
 20
97.18850934414252
 10
271.0287001951931
 20
97.26495138099828
 10
271.0683889613495
 20
97.34092480353741
 10
271.1078983747027
 20
97.41641332044775
 10
271.1472191639872
 20
97.49140077975896
 10
271.1863421637429
 20
97.56587118488615
 10
271.2252583207701
 20
97.63980871066985
 10
271.2639587005723
 20
97.71319771942874
 10
271.3024344938444
 20
97.78602277709708
 10
271.3406770229857
 20
97.85826866946424
 10
271.378677748626
 20
97.92992041843721
 10
271.416428276149
 20
98.00096329829488
 10
271.4539203622164
 20
98.0713828519519
 10
271.4911459212938
 20
98.14116490721612
 10
271.5280970321712
 20
98.21029559304538
 10
271.5647659444899
 20
98.27876135581071
 10
271.6011450852668
 20
98.3465489755539
 10
271.637227065417
 20
98.41364558224604
 10
271.6730046862775
 20
98.48003867204639
 10
271.708470946133
 20
98.5457161235649
 10
271.7436190467408
 20
98.61066621411646
 10
271.7784423998506
 20
98.67487763598413
 10
271.8129346337335
 20
98.73833951267592
 10
271.8470895997024
 20
98.80104141518609
 10
271.8809013786889
 20
98.8629733783617
 10
271.9143642883242
 20
98.92412591841075
 10
271.9474728907247
 20
98.98449005196122
 10
271.9802220004106
 20
99.04405731543079
 10
272.0126066922323
 20
99.10281978439972
 10
272.0446223092916
 20
99.16077009298504
 10
272.0762644708675
 20
99.21790145321544
 10
272.107529080338
 20
99.27420767440336
 10
272.1384123331061
 20
99.3296831825212
 10
272.1689107245209
 20
99.38432303957295
 10
272.1990210578015
 20
99.43812296296894
 10
272.2287404519617
 20
99.49107934489878
 10
272.2580663497345
 20
99.54318927170682
 10
272.2869965254933
 20
99.59445054326563
 10
272.3155290931771
 20
99.64486169234898
 10
272.3436625142133
 20
99.6944220040047
 10
272.3713956054419
 20
99.743131534932
 10
272.39872754698
 20
99.7909911327088
 10
272.4256578893501
 20
99.83800245327349
 10
272.4521865594821
 20
99.88416797569684
 10
272.4783138664482
 20
99.92949101634041
 10
272.504040507203
 20
99.97397574299778
 10
272.5293675723115
 20
100.0176271890362
 10
272.554296551689
 20
100.0604512675442
 10
272.5788293403299
 20
100.1024547854682
 10
272.6029682440489
 20
100.1436454577633
 10
272.6267159852085
 20
100.184031921531
 10
272.6500757084582
 20
100.2236237501644
 10
272.6730509864668
 20
100.2624314674925
 10
272.6956458256574
 20
100.3004665619205
 10
272.7178646719416
 20
100.3377415005777
 10
272.7397124164529
 20
100.3742697434562
 10
272.7611944012837
 20
100.4100657575563
 10
272.7823164252161
 20
100.4451450310299
 10
272.803084748841
 20
100.479524085869
 10
272.8235060905608
 20
100.5132204691953
 10
272.8435876067584
 20
100.5462527073407
 10
272.8633368677524
 20
100.5786402500337
 10
272.8827618336705
 20
100.6104034143975
 10
272.901870830323
 20
100.641563328941
 10
272.9206725250778
 20
100.6721418775542
 10
272.939175902732
 20
100.7021616435056
 10
272.9573902413856
 20
100.7316458534322
 10
272.9753250883184
 20
100.7606183213398
 10
272.9929902358598
 20
100.7891033925929
 10
273.0103956972636
 20
100.8171258879129
 10
273.0275516825835
 20
100.84471104737
 10
273.0444685745439
 20
100.8718844743798
 10
273.0611569044162
 20
100.8986720796983
 10
273.0776273278895
 20
100.9251000254154
 10
273.0938906009473
 20
100.9511946689488
 10
273.1099575557806
 20
100.9769825071364
 10
273.1258390774282
 20
101.0024901219892
 10
273.1415460818433
 20
101.0277441297287
 10
273.1570894943954
 20
101.0527711308208
 10
273.1877291635491
 20
101.1022501365073
 10
273.2178448596439
 20
101.1511377299163
 10
273.2475221328832
 20
101.1996410536024
 10
273.2768446213045
 20
101.2479622036934
 10
273.3058933631743
 20
101.2962966317714
 10
273.3347461093769
 20
101.3448315467614
 10
273.3634766357854
 20
101.3937443167676
 10
273.392154052077
 20
101.443200862305
 10
273.4208420870932
 20
101.4933539928104
 10
273.4495983521459
 20
101.5443416897912
 10
273.4784736014362
 20
101.596285383007
 10
273.4929696488594
 20
101.6226487249065
 10
273.5075109924676
 20
101.6492882266239
 10
273.5221017186248
 20
101.6762136440495
 10
273.5367453464539
 20
101.7034333753708
 10
273.5514448047235
 20
101.7309544071978
 10
273.5662024087348
 20
101.7587822606954
 10
273.5810198372105
 20
101.7869209377159
 10
273.5958981091827
 20
101.8153728669219
  0
LWPOLYLINE
  5
83
330
70
100
AcDbEntity
  8
0
 62
    18
420
        0
370
    25
100
AcDbPolyline
 90
      231
 70
     0
 43
0.0
 10
273.5958981091827
 20
101.8153728669219
 10
273.6107763811556
 20
101.7869209377159
 10
273.6255938096312
 20
101.7587822606954
 10
273.6403514136419
 20
101.7309544071978
 10
273.6550508719115
 20
101.7034333753708
 10
273.6696944997413
 20
101.6762136440495
 10
273.6842852258984
 20
101.6492882266239
 10
273.6988265695067
 20
101.6226487249065
 10
273.7133226169298
 20
101.596285383007
 10
273.7421978662201
 20
101.5443416897912
 10
273.7709541312734
 20
101.4933539928104
 10
273.7996421662897
 20
101.443200862305
 10
273.8283195825805
 20
101.3937443167676
 10
273.8570501089891
 20
101.3448315467614
 10
273.8859028551916
 20
101.2962966317714
 10
273.9149515970615
 20
101.2479622036934
 10
273.9442740854828
 20
101.1996410536024
 10
273.9739513587221
 20
101.1511377299163
 10
274.0040670548169
 20
101.1022501365073
 10
274.0347067239706
 20
101.0527711308208
 10
274.0502501365227
 20
101.0277441297287
 10
274.0659571409378
 20
101.0024901219892
 10
274.0818386625854
 20
100.9769825071364
 10
274.0979056174187
 20
100.9511946689488
 10
274.1141688904765
 20
100.9251000254147
 10
274.1306393139498
 20
100.8986720796983
 10
274.1473276438214
 20
100.8718844743798
 10
274.1642445357825
 20
100.84471104737
 10
274.1814005211018
 20
100.8171258879129
 10
274.1988059825062
 20
100.7891033925929
 10
274.2164711300475
 20
100.7606183213398
 10
274.2344059769798
 20
100.7316458534322
 10
274.252620315634
 20
100.702161643505
 10
274.2711236932876
 20
100.6721418775542
 10
274.2899253880424
 20
100.641563328941
 10
274.3090343846954
 20
100.6104034143975
 10
274.3284593506136
 20
100.5786402500337
 10
274.3482086116076
 20
100.5462527073407
 10
274.3682901278052
 20
100.5132204691953
 10
274.388711469525
 20
100.479524085869
 10
274.40947979315
 20
100.4451450310299
 10
274.4306018170824
 20
100.4100657575563
 10
274.4520838019131
 20
100.3742697434562
 10
274.4739315464244
 20
100.3377415005777
 10
274.4961503927086
 20
100.3004665619205
 10
274.5187452318992
 20
100.2624314674925
 10
274.5417205099079
 20
100.2236237501644
 10
274.5650802331574
 20
100.184031921531
 10
274.5888279743171
 20
100.1436454577633
 10
274.6129668780361
 20
100.1024547854682
 10
274.637499666677
 20
100.0604512675442
 10
274.6624286460545
 20
100.0176271890362
 10
274.687755711163
 20
99.97397574299778
 10
274.7134823519178
 20
99.92949101634041
 10
274.7396096588846
 20
99.88416797569684
 10
274.7661383290159
 20
99.83800245327349
 10
274.7930686713861
 20
99.7909911327088
 10
274.8204006129241
 20
99.743131534932
 10
274.8481337041533
 20
99.6944220040047
 10
274.8762671251896
 20
99.64486169234898
 10
274.9047996928727
 20
99.59445054326629
 10
274.9337298686315
 20
99.54318927170682
 10
274.9630557664044
 20
99.49107934489878
 10
274.9927751605651
 20
99.43812296296894
 10
275.0228854938457
 20
99.38432303957295
 10
275.0533838852598
 20
99.3296831825212
 10
275.0842671380286
 20
99.27420767440336
 10
275.1155317474991
 20
99.21790145321544
 10
275.1471739090751
 20
99.16077009298504
 10
275.179189526135
 20
99.10281978439972
 10
275.2115742179561
 20
99.04405731543079
 10
275.2443233276419
 20
98.98449005196122
 10
275.2774319300424
 20
98.92412591841075
 10
275.3108948396778
 20
98.8629733783617
 10
275.3447066186642
 20
98.80104141518609
 10
275.3788615846338
 20
98.73833951267656
 10
275.4133538185167
 20
98.67487763598413
 10
275.4481771716264
 20
98.61066621411646
 10
275.4833252722336
 20
98.5457161235649
 10
275.5187915320898
 20
98.48003867204639
 10
275.5545691529502
 20
98.41364558224604
 10
275.5906511331005
 20
98.3465489755539
 10
275.6270302738774
 20
98.27876135581071
 10
275.6636991861967
 20
98.21029559304538
 10
275.7006502970735
 20
98.14116490721612
 10
275.7378758561509
 20
98.0713828519519
 10
275.7753679422189
 20
98.00096329829488
 10
275.8131184697413
 20
97.92992041843721
 10
275.8511191953816
 20
97.85826866946424
 10
275.8893617245229
 20
97.78602277709708
 10
275.9278375177956
 20
97.71319771942874
 10
275.9665378975979
 20
97.63980871066985
 10
276.005454054625
 20
97.56587118488615
 10
276.0445770543807
 20
97.49140077975896
 10
276.0838978436652
 20
97.41641332044775
 10
276.1234072570185
 20
97.34092480353741
 10
276.1630960231755
 20
97.26495138099828
 10
276.2029547715071
 20
97.18850934414252
 10
276.2429740384734
 20
97.11161510758277
 10
276.2831442740654
 20
97.03428519318975
 10
276.3234558482582
 20
96.95653621405236
 10
276.3638990574533
 20
96.87838485843197
 10
276.4044641309315
 20
96.79984787372569
 10
276.4451412372941
 20
96.72094205041886
 10
276.4859204909159
 20
96.64168420604823
 10
276.5267919583916
 20
96.56209116915574
 10
276.5677456649798
 20
96.48217976324975
 10
276.6087716010553
 20
96.40196679076147
 10
276.6498597285521
 20
96.32146901700366
 10
276.6909999874164
 20
96.24070315412808
 10
276.7733965880779
 20
96.07843364649355
 10
276.8558807327976
 20
95.91529027555006
 10
276.9383718273804
 20
95.75140312088766
 10
277.0207895720078
 20
95.5868997806327
 10
277.103054179589
 20
95.42190481801261
 10
277.1850865941136
 20
95.25653920792516
 10
277.2668087090054
 20
95.09091978350696
 10
277.34814358547
 20
94.92515868269832
 10
277.4290156707691
 20
94.75936279505551
 10
277.509351010875
 20
94.59363322505323
 10
277.5890774389853
 20
94.42806482636406
 10
277.6681247483065
 20
94.26274578236546
 10
277.7464248635736
 20
94.0977571903743
 10
277.8239120125634
 20
93.93317264588253
 10
277.9005228976147
 20
93.76905782679584
 10
277.9384806794912
 20
93.68719482134329
 10
277.9761968671421
 20
93.60547007767035
 10
278.0136643207094
 20
93.52388939354902
 10
278.0508760871519
 20
93.4424579939502
 10
278.087825405207
 20
93.36118051920371
 10
278.1245057067731
 20
93.28006102347357
 10
278.1609106140014
 20
93.19910298561437
 10
278.1970339356329
 20
93.11830932219635
 10
278.2328696633263
 20
93.03768240055701
 10
278.2684119679942
 20
92.95722405184422
 10
278.3036551961274
 20
92.87693558406459
 10
278.3385938661307
 20
92.7968177951279
 10
278.3732226646519
 20
92.71687098589532
 10
278.4075364429116
 20
92.63709497322603
 10
278.4415302130359
 20
92.55748910302136
 10
278.4751991443856
 20
92.47805226327406
 10
278.5085385598884
 20
92.39878289711247
 10
278.5415439323679
 20
92.31967901584841
 10
278.5742108808768
 20
92.2407382120228
 10
278.6065351670243
 20
92.16195767245272
 10
278.6385126913103
 20
92.08333419127713
 10
278.6701394895082
 20
92.00486418286727
 10
278.7014117296042
 20
91.92654369330659
 10
278.7323257094943
 20
91.84836840992899
 10
278.7628778548312
 20
91.77033367046368
 10
278.7930647168761
 20
91.69243447217555
 10
278.8228829703496
 20
91.61466548100936
 10
278.8523294112799
 20
91.53702104072687
 10
278.8814009548536
 20
91.45949518205112
 10
278.9100946332657
 20
91.38208163180481
 10
278.9384075935731
 20
91.30477382205517
 10
278.9663370955386
 20
91.2275648992505
 10
278.993880509488
 20
91.1504477333643
 10
279.0210353141536
 20
91.07341492703636
 10
279.0477990945305
 20
90.99645882471113
 10
279.0741695397232
 20
90.91957152178265
 10
279.1001444407971
 20
90.8427448737329
 10
279.1257216886272
 20
90.76597050527416
 10
279.1508992717469
 20
90.68923981951563
 10
279.1756752741483
 20
90.61254400747406
 10
279.2000478730118
 20
90.53587405809647
 10
279.2240153364215
 20
90.45922076841113
 10
279.2475760210804
 20
90.38257475367489
 10
279.2707283700231
 20
90.30592645752337
 10
279.2934709103303
 20
90.22926616211959
 10
279.315802250846
 20
90.15258399830623
 10
279.337721079888
 20
90.07586995575087
 10
279.3592261629631
 20
89.99911389309838
 10
279.3803163404836
 20
89.92230554811998
 10
279.4009905254805
 20
89.84543454786104
 10
279.4212477013164
 20
89.76849041879349
 10
279.4410869194024
 20
89.69146259696229
 10
279.4605072969087
 20
89.61434043813522
 10
279.4795080144831
 20
89.53711322795518
 10
279.4980883139642
 20
89.45977019208608
 10
279.5162474961033
 20
89.38230050635302
 10
279.5339849184372
 20
89.30469330670982
 10
279.5512999934094
 20
89.22693769891376
 10
279.5681921865638
 20
89.14902276812364
 10
279.5846610147348
 20
89.07093758849057
 10
279.6007060442404
 20
88.99267123275583
 10
279.6163268890724
 20
88.91421278184555
 10
279.6315232090931
 20
88.83555133446352
 10
279.6462947082237
 20
88.75667601668776
 10
279.6606411326365
 20
88.67757599156327
 10
279.6745622689504
 20
88.59824046869871
 10
279.6880579424199
 20
88.51865871386031
 10
279.7011280151284
 20
88.43882005856736
 10
279.7137723841801
 20
88.35871390968353
 10
279.7259909798949
 20
88.27832975901744
 10
279.7377837639956
 20
88.19765719291217
 10
279.7491507278054
 20
88.11668590184121
 10
279.7600918904375
 20
88.03540569001537
 10
279.7706072970381
 20
87.95380648513722
 10
279.7806970171083
 20
87.87187834847451
 10
279.7903611428537
 20
87.78961148501823
 10
279.7995997875369
 20
87.70699625364779
 10
279.8084130838272
 20
87.6240231772968
 10
279.8168011821528
 20
87.54068295311315
 10
279.8247642490503
 20
87.45696646262725
 10
279.8323024655165
 20
87.37286478191347
 10
279.8394160253581
 20
87.28836919175517
 10
279.8461051335451
 20
87.20347118780933
 10
279.8523700045593
 20
87.11816249076779
 10
279.858210860746
 20
87.03243505652558
 10
279.8636279306656
 20
86.94628108634169
 10
279.8686214474423
 20
86.85969303700348
 10
279.8731916471185
 20
86.77266363099251
 10
279.8773387670037
 20
86.68518586664713
 10
279.8810630440266
 20
86.59725302833088
 10
279.8843647131535
 20
86.50885869670792
 10
279.8872440059404
 20
86.41999675925099
 10
279.8897011491328
 20
86.33066142082865
 10
279.8917363632681
 20
86.24084721429857
 10
279.8933498612772
 20
86.15054901109937
 10
279.8945418470891
 20
86.0597620318399
 10
279.8953125142296
 20
85.96848185689569
 10
279.8956620444244
 20
85.87670443699433
 10
279.895590606204
 20
85.78442610381324
 10
279.8950983535011
 20
85.69164358056696
 10
279.8941854242567
 20
85.598353992601
 10
279.892851939019
 20
85.50455487798243
 10
279.8910979995486
 20
85.41024419809252
 10
279.8889236874184
 20
85.3154203482177
 10
279.8863290626158
 20
85.22008216814114
 10
279.8833141621466
 20
85.12422895273568
  0
SPLINE
  5
84
330
70
100
AcDbEntity
  8
0
 62
    18
420
        0
370
    25
100
AcDbSpline
210
0.0
220
0.0
230
1.0
 70
     8
 71
     3
 72
     8
 73
     4
 74
     0
 42
0.0000000001
 43
0.0000000001
 40
0.0
 40
0.0
 40
0.0
 40
0.0
 40
1.0
 40
1.0
 40
1.0
 40
1.0
 10
277.4454186294918
 20
82.27864866961827
 30
0.0
 10
278.8233364681171
 20
82.54064732984213
 30
0.0
 10
279.8358047288937
 20
83.72242878091642
 30
0.0
 10
279.8833141621466
 20
85.12422895273568
 30
0.0
  0
LWPOLYLINE
  5
85
330
70
100
AcDbEntity
  8
0
 62
    18
420
        0
370
    25
100
AcDbPolyline
 90
       78
 70
     0
 43
0.0
 10
283.1114220688307
 20
121.7432795132743
 10
283.1174956067825
 20
121.7210628784139
 10
283.1234167971116
 20
121.6990314228588
 10
283.1291854506223
 20
121.6771853765803
 10
283.1348012512007
 20
121.6555251238151
 10
283.1402637572432
 20
121.634051201334
 10
283.1455724030897
 20
121.6127642967003
 10
283.1507265004487
 20
121.5916652465362
 10
283.1557252398271
 20
121.5707550347838
 10
283.1605676920403
 20
121.5500347908732
 10
283.1652528106097
 20
121.5295057868021
 10
283.1697794354592
 20
121.5091694326503
 10
283.1741462968833
 20
121.489027271752
 10
283.1783520195232
 20
121.4690809758602
 10
283.1823951263451
 20
121.44933234032
 10
283.1862740426116
 20
121.429783279231
 10
283.1899870998623
 20
121.4104358206143
 10
283.1935325403579
 20
121.3912921010134
 10
283.1969085241468
 20
121.3723543568956
 10
283.2001131383373
 20
121.3536249133939
 10
283.2031444065994
 20
121.3351061727441
 10
283.2060002986822
 20
121.3168006027292
 10
283.2086787399187
 20
121.2987107251157
 10
283.2111776207382
 20
121.2808391040974
 10
283.2134948061841
 20
121.2631883347253
 10
283.2156281457145
 20
121.2457610309944
 10
283.2175754838679
 20
121.2285598128784
 10
283.2193346713481
 20
121.211587292858
 10
283.2209035761252
 20
121.1948460624257
 10
283.2222800945418
 20
121.1783386785887
 10
283.2234621624143
 20
121.1620676503708
 10
283.2244477661393
 20
121.1460354253189
 10
283.2252349540867
 20
121.130244375649
 10
283.2258218523105
 20
121.1146967791511
 10
283.2262066877571
 20
121.0993947909808
 10
283.2263878134649
 20
121.0843404130294
 10
283.2263637338022
 20
121.0695354632437
 10
283.2261331297115
 20
121.0549815449448
 10
283.2256948839443
 20
121.0406800161544
 10
283.2250481062953
 20
121.0266319589209
 10
283.2241921565811
 20
121.0128381513905
 10
283.2231266516732
 20
120.9992990592588
 10
283.2218514565679
 20
120.9860148466218
 10
283.2203666732184
 20
120.9729853895571
 10
283.218672629348
 20
120.9602102897134
 10
283.2167698672706
 20
120.9476888879059
 10
283.2146591327055
 20
120.9354202777091
 10
283.2123413635714
 20
120.923403319078
 10
283.2098176774072
 20
120.9116366536389
 10
283.2070893536515
 20
120.9001187262272
 10
283.2041578129627
 20
120.8888478100256
 10
283.2010245963384
 20
120.8778220319423
 10
283.1976913442363
 20
120.867039397995
 10
283.1941597756909
 20
120.8564978186884
 10
283.1904316674328
 20
120.8461951343959
 10
283.186508833157
 20
120.8361291405626
 10
283.1823931056206
 20
120.8262976094626
 10
283.1780863246892
 20
120.8166983047307
 10
283.1735903273122
 20
120.8073289935461
 10
283.1689069375486
 20
120.7981874587546
 10
283.1640379565988
 20
120.7892715109881
 10
283.1589851528314
 20
120.7805790007866
 10
283.1537502518098
 20
120.7721078307181
 10
283.1483349264241
 20
120.7638559673765
 10
283.1427407879094
 20
120.7558214522982
 10
283.1369693779361
 20
120.7480024115737
 10
283.131022160894
 20
120.7403970652307
 10
283.1249005161698
 20
120.7330037366167
 10
283.1186057304312
 20
120.7258208617823
 10
283.1121389899061
 20
120.7188469988591
 10
283.1055013726741
 20
120.712080837438
 10
283.0986938415185
 20
120.70552120725
 10
283.0917172394009
 20
120.6991670836717
 10
283.0845722867414
 20
120.6930175910279
 10
283.0772595788609
 20
120.6870720057032
 10
283.0697795834232
 20
120.6813297592507
 10
283.0621326378747
 20
120.675790441502
 10
283.054318946888
 20
120.6704538036763
  0
LWPOLYLINE
  5
86
330
70
100
AcDbEntity
  8
0
 62
    18
420
        0
370
    25
100
AcDbPolyline
 90
       97
 70
     0
 43
0.0
 10
283.054318946888
 20
120.6704538036763
 10
283.0532561351249
 20
120.6664342092284
 10
283.0514009135032
 20
120.6621078288954
 10
283.0487460903354
 20
120.6574726564104
 10
283.0452852639794
 20
120.6525269716036
 10
283.0410128045758
 20
120.6472693337373
 10
283.0359238357851
 20
120.6416985748328
 10
283.0300142165289
 20
120.6358137930031
 10
283.0232805227255
 20
120.6296143457818
 10
283.015720029031
 20
120.6230998434561
 10
283.0073306905775
 20
120.6162701423931
 10
282.9981111247093
 20
120.6091253383755
 10
282.9880605927246
 20
120.6016657599288
 10
282.977178981612
 20
120.5938919616516
 10
282.9654667857897
 20
120.5858047175478
 10
282.9529250888435
 20
120.577405014358
 10
282.9395555452673
 20
120.5686940448867
 10
282.9253603621985
 20
120.5596732013343
 10
282.9103422811601
 20
120.5503440686303
 10
282.8945045597951
 20
120.5407084177593
 10
282.8778509536099
 20
120.5307681990957
 10
282.8603856977084
 20
120.5205255357295
 10
282.8421134885608
 20
120.5099827168138
 10
282.8230394671703
 20
120.499142191405
 10
282.8031692074658
 20
120.488006564207
 10
282.7825087076711
 20
120.4765785923914
 10
282.7610643818821
 20
120.4648611824852
 10
282.7388430516342
 20
120.4528573872639
 10
282.715851937477
 20
120.4405704026446
 10
282.6920986505476
 20
120.4280035645756
 10
282.6675911841414
 20
120.4151603459288
 10
282.642337905284
 20
120.4020443533898
 10
282.616347546306
 20
120.3886593243529
 10
282.5896291964133
 20
120.3750091238075
 10
282.56219229326
 20
120.3610977412343
 10
282.5340466145215
 20
120.3469292874953
 10
282.505202269464
 20
120.3325079917235
 10
282.4756696905226
 20
120.3178381982169
 10
282.4454596248669
 20
120.3029243633288
 10
282.4145831259794
 20
120.2877710523597
 10
282.3830515452224
 20
120.2723829364481
 10
282.3508765234154
 20
120.2567647894639
 10
282.3180699824042
 20
120.2409214848982
 10
282.2846441166337
 20
120.2248579927538
 10
282.2506113846273
 20
120.2085793764051
 10
282.2159844997104
 20
120.1920907891765
 10
282.1807764198951
 20
120.1753974706133
 10
282.1450003376346
 20
120.1585047427074
 10
282.1086696695762
 20
120.1414180061186
 10
282.0717980463091
 20
120.1241427363949
 10
282.0343993021197
 20
120.106684480201
 10
281.9964874647419
 20
120.0890488515355
 10
281.9580767451088
 20
120.0712415279564
 10
281.919181527105
 20
120.0532682468035
 10
281.8798163573188
 20
120.0351348014219
 10
281.8399959347921
 20
120.0168470373817
 10
281.7997351007756
 20
119.9984108487041
 10
281.7590488284756
 20
119.9798321740827
 10
281.717952212811
 20
119.961116993107
 10
281.6345888781214
 20
119.9233012122611
 10
281.5497679008246
 20
119.8850120172481
 10
281.4636133765143
 20
119.8462983317315
 10
281.3762503649347
 20
119.807209371296
 10
281.2878045767042
 20
119.7677945276623
 10
281.1984020930197
 20
119.7281032643341
 10
281.1081690973518
 20
119.688185016404
 10
281.017231607546
 20
119.6480890905021
 10
280.9257152079239
 20
119.6078645647413
 10
280.7414442415025
 20
119.5272242831846
 10
280.5563420220149
 20
119.446648424267
 10
280.3713702902322
 20
119.3665111803296
 10
280.2792251898623
 20
119.326720428633
 10
280.1874580233971
 20
119.287173437907
 10
280.0961782836853
 20
119.2479126724037
 10
280.0054922440306
 20
119.208979323649
 10
279.9155026584509
 20
119.1704131973925
 10
279.8263084619273
 20
119.1322526005585
 10
279.7380044706652
 20
119.0945342281958
 10
279.6506810823455
 20
119.0572930504294
 10
279.5644239763817
 20
119.0205621994123
 10
279.4793138141433
 20
118.9843728562627
 10
279.3954259367439
 20
118.9487541369227
 10
279.3128300510767
 20
118.9137329728297
 10
279.2315899074343
 20
118.8793339878662
 10
279.1517629763383
 20
118.8455793749653
 10
279.1123956283811
 20
118.8289499482495
 10
279.07340012538
 20
118.8124887727123
 10
279.0347817410564
 20
118.7961978838162
 10
278.9965452960524
 20
118.7800791419524
 10
278.9586951478336
 20
118.7641342285842
 10
278.9212351805872
 20
118.7483646423939
 10
278.8841687951258
 20
118.7327716954218
 10
278.847498898788
 20
118.7173565092149
 10
278.8112278953378
 20
118.7021200109665
 10
278.7753576748682
 20
118.6870629296647
 10
278.7398896037002
 20
118.6721857922324
 10
278.7048245142857
 20
118.6574889196731
  0
SPLINE
  5
87
330
70
100
AcDbEntity
  8
0
 62
    18
420
        0
370
    25
100
AcDbSpline
210
0.0
220
0.0
230
1.0
 70
     8
 71
     3
 72
     8
 73
     4
 74
     0
 42
0.0000000001
 43
0.0000000001
 40
0.0
 40
0.0
 40
0.0
 40
0.0
 40
1.0
 40
1.0
 40
1.0
 40
1.0
 10
277.4432650048332
 20
119.0959364619942
 30
0.0
 10
277.6902536327567
 20
118.6492318211525
 30
0.0
 10
278.2340349698652
 20
118.4602438352278
 30
0.0
 10
278.7048245142851
 20
118.6574889196731
 30
0.0
  0
LINE
  5
88
330
70
100
AcDbEntity
  8
0
 62
    18
420
        0
370
    25
100
AcDbLine
 10
277.4432650048332
 20
119.0959364619942
 30
0.0
 11
274.9630695890894
 21
123.5816280167936
 31
0.0
  0
SPLINE
  5
89
330
70
100
AcDbEntity
  8
0
 62
    18
420
        0
370
    25
100
AcDbSpline
210
0.0
220
0.0
230
1.0
 70
     8
 71
     3
 72
     8
 73
     4
 74
     0
 42
0.0000000001
 43
0.0000000001
 40
0.0
 40
0.0
 40
0.0
 40
0.0
 40
1.0
 40
1.0
 40
1.0
 40
1.0
 10
274.9630695890894
 20
123.5816280167936
 30
0.0
 10
274.6958330811054
 20
124.0649530561783
 30
0.0
 10
274.0873827281844
 20
124.2401274221635
 30
0.0
 10
273.6040576887998
 20
123.9728909141802
 30
0.0
  0
LINE
  5
8A
330
70
100
AcDbEntity
  8
0
 62
    18
420
        0
370
    25
100
AcDbLine
 10
273.6040576887998
 20
123.9728909141802
 30
0.0
 11
273.5958981091827
 21
123.9683793797351
 31
0.0
  0
LINE
  5
8B
330
70
100
AcDbEntity
  8
0
 62
    18
420
        0
370
    25
100
AcDbLine
 10
273.5958981091827
 20
123.9683793797351
 30
0.0
 11
273.5877385295662
 21
123.9728909141802
 31
0.0
  0
SPLINE
  5
8C
330
70
100
AcDbEntity
  8
0
 62
    18
420
        0
370
    25
100
AcDbSpline
210
0.0
220
0.0
230
1.0
 70
     8
 71
     3
 72
     8
 73
     4
 74
     0
 42
0.0000000001
 43
0.0000000001
 40
0.0
 40
0.0
 40
0.0
 40
0.0
 40
1.0
 40
1.0
 40
1.0
 40
1.0
 10
273.5877385295662
 20
123.9728909141796
 30
0.0
 10
273.1044134901816
 20
124.2401274221635
 30
0.0
 10
272.4959631372605
 20
124.0649530561783
 30
0.0
 10
272.2287266292767
 20
123.5816280167936
 30
0.0
  0
LINE
  5
8D
330
70
100
AcDbEntity
  8
0
 62
    18
420
        0
370
    25
100
AcDbLine
 10
272.2287266292767
 20
123.5816280167936
 30
0.0
 11
269.7485312135321
 21
119.0959364619948
 31
0.0
  0
SPLINE
  5
8E
330
70
100
AcDbEntity
  8
0
 62
    18
420
        0
370
    25
100
AcDbSpline
210
0.0
220
0.0
230
1.0
 70
     8
 71
     3
 72
     8
 73
     4
 74
     0
 42
0.0000000001
 43
0.0000000001
 40
0.0
 40
0.0
 40
0.0
 40
0.0
 40
1.0
 40
1.0
 40
1.0
 40
1.0
 10
268.4869717040803
 20
118.6574889196731
 30
0.0
 10
268.9577612485008
 20
118.4602438352278
 30
0.0
 10
269.5015425856086
 20
118.6492318211525
 30
0.0
 10
269.7485312135321
 20
119.0959364619948
 30
0.0
  0
LWPOLYLINE
  5
8F
330
70
100
AcDbEntity
  8
0
 62
    18
420
        0
370
    25
100
AcDbPolyline
 90
       96
 70
     0
 43
0.0
 10
268.4869717040803
 20
118.6574889196738
 10
268.4522955798577
 20
118.6720227028513
 10
268.4172253075882
 20
118.6867327989085
 10
268.3817616838817
 20
118.7016189006633
 10
268.3459060162634
 20
118.7166805038687
 10
268.3096601136199
 20
118.731916910861
 10
268.2730262766445
 20
118.7473272342066
 10
268.2360072882852
 20
118.7629104003518
 10
268.1986064041892
 20
118.7786651532691
 10
268.1608273431487
 20
118.794590058107
 10
268.1226742775475
 20
118.8106835048357
 10
268.0452650328259
 20
118.8433687298567
 10
267.9664207578603
 20
118.8767045831925
 10
267.8861901864827
 20
118.9106722503506
 10
267.804628392792
 20
118.9452504642268
 10
267.7217964854195
 20
118.9804156218419
 10
267.6377613018018
 20
119.0161419010783
 10
267.5525951029079
 20
119.0524013772196
 10
267.4663752747326
 20
119.0891641364949
 10
267.3791840415375
 20
119.1263983844346
 10
267.2911081822191
 20
119.1640705528508
 10
267.2022387467322
 20
119.2021454067851
 10
267.1126707725135
 20
119.2405861514586
 10
267.0225030009109
 20
119.2793545392252
 10
266.9318375936058
 20
119.31841097652
 10
266.8407798490376
 20
119.3577146308108
 10
266.6579225242283
 20
119.4368947071127
 10
266.4748253933782
 20
119.5165473844656
 10
266.2924151971231
 20
119.5963121641008
 10
266.2017641244524
 20
119.6361211110755
 10
266.1116428010502
 20
119.675818517651
 10
266.0221725236333
 20
119.7153569977672
 10
265.9334750827765
 20
119.7546889172028
 10
265.845672509466
 20
119.793766488233
 10
265.7588868216531
 20
119.832541864285
 10
265.6732397707709
 20
119.8709672346048
 10
265.5888525834871
 20
119.9089949205802
 10
265.5058456764207
 20
119.9465774814322
 10
265.4648971609994
 20
119.9651871076303
 10
265.4243383483991
 20
119.9836678276994
 10
265.3841839254175
 20
120.0020138291108
 10
265.3444484702113
 20
120.0202193355864
 10
265.3051464425973
 20
120.0382786106722
 10
265.2662921743578
 20
120.0561859613139
 10
265.2278998595489
 20
120.0739357414276
 10
265.1899835447983
 20
120.0915223554739
 10
265.1525571196168
 20
120.1089402620338
 10
265.1156343066987
 20
120.126183977379
 10
265.0792286522278
 20
120.1432480790468
 10
265.0433535161813
 20
120.1601272094136
 10
265.0080220626368
 20
120.1768160792685
 10
264.9732472500732
 20
120.1933094713861
 10
264.9390418216785
 20
120.2096022441015
 10
264.9054182956541
 20
120.2256893348814
 10
264.8723889555171
 20
120.2415657638989
 10
264.8399658405562
 20
120.2572266375544
 10
264.808160737102
 20
120.2726671516899
 10
264.7769851704768
 20
120.2878825945595
 10
264.746450397025
 20
120.3028683497732
 10
264.7165673961364
 20
120.3176198992309
 10
264.6873468622759
 20
120.3321328260712
 10
264.6587991970091
 20
120.3464028176048
 10
264.6309345010311
 20
120.3604256682596
 10
264.6037625661904
 20
120.3741972825222
 10
264.5772928675193
 20
120.3877136778744
 10
264.5515345552579
 20
120.4009709877386
 10
264.5264964468842
 20
120.4139654644148
 10
264.5021870191373
 20
120.4266934820249
 10
264.4786144000501
 20
120.4391515394498
 10
264.4557863609685
 20
120.4513362632734
 10
264.433710308586
 20
120.463244410722
 10
264.4123932769665
 20
120.4748728726048
 10
264.3918419195712
 20
120.4862186762547
 10
264.3720625012885
 20
120.4972789884698
 10
264.3530608904581
 20
120.5080511184545
 10
264.3348425508988
 20
120.5185325207589
 10
264.3174125338571
 20
120.5287207982474
 10
264.3007754679222
 20
120.5386137058102
 10
264.2849355438232
 20
120.5482091559183
 10
264.2698964972336
 20
120.5575052249111
 10
264.2556615914952
 20
120.566500159311
 10
264.2422336003438
 20
120.5751923821334
 10
264.2296147906358
 20
120.5835804991999
 10
264.2178069050743
 20
120.5916633054524
 10
264.2068111449309
 20
120.5994397912646
 10
264.1966281527786
 20
120.6069091487549
 10
264.1872579952103
 20
120.6140707781002
 10
264.1787001455682
 20
120.6209242938459
 10
264.1709534666698
 20
120.6274695312218
 10
264.1640161935324
 20
120.6337065524533
 10
264.1578859160991
 20
120.6396356530738
 10
264.1525595619638
 20
120.6452573682383
 10
264.1480333790986
 20
120.6505724790352
 10
264.1443029185778
 20
120.6555820188
 10
264.1413630173051
 20
120.6602872794271
 10
264.1392077807383
 20
120.6646898176834
  0
LINE
  5
90
330
70
100
AcDbEntity
  8
0
 62
    18
420
        0
370
    25
100
AcDbLine
 10
264.1392330477438
 20
120.6646528127273
 30
0.0
 11
263.968967342687
 21
120.9140165502105
 31
0.0
  0
LINE
  5
91
330
70
100
AcDbEntity
  8
0
 62
    18
420
        0
370
    25
100
AcDbLine
 10
263.968967342687
 20
120.9140165502105
 30
0.0
 11
264.0939837639551
 21
121.8096316741694
 31
0.0
  0
LINE
  5
92
330
70
100
AcDbEntity
  8
0
 62
    18
420
        0
370
    25
100
AcDbLine
 10
264.0939837639551
 20
121.8096316741694
 30
0.0
 11
264.8206755957097
 21
124.8290746986954
 31
0.0
  0
SPLINE
  5
93
330
70
100
AcDbEntity
  8
0
 62
    18
420
        0
370
    25
100
AcDbSpline
210
0.0
220
0.0
230
1.0
 70
     8
 71
     3
 72
     8
 73
     4
 74
     0
 42
0.0000000001
 43
0.0000000001
 40
0.0
 40
0.0
 40
0.0
 40
0.0
 40
1.0
 40
1.0
 40
1.0
 40
1.0
 10
264.8206755957097
 20
124.8290746986954
 30
0.0
 10
264.9499044742062
 20
125.3660275288935
 30
0.0
 10
264.6193789054808
 20
125.9060745073001
 30
0.0
 10
264.0824260752828
 20
126.0353033857965
 30
0.0
  0
LINE
  5
94
330
70
100
AcDbEntity
  8
0
 62
    18
420
        0
370
    25
100
AcDbLine
 10
264.0824260752802
 20
126.0353033857972
 30
0.0
 11
260.1274641876573
 21
126.9871473104144
 31
0.0
  0
SPLINE
  5
95
330
70
100
AcDbEntity
  8
0
 62
    18
420
        0
370
    25
100
AcDbSpline
210
0.0
220
0.0
230
1.0
 70
     8
 71
     3
 72
     8
 73
     4
 74
     0
 42
0.0000000001
 43
0.0000000001
 40
0.0
 40
0.0
 40
0.0
 40
0.0
 40
1.0
 40
1.0
 40
1.0
 40
1.0
 10
260.1274641876573
 20
126.9871473104144
 30
0.0
 10
259.5905113574599
 20
127.1163761889102
 30
0.0
 10
259.0504643790545
 20
126.7858506201855
 30
0.0
 10
258.9212355005581
 20
126.2488977899887
 30
0.0
  0
LINE
  5
96
330
70
100
AcDbEntity
  8
0
 62
    18
420
        0
370
    25
100
AcDbLine
 10
258.9212355005581
 20
126.2488977899881
 30
0.0
 11
258.1732236682023
 21
123.1408690344694
 31
0.0
  0
SPLINE
  5
97
330
70
100
AcDbEntity
  8
0
 62
    18
420
        0
370
    25
100
AcDbSpline
210
0.0
220
0.0
230
1.0
 70
     8
 71
     3
 72
    11
 73
     7
 74
     0
 42
0.0000000001
 43
0.0000000001
 40
0.0
 40
0.0
 40
0.0
 40
0.0
 40
1.0
 40
1.0
 40
1.0
 40
2.0
 40
2.0
 40
2.0
 40
2.0
 10
256.9633660829227
 20
122.4035000551379
 30
0.0
 10
257.4998326037035
 20
122.2722669915263
 30
0.0
 10
258.0411100634851
 20
122.6007736155268
 30
0.0
 10
258.172343127096
 20
123.1372401363082
 30
0.0
 10
258.17263889905
 20
123.1384492199548
 30
0.0
 10
258.1729324132636
 20
123.1396588547836
 30
0.0
 10
258.1732236682023
 20
123.1408690344694
 30
0.0
  0
LWPOLYLINE
  5
98
330
70
100
AcDbEntity
  8
0
 62
    18
420
        0
370
    25
100
AcDbPolyline
 90
       48
 70
     0
 43
0.0
 10
256.9633660829227
 20
122.4035000551379
 10
256.8837267082976
 20
122.4240240799273
 10
256.8055577204952
 20
122.4462667200833
 10
256.7288443071701
 20
122.4702114540792
 10
256.6535628669966
 20
122.4958319948159
 10
256.579681657474
 20
122.5230930358754
 10
256.5071614427351
 20
122.5519509977846
 10
256.435956141349
 20
122.5823547742728
 10
256.3660134741298
 20
122.614246478532
 10
256.2972756119435
 20
122.6475621894766
 10
256.2296798232929
 20
122.6822326977481
 10
256.1631590937687
 20
122.7181842190867
 10
256.0976425852238
 20
122.755338921812
 10
256.0330559615093
 20
122.7936152995425
 10
255.9693216992809
 20
122.8329285265963
 10
255.9063593987753
 20
122.8731908133579
 10
255.8440860945871
 20
122.9143117616455
 10
255.782416566442
 20
122.9561987200791
 10
255.7212636499768
 20
122.998757139445
 10
255.6605385475137
 20
123.0418909280657
 10
255.6001511364121
 20
123.085502804082
 10
255.5400102417257
 20
123.1294946023422
 10
255.4800238468059
 20
123.1737675023775
 10
255.4200992874005
 20
123.2182222353852
 10
255.3601434454314
 20
123.2627592908089
 10
255.3000629427736
 20
123.307279122911
 10
255.2397643350359
 20
123.3516823573556
 10
255.1791543053339
 20
123.3958699977837
 10
255.1181398580749
 20
123.4397436323905
 10
255.0566285131412
 20
123.4832056408737
 10
254.99452852116
 20
123.5261594204585
 10
254.9317491580307
 20
123.5685096836593
 10
254.8682010650515
 20
123.6101627972988
 10
254.8037965921301
 20
123.6510271243326
 10
254.7384501410113
 20
123.6910133656726
 10
254.6720785084852
 20
123.7300349020123
 10
254.604601229616
 20
123.7680081356481
 10
254.5359409209527
 20
123.8048528323058
 10
254.4660236237843
 20
123.8404924629966
 10
254.3947791642096
 20
123.8748545624017
 10
254.3221416635133
 20
123.9078712349819
 10
254.2480502290757
 20
123.9394798385138
 10
254.1724496769798
 20
123.9696236987814
 10
254.0952912548634
 20
123.9982528245033
 10
254.0165333647713
 20
124.0253246222692
 10
253.9361422860086
 20
124.0508046114663
 10
253.8540928979945
 20
124.074667139213
 10
253.7703694031114
 20
124.0968960952897
  0
SPLINE
  5
99
330
70
100
AcDbEntity
  8
0
 62
    18
420
        0
370
    25
100
AcDbSpline
210
0.0
220
0.0
230
1.0
 70
     8
 71
     3
 72
    11
 73
     7
 74
     0
 42
0.0000000001
 43
0.0000000001
 40
0.0
 40
0.0
 40
0.0
 40
0.0
 40
1.0
 40
1.0
 40
1.0
 40
2.0
 40
2.0
 40
2.0
 40
2.0
 10
253.1648824745778
 20
125.591604208492
 30
0.0
 10
252.874770237263
 20
125.1216538550973
 30
0.0
 10
253.0205578353362
 20
124.5055013847491
 30
0.0
 10
253.4905081887309
 20
124.2153891474337
 30
0.0
 10
253.5772134589626
 20
124.1618637915057
 30
0.0
 10
253.6715901806555
 20
124.1219047502736
 30
0.0
 10
253.7703694031114
 20
124.0968960952897
 30
0.0
  0
LWPOLYLINE
  5
9A
330
70
100
AcDbEntity
  8
0
 62
    18
420
        0
370
    25
100
AcDbPolyline
 90
     1107
 70
     0
 43
0.0
 10
253.1648824745778
 20
125.591604208492
 10
253.1756872563144
 20
125.6089118005252
 10
253.1866539130603
 20
125.6260886364616
 10
253.1977834416783
 20
125.6431344304166
 10
253.2090757558509
 20
125.6600490609507
 10
253.2205297171347
 20
125.6768325655768
 10
253.2321431660064
 20
125.6934851352641
 10
253.2439129529141
 20
125.7100071089437
 10
253.2558349693271
 20
125.7263989680158
 10
253.2679041787864
 20
125.7426613308518
 10
253.2801146479508
 20
125.7587949473032
 10
253.29245957765
 20
125.7748006932052
 10
253.3049313339339
 20
125.7906795648828
 10
253.3175214791203
 20
125.8064326736554
 10
253.3302208028466
 20
125.8220612403432
 10
253.3430193531178
 20
125.8375665897726
 10
253.3559064673581
 20
125.8529501452812
 10
253.3688708034579
 20
125.8682134232232
 10
253.3819003708256
 20
125.8833580274747
 10
253.3949825614365
 20
125.8983856439407
 10
253.408104180883
 20
125.9132980350579
 10
253.4212514794232
 20
125.9280970343029
 10
253.4344101830306
 20
125.9427845406962
 10
253.4475655244451
 20
125.957362513307
 10
253.4607022742219
 20
125.9718329657599
 10
253.4738047717794
 20
125.9861979607401
 10
253.4868569564528
 20
126.0004596044989
 10
253.4998423985391
 20
126.0146200413583
 10
253.5127443303507
 20
126.0286814482175
 10
253.5255456772631
 20
126.0426460290585
 10
253.5382290887636
 20
126.0565160094491
 10
253.5507769695035
 20
126.070293631053
 10
253.563171510346
 20
126.08398114613
 10
253.5753947194168
 20
126.0975808120457
 10
253.5874284531518
 20
126.1110948857737
 10
253.5992544473491
 20
126.1245256184039
 10
253.6108543482176
 20
126.1378752496463
 10
253.6222097434272
 20
126.151146002336
 10
253.6333021931564
 20
126.1643400769406
 10
253.6441132611456
 20
126.1774596460631
 10
253.654624545743
 20
126.1905068489496
 10
253.6648177109562
 20
126.2034837859947
 10
253.6746745175026
 20
126.2163925132438
 10
253.6841768538568
 20
126.2292350369029
 10
253.6887894784358
 20
126.2356320843453
 10
253.6933067673022
 20
126.2420133078417
 10
253.6977265062749
 20
126.2483789417046
 10
253.7020464949788
 20
126.2547292160987
 10
253.7062645478157
 20
126.2610643568738
 10
253.7103784949355
 20
126.2673845853883
 10
253.7143861832038
 20
126.2736901183423
 10
253.7182854771765
 20
126.2799811676035
 10
253.7220742600655
 20
126.2862579400352
 10
253.7257504347136
 20
126.2925206373253
 10
253.7293119245603
 20
126.2987694558145
 10
253.7327566746145
 20
126.3050045863247
 10
253.7360826524265
 20
126.3112262139869
 10
253.7392878490538
 20
126.3174345180705
 10
253.7423702800349
 20
126.3236296718087
 10
253.7453279863596
 20
126.3298118422317
 10
253.7481590354362
 20
126.3359811899904
 10
253.7508615219789
 20
126.3421378692054
 10
253.7534335684116
 20
126.3482820274058
 10
253.7558733248739
 20
126.3544138055588
 10
253.7581789691797
 20
126.3605333380959
 10
253.7603487067773
 20
126.3666407529507
 10
253.7623807707112
 20
126.3727361715897
 10
253.7642734215797
 20
126.3788197090453
 10
253.7660249474955
 20
126.3848914739493
 10
253.7676336640466
 20
126.3909515685636
 10
253.7690979142551
 20
126.3970000888157
 10
253.7704160685378
 20
126.4030371243318
 10
253.7715865246673
 20
126.4090627584653
 10
253.772607707728
 20
126.4150770683351
 10
253.7734780700803
 20
126.4210801248552
 10
253.7741960913192
 20
126.4270719927673
 10
253.7747602782335
 20
126.4330527306771
 10
253.7751691647661
 20
126.4390223910815
 10
253.7754213119743
 20
126.4449810204073
 10
253.7755153079893
 20
126.4509286590398
 10
253.7754497679764
 20
126.4568653413582
 10
253.7752233340953
 20
126.4627910957659
 10
253.7748346754598
 20
126.4687059447268
 10
253.7742824880961
 20
126.4746099047942
 10
253.7735654949059
 20
126.4805029866474
 10
253.7726824456239
 20
126.4863851951221
 10
253.7716321167796
 20
126.492256529243
 10
253.7704133116544
 20
126.498116982258
 10
253.7690248602455
 20
126.5039665416721
 10
253.767465619221
 20
126.509805189277
 10
253.7657344718854
 20
126.5156329011855
 10
253.7638303281351
 20
126.5214496478653
 10
253.7617521244193
 20
126.5272553941712
 10
253.7594988237031
 20
126.533050099377
 10
253.757069415422
 20
126.5388337172088
 10
253.7544629154466
 20
126.5446061958793
 10
253.7516783660404
 20
126.5503674781188
 10
253.7487148358195
 20
126.5561175012084
 10
253.7455714197138
 20
126.5618561970137
 10
253.7422472389259
 20
126.567583492016
 10
253.7387414408914
 20
126.5732993073484
 10
253.7350531992392
 20
126.5790035588232
 10
253.7311817137506
 20
126.584696156971
 10
253.7271262103205
 20
126.5903770070686
 10
253.7228859409157
 20
126.5960460091753
 10
253.7184601835363
 20
126.6017030581614
 10
253.7138482421755
 20
126.6073480437472
 10
253.7090494467778
 20
126.6129808505301
 10
253.7040631532017
 20
126.6186013580208
 10
253.6988887431772
 20
126.624209440675
 10
253.693525624268
 20
126.6298049679252
 10
253.6879732298287
 20
126.6353878042166
 10
253.6822310189673
 20
126.6409578090369
 10
253.6762984765049
 20
126.6465148369501
 10
253.6701751129328
 20
126.6520587376305
 10
253.6638604643757
 20
126.6575893558922
 10
253.6573540925507
 20
126.6631065317277
 10
253.6506555847266
 20
126.6686101003343
 10
253.6437645536847
 20
126.6740998921509
 10
253.6366806376771
 20
126.6795757328914
 10
253.6294035003903
 20
126.685037443573
 10
253.6219328308995
 20
126.6904848405543
 10
253.6142683436345
 20
126.695917735566
 10
253.6064097783361
 20
126.7013359357416
 10
253.5983569000157
 20
126.706739243654
 10
253.5901094989176
 20
126.7121274573464
 10
253.5816673904772
 20
126.7175003703643
 10
253.5730304152822
 20
126.7228577717903
 10
253.5641984390316
 20
126.7281994462753
 10
253.5551713524952
 20
126.7335251740732
 10
253.5459490714744
 20
126.7388347310708
 10
253.5365315367629
 20
126.7441278888238
 10
253.5269187141049
 20
126.7494044145879
 10
253.517110594156
 20
126.7546640713516
 10
253.5071071924432
 20
126.7599066178695
 10
253.4969085493251
 20
126.7651318086954
 10
253.4865147299495
 20
126.7703393942143
 10
253.4759258242183
 20
126.7755291206753
 10
253.4651419467423
 20
126.780700730227
 10
253.4541632368028
 20
126.7858539609445
 10
253.4429898583144
 20
126.7909885468699
 10
253.431621999781
 20
126.7961042180384
 10
253.4200598742564
 20
126.801200700514
 10
253.4083037193066
 20
126.8062777164242
 10
253.3963537969682
 20
126.8113349839893
 10
253.3842103937083
 20
126.8163722175565
 10
253.3718738203834
 20
126.8213891276339
 10
253.3593444122029
 20
126.8263854209223
 10
253.3466225286851
 20
126.8313608003471
 10
253.333708553618
 20
126.8363149650944
 10
253.3206028950221
 20
126.8412476106397
 10
253.3073059851067
 20
126.8461584287837
 10
253.2938182802322
 20
126.851047107684
 10
253.2801402608681
 20
126.855913331887
 10
253.2662724315547
 20
126.8607567823637
 10
253.2522153208635
 20
126.865577136539
 10
253.2379694813545
 20
126.8703740683273
 10
253.2235354895383
 20
126.8751472481633
 10
253.2089139458361
 20
126.8798963430362
 10
253.1941054745376
 20
126.8846210165222
 10
253.1791107237628
 20
126.8893209288169
 10
253.163930365423
 20
126.893995736769
 10
253.148565095178
 20
126.8986450939117
 10
253.1330156323895
 20
126.903268650498
 10
253.1172827199724
 20
126.9078660535459
 10
253.1013671240655
 20
126.9124369469052
 10
253.0852696336491
 20
126.9169809713312
 10
253.0689910601735
 20
126.9214977645582
 10
253.0525322371731
 20
126.9259869613719
 10
253.035894019894
 20
126.9304481936812
 10
253.0190772849113
 20
126.9348810905958
 10
253.0020829297534
 20
126.9392852784941
 10
252.9849118725209
 20
126.9436603810991
 10
252.9675650515094
 20
126.9480060195512
 10
252.9500434248313
 20
126.9523218124808
 10
252.9323479700362
 20
126.9566073760814
 10
252.9144796837328
 20
126.9608623241849
 10
252.8964395812109
 20
126.9650862683298
 10
252.8782286960608
 20
126.96927881784
 10
252.8598480797983
 20
126.9734395798945
 10
252.8412988014817
 20
126.9775681596005
 10
252.8225819473381
 20
126.9816641600686
 10
252.8036986203795
 20
126.9857271824841
 10
252.7846499400293
 20
126.9897568261796
 10
252.7654370417407
 20
126.9937526887111
 10
252.7460610766176
 20
126.9977143659288
 10
252.7265232110393
 20
127.0016414520492
 10
252.7068246262788
 20
127.0055335397307
 10
252.6869665181254
 20
127.0093902201456
 10
252.6669500965066
 20
127.0132110830538
 10
252.6467765851078
 20
127.0169957168747
 10
252.6264472209964
 20
127.0207437087601
 10
252.6059632542406
 20
127.0244546446713
 10
252.5853259475329
 20
127.0281281094456
 10
252.5645365758098
 20
127.031763686875
 10
252.5435964258756
 20
127.0353609597768
 10
252.5225067960196
 20
127.0389195100676
 10
252.5012689956428
 20
127.0424389188352
 10
252.4798843448748
 20
127.0459187664137
 10
252.4583541741989
 20
127.0493586324547
 10
252.4366798240706
 20
127.0527580960007
 10
252.4148626445407
 20
127.0561167355598
 10
252.3929039948758
 20
127.0594341291777
 10
252.3708052431809
 20
127.0627098545101
 10
252.3485677660199
 20
127.0659434888959
 10
252.3261929480366
 20
127.0691346094338
 10
252.303682181577
 20
127.0722827930496
 10
252.2810368663111
 20
127.0753876165737
 10
252.2582584088541
 20
127.0784486568131
 10
252.2353482223852
 20
127.0814654906232
 10
252.2123077262739
 20
127.0844376949826
 10
252.1891383456973
 20
127.0873648470667
 10
252.1658415112643
 20
127.0902465243167
 10
252.1424186586334
 20
127.0930823045198
 10
252.1188712281399
 20
127.0958717658748
 10
252.09520066441
 20
127.0986144870705
 10
252.0714084159906
 20
127.1013100473558
 10
252.0474959349621
 20
127.1039580266153
 10
252.0234646765663
 20
127.106558005441
 10
251.9993160988255
 20
127.1091095652038
 10
251.9750516621634
 20
127.1116122881309
 10
251.9506728290274
 20
127.1140657573743
 10
251.9261810635099
 20
127.1164695570875
 10
251.9015778309689
 20
127.1188232724955
 10
251.8768645976502
 20
127.1211264899719
 10
251.8520428303097
 20
127.123378797107
 10
251.827113995833
 20
127.1255797827861
 10
251.8020795608578
 20
127.127729037258
 10
251.7769409913956
 20
127.1298261522108
 10
251.7516997524518
 20
127.131870720846
 10
251.7263573076494
 20
127.1338623379478
 10
251.7009151188475
 20
127.1358005999602
 10
251.6753746457665
 20
127.1376851050569
 10
251.6497373456054
 20
127.1395154532168
 10
251.6240046726653
 20
127.1412912462966
 10
251.598178077972
 20
127.1430120881022
 10
251.5722590088959
 20
127.1446775844656
 10
251.5462489087721
 20
127.1462873433124
 10
251.5201492165258
 20
127.1478409747411
 10
251.493961366289
 20
127.1493380910906
 10
251.4676867870261
 20
127.1507783070186
 10
251.4413269021519
 20
127.1521612395694
 10
251.4148831291558
 20
127.1534865082519
 10
251.3883568792226
 20
127.1547537351088
 10
251.3617495568511
 20
127.1559625447928
 10
251.3350625594803
 20
127.1571125646374
 10
251.308297277106
 20
127.1582034247318
 10
251.2814550919069
 20
127.1592347579921
 10
251.2545373778626
 20
127.1602062002368
 10
251.2275455003753
 20
127.1611173902574
 10
251.1733446715317
 20
127.1627575841036
 10
251.1188633426828
 20
127.1641525121308
 10
251.0641120896816
 20
127.1652993992045
 10
251.0091013148147
 20
127.1661955247973
 10
250.9538412346847
 20
127.1668382253293
 10
250.8983418680978
 20
127.1672248965068
 10
250.8426130239512
 20
127.1673529956609
 10
250.7866642891155
 20
127.1672200440916
 10
250.7305050170833
 20
127.1668236292487
 10
250.6741443233474
 20
127.1661614055637
 10
250.6175910888895
 20
127.1652310936414
 10
250.5608539650877
 20
127.1640304791631
 10
250.5039413786307
 20
127.1625574117955
 10
250.4468615364376
 20
127.1608098040896
 10
250.3896224305762
 20
127.1587856303863
 10
250.3322318431804
 20
127.1564829257211
 10
250.2746973513663
 20
127.1538997847266
 10
250.2170263321516
 20
127.1510343605357
 10
250.1592259673735
 20
127.1478848636879
 10
250.1013032486063
 20
127.1444495610299
 10
250.043264982077
 20
127.1407267746206
 10
249.9851177935866
 20
127.1367148806363
 10
249.9268681334261
 20
127.132412308272
 10
249.8685222812923
 20
127.1278175386466
 10
249.8100863512091
 20
127.1229291037062
 10
249.7515662964435
 20
127.1177455851277
 10
249.6929679144224
 20
127.1122656132238
 10
249.6342968516533
 20
127.1064878658442
 10
249.5755586086378
 20
127.1004110672816
 10
249.5167585447937
 20
127.094033987175
 10
249.4579018833697
 20
127.0873554394116
 10
249.3989937163637
 20
127.0803742810332
 10
249.3400390094432
 20
127.0730894111389
 10
249.2810426068582
 20
127.0654997697883
 10
249.2220092363631
 20
127.057604336905
 10
249.162943514133
 20
127.0494021311817
 10
249.1038499496807
 20
127.0408922089834
 10
249.0447329507761
 20
127.0320736632498
 10
248.9855968283622
 20
127.0229456224009
 10
248.9264458014749
 20
127.0135072492401
 10
248.8672840021574
 20
127.0037577398573
 10
248.8081154803815
 20
126.9936963225335
 10
248.7489442089637
 20
126.9833222566436
 10
248.6897740884839
 20
126.9726348315609
 10
248.6306089522004
 20
126.9616333655618
 10
248.5714525709719
 20
126.9503172047267
 10
248.5123086581713
 20
126.9386857218455
 10
248.4531808746063
 20
126.9267383153228
 10
248.3940728334346
 20
126.9144744080786
 10
248.334988105085
 20
126.9018934464537
 10
248.2759302221718
 20
126.888994899113
 10
248.2169026844136
 20
126.8757782559507
 10
248.1579089635525
 20
126.8622430269916
 10
248.0989525082703
 20
126.8483887412967
 10
248.0400367491061
 20
126.834214945865
 10
247.9811651033761
 20
126.81972120454
 10
247.922340980088
 20
126.8049070969108
 10
247.8635677848616
 20
126.7897722172181
 10
247.804848924845
 20
126.7743161732555
 10
247.7461878135002
 20
126.7585385853028
 10
247.6875878733992
 20
126.7424390854572
 10
247.6290525355873
 20
126.7260173176649
 10
247.5705852380178
 20
126.7092729379368
 10
247.5121894239765
 20
126.6922056145721
 10
247.4538685405044
 20
126.6748150283732
 10
247.3956260368193
 20
126.6571008728709
 10
247.3374653627375
 20
126.6390628545425
 10
247.2793899670987
 20
126.6207006930329
 10
247.2214032961842
 20
126.6020141213729
 10
247.1635087921447
 20
126.5830028862029
 10
247.1057098914172
 20
126.5636667479902
 10
247.0480100231501
 20
126.5440054812508
 10
246.9904126076257
 20
126.52401887477
 10
246.9329210546818
 20
126.5037067318214
 10
246.8755387621354
 20
126.483068870388
 10
246.8182691142015
 20
126.4621051233833
 10
246.7611154799198
 20
126.4408153388698
 10
246.704081211575
 20
126.4191993802804
 10
246.6471696431176
 20
126.3972571266394
 10
246.5903840885901
 20
126.3749884727814
 10
246.5337278405452
 20
126.3523933295718
 10
246.4772041684716
 20
126.329471624129
 10
246.4208163172135
 20
126.3062233000411
 10
246.3645675053953
 20
126.282648317591
 10
246.3084609238423
 20
126.2587466539713
 10
246.2524997340044
 20
126.2345183035101
 10
246.1966870663755
 20
126.2099632778869
 10
246.1410260189214
 20
126.1850816063542
 10
246.0855196554958
 20
126.1598733359601
 10
246.0301710042669
 20
126.1343385317658
 10
245.9749830561386
 20
126.1084772770665
 10
245.919958763173
 20
126.0822896736124
 10
245.8651010370101
 20
126.0557758418287
 10
245.810412747296
 20
126.0289359210366
 10
245.7558967200989
 20
126.001770069671
 10
245.7015557363351
 20
125.9742784655055
 10
245.6473925301919
 20
125.9464613058672
 10
245.5934097875462
 20
125.918318807862
 10
245.5396101443905
 20
125.8898512085907
 10
245.4859961852542
 20
125.861058765374
 10
245.4325704416247
 20
125.8319417559667
 10
245.3793353903717
 20
125.8025004787841
 10
245.3527901330851
 20
125.7876583387345
 10
245.3262934521675
 20
125.7727352531188
 10
245.2998456411653
 20
125.7577312651466
 10
245.2734469899123
 20
125.7426464193614
 10
245.2470977844848
 20
125.7274807616433
 10
245.2207983071515
 20
125.7122343392215
 10
245.1945488363233
 20
125.6969072006764
 10
245.1683496465047
 20
125.6814993959489
 10
245.1422010082433
 20
125.666010976346
 10
245.1161031880814
 20
125.6504419945506
 10
245.0900564485088
 20
125.6347925046238
 10
245.0640610479092
 20
125.6190625620156
 10
245.0381172405138
 20
125.6032522235695
 10
245.0122252763514
 20
125.5873615475307
 10
244.9863854011993
 20
125.5713905935535
 10
244.9605978565326
 20
125.555339422705
 10
244.9348628794784
 20
125.5392080974773
 10
244.9091807027822
 20
125.5229966817834
 10
244.8835515548272
 20
125.5067052409581
 10
244.8579756596705
 20
125.490333841743
 10
244.8324532370752
 20
125.4738825522797
 10
244.8069845025503
 20
125.4573514420962
 10
244.781569667386
 20
125.4407405820996
 10
244.7562089386875
 20
125.4240500445657
 10
244.7309025194127
 20
125.407279903127
 10
244.7056506084107
 20
125.3904302327653
 10
244.6804534004524
 20
125.3735011097979
 10
244.6553110862708
 20
125.3564926118729
 10
244.6302238525964
 20
125.3394048179528
 10
244.6051918821914
 20
125.3222378083082
 10
244.5802153538873
 20
125.3049916645087
 10
244.5552944426213
 20
125.2876664694094
 10
244.5304293194711
 20
125.2702623071419
 10
244.5056201516917
 20
125.2527792631056
 10
244.4808671027509
 20
125.2352174239562
 10
244.4561703323667
 20
125.2175768775967
 10
244.4315299965415
 20
125.1998577131663
 10
244.4069462475998
 20
125.1820600210296
 10
244.3824192342226
 20
125.164183892768
 10
244.3579491014846
 20
125.1462294211699
 10
244.3335359908907
 20
125.1281967002179
 10
244.3091800404108
 20
125.1100858250823
 10
244.2848813845159
 20
125.0918968921086
 10
244.2606401542162
 20
125.0736299988067
 10
244.2364564770947
 20
125.0552852438437
 10
244.2123304773435
 20
125.0368627270306
 10
244.1882622758013
 20
125.0183625493145
 10
244.1642519899885
 20
124.9997848127679
 10
244.1402997341441
 20
124.9811296205771
 10
244.1164056192601
 20
124.9623970770351
 10
244.0925697531183
 20
124.9435872875274
 10
244.0687922403279
 20
124.924700358526
 10
244.0450731823601
 20
124.9057363975765
 10
244.0214126775828
 20
124.8866955132889
 10
243.9978108212986
 20
124.8675778153277
 10
243.9742677057826
 20
124.8483834144021
 10
243.950783420313
 20
124.8291124222543
 10
243.9273580512118
 20
124.8097649516507
 10
243.9039916818814
 20
124.7903411163715
 10
243.8806843928351
 20
124.7708410312003
 10
243.8574362617389
 20
124.7512648119153
 10
243.8342473634458
 20
124.731612575277
 10
243.8111177700301
 20
124.7118844390193
 10
243.7880475508255
 20
124.6920805218396
 10
243.7650367724609
 20
124.6722009433886
 10
243.7420854988944
 20
124.652245824259
 10
243.7191937914539
 20
124.6322152859761
 10
243.696361708867
 20
124.6121094509899
 10
243.6735893073023
 20
124.591928442661
 10
243.6508766404031
 20
124.5716723852532
 10
243.6282237593227
 20
124.5513414039217
 10
243.6056307127632
 20
124.5309356247049
 10
243.5830975470094
 20
124.5104551745132
 10
243.5606243059642
 20
124.4899001811189
 10
243.5382110311866
 20
124.469270773145
 10
243.5158577619282
 20
124.4485670800573
 10
243.4935645351654
 20
124.4277892321523
 10
243.47133138564
 20
124.4069373605502
 10
243.4491583458931
 20
124.3860115971793
 10
243.4270454463007
 20
124.3650120747704
 10
243.4049927151113
 20
124.3439389268464
 10
243.3830001784797
 20
124.3227922877104
 10
243.3610678605055
 20
124.3015722924355
 10
243.3391957832679
 20
124.2802790768567
 10
243.3173839668615
 20
124.2589127775589
 10
243.2956324294342
 20
124.237473531867
 10
243.2739411872198
 20
124.215961477838
 10
243.2523102545769
 20
124.1943767542471
 10
243.2092293662781
 20
124.1509898570247
 10
243.1663898432581
 20
124.1073139644275
 10
243.1237917365263
 20
124.0633502115591
 10
243.0814350705385
 20
124.0190997440735
 10
243.0393198443495
 20
123.9745637178529
 10
242.9974460327648
 20
123.9297432986816
 10
242.9558135874966
 20
123.8846396619264
 10
242.9144224383162
 20
123.8392539922074
 10
242.8732724942081
 20
123.7935874830764
 10
242.8323636445247
 20
123.7476413366942
 10
242.7916957601383
 20
123.7014167635057
 10
242.7512686945952
 20
123.6549149819135
 10
242.7110822852703
 20
123.608137217959
 10
242.6711363545187
 20
123.5610847049939
 10
242.6314307108338
 20
123.5137586833579
 10
242.5919651499916
 20
123.4661604000574
 10
242.552739456043
 20
123.4182911084702
 10
242.5137534016855
 20
123.3701520681755
 10
242.475006748284
 20
123.3217445448535
 10
242.4364992458659
 20
123.273069810183
 10
242.3982306331205
 20
123.2241291417464
 10
242.3602006373924
 20
123.1749238229295
 10
242.3224089746797
 20
123.1254551428248
 10
242.2848553496321
 20
123.0757243961327
 10
242.2475394555431
 20
123.025732883063
 10
242.2104609743508
 20
122.9754819092379
 10
242.1736195766313
 20
122.9249727855934
 10
242.1370149215986
 20
122.8742068282784
 10
242.1006466570968
 20
122.8231853585623
 10
242.0645144196007
 20
122.7719097027317
 10
242.0286178342093
 20
122.7203811919939
 10
241.9929565146454
 20
122.668601162379
 10
241.9575300632481
 20
122.6165709546422
 10
241.9223380709727
 20
122.5642919141652
 10
241.8873801173865
 20
122.5117653908574
 10
241.8526557706637
 20
122.4589927390576
 10
241.8181645875848
 20
122.4059753174381
 10
241.7839061135286
 20
122.3527144889037
 10
241.7498798824751
 20
122.2992116204952
 10
241.7160854169952
 20
122.2454680832907
 10
241.6825222282527
 20
122.1914852523075
 10
241.6491898159985
 20
122.1372645064039
 10
241.616087668566
 20
122.0828072281823
 10
241.5832152628691
 20
122.028114803887
 10
241.5505720643996
 20
121.9731886233125
 10
241.5181575272216
 20
121.918030079699
 10
241.4859710939694
 20
121.862640569639
 10
241.4540121958438
 20
121.8070214929745
 10
241.4222802526081
 20
121.7511742527042
 10
241.3907746725858
 20
121.6951002548812
 10
241.359494852654
 20
121.638800908516
 10
241.3284401782462
 20
121.5822776254802
 10
241.2976100233413
 20
121.5255318204049
 10
241.2670037504651
 20
121.4685649105845
 10
241.2366207106855
 20
121.4113783158795
 10
241.2064602436093
 20
121.3539734586166
 10
241.1765216773771
 20
121.2963517634914
 10
241.1468043286622
 20
121.2385146574693
 10
241.1173075026655
 20
121.1804635696892
 10
241.0880304931126
 20
121.1221999313632
 10
241.0589725822509
 20
121.06372517568
 10
241.030133040844
 20
121.0050407377057
 10
241.0015111281716
 20
120.9461480542866
 10
240.9731060920226
 20
120.8870485639503
 10
240.9449171686929
 20
120.827743706808
 10
240.9169435829845
 20
120.768234924456
 10
240.8891845481975
 20
120.7085236598769
 10
240.8616392661627
 20
120.6486113573397
 10
240.834306927463
 20
120.5884994622714
 10
240.8071867118067
 20
120.5281894211168
 10
240.7802777884239
 20
120.4676826811891
 10
240.753579316461
 20
120.4069806905256
 10
240.7270904453768
 20
120.3460848977416
 10
240.7008103153357
 20
120.2849967518824
 10
240.6747380576022
 20
120.2237177022808
 10
240.6488727949367
 20
120.1622491984077
 10
240.6232136419894
 20
120.1005926897277
 10
240.5977597056976
 20
120.038749625551
 10
240.5725100856753
 20
119.9767214548916
 10
240.5474638746134
 20
119.9145096263158
 10
240.5226201586709
 20
119.8521155877997
 10
240.4979780178714
 20
119.7895407865823
 10
240.4735365264967
 20
119.7267866690194
 10
240.4492947534819
 20
119.6638546804366
 10
240.4252517628114
 20
119.6007462649846
 10
240.401406613913
 20
119.5374628654918
 10
240.3777583620497
 20
119.4740059233187
 10
240.354306058719
 20
119.4103768782127
 10
240.3310487520459
 20
119.3465771681611
 10
240.307985487177
 20
119.2826082292452
 10
240.2851153066743
 20
119.218471495493
 10
240.262437250914
 20
119.1541683987352
 10
240.2399503584764
 20
119.0897003684586
 10
240.2176536665427
 20
119.0250688316579
 10
240.1955462112925
 20
118.9602752126934
 10
240.173627028292
 20
118.8953209331414
 10
240.1518951528961
 20
118.830207411649
 10
240.1303496206376
 20
118.7649360637896
 10
240.1089894676256
 20
118.6995083019157
 10
240.0878137309374
 20
118.633925535011
 10
240.0668214490145
 20
118.568189168548
 10
240.0460116620587
 20
118.5023006043387
 10
240.0253834124247
 20
118.4362612403911
 10
240.0049357450159
 20
118.3700724707606
 10
239.9846677076787
 20
118.3037356854057
 10
239.9645783515982
 20
118.2372522700402
 10
239.9446667316909
 20
118.1706236059893
 10
239.9249319070021
 20
118.1038510700421
 10
239.9053729410991
 20
118.0369360343058
 10
239.8859889024659
 20
117.9698798660593
 10
239.8667788648985
 20
117.902683927608
 10
239.8477419078996
 20
117.8353495761357
 10
239.8288771170716
 20
117.7678781635617
 10
239.8101835845158
 20
117.700271036392
 10
239.7916604092212
 20
117.6325295355729
 10
239.7733066974646
 20
117.5646549963485
 10
239.7551215632016
 20
117.4966487481107
 10
239.737104128464
 20
117.4285121142548
 10
239.7192535237291
 20
117.3602464120411
 10
239.7015688880857
 20
117.2918529525367
 10
239.6840493691502
 20
117.2233330406421
 10
239.6666941229377
 20
117.1546879751403
 10
239.6495023137365
 20
117.0859190487456
 10
239.6324731139793
 20
117.0170275481473
 10
239.6156057041133
 20
116.9480147540591
 10
239.5988992724758
 20
116.8788819412645
 10
239.5823530151643
 20
116.8096303786661
 10
239.5659661359083
 20
116.7402613293311
 10
239.5497378459438
 20
116.6707760505391
 10
239.5336673638828
 20
116.6011757938266
 10
239.5177539155865
 20
116.53146180504
 10
239.5019967340386
 20
116.4616353243757
 10
239.4863950592147
 20
116.3916975864324
 10
239.4709481379582
 20
116.3216498202551
 10
239.4556552238493
 20
116.2514932493848
 10
239.4405155770784
 20
116.1812290919023
 10
239.4255284643176
 20
116.1108585604783
 10
239.410693158595
 20
116.0403828624194
 10
239.3960089391639
 20
115.969803199714
 10
239.3814750913775
 20
115.8991207690819
 10
239.3670909065589
 20
115.8283367620191
 10
239.352855681875
 20
115.7574523648454
 10
239.3387687202069
 20
115.6864687587531
 10
239.3248293300252
 20
115.6153871198512
 10
239.3110368252587
 20
115.5442086192155
 10
239.2973905251673
 20
115.4729344229332
 10
239.2838897542165
 20
115.4015656921515
 10
239.2705338419469
 20
115.330103583125
 10
239.2573221228474
 20
115.2585492472606
 10
239.2442539362277
 20
115.1869038311667
 10
239.23132862609
 20
115.1151684766999
 10
239.2185455410005
 20
115.0433443210118
 10
239.2059040339637
 20
114.9714324965954
 10
239.1934034622923
 20
114.8994341313329
 10
239.181043187481
 20
114.8273503485437
 10
239.1688225750761
 20
114.7551822670299
 10
239.1567409945519
 20
114.6829310011231
 10
239.144797819179
 20
114.6105976607348
 10
239.1329924258983
 20
114.5381833513984
 10
239.1213241951924
 20
114.4656891743199
 10
239.109792510959
 20
114.3931162264256
 10
239.0983967603814
 20
114.3204656004057
 10
239.0871363338018
 20
114.2477383847633
 10
239.0760106245938
 20
114.1749356638634
 10
239.0650190290322
 20
114.102058517976
 10
239.0541609461684
 20
114.0291080233261
 10
239.043435777701
 20
113.9560852521402
 10
239.0328429278476
 20
113.8829912726931
 10
239.0223818032162
 20
113.8098271493545
 10
239.0120518126846
 20
113.7365939426357
 10
239.0018523673156
 20
113.6632927092222
 10
238.9917828803634
 20
113.589924501979
 10
238.981842767292
 20
113.5164903699498
 10
238.9720314457993
 20
113.4429913583605
 10
238.9623483358422
 20
113.3694285086166
 10
238.9527928596538
 20
113.2958028583013
 10
238.9433644417715
 20
113.2221154411807
 10
238.934062509056
 20
113.1483672871993
 10
238.9248864907166
 20
113.0745594224805
 10
238.9158358183312
 20
113.0006928693293
 10
238.9069099258717
 20
112.9267686462297
 10
238.898108249725
 20
112.8527877678448
 10
238.889430228715
 20
112.7787512450179
 10
238.8808753041277
 20
112.7046600847713
 10
238.8724429197314
 20
112.6305152903076
 10
238.8641325218015
 20
112.5563178610089
 10
238.8559435591409
 20
112.4820687924354
 10
238.8478754831047
 20
112.4077690763285
 10
238.839927747621
 20
112.3334197006075
 10
238.8320998092163
 20
112.2590216493713
 10
238.8243911270347
 20
112.1845759028991
 10
238.8168011628632
 20
112.1100834376477
 10
238.8093293811546
 20
112.0355452262537
 10
238.8019752490458
 20
111.9609622375334
 10
238.794738236387
 20
111.8863354364818
 10
238.7876178157598
 20
111.811665784272
 10
238.780613462501
 20
111.7369542382572
 10
238.7737246547256
 20
111.6622017519694
 10
238.7669508733499
 20
111.5874092751194
 10
238.7602916021121
 20
111.5125777535959
 10
238.7537463275979
 20
111.4377081294678
 10
238.7473145392606
 20
111.3628013409811
 10
238.7409957294463
 20
111.2878583225625
 10
238.7347893934132
 20
111.2128800048156
 10
238.7286950293584
 20
111.1378673145232
 10
238.722712138436
 20
111.0628211746467
 10
238.7168402247839
 20
110.9877425043271
 10
238.7110787955439
 20
110.9126322188812
 10
238.705427360886
 20
110.837491229806
 10
238.6998854340295
 20
110.7623204447777
 10
238.6944525312654
 20
110.6871207676486
 10
238.6891281719824
 20
110.6118930984505
 10
238.6839118786858
 20
110.5366383333936
 10
238.6788031770214
 20
110.4613573648658
 10
238.6738015957992
 20
110.3860510814334
 10
238.6689066670153
 20
110.3107203678409
 10
238.664117925873
 20
110.2353661050103
 10
238.659434910809
 20
110.1599891700413
 10
238.6548571635129
 20
110.0845904362127
 10
238.6503842289508
 20
110.0091707729811
 10
238.6460156553877
 20
109.9337310459798
 10
238.6417509943973
 20
109.8582721170255
 10
238.637589800833
 20
109.7827948441299
 10
238.6335316327893
 20
109.7073000815211
 10
238.6295760515623
 20
109.6317886796582
 10
238.6257226216077
 20
109.5562614852513
 10
238.6219709105013
 20
109.4807193412821
 10
238.6183204888977
 20
109.4051630870184
 10
238.6147709304924
 20
109.3295935580338
 10
238.611321811977
 20
109.2540115862276
 10
238.6079727130029
 20
109.1784179998414
 10
238.6047232161376
 20
109.1028136234771
 10
238.6015729068276
 20
109.0271992781173
 10
238.5985213733543
 20
108.9515757811424
 10
238.5955682067976
 20
108.8759439463472
 10
238.592713000992
 20
108.8003045839628
 10
238.5899553524867
 20
108.7246585006729
 10
238.5872948605073
 20
108.6490064996307
 10
238.5847311269128
 20
108.5733493804816
 10
238.582263756158
 20
108.4976879393759
 10
238.5798923552499
 20
108.4220229689916
 10
238.5776165337087
 20
108.3463552585518
 10
238.5754359035291
 20
108.2706855938399
 10
238.573350079136
 20
108.1950147572233
 10
238.5694613173332
 20
108.0436726807554
 10
238.5659472108182
 20
107.8923352203938
 10
238.5628047584392
 20
107.7410085138589
 10
238.5600309940802
 20
107.5896986459265
 10
238.5576229853661
 20
107.4384116490186
 10
238.5555778323697
 20
107.2871535037871
 10
238.5538926663182
 20
107.1359301397029
 10
238.5525646482966
 20
106.9847474356392
 10
238.5515909679577
 20
106.8336112204628
 10
238.5509688422239
 20
106.6825272736169
 10
238.5506955139954
 20
106.5315013257087
 10
238.5507682508555
 20
106.3805390590976
 10
238.5511843437774
 20
106.2296461084791
 10
238.5519411058293
 20
106.0788280614747
 10
238.5530358709183
 20
105.9280904592023
 10
238.5544659928903
 20
105.7774387967369
 10
238.556228845043
 20
105.6268785234272
 10
238.5583218197216
 20
105.4764150431913
 10
238.5607423279052
 20
105.3260537148125
 10
238.5634877988051
 20
105.1757998522294
 10
238.566555679451
 20
105.0256587248344
 10
238.5699434342855
 20
104.8756355577666
 10
238.5736485447571
 20
104.7257355322049
 10
238.5776685089097
 20
104.5759637856635
 10
238.582000840975
 20
104.426325412287
 10
238.5866430709661
 20
104.276825463142
 10
238.5915927442674
 20
104.1274689465143
 10
238.5968474212277
 20
103.9782608282016
 10
238.6024046767516
 20
103.8292060318084
 10
238.6082620998897
 20
103.6803094390405
 10
238.6144172934353
 20
103.5315758899974
 10
238.6208678735099
 20
103.3830101834701
 10
238.6276114691614
 20
103.2346170772322
 10
238.6346457219506
 20
103.0864012883358
 10
238.6419682855468
 20
102.938367493405
 10
238.6495768253166
 20
102.7905203289312
 10
238.6574690179194
 20
102.6428643915668
 10
238.6656425508965
 20
102.495404238419
 10
238.6740951222641
 20
102.348144387345
 10
238.6828244401025
 20
102.2010893172469
 10
238.6918282220876
 20
102.0542434683783
 10
238.7011041947773
 20
101.9076112427031
 10
238.7106500927739
 20
101.7611970042848
 10
238.7204636578658
 20
101.6150050796759
 10
238.7305426381798
 20
101.4690397583046
 10
238.7408847873225
 20
101.3233052928689
 10
238.7514878635311
 20
101.1778058997236
 10
238.7623496288202
 20
101.0325457592711
 10
238.7734678481272
 20
100.88752901635
 10
238.7848402884611
 20
100.7427597806268
 10
238.7964647180476
 20
100.5982421269829
 10
238.8083389054785
 20
100.453980095907
 10
238.8204606188565
 20
100.3099776938837
 10
238.8328276249445
 20
100.1662388937814
 10
238.84543768831
 20
100.022767635246
 10
238.8582885704745
 20
99.87956782508751
 10
238.8713780290598
 20
99.73664333766976
 10
238.8847038169342
 20
99.59399801530242
 10
238.8982636813598
 20
99.45163566862929
 10
238.9120553631415
 20
99.30956007701638
 10
238.9260765957714
 20
99.16777498894546
 10
238.9403251045772
 20
99.02628412240021
 10
238.9547986058693
 20
98.8850911652584
 10
238.9694948060865
 20
98.74419977567875
 10
238.9844114009453
 20
98.603613582495
 10
238.9919516231348
 20
98.53343606063811
 10
238.9995460745915
 20
98.46333618559897
 10
239.0071944639019
 20
98.39331440290154
 10
239.0148964988438
 20
98.3233711563006
 10
239.0226518863707
 20
98.25350688779328
 10
239.0304603325926
 20
98.18372203762816
 10
239.0383215427589
 20
98.11401704431153
 10
239.0462352212416
 20
98.0443923446197
 10
239.054201071517
 20
97.97484837360535
 10
239.0622187961491
 20
97.90538556460854
 10
239.0702880967718
 20
97.83600434926485
 10
239.0784086740707
 20
97.76670515751398
 10
239.0865802277676
 20
97.69748841760915
 10
239.0948024565998
 20
97.6283545561275
 10
239.1030750583075
 20
97.55930399797582
 10
239.1113977296113
 20
97.49033716640276
 10
239.1197701661971
 20
97.42145448300654
 10
239.1281920626995
 20
97.35265636774386
 10
239.136663112683
 20
97.2839432389383
 10
239.1451830086253
 20
97.2153155132913
 10
239.1537514418982
 20
97.14677360588972
 10
239.1623681027535
 20
97.07831793021359
 10
239.1710326803015
 20
97.009948898149
 10
239.1797448624962
 20
96.94166691999321
 10
239.1885043361184
 20
96.8734724044655
 10
239.1973107867562
 20
96.8053657587162
 10
239.2061638987874
 20
96.7373473883344
 10
239.2150633553647
 20
96.66941769735885
 10
239.2240088383966
 20
96.60157708828627
 10
239.2330000285281
 20
96.53382596207848
 10
239.2420366051279
 20
96.46616471817512
 10
239.2511182462658
 20
96.39859375450024
 10
239.2602446286993
 20
96.3311134674698
 10
239.2694154278534
 20
96.26372425200402
 10
239.2786303178052
 20
96.19642650153563
 10
239.2878889712644
 20
96.12922060801633
 10
239.2971910595585
 20
96.0621069619296
 10
239.3065362526131
 20
95.99508595229586
 10
239.3159242189353
 20
95.92815796668466
 10
239.3253546255949
 20
95.86132339122235
 10
239.3348271382104
 20
95.79458261059979
 10
239.3443414209274
 20
95.72793600808394
 10
239.3538971364052
 20
95.66138396552615
 10
239.3634939457955
 20
95.59492686336986
 10
239.3731315087268
 20
95.52856508065906
 10
239.3828094832885
 20
95.46229899505153
 10
239.3925275260105
 20
95.39612898282294
 10
239.4022852918468
 20
95.33005541887824
 10
239.4120824341598
 20
95.26407867676009
 10
239.4219186046995
 20
95.19819912865903
 10
239.4317934535898
 20
95.13241714542132
 10
239.4417066293086
 20
95.06673309655713
 10
239.451657778664
 20
95.00114735025219
 10
239.4616465467696
 20
94.93566027337676
 10
239.4716725770056
 20
94.8702722314978
 10
239.481735510994
 20
94.80498358888796
 10
239.4918349885595
 20
94.73979470853649
 10
239.5019706477041
 20
94.67470595216209
 10
239.5121421245704
 20
94.60971768022059
 10
239.5223490534104
 20
94.54483025191775
 10
239.5325910665551
 20
94.48004402522029
 10
239.5428677943832
 20
94.41535935686472
 10
239.5531788652836
 20
94.35077660236899
 10
239.5635239056315
 20
94.28629611604405
 10
239.5739025397493
 20
94.22191825100274
 10
239.5843143898778
 20
94.1576433591727
 10
239.5947590761447
 20
94.0934717913047
 10
239.6052362165317
 20
94.02940389698677
 10
239.6157454268414
 20
93.96544002464993
 10
239.6262863206678
 20
93.90158052158426
 10
239.6368585093606
 20
93.83782573394595
 10
239.6474616019981
 20
93.77417600676892
 10
239.6580952053509
 20
93.71063168397624
 10
239.6687589238508
 20
93.6471931083911
 10
239.6794523595615
 20
93.58386062174522
 10
239.6901751121431
 20
93.52063456469286
 10
239.7009267788209
 20
93.45751527681924
 10
239.7117069543563
 20
93.39450309665206
 10
239.7225152310112
 20
93.33159836167045
 10
239.7333511985158
 20
93.26880140832043
 10
239.7442144440402
 20
93.20611257202001
 10
239.7551045521586
 20
93.14353218717331
 10
239.7660211048208
 20
93.08106058718022
 10
239.7769636813169
 20
93.01869810444724
 10
239.7879318582465
 20
92.95644507039845
 10
239.7989252094871
 20
92.8943018154858
 10
239.8099433061628
 20
92.83226866920049
 10
239.8209857166097
 20
92.77034596008286
 10
239.8320520063463
 20
92.70853401573246
 10
239.8431417380412
 20
92.64683316282285
 10
239.8542544714792
 20
92.58524372710548
 10
239.8653897635319
 20
92.52376603342767
 10
239.8765471681235
 20
92.46240040573644
 10
239.8877262362006
 20
92.40114716709644
 10
239.8989265156985
 20
92.34000663969382
 10
239.9101475515101
 20
92.27897914485108
 10
239.921388885454
 20
92.21806500303783
 10
239.9326500562416
 20
92.15726453387793
 10
239.9439305994469
 20
92.09657805616556
 10
239.9552300474712
 20
92.03600588787093
 10
239.9665479295157
 20
91.97554834615379
 10
239.9778837715452
 20
91.91520574737433
 10
239.9892370962583
 20
91.85497840710153
 10
240.0006074230697
 20
91.79486664012406
 10
240.0119942681211
 20
91.73487076045097
 10
240.0233971443085
 20
91.67499108131279
 10
240.0348155613081
 20
91.61522791516057
 10
240.0462490256035
 20
91.55558157366687
 10
240.0576970405087
 20
91.49605236772394
 10
240.0691591061999
 20
91.43664060744699
 10
240.0806347197369
 20
91.3773466021696
 10
240.0921233750921
 20
91.31817066044888
 10
240.1036245631747
 20
91.2591130900604
 10
240.1151377718609
 20
91.20017419800197
 10
240.1266624860151
 20
91.14135429049232
 10
240.1381981875206
 20
91.08265367296935
 10
240.1497443553016
 20
91.02407265009441
 10
240.1613004653559
 20
90.96561152574599
 10
240.1728659907733
 20
90.90727060302681
 10
240.1844404017678
 20
90.84905018425796
 10
240.1960231657029
 20
90.7909505709815
 10
240.2076137471153
 20
90.7329720639618
 10
240.2192116077435
 20
90.67511496318095
 10
240.2308162065542
 20
90.61737956784396
 10
240.2424269997673
 20
90.55976617637556
 10
240.2540434408836
 20
90.50227508642139
 10
240.2656649807087
 20
90.44490659484623
 10
240.2772910673836
 20
90.38766099773704
 10
240.2889211464063
 20
90.33053859039988
 10
240.3005546606609
 20
90.27353966736242
 10
240.3121910504446
 20
90.21666452237203
 10
240.3238297534898
 20
90.15991344839575
 10
240.3354702049961
 20
90.10328673762353
 10
240.3471118376528
 20
90.04678468146183
 10
240.3587540816652
 20
89.99040757054128
 10
240.370396364784
 20
89.93415569470961
 10
240.3820381123273
 20
89.87802934303623
 10
240.3936787472107
 20
89.82202880381146
 10
240.4053176899715
 20
89.76615436454473
 10
240.4169543587961
 20
89.71040631196514
 10
240.4285881695452
 20
89.65478493202402
 10
240.4402185357809
 20
89.59929050989051
 10
240.4518448687924
 20
89.54392332995537
 10
240.4634665776238
 20
89.48868367582903
 10
240.4750830690987
 20
89.43357183034164
 10
240.4866937478467
 20
89.37858807554301
 10
240.4982980163314
 20
89.32373269270458
 10
240.5098952748745
 20
89.26900596231623
 10
240.5214849216831
 20
89.21440816408816
 10
240.5330663528766
 20
89.15993957695089
 10
240.5446389625128
 20
89.10560047905462
 10
240.556202142612
 20
89.05139114776869
 10
240.5677552831873
 20
88.99731185968391
 10
240.5792977722682
 20
88.943362890609
 10
240.5908289959298
 20
88.88954451557296
 10
240.6023483383392
 20
88.83585700882061
 10
240.6138551818046
 20
88.78230064380687
 10
240.6253489068261
 20
88.72887569319095
 10
240.6368288921483
 20
88.67558242883443
 10
240.6482945148131
 20
88.62242112179226
 10
240.6597451502067
 20
88.56939204231085
 10
240.6711801721168
 20
88.51649545981974
 10
240.6825989527801
 20
88.46373164293094
 10
240.6940008629364
 20
88.41110085942737
 10
240.7053852718769
 20
88.35860337626485
 10
240.7167515474992
 20
88.30623945956173
 10
240.7280990563565
 20
88.25400937459509
 10
240.7394271637103
 20
88.20191338579819
 10
240.750735233581
 20
88.14995175675088
 10
240.7620226288007
 20
88.09812475017819
 10
240.7732887110622
 20
88.04643262794405
 10
240.7845328409741
 20
87.9948756510441
 10
240.7957543781093
 20
87.94345407960454
 10
240.806952681058
 20
87.89216817287373
 10
240.8181271074789
 20
87.84101818921765
 10
240.8292770141495
 20
87.7900043861161
 10
240.8404017570211
 20
87.73912702015698
 10
240.8515006912654
 20
87.68838634702971
 10
240.8625731713295
 20
87.63778262152284
 10
240.8736185509873
 20
87.58731609751562
 10
240.8846361833892
 20
87.53698702797544
 10
240.8956254211149
 20
87.48679566495203
 10
240.9065856162236
 20
87.43674225957242
 10
240.9175161203085
 20
87.38682706203503
 10
240.9284162845446
 20
87.33705032160404
 10
240.9392854597428
 20
87.28741228660732
 10
240.9501229963992
 20
87.23791320442821
 10
240.9609282447499
 20
87.18855332150095
 10
240.9717005548191
 20
87.13933288330686
 10
240.9824392764727
 20
87.0902521343673
 10
240.9931437594681
 20
87.04131131824041
 10
241.0038133535081
 20
86.99251067751538
 10
241.0144474082905
 20
86.94385045380604
 10
241.0250452735597
 20
86.89533088774757
 10
241.035606299159
 20
86.84695221899019
 10
241.0461298350822
 20
86.79871468619461
 10
241.0566152315248
 20
86.75061852702627
 10
241.067061838934
 20
86.70266397815082
 10
241.0774690080631
 20
86.65485127522968
 10
241.0878360900209
 20
86.60718065291225
 10
241.098162436323
 20
86.55965234483351
 10
241.1084473989466
 20
86.51226658360807
 10
241.1186903303767
 20
86.46502360082441
 10
241.1288905836615
 20
86.41792362704059
 10
241.1390475124643
 20
86.3709668917782
 10
241.1491604711101
 20
86.324153623518
 10
241.1592288146374
 20
86.27748404969421
 10
241.1692518988408
 20
86.23095839669185
 10
241.1792290803131
 20
86.18457688983772
 10
241.1891597164901
 20
86.13833975339987
 10
241.1990431656959
 20
86.09224721057858
 10
241.2088787871838
 20
86.04629948350629
 10
241.2186659411818
 20
86.00049679323806
 10
241.2284039889362
 20
85.95483935974895
 10
241.238092292754
 20
85.90932740192958
 10
241.2477302160494
 20
85.86396113758027
 10
241.2573171233844
 20
85.8187407834054
 10
241.2668523805131
 20
85.77366655501133
 10
241.2763353544285
 20
85.72873866689816
 10
241.2857654134021
 20
85.68395733245711
 10
241.2951419270296
 20
85.63932276396483
 10
241.3044642662751
 20
85.59483517257813
 10
241.3137318035127
 20
85.55049476833088
 10
241.3229439125737
 20
85.50630176012695
 10
241.3320999687861
 20
85.46225635573499
 10
241.3411993490227
 20
85.41835876178724
 10
241.3502414317397
 20
85.37460918376984
 10
241.3592255970262
 20
85.33100782602156
 10
241.3681512266439
 20
85.28755489172745
 10
241.3770177040706
 20
85.24425058291361
 10
241.3858244145471
 20
85.20109510044338
 10
241.394570745118
 20
85.15808864401222
 10
241.4032560846774
 20
85.11523141214066
 10
241.4118798240102
 20
85.07252360217293
 10
241.4204413558382
 20
85.02996541027005
 10
241.4289400748632
 20
84.98755703140519
 10
241.43737537781
 20
84.94529865935863
 10
241.4457466634707
 20
84.90319048671324
 10
241.4540533327481
 20
84.86123270484998
 10
241.4622947886989
 20
84.81942550394085
 10
241.4704704365794
 20
84.77776907294828
 10
241.4785796838867
 20
84.7362635996154
 10
241.4866219404049
 20
84.6949092704636
 10
241.4945966182459
 20
84.65370627078923
 10
241.5025031318951
 20
84.6126547846541
 10
241.5103408982568
 20
84.57175499488654
 10
241.5181093366934
 20
84.53100708307008
 10
241.5258078690719
 20
84.49041122954461
 10
241.5334359198082
 20
84.44996761339742
 10
241.5409929159099
 20
84.40967641246002
 10
241.548478287019
 20
84.36953780330163
 10
241.5558914654576
 20
84.3295519612274
 10
241.56323188627
 20
84.28971906027125
 10
241.5704989872677
 20
84.25003927319009
 10
241.5776922090718
 20
84.21051277146132
 10
241.5848109951574
 20
84.17113972527699
 10
241.5918547918979
 20
84.13192030353807
 10
241.598823048611
 20
84.09285467384993
 10
241.6057152176047
 20
84.05394300251399
 10
241.6125307542285
 20
84.01518545452523
 10
241.6192691169193
 20
83.97658219355859
 10
241.6259297672523
 20
83.93813338197034
 10
241.6325121699878
 20
83.89983918078398
 10
241.6390157931207
 20
83.86169974968883
 10
241.6454401079267
 20
83.82371524703122
 10
241.6517845890138
 20
83.78588582980794
 10
241.6580487143698
 20
83.74821165365926
 10
241.6642319654096
 20
83.71069287286308
 10
241.6703338270233
 20
83.67332964032732
 10
241.6763537876287
 20
83.63612210758406
 10
241.6822913392131
 20
83.59907042478253
 10
241.6881459773889
 20
83.56217474068271
 10
241.6939172014364
 20
83.52543520264756
 10
241.6996045143552
 20
83.48885195663729
 10
241.7052074229116
 20
83.45242514720297
 10
241.710725437687
 20
83.41615491747942
 10
241.7161580731289
 20
83.38004140917815
 10
241.721504847594
 20
83.34408476258099
 10
241.7267652834022
 20
83.30828511653304
 10
241.731938906882
 20
83.27264260843742
 10
241.7370252484189
 20
83.23715737424709
 10
241.7420238425044
 20
83.20182954845829
 10
241.7469342277872
 20
83.16665926410424
 10
241.7517559471157
 20
83.13164665274863
 10
241.7564885475921
 20
83.09679184447862
 10
241.7611315806182
 20
83.06209496789838
 10
241.7656846019432
 20
83.02755615012209
 10
241.7701471717137
 20
82.99317551676749
 10
241.7745188545224
 20
82.95895319194874
 10
241.7787992194553
 20
82.92488929827149
 10
241.7829878401407
 20
82.89098395682303
 10
241.787084294797
 20
82.85723728716858
 10
241.7910881662831
 20
82.82364940734291
 10
241.7949990421437
 20
82.7902204338452
 10
241.7988165146607
 20
82.7569504816294
 10
241.8025401809009
 20
82.72383966410107
 10
241.8061696427633
 20
82.69088809310963
 10
241.8097045070287
 20
82.65809587893874
 10
241.8131443854078
 20
82.62546313030446
 10
241.8164888945891
 20
82.59298995434482
 10
241.819737656288
 20
82.56067645661486
 10
241.8228902972955
 20
82.52852274108004
 10
241.8259464495273
 20
82.49652891010807
 10
241.8289057500685
 20
82.46469506446429
 10
241.8317678412277
 20
82.43302130330214
 10
241.83453237058
 20
82.40150772416049
 10
241.8371989910208
 20
82.37015442295412
 10
241.8397673608087
 20
82.33896149396592
 10
241.8422371436184
 20
82.30792902984376
 10
241.8446080085866
 20
82.27705712158892
 10
241.8468796303603
 20
82.24634585855286
 10
241.8490516891457
 20
82.21579532842438
 10
241.8511238707566
 20
82.18540561722708
 10
241.853095866661
 20
82.15517680930718
 10
241.8549673740313
 20
82.12510898733091
 10
241.8567380957899
 20
82.09520223227107
 10
241.8584077406611
 20
82.06545662340444
 10
241.8599760232161
 20
82.03587223830153
 10
241.861442663921
 20
82.00644915282014
 10
241.8628073891888
 20
81.97718744109641
 10
241.8640699314219
 20
81.94808717553838
 10
241.8652300290658
 20
81.91914842681827
 10
241.8662874266543
 20
81.89037126386356
 10
241.8672418748565
 20
81.86175575385114
 10
241.8680931305288
 20
81.83330196219904
 10
241.8688409567598
 20
81.80500995255865
 10
241.8694851229196
 20
81.77687978680644
 10
241.8700254047082
 20
81.74891152503755
 10
241.8704615842031
 20
81.72110522555867
 10
241.8707934499089
 20
81.69346094487716
 10
241.8710207968032
 20
81.66597873769788
 10
241.8711434263867
 20
81.63865865691223
 10
241.8711611467292
 20
81.6115007535911
 10
241.8710737725215
 20
81.58450507697912
 10
241.870881125119
 20
81.55767167448567
 10
241.8705830325946
 20
81.53100059167586
 10
241.8701793297819
 20
81.50449187226609
 10
241.8696698583276
 20
81.47814555811372
 10
241.8690544667381
 20
81.45196168921076
 10
241.8683330104259
 20
81.42594030367602
 10
241.8675053517611
 20
81.40008143774691
 10
241.8665713601176
 20
81.37438512577356
 10
241.8655309119203
 20
81.34885140020799
 10
241.8643838906969
 20
81.32348029159954
 10
241.8631301871211
 20
81.29827182858665
 10
241.8617696990652
 20
81.27322603788897
 10
241.8603023316458
 20
81.2483429442973
 10
241.8587279972734
 20
81.22362257067022
 10
241.8570466156991
 20
81.19906493792456
 10
241.8552581140631
 20
81.17467006502636
 10
241.8533624269442
 20
81.15043796898516
 10
241.8513594964073
 20
81.12636866484558
 10
241.8492492720493
 20
81.10246216568098
 10
241.8470317110517
 20
81.07871848258373
 10
241.8447067782257
 20
81.05513762465763
 10
241.8422744460603
 20
81.03171959901336
 10
241.839734694772
 20
81.0084644107582
 10
241.8370875123512
 20
80.98537206298704
  0
SPLINE
  5
9B
330
70
100
AcDbEntity
  8
0
 62
    18
420
        0
370
    25
100
AcDbSpline
210
0.0
220
0.0
230
1.0
 70
     8
 71
     3
 72
     8
 73
     4
 74
     0
 42
0.0000000001
 43
0.0000000001
 40
0.0
 40
0.0
 40
0.0
 40
0.0
 40
1.0
 40
1.0
 40
1.0
 40
1.0
 10
241.8370875123512
 20
80.98537206298704
 30
0.0
 10
241.9654475644148
 20
78.83704698874566
 30
0.0
 10
242.1949814877426
 20
76.69596472240042
 30
0.0
 10
242.5249254375234
 20
74.56925037449555
 30
0.0
  0
LWPOLYLINE
  5
9C
330
70
100
AcDbEntity
  8
0
 62
    18
420
        0
370
    25
100
AcDbPolyline
 90
      173
 70
     0
 43
0.0
 10
242.5249254375234
 20
74.56925037449555
 10
242.5373389774606
 20
74.49087625656436
 10
242.5500928473802
 20
74.41357385599882
 10
242.5631823247301
 20
74.33733272430929
 10
242.5765997410529
 20
74.26213590376254
 10
242.5903346579515
 20
74.18796032400752
 10
242.6043740430491
 20
74.11477719869934
 10
242.618702445945
 20
74.04255242210965
 10
242.6333021733866
 20
73.97124696390955
 10
242.6481534599859
 20
73.90081725354537
 10
242.6632346352186
 20
73.83121555594705
 10
242.6785222900122
 20
73.76239034627137
 10
242.693991443331
 20
73.6942866846363
 10
242.7096157087642
 20
73.6268465908622
 10
242.7253674612205
 20
73.56000941945646
 10
242.7412180053064
 20
73.49371223821016
 10
242.7571377466065
 20
73.42789021309227
 10
242.7890629804337
 20
73.29740510538115
 10
242.8208949653332
 20
73.16801207734297
 10
242.8523821067702
 20
73.03916336378292
 10
242.8832746700042
 20
72.91031724554383
 10
242.9133297677616
 20
72.78094921672122
 10
242.9279704550172
 20
72.71591301030487
 10
242.9423163309762
 20
72.65056311069788
 10
242.9563412488888
 20
72.58484391933148
 10
242.9700205261178
 20
72.51870323478637
 10
242.9833311442968
 20
72.45209270170893
 10
242.9962519494865
 20
72.38496825972763
 10
243.008763851115
 20
72.31729058960201
 10
243.0208499894445
 20
72.24902548742059
 10
243.0324958231136
 20
72.1801440561518
 10
243.043689185203
 20
72.11062282524579
 10
243.0544203380832
 20
72.04044386746538
 10
243.0646820282712
 20
71.96959491571954
 10
243.0744695411618
 20
71.89806947963124
 10
243.0837807407244
 20
71.82586692774491
 10
243.0926160235238
 20
71.7529923740669
 10
243.1009782014198
 20
71.67945640168709
 10
243.1088723762822
 20
71.60527476817478
 10
243.1163058146932
 20
71.53046811093685
 10
243.1232878226458
 20
71.45506165257778
 10
243.1298296213542
 20
71.37908490874753
 10
243.1359442393789
 20
71.30257143263887
 10
243.1416464331193
 20
71.22555862318794
 10
243.1469526148525
 20
71.14808755022541
 10
243.1518807809149
 20
71.07020277995561
 10
243.1564504398859
 20
70.99195220043217
 10
243.1606825407206
 20
70.9133868469198
 10
243.1645993982565
 20
70.83456072112181
 10
243.1682246088377
 20
70.75553058738169
 10
243.1747003413386
 20
70.59709786339588
 10
243.1803207100998
 20
70.43858977814398
 10
243.1853114203974
 20
70.28053772587833
 10
243.1899101948671
 20
70.12349678856105
 10
243.1921395813333
 20
70.04553394753244
 10
243.1943643473443
 20
69.96803973677569
 10
243.196616520211
 20
69.89108755826555
 10
243.1989284285037
 20
69.81475117970674
 10
243.2013326132582
 20
69.73910451826916
 10
243.2038617348501
 20
69.66422141484392
 10
243.2065484797152
 20
69.5901754079356
 10
243.2094254670629
 20
69.51703950755188
 10
243.2125251556361
 20
69.44488596918299
 10
243.2158797561323
 20
69.37378607915466
 10
243.2195211758573
 20
69.30381000474334
 10
243.2234809902304
 20
69.23502669822092
 10
243.2277904172803
 20
69.16750380693034
 10
243.2300858871976
 20
69.13423577784742
 10
243.2324802921584
 20
69.1013075833706
 10
243.2349774225505
 20
69.06872727236752
 10
243.2375810416438
 20
69.03650279528907
 10
243.2402948848651
 20
69.00464200148964
 10
243.2431226596936
 20
68.97315263770444
 10
243.2460680462996
 20
68.94204234791468
 10
243.249134698319
 20
68.91131867346176
 10
243.252326243627
 20
68.88098905315584
 10
243.2556462851088
 20
68.8510608233906
 10
243.2590984014368
 20
68.8215412182549
 10
243.2626861478397
 20
68.79243736964643
 10
243.2664130568784
 20
68.76375630738329
 10
243.2702826392204
 20
68.73550495931633
 10
243.2742983844097
 20
68.707690151444
 10
243.2784637616432
 20
68.6803186080208
 10
243.2827822205423
 20
68.6533969516728
 10
243.2872571918764
 20
68.62693170342585
 10
243.2918920880028
 20
68.60092928226027
 10
243.2966903030723
 20
68.57539600427528
 10
243.3016552132067
 20
68.5503380818068
 10
243.3067901766764
 20
68.52576162254627
 10
243.3120985340792
 20
68.50167262865967
 10
243.3175836085185
 20
68.47807699590517
 10
243.3232487057813
 20
68.45498051275334
 10
243.329097114516
 20
68.43238885950286
 10
243.3351321064119
 20
68.41030760740345
 10
243.3413569363756
 20
68.38874221777017
 10
243.3477748427085
 20
68.36769804110499
 10
243.35438904729
 20
68.34718031621322
 10
243.3612027557838
 20
68.32719416926207
 10
243.3682191579785
 20
68.30774461263011
 10
243.375441428198
 20
68.28883654362454
 10
243.3828727257129
 20
68.27047474319837
 10
243.3905161951565
 20
68.25266387465936
 10
243.3983749669382
 20
68.23540848238664
 10
243.4064521576592
 20
68.21871299054281
 10
243.414750870525
 20
68.20258170178731
 10
243.4232741957615
 20
68.18701879598724
 10
243.4320252110281
 20
68.17202832893594
 10
243.4410069818307
 20
68.15761423105989
 10
243.4502225619401
 20
68.14378030613799
 10
243.4596749937963
 20
68.13053023001675
 10
243.4693673087972
 20
68.11786754953875
 10
243.4793025272585
 20
68.10579568197531
 10
243.4894836582564
 20
68.09431791466784
 10
243.4999136994593
 20
68.08343740467423
 10
243.5105956369634
 20
68.07315717841461
 10
243.5215324451254
 20
68.06348013132044
 10
243.5327270863969
 20
68.0544090274782
 10
243.5441825111594
 20
68.0459464992792
 10
243.5559016575577
 20
68.03809504706393
 10
243.5678874513326
 20
68.03085703877115
 10
243.5801428056577
 20
68.02423470958304
 10
243.5926706209712
 20
68.01823016157213
 10
243.6054737847806
 20
68.01284536344801
 10
243.6185551710115
 20
68.00808215175457
 10
243.6319176385705
 20
68.0039422346023
 10
243.6455640296997
 20
68.00042719606246
 10
243.6594971683236
 20
67.99753850058403
 10
243.673719858398
 20
67.99527749740727
 10
243.68823488226
 20
67.99364542497217
 10
243.7030449989775
 20
67.99264341533659
 10
243.7181529426958
 20
67.99227249858727
 10
243.7335614209886
 20
67.99253360725217
 10
243.7492731132044
 20
67.9934275807134
 10
243.7652906688188
 20
67.99495516962217
 10
243.7816167057807
 20
67.99711704031105
 10
243.7982538088649
 20
67.99991377915245
 10
243.8152045280517
 20
68.00334589646457
 10
243.8324713769322
 20
68.00741382985535
 10
243.8500568311287
 20
68.01211794747526
 10
243.8679633267045
 20
68.01745855126805
 10
243.8861932585832
 20
68.02343588021786
 10
243.9047489789614
 20
68.03005011360255
 10
243.9236327957231
 20
68.03730137424207
 10
243.9428469708575
 20
68.04518973174982
 10
243.9623937188711
 20
68.05371520578106
 10
243.9822752052049
 20
68.06287776928559
 10
244.0024935446475
 20
68.07267735175418
 10
244.0230507997511
 20
68.08311384247257
 10
244.0439489792249
 20
68.09418709377553
 10
244.0651900361967
 20
68.10589692434331
 10
244.0867758663752
 20
68.11824312252624
 10
244.1087083061932
 20
68.1312254496745
 10
244.130989130956
 20
68.14484364346668
 10
244.1536200529882
 20
68.15909742124206
 10
244.1766027197788
 20
68.17398648332588
 10
244.1999387121284
 20
68.18951051636111
 10
244.2236295422958
 20
68.20566919663946
 10
244.2476766521441
 20
68.2224621934267
 10
244.2720814112893
 20
68.23988917229491
 10
244.2968451152423
 20
68.25794979845177
 10
244.3219689835598
 20
68.27664374006764
 10
244.3474541579669
 20
68.29597067154508
 10
244.3733017004023
 20
68.31593027656302
 10
244.3995125910176
 20
68.33652225099462
 10
244.4260877261746
 20
68.35774630581159
 10
244.45302791644
 20
68.37960216999362
 10
244.4803338845845
 20
68.40208959343527
 10
244.5080062635741
 20
68.42520834985426
 10
244.5360455945717
 20
68.44895823969499
 10
244.5644523249301
 20
68.47333909304133
 10
244.5932268061879
 20
68.49835077251964
 10
244.6223692920686
 20
68.52399317620757
 10
244.6518799364753
 20
68.55026624054229
  0
SPLINE
  5
9D
330
70
100
AcDbEntity
  8
0
 62
    18
420
        0
370
    25
100
AcDbSpline
210
0.0
220
0.0
230
1.0
 70
     8
 71
     3
 72
     8
 73
     4
 74
     0
 42
0.0000000001
 43
0.0000000001
 40
0.0
 40
0.0
 40
0.0
 40
0.0
 40
1.0
 40
1.0
 40
1.0
 40
1.0
 10
246.2187857774945
 20
68.77569436965657
 30
0.0
 10
245.6877090675963
 20
68.91925331091321
 30
0.0
 10
245.1209483745222
 20
68.83771439558748
 30
0.0
 10
244.651879936474
 20
68.55026624054421
 30
0.0
  0
LWPOLYLINE
  5
9E
330
70
100
AcDbEntity
  8
0
 62
    18
420
        0
370
    25
100
AcDbPolyline
 90
       54
 70
     0
 43
0.0
 10
246.2187857774945
 20
68.77569436965657
 10
246.5359077909608
 20
68.69173138155848
 10
246.8532877107719
 20
68.61121195085593
 10
247.1709245941962
 20
68.5341231509318
 10
247.4888169526362
 20
68.46044454901451
 10
247.8069627916253
 20
68.39014874358992
 10
248.1253596508238
 20
68.32320190180197
 10
248.4440046440114
 20
68.25956429686137
 10
248.762894499087
 20
68.1991908454507
 10
249.0820255980602
 20
68.14203164513059
 10
249.4013940170499
 20
68.08803251174535
 10
249.720995566278
 20
68.03713551682863
 10
250.0408258300637
 20
67.98927952500964
 10
250.3608802068232
 20
67.94440073141941
 10
250.6811539486047
 20
67.90243319298557
 10
251.0016421939167
 20
67.86330926979863
 10
251.3223399888793
 20
67.82695991013939
 10
251.6432423052742
 20
67.79331489391445
 10
251.9643440585336
 20
67.76230307529549
 10
252.2856401257283
 20
67.73385262534889
 10
252.6071253635584
 20
67.70789127467494
 10
252.9287946263368
 20
67.68434655603876
 10
253.2506427839845
 20
67.66314604700764
 10
253.5726647400148
 20
67.64421761258383
 10
253.8948554495245
 20
67.62748964783924
 10
254.2172099371792
 20
67.61289132055033
 10
254.5397233152066
 20
67.6003528138186
 10
254.8623908007762
 20
67.58980556082022
 10
255.1852077280107
 20
67.58118240924652
 10
255.5081695535353
 20
67.5744177012924
 10
255.8312718608918
 20
67.56944733881963
 10
256.1545103649446
 20
67.56620884840131
 10
256.4778809162877
 20
67.56464144637039
 10
256.8013795056508
 20
67.56468610386147
 10
257.1250022683059
 20
67.56628561186388
 10
257.4487454884728
 20
67.56938464626152
 10
257.7726056037246
 20
67.57392983288271
 10
258.0965792093977
 20
67.57986981254719
 10
258.4206630629923
 20
67.58715530610941
 10
258.7448540885794
 20
67.59573917945046
 10
259.0691493805701
 20
67.60557650110522
 10
259.3935462039135
 20
67.61662455797365
 10
259.7180419913097
 20
67.62884283612446
 10
260.3673210091297
 20
67.65663885781143
 10
261.0169691322373
 20
67.68868356027238
 10
261.6669715433613
 20
67.72472964569836
 10
262.3173158099839
 20
67.76456278498026
 10
262.9679917845582
 20
67.80800087817512
 10
263.6189914966266
 20
67.85489323812059
 10
264.270308972588
 20
67.905119087285
 10
264.9219399685623
 20
67.95858522973785
 10
265.573881687994
 20
68.0152235782939
 10
266.2261324991377
 20
68.0749886805272
 10
266.8786916525477
 20
68.1378552447961
  0
LWPOLYLINE
  5
9F
330
70
100
AcDbEntity
  8
0
 62
    18
420
        0
370
    25
100
AcDbPolyline
 90
       87
 70
     0
 43
0.0
 10
266.8786916525477
 20
68.1378552447961
 10
267.0495621490375
 20
68.15352655643022
 10
267.2205666033018
 20
68.1716142035313
 10
267.3916752577144
 20
68.19209238609919
 10
267.5628399245896
 20
68.21491949057811
 10
267.7339951137434
 20
68.24003919657961
 10
267.9050591600596
 20
68.26738158360547
 10
268.0759353510239
 20
68.29686423767373
 10
268.2465130510444
 20
68.32839334568956
 10
268.4166688074116
 20
68.3618647199929
 10
268.5862674409929
 20
68.39716476478219
 10
268.7551631352097
 20
68.43417143602747
 10
268.9232005250123
 20
68.47275520137324
 10
269.0902157858572
 20
68.51278000004452
 10
269.256037721038
 20
68.55410419958153
 10
269.4204888248024
 20
68.59658150596861
 10
269.5833863033778
 20
68.64006179273111
 10
269.7445430847998
 20
68.68439190848611
 10
269.9037688285228
 20
68.72941648406751
 10
270.0608709350329
 20
68.77497873965714
 10
270.2156555562709
 20
68.82092129218005
 10
270.367928648091
 20
68.86708697647901
 10
270.517497180737
 20
68.91331971828205
 10
270.6641704402121
 20
68.95946543696567
 10
270.8077613358247
 20
69.00537295034159
 10
270.8783437438688
 20
69.02819115080806
 10
270.9480877077369
 20
69.05089487944341
 10
271.0169714424145
 20
69.07346645657025
 10
271.0849736344925
 20
69.09588855329913
 10
271.1520734821531
 20
69.11814421898828
 10
271.2182507319415
 20
69.14021690573767
 10
271.2834857136806
 20
69.16209049115737
 10
271.3477593752632
 20
69.18374930102962
 10
271.4110533174427
 20
69.20517813196091
 10
271.4733498286227
 20
69.2263622740454
 10
271.5346319196507
 20
69.24728753351705
 10
271.5948833586062
 20
69.26794025540917
 10
271.6540887055956
 20
69.28830734621221
 10
271.7122333475386
 20
69.30837629653085
 10
271.7693035329619
 20
69.3281352037399
 10
271.825286406791
 20
69.34757279464387
 10
271.8801700454971
 20
69.36667844833438
 10
271.9339435015843
 20
69.38544222429332
 10
271.9865968717641
 20
69.40385490380748
 10
272.0381213744638
 20
69.42190803662457
 10
272.0885094277008
 20
69.43959398781581
 10
272.1377547269469
 20
69.45690598463158
 10
272.1858523229994
 20
69.47383816336404
 10
272.2327986998493
 20
69.4903856162033
 10
272.2785918525518
 20
69.50654443810141
 10
272.3232313650959
 20
69.52231177362602
 10
272.3667184882696
 20
69.53768586382548
 10
272.4090562175347
 20
69.55266609308388
 10
272.4502493708897
 20
69.56725303598244
 10
272.490304664375
 20
69.58144850271304
 10
272.5292307526696
 20
69.59525556319599
 10
272.5670382090375
 20
69.60867853418051
 10
272.6037394891275
 20
69.62172295650294
 10
272.639348894469
 20
69.63439557214728
 10
272.6738825359608
 20
69.64670430131282
 10
272.7073582973641
 20
69.65865821947462
 10
272.7397957987952
 20
69.67026753445053
 10
272.7712163602184
 20
69.68154356346555
 10
272.8016429649336
 20
69.69249871021303
 10
272.8311002230732
 20
69.70314644192227
 10
272.8596143350915
 20
69.71350126642033
 10
272.8872130552503
 20
69.72357870919322
 10
272.9139256509423
 20
69.73339528789958
 10
272.9397828248766
 20
69.74296846415461
 10
272.9890601524158
 20
69.76145871762096
 10
273.035314571832
 20
69.77920508527279
 10
273.0788303681839
 20
69.79637322136806
 10
273.1199024070185
 20
69.81313624743416
 10
273.1588319637662
 20
69.82967218096455
 10
273.1959225560693
 20
69.84616136574263
 10
273.2314759275301
 20
69.86278398655027
 10
273.2657886007424
 20
69.87971790108504
 10
273.2991487577851
 20
69.89713665435401
 10
273.3318331429567
 20
69.91520750545824
 10
273.3641039655182
 20
69.9340894543797
 10
273.3962058023673
 20
69.95393126872861
 10
273.4283624689528
 20
69.97486948936644
 10
273.4607736063637
 20
69.99702624728621
 10
273.4936109274961
 20
70.02050685378676
 10
273.5270144033719
 20
70.0453973508457
 10
273.561088448991
 20
70.07176206118185
 10
273.5958981091827
 20
70.09964113831751
  0
LWPOLYLINE
  5
A0
330
70
100
AcDbEntity
  8
0
 62
    18
420
        0
370
    25
100
AcDbPolyline
 90
       87
 70
     0
 43
0.0
 10
273.5958981091827
 20
70.09964113831751
 10
273.630707769375
 20
70.07176206118185
 10
273.6647818149942
 20
70.0453973508457
 10
273.69818529087
 20
70.02050685378676
 10
273.7310226120016
 20
69.99702624728621
 10
273.7634337494126
 20
69.97486948936644
 10
273.7955904159981
 20
69.95393126872861
 10
273.8276922528472
 20
69.9340894543797
 10
273.859963075408
 20
69.91520750545824
 10
273.8926474605803
 20
69.89713665435401
 10
273.9260076176223
 20
69.87971790108504
 10
273.9603202908346
 20
69.86278398655027
 10
273.9958736622961
 20
69.84616136574263
 10
274.0329642545984
 20
69.82967218096455
 10
274.0718938113469
 20
69.81313624743416
 10
274.1129658501808
 20
69.79637322136806
 10
274.1564816465327
 20
69.77920508527279
 10
274.2027360659496
 20
69.76145871762096
 10
274.2520133934888
 20
69.74296846415461
 10
274.2778705674231
 20
69.73339528790022
 10
274.3045831631151
 20
69.72357870919322
 10
274.3321818832732
 20
69.71350126642096
 10
274.3606959952921
 20
69.70314644192227
 10
274.3901532534317
 20
69.69249871021303
 10
274.420579858147
 20
69.68154356346555
 10
274.4520004195702
 20
69.67026753445053
 10
274.4844379210019
 20
69.65865821947462
 10
274.5179136824053
 20
69.64670430131282
 10
274.5524473238969
 20
69.63439557214728
 10
274.5880567292386
 20
69.62172295650294
 10
274.6247580093291
 20
69.60867853418051
 10
274.6625654656964
 20
69.59525556319599
 10
274.7014915539915
 20
69.58144850271304
 10
274.7415468474769
 20
69.56725303598244
 10
274.782740000832
 20
69.55266609308388
 10
274.8250777300969
 20
69.53768586382548
 10
274.8685648532714
 20
69.52231177362602
 10
274.9132043658155
 20
69.50654443810141
 10
274.9589975185186
 20
69.4903856162033
 10
275.0059438953686
 20
69.47383816336404
 10
275.054041491421
 20
69.45690598463158
 10
275.1032867906671
 20
69.43959398781581
 10
275.1536748439041
 20
69.42190803662457
 10
275.2051993466045
 20
69.40385490380748
 10
275.2578527167842
 20
69.38544222429332
 10
275.3116261728715
 20
69.36667844833438
 10
275.3665098115782
 20
69.34757279464387
 10
275.4224926854072
 20
69.3281352037399
 10
275.4795628708312
 20
69.30837629653085
 10
275.5377075127742
 20
69.28830734621221
 10
275.5969128597637
 20
69.26794025540917
 10
275.6571642987198
 20
69.24728753351705
 10
275.7184463897478
 20
69.2263622740454
 10
275.7807429009278
 20
69.20517813196091
 10
275.8440368431072
 20
69.18374930102962
 10
275.9083105046898
 20
69.16209049115737
 10
275.9735454864296
 20
69.14021690573767
 10
276.0397227362181
 20
69.11814421898828
 10
276.1068225838792
 20
69.09588855329913
 10
276.1748247759566
 20
69.07346645657025
 10
276.2437085106349
 20
69.05089487944341
 10
276.313452474503
 20
69.02819115080806
 10
276.3840348825471
 20
69.00537295034159
 10
276.5276257781597
 20
68.95946543696567
 10
276.6742990376348
 20
68.91331971828205
 10
276.8238675702808
 20
68.86708697647901
 10
276.9761406621015
 20
68.82092129218005
 10
277.1309252833388
 20
68.77497873965714
 10
277.2880273898483
 20
68.72941648406751
 10
277.4472531335719
 20
68.68439190848611
 10
277.6084099149933
 20
68.64006179273111
 10
277.7713073935688
 20
68.59658150596861
 10
277.9357584973324
 20
68.55410419958153
 10
278.1015804325126
 20
68.51278000004452
 10
278.2685956933576
 20
68.47275520137324
 10
278.4366330831595
 20
68.43417143602747
 10
278.6055287773763
 20
68.39716476478283
 10
278.775127410957
 20
68.3618647199929
 10
278.9452831673242
 20
68.32839334568956
 10
279.1158608673434
 20
68.29686423767373
 10
279.2867370583077
 20
68.26738158360547
 10
279.4578011046239
 20
68.24003919657961
 10
279.628956293777
 20
68.21491949057811
 10
279.8001209606516
 20
68.19209238609919
 10
279.9712296150641
 20
68.1716142035313
 10
280.1422340693285
 20
68.15352655643022
 10
280.3131045658183
 20
68.1378552447961
  0
LWPOLYLINE
  5
A1
330
70
100
AcDbEntity
  8
0
 62
    18
420
        0
370
    25
100
AcDbPolyline
 90
       54
 70
     0
 43
0.0
 10
280.3131045658183
 20
68.1378552447961
 10
280.9656637192277
 20
68.0749886805272
 10
281.6179145303719
 20
68.0152235782939
 10
282.2698562498031
 20
67.95858522973785
 10
282.9214872457773
 20
67.905119087285
 10
283.5728047217388
 20
67.85489323812059
 10
284.2238044338064
 20
67.80800087817512
 10
284.8744804083808
 20
67.76456278498026
 10
285.5248246750028
 20
67.72472964569836
 10
286.1748270861268
 20
67.68868356027238
 10
286.8244752092343
 20
67.65663885781143
 10
287.4737542270537
 20
67.62884283612446
 10
287.7982500144506
 20
67.61662455797365
 10
288.122646837794
 20
67.60557650110522
 10
288.4469421297847
 20
67.59573917944982
 10
288.7711331553718
 20
67.58715530610941
 10
289.0952170089664
 20
67.57986981254719
 10
289.4191906146394
 20
67.57392983288271
 10
289.7430507298913
 20
67.56938464626088
 10
290.0667939500582
 20
67.56628561186388
 10
290.3904167127133
 20
67.56468610386147
 10
290.7139153020764
 20
67.56464144636975
 10
291.0372858534201
 20
67.56620884840131
 10
291.360524357473
 20
67.56944733881899
 10
291.6836266648294
 20
67.57441770129176
 10
292.006588490354
 20
67.58118240924588
 10
292.3294054175885
 20
67.58980556082022
 10
292.652072903158
 20
67.6003528138186
 10
292.9745862811855
 20
67.61289132055033
 10
293.2969407688408
 20
67.6274896478386
 10
293.61913147835
 20
67.64421761258318
 10
293.9411534343802
 20
67.66314604700764
 10
294.2630015920286
 20
67.68434655603876
 10
294.584670854807
 20
67.7078912746743
 10
294.9061560926363
 20
67.73385262534889
 10
295.2274521598317
 20
67.76230307529485
 10
295.5485539130918
 20
67.79331489391445
 10
295.8694562294867
 20
67.82695991013939
 10
296.1901540244486
 20
67.86330926979863
 10
296.5106422697607
 20
67.90243319298493
 10
296.8309160115421
 20
67.94440073141941
 10
297.1509703883016
 20
67.98927952500964
 10
297.470800652088
 20
68.03713551682863
 10
297.7904022013154
 20
68.08803251174535
 10
298.1097706203051
 20
68.14203164513059
 10
298.428901719279
 20
68.1991908454507
 10
298.7477915743546
 20
68.25956429686137
 10
299.0664365675422
 20
68.32320190180197
 10
299.3848334267401
 20
68.39014874358992
 10
299.7029792657298
 20
68.46044454901451
 10
300.0208716241699
 20
68.5341231509318
 10
300.3385085075935
 20
68.61121195085593
 10
300.6558884274052
 20
68.69173138155848
 10
300.9730104408715
 20
68.77569436965657
  0
SPLINE
  5
A2
330
70
100
AcDbEntity
  8
0
 62
    18
420
        0
370
    25
100
AcDbSpline
210
0.0
220
0.0
230
1.0
 70
     8
 71
     3
 72
     8
 73
     4
 74
     0
 42
0.0000000001
 43
0.0000000001
 40
0.0
 40
0.0
 40
0.0
 40
0.0
 40
1.0
 40
1.0
 40
1.0
 40
1.0
 10
302.5399162818907
 20
68.55026624054229
 30
0.0
 10
302.0708478438432
 20
68.83771439558748
 30
0.0
 10
301.5040871507691
 20
68.91925331091513
 30
0.0
 10
300.9730104408703
 20
68.77569436966043
 30
0.0
  0
LWPOLYLINE
  5
A3
330
70
100
AcDbEntity
  8
0
 62
    18
420
        0
370
    25
100
AcDbPolyline
 90
      173
 70
     0
 43
0.0
 10
302.5399162818907
 20
68.55026624054229
 10
302.5694269262968
 20
68.52399317620757
 10
302.5985694121781
 20
68.49835077251964
 10
302.6273438934359
 20
68.47333909304133
 10
302.6557506237943
 20
68.44895823969499
 10
302.6837899547912
 20
68.42520834985426
 10
302.7114623337815
 20
68.40208959343527
 10
302.7387683019253
 20
68.37960216999362
 10
302.7657084921914
 20
68.35774630581159
 10
302.7922836273484
 20
68.33652225099462
 10
302.8184945179637
 20
68.31593027656302
 10
302.8443420603985
 20
68.29597067154508
 10
302.8698272348055
 20
68.27664374006764
 10
302.894951103123
 20
68.25794979845177
 10
302.9197148070767
 20
68.23988917229491
 10
302.9441195662213
 20
68.2224621934267
 10
302.9681666760695
 20
68.20566919663946
 10
302.991857506237
 20
68.18951051636111
 10
303.0151934985866
 20
68.17398648332524
 10
303.0381761653766
 20
68.15909742124206
 10
303.0608070874087
 20
68.14484364346668
 10
303.0830879121722
 20
68.1312254496745
 10
303.1050203519902
 20
68.11824312252624
 10
303.126606182168
 20
68.10589692434331
 10
303.1478472391404
 20
68.09418709377553
 10
303.1687454186136
 20
68.08311384247193
 10
303.1893026737179
 20
68.07267735175418
 10
303.2095210131604
 20
68.06287776928559
 10
303.2294024994936
 20
68.05371520578106
 10
303.2489492475079
 20
68.04518973174982
 10
303.2681634226423
 20
68.03730137424207
 10
303.287047239404
 20
68.03005011360191
 10
303.3056029597821
 20
68.02343588021722
 10
303.3238328916608
 20
68.01745855126805
 10
303.3417393872367
 20
68.01211794747526
 10
303.3593248414331
 20
68.00741382985471
 10
303.3765916903136
 20
68.00334589646393
 10
303.3935424095005
 20
67.99991377915181
 10
303.4101795125847
 20
67.99711704031041
 10
303.4265055495473
 20
67.99495516962217
 10
303.4425231051615
 20
67.9934275807134
 10
303.4582347973775
 20
67.99253360725217
 10
303.4736432756695
 20
67.99227249858727
 10
303.4887512193879
 20
67.99264341533659
 10
303.5035613361054
 20
67.99364542497217
 10
303.5180763599674
 20
67.99527749740663
 10
303.5322990500418
 20
67.99753850058403
 10
303.5462321886657
 20
68.00042719606246
 10
303.5598785797949
 20
68.0039422346023
 10
303.5732410473545
 20
68.00808215175457
 10
303.5863224335847
 20
68.01284536344737
 10
303.5991255973942
 20
68.01823016157213
 10
303.6116534127082
 20
68.02423470958304
 10
303.6239087670334
 20
68.03085703877115
 10
303.6358945608083
 20
68.03809504706393
 10
303.6476137072066
 20
68.0459464992792
 10
303.6590691319691
 20
68.0544090274782
 10
303.6702637732406
 20
68.06348013132044
 10
303.6812005814026
 20
68.07315717841461
 10
303.6918825189061
 20
68.08343740467423
 10
303.7023125601095
 20
68.09431791466784
 10
303.7124936911075
 20
68.10579568197531
 10
303.7224289095688
 20
68.11786754953875
 10
303.7321212245691
 20
68.13053023001739
 10
303.741573656426
 20
68.14378030613799
 10
303.7507892365347
 20
68.15761423105989
 10
303.7597710073379
 20
68.17202832893594
 10
303.7685220226038
 20
68.18701879598724
 10
303.7770453478405
 20
68.20258170178731
 10
303.7853440607061
 20
68.21871299054347
 10
303.7934212514272
 20
68.23540848238728
 10
303.8012800232089
 20
68.25266387465936
 10
303.8089234926525
 20
68.27047474319837
 10
303.8163547901674
 20
68.28883654362518
 10
303.8235770603863
 20
68.30774461263011
 10
303.8305934625816
 20
68.32719416926207
 10
303.8374071710754
 20
68.34718031621322
 10
303.8440213756562
 20
68.36769804110563
 10
303.8504392819898
 20
68.38874221777081
 10
303.8566641119528
 20
68.41030760740345
 10
303.8626991038487
 20
68.43238885950286
 10
303.8685475125835
 20
68.45498051275334
 10
303.8742126098462
 20
68.47807699590517
 10
303.8796976842855
 20
68.50167262865967
 10
303.8850060416883
 20
68.52576162254627
 10
303.890141005158
 20
68.5503380818068
 10
303.8951059152924
 20
68.57539600427528
 10
303.899904130362
 20
68.60092928226027
 10
303.9045390264883
 20
68.62693170342585
 10
303.9090139978224
 20
68.6533969516728
 10
303.9133324567215
 20
68.6803186080208
 10
303.9174978339551
 20
68.707690151444
 10
303.9215135791443
 20
68.73550495931633
 10
303.9253831614857
 20
68.76375630738329
 10
303.929110070525
 20
68.79243736964643
 10
303.9326978169279
 20
68.8215412182549
 10
303.9361499332559
 20
68.8510608233906
 10
303.9394699747377
 20
68.88098905315584
 10
303.9426615200458
 20
68.91131867346176
 10
303.9457281720658
 20
68.94204234791468
 10
303.9486735586712
 20
68.9731526377038
 10
303.9515013334996
 20
69.00464200148964
 10
303.9542151767209
 20
69.03650279528907
 10
303.9568187958148
 20
69.06872727236752
 10
303.959315926207
 20
69.1013075833706
 10
303.9617103311678
 20
69.13423577784742
 10
303.964005801085
 20
69.16750380693034
 10
303.9683152281356
 20
69.23502669822092
 10
303.9722750425087
 20
69.30381000474334
 10
303.9759164622344
 20
69.37378607915466
 10
303.9792710627299
 20
69.44488596918299
 10
303.9823707513038
 20
69.51703950755188
 10
303.9852477386521
 20
69.5901754079356
 10
303.9879344835172
 20
69.66422141484392
 10
303.9904636051098
 20
69.73910451826916
 10
303.9928677898636
 20
69.81475117970674
 10
303.9951796981569
 20
69.89108755826555
 10
303.9974318710236
 20
69.96803973677569
 10
303.9996566370353
 20
70.04553394753308
 10
304.0018860235021
 20
70.12349678856169
 10
304.0064847979718
 20
70.28053772587897
 10
304.0114755082694
 20
70.43858977814462
 10
304.0170958770312
 20
70.59709786339652
 10
304.0235716095322
 20
70.75553058738297
 10
304.0271968201134
 20
70.83456072112311
 10
304.0311136776487
 20
70.91338684692044
 10
304.0353457784839
 20
70.99195220043345
 10
304.0399154374544
 20
71.07020277995689
 10
304.0448436035168
 20
71.14808755022671
 10
304.0501497852499
 20
71.22555862318858
 10
304.055851978991
 20
71.30257143264015
 10
304.061966597015
 20
71.37908490874882
 10
304.0685083957228
 20
71.45506165257842
 10
304.0754904036754
 20
71.53046811093749
 10
304.0829238420863
 20
71.60527476817543
 10
304.0908180169488
 20
71.67945640168774
 10
304.0991801948442
 20
71.75299237406756
 10
304.1080154776429
 20
71.82586692774555
 10
304.1173266772055
 20
71.89806947963124
 10
304.1271141900954
 20
71.96959491572018
 10
304.1373758802834
 20
72.04044386746538
 10
304.148107033163
 20
72.11062282524579
 10
304.1593003952518
 20
72.1801440561518
 10
304.1709462289209
 20
72.24902548741996
 10
304.1830323672498
 20
72.31729058960137
 10
304.1955442688782
 20
72.38496825972699
 10
304.2084650740666
 20
72.45209270170829
 10
304.2217756922457
 20
72.51870323478573
 10
304.2354549694746
 20
72.58484391933082
 10
304.2494798873866
 20
72.65056311069725
 10
304.263825763345
 20
72.71591301030423
 10
304.2784664506005
 20
72.78094921672057
 10
304.3085215483573
 20
72.91031724554319
 10
304.3394141115913
 20
73.03916336378228
 10
304.3709012530277
 20
73.16801207734233
 10
304.4027332379271
 20
73.29740510538051
 10
304.434658471755
 20
73.42789021309163
 10
304.4505782130545
 20
73.49371223821016
 10
304.466428757141
 20
73.56000941945582
 10
304.482180509598
 20
73.6268465908622
 10
304.4978047750311
 20
73.69428668463566
 10
304.5132739283506
 20
73.76239034627073
 10
304.5285615831442
 20
73.83121555594705
 10
304.5436427583775
 20
73.90081725354473
 10
304.5584940449769
 20
73.97124696390955
 10
304.5730937724191
 20
74.04255242210965
 10
304.5874221753156
 20
74.11477719869934
 10
304.6014615604132
 20
74.18796032400752
 10
304.6151964773125
 20
74.2621359037619
 10
304.6286138936352
 20
74.33733272430865
 10
304.6417033709852
 20
74.41357385599882
 10
304.6544572409054
 20
74.49087625656436
 10
304.6668707808426
 20
74.56925037449555
  0
SPLINE
  5
A4
330
70
100
AcDbEntity
  8
0
 62
    18
420
        0
370
    25
100
AcDbSpline
210
0.0
220
0.0
230
1.0
 70
     8
 71
     3
 72
     8
 73
     4
 74
     0
 42
0.0000000001
 43
0.0000000001
 40
0.0
 40
0.0
 40
0.0
 40
0.0
 40
1.0
 40
1.0
 40
1.0
 40
1.0
 10
304.6668707808426
 20
74.56925037449555
 30
0.0
 10
304.9968147306233
 20
76.69596472240042
 30
0.0
 10
305.2263486539505
 20
78.83704698874566
 30
0.0
 10
305.3547087060148
 20
80.98537206298704
 30
0.0
  0
LWPOLYLINE
  5
A5
330
70
100
AcDbEntity
  8
0
 62
    18
420
        0
370
    25
100
AcDbPolyline
 90
     1107
 70
     0
 43
0.0
 10
305.3547087060148
 20
80.98537206298704
 10
305.3520615235941
 20
81.00846441075756
 10
305.3495217723057
 20
81.03171959901336
 10
305.3470894401396
 20
81.05513762465763
 10
305.3447645073136
 20
81.07871848258309
 10
305.3425469463167
 20
81.10246216568098
 10
305.3404367219588
 20
81.12636866484558
 10
305.3384337914218
 20
81.15043796898453
 10
305.3365381043029
 20
81.17467006502572
 10
305.3347496026669
 20
81.19906493792456
 10
305.333068221092
 20
81.22362257067022
 10
305.3314938867196
 20
81.2483429442973
 10
305.3300265193008
 20
81.27322603788833
 10
305.3286660312449
 20
81.29827182858665
 10
305.3274123276692
 20
81.32348029159954
 10
305.3262653064451
 20
81.34885140020799
 10
305.3252248582477
 20
81.37438512577356
 10
305.3242908666043
 20
81.40008143774691
 10
305.3234632079395
 20
81.42594030367602
 10
305.3227417516272
 20
81.45196168921076
 10
305.3221263600371
 20
81.47814555811372
 10
305.3216168885835
 20
81.50449187226609
 10
305.3212131857709
 20
81.53100059167586
 10
305.3209150932457
 20
81.55767167448567
 10
305.3207224458439
 20
81.58450507697912
 10
305.3206350716355
 20
81.6115007535911
 10
305.320652791978
 20
81.63865865691223
 10
305.3207754215609
 20
81.66597873769788
 10
305.3210027684552
 20
81.69346094487782
 10
305.321334634161
 20
81.72110522555867
 10
305.3217708136559
 20
81.74891152503819
 10
305.3223110954444
 20
81.77687978680644
 10
305.3229552616043
 20
81.80500995255865
 10
305.3237030878353
 20
81.83330196219904
 10
305.3245543435076
 20
81.86175575385114
 10
305.3255087917098
 20
81.89037126386356
 10
305.3265661892976
 20
81.91914842681827
 10
305.3277262869415
 20
81.94808717553902
 10
305.3289888291753
 20
81.97718744109705
 10
305.3303535544424
 20
82.00644915282079
 10
305.3318201951473
 20
82.03587223830217
 10
305.3333884777016
 20
82.06545662340507
 10
305.3350581225729
 20
82.09520223227107
 10
305.3368288443321
 20
82.12510898733091
 10
305.3387003517018
 20
82.15517680930782
 10
305.3406723476062
 20
82.18540561722708
 10
305.3427445292164
 20
82.21579532842502
 10
305.3449165880018
 20
82.2463458585535
 10
305.3471882097756
 20
82.27705712158956
 10
305.3495590747438
 20
82.30792902984376
 10
305.3520288575528
 20
82.33896149396656
 10
305.3545972273407
 20
82.37015442295476
 10
305.3572638477815
 20
82.40150772416177
 10
305.3600283771338
 20
82.43302130330278
 10
305.362890468293
 20
82.46469506446493
 10
305.3658497688342
 20
82.49652891010871
 10
305.3689059210654
 20
82.52852274108068
 10
305.3720585620735
 20
82.5606764566155
 10
305.3753073237724
 20
82.59298995434546
 10
305.3786518329531
 20
82.6254631303051
 10
305.3820917113315
 20
82.6580958789394
 10
305.3856265755969
 20
82.69088809311027
 10
305.3892560374593
 20
82.72383966410236
 10
305.3929797036995
 20
82.75695048163004
 10
305.3967971762165
 20
82.79022043384584
 10
305.4007080520772
 20
82.82364940734419
 10
305.4047119235626
 20
82.85723728716922
 10
305.4088083782188
 20
82.89098395682367
 10
305.4129969989043
 20
82.92488929827213
 10
305.4172773638372
 20
82.95895319195002
 10
305.4216490466458
 20
82.99317551676812
 10
305.4261116164164
 20
83.02755615012273
 10
305.4306646377408
 20
83.06209496789902
 10
305.4353076707668
 20
83.09679184447926
 10
305.4400402712433
 20
83.13164665274927
 10
305.4448619905718
 20
83.16665926410488
 10
305.4497723758539
 20
83.20182954845893
 10
305.45477096994
 20
83.23715737424837
 10
305.4598573114763
 20
83.2726426084387
 10
305.4650309349562
 20
83.30828511653432
 10
305.4702913707637
 20
83.34408476258165
 10
305.4756381452294
 20
83.38004140917943
 10
305.4810707806706
 20
83.4161549174807
 10
305.4865887954467
 20
83.45242514720425
 10
305.4921917040025
 20
83.48885195663859
 10
305.4978790169213
 20
83.52543520264886
 10
305.5036502409688
 20
83.56217474068399
 10
305.5095048791439
 20
83.59907042478383
 10
305.515442430729
 20
83.63612210758535
 10
305.5214623913337
 20
83.67332964032859
 10
305.5275642529481
 20
83.71069287286436
 10
305.5337475039872
 20
83.74821165366054
 10
305.5400116293433
 20
83.78588582980922
 10
305.5463561104303
 20
83.8237152470325
 10
305.5527804252364
 20
83.86169974969011
 10
305.5592840483686
 20
83.89983918078526
 10
305.5658664511041
 20
83.93813338197162
 10
305.5725271014371
 20
83.97658219355987
 10
305.5792654641279
 20
84.01518545452651
 10
305.5860810007517
 20
84.05394300251591
 10
305.5929731697454
 20
84.09285467385121
 10
305.5999414264578
 20
84.13192030353936
 10
305.6069852231991
 20
84.17113972527827
 10
305.6141040092847
 20
84.21051277146323
 10
305.6212972310881
 20
84.25003927319137
 10
305.6285643320857
 20
84.28971906027255
 10
305.6359047528982
 20
84.32955196122934
 10
305.6433179313367
 20
84.36953780330291
 10
305.6508033024458
 20
84.4096764124613
 10
305.6583602985469
 20
84.4499676133987
 10
305.6659883492839
 20
84.49041122954653
 10
305.6736868816623
 20
84.53100708307138
 10
305.6814553200983
 20
84.57175499488782
 10
305.68929308646
 20
84.61265478465602
 10
305.6971996001099
 20
84.65370627079051
 10
305.7051742779502
 20
84.69490927046551
 10
305.7132165344683
 20
84.73626359961668
 10
305.7213257817758
 20
84.77776907294957
 10
305.7295014296562
 20
84.81942550394279
 10
305.737742885607
 20
84.86123270485128
 10
305.7460495548837
 20
84.90319048671517
 10
305.7544208405444
 20
84.94529865935993
 10
305.7628561434912
 20
84.98755703140647
 10
305.7713548625163
 20
85.02996541027197
 10
305.7799163943449
 20
85.07252360217421
 10
305.7885401336777
 20
85.11523141214194
 10
305.7972254732364
 20
85.1580886440135
 10
305.805971803808
 20
85.2010951004453
 10
305.814778514284
 20
85.24425058291489
 10
305.8236449917113
 20
85.28755489172873
 10
305.8325706213282
 20
85.33100782602284
 10
305.8415547866148
 20
85.37460918377112
 10
305.8505968693324
 20
85.41835876178852
 10
305.8596962495684
 20
85.46225635573629
 10
305.8688523057807
 20
85.50630176012823
 10
305.8780644148417
 20
85.5504947683328
 10
305.8873319520793
 20
85.59483517258005
 10
305.8966542913249
 20
85.63932276396611
 10
305.9060308049523
 20
85.68395733245839
 10
305.9154608639259
 20
85.72873866689944
 10
305.9249438378413
 20
85.77366655501261
 10
305.9344790949702
 20
85.81874078340668
 10
305.944066002305
 20
85.86396113758155
 10
305.9537039256004
 20
85.90932740193085
 10
305.963392229419
 20
85.95483935975023
 10
305.9731302771727
 20
86.00049679323934
 10
305.9829174311706
 20
86.04629948350757
 10
305.9927530526585
 20
86.09224721058051
 10
306.0026365018644
 20
86.13833975340117
 10
306.012567138042
 20
86.184576889839
 10
306.0225443195137
 20
86.23095839669312
 10
306.0325674037171
 20
86.27748404969549
 10
306.0426357472451
 20
86.32415362351927
 10
306.0527487058909
 20
86.37096689177948
 10
306.062905634693
 20
86.41792362704187
 10
306.0731058879784
 20
86.46502360082571
 10
306.0833488194085
 20
86.51226658360934
 10
306.0936337820314
 20
86.55965234483479
 10
306.1039601283342
 20
86.60718065291353
 10
306.114327210292
 20
86.65485127523096
 10
306.1247343794211
 20
86.70266397815209
 10
306.1351809868303
 20
86.75061852702755
 10
306.1456663832729
 20
86.79871468619591
 10
306.1561899191961
 20
86.84695221899147
 10
306.1667509447961
 20
86.89533088774885
 10
306.1773488100653
 20
86.94385045380732
 10
306.1879828648476
 20
86.99251067751667
 10
306.1986524588876
 20
87.04131131824169
 10
306.209356941883
 20
87.09025213436857
 10
306.2200956635367
 20
87.1393328833075
 10
306.2308679736058
 20
87.18855332150223
 10
306.2416732219565
 20
87.23791320442948
 10
306.2525107586135
 20
87.2874122866086
 10
306.2633799338112
 20
87.33705032160534
 10
306.2742800980472
 20
87.38682706203567
 10
306.2852106021322
 20
87.4367422595737
 10
306.2961707972415
 20
87.48679566495331
 10
306.3071600349672
 20
87.53698702797672
 10
306.3181776673691
 20
87.58731609751626
 10
306.3292230470268
 20
87.63778262152412
 10
306.3402955270916
 20
87.68838634703099
 10
306.351394461336
 20
87.73912702015826
 10
306.3625192042075
 20
87.79000438611738
 10
306.3736691108788
 20
87.84101818921893
 10
306.3848435372991
 20
87.89216817287437
 10
306.3960418402484
 20
87.94345407960582
 10
306.4072633773836
 20
87.99487565104538
 10
306.4185075072955
 20
88.04643262794469
 10
306.429773589557
 20
88.09812475017947
 10
306.4410609847767
 20
88.14995175675152
 10
306.4523690546474
 20
88.20191338579885
 10
306.4636971620012
 20
88.25400937459573
 10
306.4750446708591
 20
88.30623945956237
 10
306.4864109464815
 20
88.35860337626549
 10
306.4977953554219
 20
88.41110085942801
 10
306.5091972655782
 20
88.46373164293158
 10
306.5206160462421
 20
88.51649545982102
 10
306.5320510681522
 20
88.56939204231149
 10
306.5435017035465
 20
88.6224211217929
 10
306.5549673262107
 20
88.67558242883507
 10
306.5664473115335
 20
88.72887569319159
 10
306.577941036555
 20
88.78230064380751
 10
306.5894478800204
 20
88.83585700882189
 10
306.6009672224299
 20
88.8895445155736
 10
306.6124984460921
 20
88.94336289060964
 10
306.6240409351723
 20
88.99731185968455
 10
306.6355940757476
 20
89.05139114776932
 10
306.6471572558474
 20
89.10560047905528
 10
306.6587298654836
 20
89.15993957695153
 10
306.6703112966771
 20
89.2144081640888
 10
306.6819009434864
 20
89.26900596231687
 10
306.6934982020295
 20
89.32373269270524
 10
306.7051024705141
 20
89.37858807554365
 10
306.7167131492628
 20
89.43357183034164
 10
306.7283296407377
 20
89.48868367582967
 10
306.7399513495691
 20
89.54392332995601
 10
306.7515776825813
 20
89.59929050989115
 10
306.7632080488169
 20
89.65478493202466
 10
306.774841859566
 20
89.71040631196578
 10
306.7864785283906
 20
89.76615436454473
 10
306.7981174711515
 20
89.82202880381146
 10
306.8097581060355
 20
89.87802934303687
 10
306.8213998535788
 20
89.93415569470961
 10
306.8330421366976
 20
89.99040757054128
 10
306.8446843807107
 20
90.04678468146247
 10
306.8563260133667
 20
90.10328673762353
 10
306.8679664648737
 20
90.15991344839639
 10
306.8796051679195
 20
90.21666452237203
 10
306.8912415577026
 20
90.27353966736242
 10
306.9028750719578
 20
90.33053859039988
 10
306.9145051509805
 20
90.38766099773704
 10
306.9261312376553
 20
90.44490659484623
 10
306.9377527774812
 20
90.50227508642139
 10
306.9493692185974
 20
90.55976617637556
 10
306.9609800118105
 20
90.61737956784396
 10
306.9725846106213
 20
90.67511496318095
 10
306.9841824712501
 20
90.7329720639618
 10
306.9957730526625
 20
90.7909505709815
 10
307.0073558165976
 20
90.84905018425796
 10
307.0189302275927
 20
90.90727060302681
 10
307.0304957530101
 20
90.96561152574599
 10
307.0420518630643
 20
91.02407265009441
 10
307.0535980308461
 20
91.08265367296935
 10
307.0651337323509
 20
91.14135429049232
 10
307.0766584465058
 20
91.20017419800197
 10
307.0881716551919
 20
91.2591130900604
 10
307.0996728432752
 20
91.31817066044822
 10
307.1111614986304
 20
91.3773466021696
 10
307.1226371121675
 20
91.43664060744635
 10
307.1340991778586
 20
91.49605236772394
 10
307.1455471927643
 20
91.55558157366687
 10
307.1569806570598
 20
91.61522791516057
 10
307.1683990740595
 20
91.67499108131279
 10
307.1798019502468
 20
91.73487076045097
 10
307.1911887952988
 20
91.79486664012342
 10
307.2025591221102
 20
91.85497840710089
 10
307.213912446824
 20
91.91520574737369
 10
307.2252482888535
 20
91.97554834615379
 10
307.236566170898
 20
92.03600588787029
 10
307.2478656189229
 20
92.09657805616492
 10
307.2591461621276
 20
92.15726453387793
 10
307.2704073329159
 20
92.21806500303719
 10
307.2816486668597
 20
92.27897914485108
 10
307.2928697026713
 20
92.34000663969318
 10
307.3040699821693
 20
92.40114716709578
 10
307.3152490502463
 20
92.46240040573644
 10
307.3264064548386
 20
92.52376603342703
 10
307.3375417468919
 20
92.58524372710548
 10
307.34865448033
 20
92.64683316282219
 10
307.3597442120249
 20
92.70853401573246
 10
307.3708105017621
 20
92.77034596008222
 10
307.381852912209
 20
92.83226866919985
 10
307.3928710088847
 20
92.89430181548516
 10
307.4038643601259
 20
92.95644507039781
 10
307.4148325370555
 20
93.0186981044466
 10
307.4257751135516
 20
93.08106058717957
 10
307.4366916662139
 20
93.14353218717267
 10
307.447581774333
 20
93.20611257201937
 10
307.4584450198573
 20
93.26880140831979
 10
307.4692809873619
 20
93.33159836166981
 10
307.4800892640167
 20
93.39450309665142
 10
307.4908694395522
 20
93.4575152768186
 10
307.5016211062306
 20
93.52063456469222
 10
307.5123438588122
 20
93.58386062174458
 10
307.523037294523
 20
93.64719310838982
 10
307.5337010130235
 20
93.7106316839756
 10
307.5443346163762
 20
93.77417600676764
 10
307.5549377090137
 20
93.83782573394467
 10
307.5655098977065
 20
93.90158052158362
 10
307.5760507915329
 20
93.9654400246493
 10
307.5865600018433
 20
94.02940389698549
 10
307.5970371422303
 20
94.09347179130406
 10
307.6074818284971
 20
94.15764335917142
 10
307.6178936786263
 20
94.2219182510021
 10
307.6282723127442
 20
94.28629611604341
 10
307.6386173530921
 20
94.35077660236835
 10
307.648928423993
 20
94.41535935686408
 10
307.6592051518205
 20
94.48004402521965
 10
307.6694471649659
 20
94.54483025191711
 10
307.6796540938059
 20
94.60971768021929
 10
307.6898255706722
 20
94.67470595216081
 10
307.6999612298168
 20
94.73979470853585
 10
307.7100607073829
 20
94.80498358888668
 10
307.7201236413713
 20
94.87027223149716
 10
307.7301496716079
 20
94.93566027337612
 10
307.7401384397129
 20
95.00114735025091
 10
307.750089589069
 20
95.06673309655585
 10
307.7600027647877
 20
95.13241714542003
 10
307.769877613678
 20
95.19819912865839
 10
307.7797137842184
 20
95.26407867675946
 10
307.7895109265307
 20
95.33005541887696
 10
307.7992686923677
 20
95.39612898282165
 10
307.8089867350897
 20
95.46229899505089
 10
307.8186647096514
 20
95.52856508065842
 10
307.8283022725833
 20
95.59492686336858
 10
307.8378990819736
 20
95.66138396552549
 10
307.8474547974515
 20
95.7279360080833
 10
307.856969080169
 20
95.79458261059849
 10
307.8664415927846
 20
95.86132339122107
 10
307.8758719994442
 20
95.92815796668338
 10
307.8852599657664
 20
95.99508595229456
 10
307.8946051588209
 20
96.06210696192832
 10
307.9039072471151
 20
96.12922060801505
 10
307.9131659005749
 20
96.19642650153435
 10
307.9223807905267
 20
96.26372425200274
 10
307.9315515896808
 20
96.33111346746852
 10
307.9406779721144
 20
96.39859375449896
 10
307.9497596132529
 20
96.46616471817448
 10
307.958796189852
 20
96.5338259620772
 10
307.9677873799842
 20
96.60157708828499
 10
307.9767328630161
 20
96.66941769735757
 10
307.9856323195934
 20
96.7373473883331
 10
307.9944854316252
 20
96.80536575871492
 10
308.0032918822624
 20
96.8734724044642
 10
308.0120513558853
 20
96.94166691999193
 10
308.0207635380799
 20
97.00994889814772
 10
308.0294281156286
 20
97.07831793021231
 10
308.0380447764832
 20
97.14677360588844
 10
308.0466132097567
 20
97.21531551329002
 10
308.0551331056991
 20
97.28394323893702
 10
308.0636041556825
 20
97.35265636774258
 10
308.072026052185
 20
97.42145448300526
 10
308.0803984887714
 20
97.49033716640148
 10
308.0887211600746
 20
97.55930399797454
 10
308.0969937617823
 20
97.62835455612622
 10
308.1052159906151
 20
97.69748841760787
 10
308.1133875443119
 20
97.7667051575127
 10
308.1215081216109
 20
97.83600434926357
 10
308.1295774222342
 20
97.90538556460724
 10
308.1375951468664
 20
97.97484837360407
 10
308.1455609971417
 20
98.0443923446184
 10
308.1534746756245
 20
98.11401704431023
 10
308.1613358857907
 20
98.18372203762686
 10
308.1691443320127
 20
98.25350688779201
 10
308.1768997195395
 20
98.32337115629931
 10
308.1846017544821
 20
98.39331440290026
 10
308.1922501437924
 20
98.4633361855977
 10
308.1998445952491
 20
98.53343606063683
 10
308.2073848174387
 20
98.6036135824937
 10
308.2223014122975
 20
98.74419977567747
 10
308.2369976125153
 20
98.8850911652571
 10
308.2514711138068
 20
99.02628412239893
 10
308.2657196226132
 20
99.16777498894418
 10
308.2797408552431
 20
99.3095600770151
 10
308.2935325370248
 20
99.45163566862799
 10
308.3070924014511
 20
99.59399801530114
 10
308.3204181893254
 20
99.73664333766848
 10
308.3335076479102
 20
99.87956782508558
 10
308.3463585300753
 20
100.0227676352447
 10
308.3589685934408
 20
100.1662388937801
 10
308.3713355995288
 20
100.3099776938824
 10
308.3834573129074
 20
100.4539800959057
 10
308.3953315003383
 20
100.5982421269816
 10
308.4069559299248
 20
100.7427597806255
 10
308.4183283702587
 20
100.8875290163487
 10
308.4294465895658
 20
101.0325457592698
 10
308.4403083548547
 20
101.1778058997224
 10
308.4509114310634
 20
101.3233052928676
 10
308.4612535802061
 20
101.4690397583033
 10
308.4713325605201
 20
101.6150050796746
 10
308.4811461256127
 20
101.7611970042835
 10
308.4906920236092
 20
101.9076112427018
 10
308.499967996299
 20
102.0542434683771
 10
308.5089717782835
 20
102.2010893172456
 10
308.5177010961225
 20
102.3481443873438
 10
308.5261536674894
 20
102.4954042384177
 10
308.5343272004671
 20
102.6428643915655
 10
308.5422193930699
 20
102.7905203289299
 10
308.5498279328398
 20
102.9383674934037
 10
308.5571504964359
 20
103.0864012883345
 10
308.5641847492245
 20
103.2346170772309
 10
308.570928344876
 20
103.3830101834688
 10
308.5773789249512
 20
103.5315758899967
 10
308.5835341184962
 20
103.6803094390392
 10
308.5893915416349
 20
103.8292060318072
 10
308.5949487971581
 20
103.9782608282003
 10
308.6002034741185
 20
104.127468946513
 10
308.6051531474198
 20
104.2768254631407
 10
308.609795377411
 20
104.4263254122857
 10
308.6141277094768
 20
104.5759637856628
 10
308.6181476736288
 20
104.7257355322036
 10
308.6218527841004
 20
104.8756355577654
 10
308.6252405389349
 20
105.0256587248338
 10
308.6283084195808
 20
105.1757998522281
 10
308.63105389048
 20
105.3260537148112
 10
308.6334743986642
 20
105.47641504319
 10
308.6355673733422
 20
105.6268785234259
 10
308.6373302254949
 20
105.7774387967356
 10
308.638760347467
 20
105.9280904592017
 10
308.639855112556
 20
106.078828061474
 10
308.6406118746072
 20
106.2296461084784
 10
308.6410279675291
 20
106.3805390590969
 10
308.6411007043892
 20
106.5315013257081
 10
308.6408273761608
 20
106.6825272736163
 10
308.6402052504269
 20
106.8336112204622
 10
308.6392315700873
 20
106.9847474356385
 10
308.6379035520665
 20
107.1359301397016
 10
308.6362183860143
 20
107.2871535037864
 10
308.6341732330179
 20
107.438411649018
 10
308.6317652243031
 20
107.5896986459259
 10
308.6289914599442
 20
107.7410085138576
 10
308.6258490075652
 20
107.8923352203932
 10
308.6223349010502
 20
108.0436726807541
 10
308.6184461392467
 20
108.1950147572227
 10
308.6163603148536
 20
108.2706855938393
 10
308.6141796846741
 20
108.3463552585505
 10
308.6119038631328
 20
108.422022968991
 10
308.6095324622247
 20
108.4976879393753
 10
308.6070650914692
 20
108.5733493804803
 10
308.6045013578754
 20
108.64900649963
 10
308.601840865896
 20
108.7246585006717
 10
308.5990832173901
 20
108.8003045839621
 10
308.5962280115838
 20
108.8759439463465
 10
308.5932748450271
 20
108.9515757811411
 10
308.5902233115545
 20
109.0271992781167
 10
308.5870730022445
 20
109.1028136234764
 10
308.5838235053792
 20
109.1784179998408
 10
308.5804744064044
 20
109.2540115862269
 10
308.5770252878891
 20
109.3295935580331
 10
308.573475729483
 20
109.4051630870177
 10
308.5698253078801
 20
109.4807193412815
 10
308.5660735967737
 20
109.5562614852507
 10
308.5622201668185
 20
109.6317886796575
 10
308.5582645855915
 20
109.7073000815205
 10
308.5542064175478
 20
109.7827948441293
 10
308.5500452239835
 20
109.8582721170248
 10
308.5457805629924
 20
109.9337310459792
 10
308.54141198943
 20
110.0091707729805
 10
308.5369390548672
 20
110.0845904362121
 10
308.5323613075711
 20
110.1599891700407
 10
308.5276782925065
 20
110.2353661050096
 10
308.5228895513647
 20
110.3107203678403
 10
308.5179946225803
 20
110.3860510814327
 10
308.5129930413581
 20
110.4613573648651
 10
308.5078843396937
 20
110.536638333393
 10
308.5026680463971
 20
110.6118930984498
 10
308.4973436871135
 20
110.6871207676474
 10
308.49191078435
 20
110.7623204447771
 10
308.4863688574928
 20
110.8374912298054
 10
308.4807174228349
 20
110.9126322188806
 10
308.474955993595
 20
110.9877425043265
 10
308.4690840799428
 20
111.0628211746461
 10
308.4631011890204
 20
111.1378673145225
 10
308.457006824965
 20
111.2128800048149
 10
308.4508004889319
 20
111.2878583225618
 10
308.4444816791176
 20
111.3628013409804
 10
308.4380498907803
 20
111.4377081294671
 10
308.4315046162661
 20
111.5125777535953
 10
308.4248453450277
 20
111.5874092751187
 10
308.418071563652
 20
111.6622017519694
 10
308.4111827558766
 20
111.7369542382565
 10
308.4041784026177
 20
111.8116657842713
 10
308.3970579819899
 20
111.8863354364812
 10
308.3898209693311
 20
111.9609622375327
 10
308.382466837223
 20
112.0355452262531
 10
308.3749950555131
 20
112.110083437647
 10
308.3674050913422
 20
112.1845759028984
 10
308.3596964091606
 20
112.2590216493706
 10
308.3518684707553
 20
112.3334197006069
 10
308.3439207352717
 20
112.4077690763279
 10
308.3358526592354
 20
112.4820687924354
 10
308.3276636965747
 20
112.5563178610083
 10
308.3193532986442
 20
112.6305152903076
 10
308.310920914248
 20
112.7046600847706
 10
308.3023659896607
 20
112.7787512450173
 10
308.2936879686506
 20
112.8527877678442
 10
308.2848862925033
 20
112.9267686462291
 10
308.2759604000438
 20
113.0006928693286
 10
308.2669097276583
 20
113.0745594224799
 10
308.2577337093189
 20
113.1483672871986
 10
308.2484317766034
 20
113.2221154411801
 10
308.2390033587212
 20
113.2958028583006
 10
308.2294478825328
 20
113.3694285086159
 10
308.2197647725751
 20
113.4429913583605
 10
308.2099534510823
 20
113.5164903699491
 10
308.200013338011
 20
113.5899245019783
 10
308.1899438510581
 20
113.6632927092216
 10
308.1797444056891
 20
113.7365939426351
 10
308.1694144151575
 20
113.8098271493538
 10
308.1589532905261
 20
113.8829912726925
 10
308.1483604406727
 20
113.9560852521396
 10
308.1376352722046
 20
114.0291080233255
 10
308.1267771893409
 20
114.1020585179753
 10
308.1157855937793
 20
114.1749356638627
 10
308.1046598845713
 20
114.2477383847633
 10
308.0933994579916
 20
114.320465600405
 10
308.082003707414
 20
114.3931162264256
 10
308.07047202318
 20
114.4656891743199
 10
308.0588037924741
 20
114.5381833513977
 10
308.0469983991934
 20
114.6105976607342
 10
308.0350552238198
 20
114.6829310011231
 10
308.0229736432957
 20
114.7551822670292
 10
308.0107530308908
 20
114.8273503485437
 10
307.9983927560795
 20
114.8994341313329
 10
307.9858921844081
 20
114.9714324965947
 10
307.9732506773713
 20
115.0433443210118
 10
307.9604675922817
 20
115.1151684766999
 10
307.9475422821434
 20
115.1869038311667
 10
307.9344740955237
 20
115.25854924726
 10
307.9212623764242
 20
115.330103583125
 10
307.907906464154
 20
115.4015656921515
 10
307.8944056932032
 20
115.4729344229332
 10
307.8807593931118
 20
115.5442086192155
 10
307.8669668883453
 20
115.6153871198512
 10
307.8530274981629
 20
115.6864687587531
 10
307.8389405364955
 20
115.7574523648454
 10
307.8247053118109
 20
115.8283367620191
 10
307.8103211269923
 20
115.8991207690819
 10
307.7957872792053
 20
115.969803199714
 10
307.7811030597748
 20
116.0403828624188
 10
307.7662677540516
 20
116.1108585604777
 10
307.7512806412914
 20
116.1812290919017
 10
307.7361409945199
 20
116.2514932493842
 10
307.7208480804104
 20
116.3216498202551
 10
307.7054011591539
 20
116.3916975864318
 10
307.6897994843305
 20
116.4616353243757
 10
307.674042302782
 20
116.53146180504
 10
307.6581288544858
 20
116.6011757938266
 10
307.6420583724248
 20
116.6707760505385
 10
307.6258300824603
 20
116.7402613293311
 10
307.6094432032043
 20
116.8096303786661
 10
307.5928969458928
 20
116.8788819412645
 10
307.5761905142552
 20
116.9480147540591
 10
307.5593231043892
 20
117.0170275481473
 10
307.5422939046315
 20
117.0859190487456
 10
307.5251020954302
 20
117.1546879751403
 10
307.5077468492176
 20
117.2233330406421
 10
307.4902273302816
 20
117.2918529525367
 10
307.4725426946382
 20
117.3602464120411
 10
307.4546920899032
 20
117.4285121142541
 10
307.4366746551657
 20
117.4966487481107
 10
307.4184895209027
 20
117.5646549963485
 10
307.4001358091455
 20
117.6325295355729
 10
307.3816126338515
 20
117.7002710363913
 10
307.3629191012951
 20
117.7678781635617
 10
307.3440543104671
 20
117.8353495761357
 10
307.3250173534674
 20
117.902683927608
 10
307.3058073159
 20
117.9698798660593
 10
307.2864232772669
 20
118.0369360343058
 10
307.2668643113638
 20
118.1038510700421
 10
307.2471294866751
 20
118.1706236059893
 10
307.2272178667678
 20
118.2372522700396
 10
307.2071285106873
 20
118.303735685405
 10
307.1868604733501
 20
118.3700724707606
 10
307.1664128059407
 20
118.4362612403911
 10
307.1457845563067
 20
118.5023006043387
 10
307.1249747693509
 20
118.568189168548
 10
307.1039824874286
 20
118.633925535011
 10
307.0828067507398
 20
118.6995083019157
 10
307.0614465977277
 20
118.7649360637896
 10
307.0399010654693
 20
118.830207411649
 10
307.0181691900734
 20
118.8953209331414
 10
306.9962500070729
 20
118.9602752126934
 10
306.9741425518221
 20
119.0250688316579
 10
306.951845859889
 20
119.0897003684586
 10
306.9293589674507
 20
119.1541683987352
 10
306.9066809116904
 20
119.218471495493
 10
306.8838107311877
 20
119.2826082292452
 10
306.8607474663188
 20
119.3465771681611
 10
306.8374901596457
 20
119.4103768782127
 10
306.8140378563151
 20
119.4740059233187
 10
306.7903896044517
 20
119.5374628654918
 10
306.7665444555526
 20
119.6007462649846
 10
306.7425014648822
 20
119.6638546804372
 10
306.718259691868
 20
119.72678666902
 10
306.6938182004927
 20
119.7895407865829
 10
306.6691760596932
 20
119.8521155877997
 10
306.6443323437507
 20
119.9145096263158
 10
306.6192861326888
 20
119.9767214548916
 10
306.5940365126665
 20
120.0387496255516
 10
306.568582576374
 20
120.1005926897277
 10
306.5429234234274
 20
120.1622491984077
 10
306.5170581607619
 20
120.2237177022808
 10
306.4909859030278
 20
120.2849967518824
 10
306.4647057729867
 20
120.3460848977416
 10
306.4382169019025
 20
120.4069806905256
 10
306.4115184299396
 20
120.4676826811891
 10
306.3846095065568
 20
120.5281894211168
 10
306.3574892909004
 20
120.588499462272
 10
306.3301569522007
 20
120.6486113573397
 10
306.302611670166
 20
120.7085236598769
 10
306.2748526353789
 20
120.768234924456
 10
306.2468790496699
 20
120.827743706808
 10
306.2186901263408
 20
120.887048563951
 10
306.1902850901912
 20
120.9461480542866
 10
306.1616631775188
 20
121.0050407377057
 10
306.132823636112
 20
121.06372517568
 10
306.1037657252502
 20
121.1221999313632
 10
306.0744887156973
 20
121.1804635696892
 10
306.0449918897006
 20
121.2385146574693
 10
306.0152745409857
 20
121.2963517634914
 10
305.9853359747535
 20
121.3539734586166
 10
305.9551755076773
 20
121.4113783158795
 10
305.9247924678977
 20
121.4685649105845
 10
305.8941861950215
 20
121.5255318204049
 10
305.8633560401166
 20
121.5822776254802
 10
305.8323013657081
 20
121.6388009085167
 10
305.8010215457771
 20
121.6951002548812
 10
305.7695159657547
 20
121.7511742527042
 10
305.737784022519
 20
121.8070214929745
 10
305.7058251243934
 20
121.862640569639
 10
305.6736386911413
 20
121.9180300796996
 10
305.6412241539633
 20
121.9731886233132
 10
305.6085809554937
 20
122.0281148038877
 10
305.5757085497968
 20
122.0828072281823
 10
305.5426064023643
 20
122.1372645064046
 10
305.5092739901094
 20
122.1914852523075
 10
305.475710801367
 20
122.2454680832907
 10
305.4419163358877
 20
122.2992116204952
 10
305.4078901048336
 20
122.3527144889043
 10
305.3736316307779
 20
122.4059753174381
 10
305.3391404476984
 20
122.4589927390582
 10
305.3044161009757
 20
122.5117653908574
 10
305.2694581473894
 20
122.5642919141652
 10
305.2342661551141
 20
122.6165709546422
 10
305.1988397037168
 20
122.668601162379
 10
305.1631783841528
 20
122.7203811919939
 10
305.1272817987621
 20
122.7719097027317
 10
305.0911495612654
 20
122.823185358563
 10
305.0547812967642
 20
122.8742068282791
 10
305.0181766417309
 20
122.9249727855934
 10
304.981335244012
 20
122.9754819092386
 10
304.9442567628191
 20
123.0257328830637
 10
304.9069408687301
 20
123.0757243961327
 10
304.8693872436825
 20
123.1254551428248
 10
304.8315955809698
 20
123.1749238229295
 10
304.7935655852417
 20
123.2241291417464
 10
304.7552969724963
 20
123.2730698101837
 10
304.7167894700781
 20
123.3217445448542
 10
304.6780428166766
 20
123.3701520681761
 10
304.6390567623191
 20
123.4182911084702
 10
304.5998310683712
 20
123.4661604000574
 10
304.560365507529
 20
123.5137586833585
 10
304.5206598638434
 20
123.5610847049939
 10
304.4807139330925
 20
123.608137217959
 10
304.4405275237669
 20
123.6549149819142
 10
304.4001004582238
 20
123.7014167635057
 10
304.3594325738374
 20
123.7476413366949
 10
304.3185237241541
 20
123.7935874830764
 10
304.2773737800466
 20
123.8392539922074
 10
304.2359826308662
 20
123.8846396619271
 10
304.1943501855973
 20
123.9297432986822
 10
304.1524763740127
 20
123.9745637178529
 10
304.1103611478237
 20
124.0190997440741
 10
304.0680044818365
 20
124.0633502115597
 10
304.0254063751047
 20
124.1073139644282
 10
303.9825668520841
 20
124.1509898570247
 10
303.9394859637852
 20
124.1943767542471
 10
303.9178550311429
 20
124.215961477838
 10
303.8961637889279
 20
124.2374735318676
 10
303.8744122515006
 20
124.2589127775589
 10
303.8526004350949
 20
124.2802790768567
 10
303.8307283578573
 20
124.3015722924362
 10
303.8087960398831
 20
124.322792287711
 10
303.7868035032515
 20
124.343938926847
 10
303.7647507720614
 20
124.365012074771
 10
303.7426378724691
 20
124.3860115971793
 10
303.7204648327222
 20
124.4069373605502
 10
303.6982316831974
 20
124.4277892321529
 10
303.6759384564346
 20
124.4485670800573
 10
303.6535851871755
 20
124.469270773145
 10
303.6311719123986
 20
124.4899001811189
 10
303.6086986713534
 20
124.5104551745138
 10
303.5861655055989
 20
124.5309356247056
 10
303.5635724590395
 20
124.5513414039217
 10
303.5409195779597
 20
124.5716723852532
 10
303.5182069110599
 20
124.5919284426616
 10
303.4954345094951
 20
124.6121094509905
 10
303.4726024269088
 20
124.6322152859768
 10
303.4497107194677
 20
124.652245824259
 10
303.4267594459018
 20
124.6722009433886
 10
303.4037486675373
 20
124.6920805218402
 10
303.3806784483327
 20
124.7118844390199
 10
303.357548854917
 20
124.731612575277
 10
303.3343599566233
 20
124.7512648119159
 10
303.3111118255277
 20
124.7708410312009
 10
303.2878045364814
 20
124.7903411163715
 10
303.2644381671503
 20
124.8097649516507
 10
303.2410127980498
 20
124.8291124222543
 10
303.2175285125802
 20
124.8483834144027
 10
303.1939853970635
 20
124.8675778153284
 10
303.17038354078
 20
124.8866955132889
 10
303.1467230360027
 20
124.9057363975765
 10
303.1230039780342
 20
124.924700358526
 10
303.0992264652444
 20
124.9435872875274
 10
303.0753905991027
 20
124.9623970770351
 10
303.0514964842188
 20
124.9811296205778
 10
303.0275442283743
 20
124.9997848127679
 10
303.0035339425615
 20
125.0183625493145
 10
302.9794657410193
 20
125.0368627270306
 10
302.955339741268
 20
125.0552852438437
 10
302.9311560641466
 20
125.0736299988067
 10
302.9069148338468
 20
125.0918968921086
 10
302.882616177952
 20
125.110085825083
 10
302.858260227472
 20
125.1281967002185
 10
302.8338471168782
 20
125.1462294211699
 10
302.8093769841402
 20
125.164183892768
 10
302.784849970763
 20
125.1820600210296
 10
302.7602662218213
 20
125.1998577131663
 10
302.7356258859961
 20
125.2175768775974
 10
302.7109291156119
 20
125.2352174239568
 10
302.6861760666711
 20
125.2527792631056
 10
302.6613668988917
 20
125.2702623071419
 10
302.6365017757415
 20
125.2876664694094
 10
302.6115808644755
 20
125.3049916645094
 10
302.5866043361714
 20
125.3222378083088
 10
302.5615723657665
 20
125.3394048179528
 10
302.536485132092
 20
125.3564926118729
 10
302.5113428179104
 20
125.3735011097985
 10
302.4861456099521
 20
125.3904302327653
 10
302.46089369895
 20
125.4072799031276
 10
302.4355872796759
 20
125.4240500445657
 10
302.4102265509768
 20
125.4407405820996
 10
302.3848117158125
 20
125.4573514420962
 10
302.3593429812883
 20
125.4738825522797
 10
302.333820558693
 20
125.4903338417437
 10
302.3082446635356
 20
125.5067052409581
 10
302.2826155155812
 20
125.5229966817834
 10
302.2569333388851
 20
125.5392080974773
 10
302.2311983618302
 20
125.5553394227057
 10
302.2054108171635
 20
125.5713905935535
 10
302.1795709420114
 20
125.5873615475307
 10
302.153678977849
 20
125.6032522235695
 10
302.1277351704536
 20
125.6190625620156
 10
302.101739769854
 20
125.6347925046238
 10
302.0756930302814
 20
125.6504419945512
 10
302.0495952101202
 20
125.6660109763466
 10
302.0234465718588
 20
125.6814993959489
 10
301.9972473820395
 20
125.6969072006764
 10
301.9709979112113
 20
125.7122343392222
 10
301.9446984338787
 20
125.727480761644
 10
301.9183492284512
 20
125.7426464193614
 10
301.8919505771981
 20
125.7577312651472
 10
301.8655027661953
 20
125.7727352531188
 10
301.8390060852783
 20
125.7876583387345
 10
301.8124608279917
 20
125.8025004787841
 10
301.7592257767387
 20
125.8319417559667
 10
301.7058000331092
 20
125.861058765374
 10
301.6521860739729
 20
125.8898512085913
 10
301.5983864308172
 20
125.918318807862
 10
301.5444036881715
 20
125.9464613058672
 10
301.4902404820283
 20
125.9742784655055
 10
301.4358994982646
 20
126.0017700696716
 10
301.3813834710675
 20
126.0289359210366
 10
301.3266951813533
 20
126.0557758418294
 10
301.2718374551911
 20
126.0822896736124
 10
301.2168131622248
 20
126.1084772770665
 10
301.1616252140965
 20
126.1343385317658
 10
301.1062765628683
 20
126.1598733359607
 10
301.0507701994427
 20
126.1850816063542
 10
300.995109151988
 20
126.2099632778869
 10
300.9392964843597
 20
126.2345183035101
 10
300.8833352945211
 20
126.2587466539713
 10
300.8272287129682
 20
126.282648317591
 10
300.7709799011499
 20
126.3062233000411
 10
300.7145920498925
 20
126.329471624129
 10
300.6580683778188
 20
126.3523933295718
 10
300.601412129774
 20
126.3749884727814
 10
300.5446265752465
 20
126.3972571266394
 10
300.4877150067891
 20
126.419199380281
 10
300.4306807384443
 20
126.4408153388698
 10
300.3735271041626
 20
126.4621051233833
 10
300.3162574562286
 20
126.483068870388
 10
300.2588751636823
 20
126.5037067318214
 10
300.2013836107384
 20
126.52401887477
 10
300.1437861952146
 20
126.5440054812508
 10
300.0860863269475
 20
126.5636667479902
 10
300.0282874262193
 20
126.5830028862029
 10
299.9703929221798
 20
126.6020141213729
 10
299.912406251266
 20
126.6207006930329
 10
299.8543308556266
 20
126.6390628545425
 10
299.7961701815455
 20
126.6571008728709
 10
299.7379276778596
 20
126.6748150283732
 10
299.6796067943876
 20
126.6922056145721
 10
299.6212109803463
 20
126.7092729379374
 10
299.5627436827768
 20
126.7260173176649
 10
299.5042083449648
 20
126.7424390854572
 10
299.4456084048644
 20
126.7585385853035
 10
299.3869472935191
 20
126.7743161732562
 10
299.3282284335031
 20
126.7897722172181
 10
299.2694552382768
 20
126.8049070969114
 10
299.2106311149886
 20
126.81972120454
 10
299.1517594692587
 20
126.834214945865
 10
299.0928437100945
 20
126.8483887412967
 10
299.0338872548122
 20
126.8622430269922
 10
298.9748935339511
 20
126.8757782559513
 10
298.9158659961936
 20
126.888994899113
 10
298.8568081132797
 20
126.9018934464537
 10
298.7977233849302
 20
126.9144744080786
 10
298.7386153437591
 20
126.9267383153228
 10
298.6794875601935
 20
126.9386857218455
 10
298.6203436473935
 20
126.9503172047267
 10
298.5611872661642
 20
126.9616333655618
 10
298.5020221298815
 20
126.9726348315616
 10
298.442852009401
 20
126.9833222566436
 10
298.3836807379839
 20
126.9936963225335
 10
298.324512216208
 20
127.0037577398573
 10
298.2653504168904
 20
127.0135072492401
 10
298.2061993900026
 20
127.0229456224015
 10
298.1470632675887
 20
127.0320736632498
 10
298.0879462686847
 20
127.0408922089834
 10
298.0288527042324
 20
127.0494021311817
 10
297.9697869820022
 20
127.057604336905
 10
297.9107536115072
 20
127.0654997697883
 10
297.8517572089222
 20
127.0730894111389
 10
297.7928025020016
 20
127.0803742810332
 10
297.7338943349957
 20
127.0873554394116
 10
297.6750376735716
 20
127.094033987175
 10
297.6162376097276
 20
127.1004110672823
 10
297.5574993667121
 20
127.1064878658442
 10
297.498828303943
 20
127.1122656132238
 10
297.4402299219219
 20
127.1177455851277
 10
297.3817098671563
 20
127.1229291037062
 10
297.323273937073
 20
127.1278175386466
 10
297.2649280849392
 20
127.132412308272
 10
297.2066784247787
 20
127.1367148806363
 10
297.1485312362884
 20
127.1407267746206
 10
297.090492969759
 20
127.1444495610299
 10
297.0325702509919
 20
127.1478848636879
 10
296.9747698862138
 20
127.1510343605357
 10
296.9170988669997
 20
127.1538997847266
 10
296.859564375185
 20
127.1564829257211
 10
296.8021737877891
 20
127.1587856303863
 10
296.7449346819277
 20
127.1608098040896
 10
296.6878548397353
 20
127.1625574117955
 10
296.6309422532776
 20
127.1640304791631
 10
296.5742051294759
 20
127.1652310936414
 10
296.5176518950186
 20
127.1661614055637
 10
296.4612912012827
 20
127.1668236292487
 10
296.4051319292499
 20
127.1672200440916
 10
296.3491831944149
 20
127.1673529956609
 10
296.2934543502676
 20
127.1672248965068
 10
296.2379549836813
 20
127.1668382253293
 10
296.1826949035507
 20
127.1661955247973
 10
296.1276841286837
 20
127.1652993992045
 10
296.0729328756832
 20
127.1641525121308
 10
296.0184515468343
 20
127.1627575841036
 10
295.9642507179901
 20
127.1611173902574
 10
295.9372588405034
 20
127.1602062002368
 10
295.9103411264584
 20
127.1592347579921
 10
295.8834989412594
 20
127.1582034247318
 10
295.8567336588857
 20
127.1571125646374
 10
295.8300466615149
 20
127.1559625447928
 10
295.8034393391434
 20
127.1547537351088
 10
295.7769130892096
 20
127.1534865082519
 10
295.7504693162142
 20
127.1521612395694
 10
295.7241094313399
 20
127.1507783070186
 10
295.6978348520769
 20
127.1493380910906
 10
295.6716470018402
 20
127.1478409747411
 10
295.6455473095933
 20
127.1462873433124
 10
295.6195372094701
 20
127.1446775844656
 10
295.5936181403933
 20
127.1430120881022
 10
295.5677915457007
 20
127.1412912462966
 10
295.5420588727606
 20
127.1395154532168
 10
295.5164215725995
 20
127.1376851050569
 10
295.4908810995178
 20
127.1358005999602
 10
295.4654389107166
 20
127.1338623379478
 10
295.4400964659136
 20
127.131870720846
 10
295.4148552269704
 20
127.1298261522108
 10
295.3897166575075
 20
127.127729037258
 10
295.3646822225323
 20
127.1255797827861
 10
295.3397533880556
 20
127.123378797107
 10
295.3149316207152
 20
127.1211264899719
 10
295.2902183873971
 20
127.1188232724955
 10
295.2656151548562
 20
127.1164695570875
 10
295.2411233893379
 20
127.1140657573743
 10
295.216744556202
 20
127.1116122881309
 10
295.1924801195405
 20
127.1091095652038
 10
295.1683315417997
 20
127.106558005441
 10
295.1443002834039
 20
127.1039580266153
 10
295.1203878023754
 20
127.1013100473558
 10
295.0965955539554
 20
127.0986144870699
 10
295.0729249902261
 20
127.0958717658748
 10
295.0493775597319
 20
127.0930823045198
 10
295.0259547071017
 20
127.0902465243174
 10
295.0026578726681
 20
127.0873648470667
 10
294.9794884920921
 20
127.0844376949826
 10
294.9564479959808
 20
127.0814654906232
 10
294.9335378095119
 20
127.0784486568131
 10
294.9107593520542
 20
127.0753876165737
 10
294.888114036789
 20
127.0722827930496
 10
294.8656032703294
 20
127.0691346094338
 10
294.8432284523462
 20
127.0659434888959
 10
294.8209909751844
 20
127.0627098545094
 10
294.7988922234896
 20
127.0594341291777
 10
294.7769335738253
 20
127.0561167355598
 10
294.7551163942953
 20
127.0527580960007
 10
294.7334420441671
 20
127.0493586324547
 10
294.7119118734913
 20
127.0459187664137
 10
294.6905272227232
 20
127.0424389188352
 10
294.6692894223464
 20
127.0389195100676
 10
294.6481997924904
 20
127.0353609597768
 10
294.6272596425556
 20
127.031763686875
 10
294.6064702708331
 20
127.0281281094456
 10
294.5858329641254
 20
127.0244546446713
 10
294.5653489973696
 20
127.0207437087601
 10
294.5450196332582
 20
127.0169957168747
 10
294.5248461218594
 20
127.0132110830538
 10
294.5048297002399
 20
127.0093902201456
 10
294.4849715920866
 20
127.0055335397307
 10
294.465273007326
 20
127.0016414520492
 10
294.4457351417478
 20
126.9977143659288
 10
294.4263591766254
 20
126.9937526887111
 10
294.4071462783366
 20
126.9897568261796
 10
294.3880975979865
 20
126.9857271824841
 10
294.3692142710279
 20
126.9816641600686
 10
294.3504974168843
 20
126.9775681596005
 10
294.3319481385677
 20
126.9734395798945
 10
294.3135675223052
 20
126.96927881784
 10
294.2953566371551
 20
126.9650862683298
 10
294.2773165346326
 20
126.9608623241849
 10
294.2594482483297
 20
126.9566073760814
 10
294.241752793534
 20
126.9523218124808
 10
294.224231166856
 20
126.9480060195512
 10
294.2068843458451
 20
126.9436603810991
 10
294.1897132886119
 20
126.9392852784941
 10
294.1727189334541
 20
126.9348810905958
 10
294.155902198472
 20
126.9304481936812
 10
294.139263981193
 20
126.9259869613719
 10
294.1228051581926
 20
126.9214977645582
 10
294.1065265847163
 20
126.9169809713312
 10
294.0904290943005
 20
126.9124369469052
 10
294.0745134983936
 20
126.9078660535459
 10
294.0587805859765
 20
126.903268650498
 10
294.043231123188
 20
126.8986450939117
 10
294.0278658529429
 20
126.893995736769
 10
294.0126854946026
 20
126.8893209288169
 10
293.9976907438283
 20
126.8846210165222
 10
293.9828822725299
 20
126.8798963430362
 10
293.9682607288271
 20
126.8751472481633
 10
293.9538267370115
 20
126.8703740683273
 10
293.9395808975025
 20
126.865577136539
 10
293.9255237868112
 20
126.8607567823637
 10
293.911655957498
 20
126.855913331887
 10
293.8979779381339
 20
126.851047107684
 10
293.8844902332593
 20
126.8461584287837
 10
293.871193323344
 20
126.8412476106397
 10
293.858087664748
 20
126.8363149650944
 10
293.8451736896809
 20
126.8313608003471
 10
293.8324518061625
 20
126.8263854209217
 10
293.819922397982
 20
126.8213891276339
 10
293.8075858246577
 20
126.8163722175565
 10
293.7954424213979
 20
126.8113349839893
 10
293.7834924990594
 20
126.8062777164242
 10
293.7717363441096
 20
126.801200700514
 10
293.7601742185851
 20
126.7961042180378
 10
293.748806360051
 20
126.7909885468699
 10
293.7376329815625
 20
126.7858539609445
 10
293.7266542716237
 20
126.7807007302263
 10
293.7158703941477
 20
126.7755291206753
 10
293.705281488416
 20
126.7703393942143
 10
293.6948876690409
 20
126.7651318086954
 10
293.6846890259228
 20
126.7599066178695
 10
293.67468562421
 20
126.7546640713516
 10
293.6648775042611
 20
126.7494044145879
 10
293.6552646816031
 20
126.7441278888238
 10
293.6458471468916
 20
126.7388347310708
 10
293.6366248658708
 20
126.7335251740732
 10
293.6275977793344
 20
126.7281994462753
 10
293.6187658030838
 20
126.7228577717903
 10
293.6101288278888
 20
126.7175003703643
 10
293.6016867194484
 20
126.7121274573464
 10
293.5934393183504
 20
126.706739243654
 10
293.5853864400299
 20
126.7013359357416
 10
293.5775278747309
 20
126.695917735566
 10
293.5698633874658
 20
126.6904848405543
 10
293.5623927179757
 20
126.685037443573
 10
293.5551155806883
 20
126.6795757328914
 10
293.5480316646813
 20
126.6740998921509
 10
293.5411406336394
 20
126.6686101003343
 10
293.5344421258153
 20
126.6631065317277
 10
293.5279357539903
 20
126.6575893558922
 10
293.5216211054332
 20
126.6520587376299
 10
293.5154977418611
 20
126.6465148369501
 10
293.509565199398
 20
126.6409578090369
 10
293.5038229885373
 20
126.6353878042166
 10
293.498270594098
 20
126.6298049679252
 10
293.4929074751888
 20
126.624209440675
 10
293.4877330651643
 20
126.6186013580208
 10
293.4827467715882
 20
126.6129808505301
 10
293.4779479761904
 20
126.6073480437472
 10
293.4733360348297
 20
126.6017030581614
 10
293.4689102774503
 20
126.5960460091753
 10
293.4646700080455
 20
126.5903770070686
 10
293.4606145046154
 20
126.584696156971
 10
293.4567430191268
 20
126.5790035588232
 10
293.4530547774746
 20
126.5732993073484
 10
293.4495489794401
 20
126.567583492016
 10
293.4462247986522
 20
126.5618561970137
 10
293.4430813825464
 20
126.5561175012084
 10
293.4401178523256
 20
126.5503674781188
 10
293.4373333029194
 20
126.5446061958793
 10
293.434726802944
 20
126.5388337172088
 10
293.4322973946629
 20
126.533050099377
 10
293.430044093946
 20
126.5272553941712
 10
293.427965890231
 20
126.5214496478653
 10
293.4260617464806
 20
126.5156329011855
 10
293.424330599145
 20
126.509805189277
 10
293.4227713581205
 20
126.5039665416721
 10
293.4213829067116
 20
126.498116982258
 10
293.4201641015864
 20
126.492256529243
 10
293.4191137727415
 20
126.4863851951221
 10
293.4182307234601
 20
126.4805029866474
 10
293.4175137302699
 20
126.4746099047942
 10
293.4169615429063
 20
126.4687059447268
 10
293.41657288427
 20
126.4627910957659
 10
293.416346450389
 20
126.4568653413582
 10
293.4162809103767
 20
126.4509286590398
 10
293.4163749063917
 20
126.4449810204073
 10
293.4166270535999
 20
126.4390223910815
 10
293.4170359401325
 20
126.4330527306771
 10
293.4176001270468
 20
126.4270719927673
 10
293.4183181482857
 20
126.4210801248552
 10
293.419188510638
 20
126.4150770683351
 10
293.4202096936987
 20
126.4090627584653
 10
293.4213801498275
 20
126.4030371243318
 10
293.4226983041109
 20
126.3970000888157
 10
293.4241625543194
 20
126.3909515685636
 10
293.4257712708705
 20
126.3848914739493
 10
293.4275227967863
 20
126.3788197090453
 10
293.4294154476548
 20
126.3727361715897
 10
293.4314475115887
 20
126.3666407529507
 10
293.4336172491864
 20
126.3605333380959
 10
293.4359228934921
 20
126.3544138055588
 10
293.4383626499543
 20
126.3482820274058
 10
293.4409346963871
 20
126.3421378692054
 10
293.4436371829298
 20
126.3359811899904
 10
293.4464682320065
 20
126.3298118422317
 10
293.4494259383304
 20
126.3236296718087
 10
293.4525083693122
 20
126.3174345180699
 10
293.4557135659395
 20
126.3112262139869
 10
293.4590395437509
 20
126.3050045863247
 10
293.4624842938058
 20
126.2987694558145
 10
293.4660457836524
 20
126.2925206373253
 10
293.4697219582999
 20
126.2862579400352
 10
293.4735107411895
 20
126.2799811676035
 10
293.4774100351622
 20
126.2736901183423
 10
293.4814177234305
 20
126.2673845853883
 10
293.4855316705504
 20
126.2610643568731
 10
293.4897497233873
 20
126.2547292160987
 10
293.4940697120911
 20
126.2483789417046
 10
293.4984894510638
 20
126.2420133078417
 10
293.5030067399302
 20
126.2356320843453
 10
293.5076193645092
 20
126.2292350369029
 10
293.5171217008634
 20
126.2163925132438
 10
293.5269785074098
 20
126.2034837859947
 10
293.537171672623
 20
126.1905068489496
 10
293.5476829572204
 20
126.1774596460631
 10
293.5584940252096
 20
126.16434007694
 10
293.5695864749389
 20
126.151146002336
 10
293.5809418701484
 20
126.1378752496463
 10
293.5925417710169
 20
126.1245256184039
 10
293.6043677652143
 20
126.1110948857737
 10
293.6164014989492
 20
126.0975808120457
 10
293.6286247080194
 20
126.08398114613
 10
293.6410192488625
 20
126.070293631053
 10
293.6535671296025
 20
126.0565160094491
 10
293.6662505411029
 20
126.0426460290585
 10
293.6790518880153
 20
126.0286814482175
 10
293.6919538198269
 20
126.0146200413583
 10
293.7049392619132
 20
126.0004596044989
 10
293.7179914465866
 20
125.9861979607401
 10
293.7310939441442
 20
125.9718329657599
 10
293.7442306939203
 20
125.957362513307
 10
293.7573860353353
 20
125.9427845406962
 10
293.7705447389428
 20
125.9280970343029
 10
293.783692037483
 20
125.9132980350579
 10
293.7968136569296
 20
125.8983856439407
 10
293.8098958475405
 20
125.8833580274747
 10
293.8229254149081
 20
125.8682134232232
 10
293.835889751008
 20
125.8529501452812
 10
293.8487768652476
 20
125.8375665897726
 10
293.8615754155194
 20
125.8220612403432
 10
293.8742747392457
 20
125.8064326736554
 10
293.8868648844321
 20
125.7906795648828
 10
293.899336640716
 20
125.7748006932052
 10
293.9116815704153
 20
125.7587949473032
 10
293.9238920395796
 20
125.7426613308518
 10
293.9359612490383
 20
125.7263989680158
 10
293.9478832654519
 20
125.7100071089437
 10
293.9596530523596
 20
125.6934851352641
 10
293.9712665012313
 20
125.6768325655768
 10
293.9827204625151
 20
125.6600490609507
 10
293.9940127766877
 20
125.643134430416
 10
294.0051423053057
 20
125.6260886364616
 10
294.0161089620517
 20
125.6089118005252
 10
294.0269137437883
 20
125.591604208492
  0
SPLINE
  5
A6
330
70
100
AcDbEntity
  8
0
 62
    18
420
        0
370
    25
100
AcDbSpline
210
0.0
220
0.0
230
1.0
 70
     8
 71
     3
 72
    11
 73
     7
 74
     0
 42
0.0000000001
 43
0.0000000001
 40
0.0
 40
0.0
 40
0.0
 40
0.0
 40
1.0
 40
1.0
 40
1.0
 40
2.0
 40
2.0
 40
2.0
 40
2.0
 10
293.4214268152546
 20
124.0968960952897
 30
0.0
 10
293.9568190743074
 20
124.2324452518386
 30
0.0
 10
294.2809559524683
 20
124.7763507350645
 30
0.0
 10
294.1454067959194
 20
125.3117429941172
 30
0.0
 10
294.1203981409349
 20
125.4105222165693
 30
0.0
 10
294.080439099704
 20
125.5048989382577
 30
0.0
 10
294.0269137437787
 20
125.5916042084862
 30
0.0
  0
LWPOLYLINE
  5
A7
330
70
100
AcDbEntity
  8
0
 62
    18
420
        0
370
    25
100
AcDbPolyline
 90
       48
 70
     0
 43
0.0
 10
293.4214268152546
 20
124.0968960952897
 10
293.3377033203715
 20
124.0746671392136
 10
293.2556539323575
 20
124.0508046114669
 10
293.1752628535948
 20
124.0253246222698
 10
293.0965049635026
 20
123.9982528245039
 10
293.0193465413856
 20
123.9696236987814
 10
292.9437459892896
 20
123.9394798385145
 10
292.869654554852
 20
123.9078712349819
 10
292.7970170541552
 20
123.8748545624017
 10
292.7257725945804
 20
123.8404924629966
 10
292.655855297412
 20
123.8048528323065
 10
292.5871949887487
 20
123.7680081356481
 10
292.5197177098789
 20
123.7300349020123
 10
292.4533460773535
 20
123.6910133656732
 10
292.3879996262339
 20
123.6510271243326
 10
292.3235951533126
 20
123.6101627972988
 10
292.2600470603327
 20
123.5685096836593
 10
292.197267697204
 20
123.5261594204585
 10
292.1351677052222
 20
123.4832056408737
 10
292.0736563602885
 20
123.4397436323905
 10
292.0126419130302
 20
123.3958699977837
 10
291.9520318833282
 20
123.3516823573556
 10
291.8917332755898
 20
123.307279122911
 10
291.8316527729327
 20
123.2627592908082
 10
291.7716969309635
 20
123.2182222353852
 10
291.7117723715582
 20
123.1737675023775
 10
291.6517859766384
 20
123.1294946023422
 10
291.5916450819521
 20
123.085502804082
 10
291.531257670851
 20
123.0418909280657
 10
291.4705325683879
 20
122.9987571394444
 10
291.4093796519227
 20
122.9561987200784
 10
291.3477101237776
 20
122.9143117616455
 10
291.2854368195894
 20
122.8731908133579
 10
291.2224745190845
 20
122.8329285265963
 10
291.158740256856
 20
122.7936152995425
 10
291.0941536331416
 20
122.755338921812
 10
291.0286371245967
 20
122.7181842190867
 10
290.9621163950731
 20
122.6822326977475
 10
290.8945206064225
 20
122.6475621894766
 10
290.8257827442355
 20
122.614246478532
 10
290.755840077017
 20
122.5823547742728
 10
290.6846347756309
 20
122.5519509977846
 10
290.6121145608914
 20
122.5230930358754
 10
290.5382333513694
 20
122.4958319948159
 10
290.462951911196
 20
122.4702114540792
 10
290.3862384978702
 20
122.4462667200833
 10
290.3080695100677
 20
122.4240240799273
 10
290.2284301354433
 20
122.4035000551379
  0
SPLINE
  5
A8
330
70
100
AcDbEntity
  8
0
 62
    18
420
        0
370
    25
100
AcDbSpline
210
0.0
220
0.0
230
1.0
 70
     8
 71
     3
 72
    11
 73
     7
 74
     0
 42
0.0000000001
 43
0.0000000001
 40
0.0
 40
0.0
 40
0.0
 40
0.0
 40
1.0
 40
1.0
 40
1.0
 40
2.0
 40
2.0
 40
2.0
 40
2.0
 10
289.0185725501726
 20
123.140869034472
 30
0.0
 10
289.1478014286646
 20
122.6039162042726
 30
0.0
 10
289.6878484070693
 20
122.2733906355428
 30
0.0
 10
290.2248012372687
 20
122.4026195140347
 30
0.0
 10
290.2260114169589
 20
122.4029107689742
 30
0.0
 10
290.2272210517916
 20
122.403204283189
 30
0.0
 10
290.228430135442
 20
122.4035000551436
 30
0.0
  0
LINE
  5
A9
330
70
100
AcDbEntity
  8
0
 62
    18
420
        0
370
    25
100
AcDbLine
 10
289.0185725501726
 20
123.140869034472
 30
0.0
 11
288.2705607178092
 21
126.2488977899887
 31
0.0
  0
SPLINE
  5
AA
330
70
100
AcDbEntity
  8
0
 62
    18
420
        0
370
    25
100
AcDbSpline
210
0.0
220
0.0
230
1.0
 70
     8
 71
     3
 72
     8
 73
     4
 74
     0
 42
0.0000000001
 43
0.0000000001
 40
0.0
 40
0.0
 40
0.0
 40
0.0
 40
1.0
 40
1.0
 40
1.0
 40
1.0
 10
288.2705607178092
 20
126.2488977899887
 30
0.0
 10
288.1413318393121
 20
126.7858506201855
 30
0.0
 10
287.6012848609061
 20
127.1163761889096
 30
0.0
 10
287.0643320307087
 20
126.9871473104144
 30
0.0
  0
LINE
  5
AB
330
70
100
AcDbEntity
  8
0
 62
    18
420
        0
370
    25
100
AcDbLine
 10
287.0643320307087
 20
126.9871473104144
 30
0.0
 11
283.1093701430859
 21
126.0353033857959
 31
0.0
  0
SPLINE
  5
AC
330
70
100
AcDbEntity
  8
0
 62
    18
420
        0
370
    25
100
AcDbSpline
210
0.0
220
0.0
230
1.0
 70
     8
 71
     3
 72
     8
 73
     4
 74
     0
 42
0.0000000001
 43
0.0000000001
 40
0.0
 40
0.0
 40
0.0
 40
0.0
 40
1.0
 40
1.0
 40
1.0
 40
1.0
 10
283.1093701430859
 20
126.0353033857959
 30
0.0
 10
282.5724173128877
 20
125.9060745073007
 30
0.0
 10
282.2418917441611
 20
125.3660275288941
 30
0.0
 10
282.3711206226563
 20
124.8290746986954
 30
0.0
  0
LINE
  5
AD
330
70
100
AcDbEntity
  8
0
 62
    18
420
        0
370
    25
100
AcDbLine
 10
282.3711206226563
 20
124.8290746986954
 30
0.0
 11
283.0978124546785
 21
121.8096316742336
 31
0.0
  0
SPLINE
  5
AE
330
70
100
AcDbEntity
  8
0
 62
    18
420
        0
370
    25
100
AcDbSpline
210
0.0
220
0.0
230
1.0
 70
     8
 71
     3
 72
     8
 73
     4
 74
     0
 42
0.0000000001
 43
0.0000000001
 40
0.0
 40
0.0
 40
0.0
 40
0.0
 40
1.0
 40
1.0
 40
1.0
 40
1.0
 10
283.1114220688307
 20
121.7432795132743
 30
0.0
 10
283.1076360915634
 20
121.7655442366378
 30
0.0
 10
283.1030969504108
 20
121.7876743147572
 30
0.0
 10
283.0978124546785
 20
121.8096316742336
 30
0.0
  0
LINE
  5
AF
330
70
100
AcDbEntity
  8
0
 62
    18
420
        0
370
    25
100
AcDbLine
 10
281.3962001331029
 20
180.2153456111321
 30
0.0
 11
278.8961989037566
 21
160.2153467287192
 31
0.0
  0
LWPOLYLINE
  5
B0
330
70
100
AcDbEntity
  8
0
 62
    18
420
        0
370
    25
100
AcDbPolyline
 90
       78
 70
     0
 43
0.0
 10
278.8961989037566
 20
160.2153467287192
 10
278.8738204098724
 20
160.1657465587603
 10
278.8512043908647
 20
160.1173124753983
 10
278.828350554575
 20
160.070045912934
 10
278.8052584180929
 20
160.023949242132
 10
278.781927311172
 20
159.979025753442
 10
278.7583563796511
 20
159.9352796402141
 10
278.7345445888721
 20
159.8927159819187
 10
278.710490727096
 20
159.8513407273648
 10
278.6861934091303
 20
159.8111606769052
 10
278.6616510822998
 20
159.7721834531199
 10
278.6368620358055
 20
159.7344174548654
 10
278.6118244108212
 20
159.697871807713
 10
278.5865362105976
 20
159.6625563143434
 10
278.5609953105659
 20
159.6284814049402
 10
278.5351994684444
 20
159.5956580875829
 10
278.5091463343428
 20
159.5640978986283
 10
278.4828334612309
 20
159.5338128513335
 10
278.4562583174379
 20
159.5048153744742
 10
278.4294183008542
 20
159.4771182426349
 10
278.4023107533219
 20
159.4507345055661
 10
278.3749329750218
 20
159.425677417539
 10
278.347282238866
 20
159.4019603667014
 10
278.3193558048841
 20
159.3795968044345
 10
278.2911509346826
 20
159.3586001743935
 10
278.2626649081744
 20
159.3389838303501
 10
278.2338950473531
 20
159.3207609194911
 10
278.2048387434175
 20
159.3039442492585
 10
278.175493484067
 20
159.2885461533334
 10
278.145856880801
 20
159.274578357626
 10
278.1159266962177
 20
159.2620518462608
 10
278.0857008713083
 20
159.2509767275632
 10
278.0551775526509
 20
159.2413621005771
 10
278.0243551180104
 20
159.2332159293712
 10
277.9932321991838
 20
159.226544930889
 10
277.9618077041108
 20
159.2213544664049
 10
277.9300808389695
 20
159.2176484330439
 10
277.8980511302718
 20
159.2154291553083
 10
277.8657184469604
 20
159.2146972765991
 10
277.8330830224912
 20
159.2154516508131
 10
277.8001454733386
 20
159.2176892514749
 10
277.7669067921636
 20
159.2214052052957
 10
277.7333683156298
 20
159.2265929501702
 10
277.6995316886492
 20
159.2332444106992
 10
277.6653988286141
 20
159.2413501737926
 10
277.6309718896286
 20
159.2508996642684
 10
277.5962532267384
 20
159.2618813204525
 10
277.5612453602132
 20
159.2742827695368
 10
277.5259509423898
 20
159.2880909903557
 10
277.490372734146
 20
159.3032924288795
 10
277.4545135869179
 20
159.3198730865019
 10
277.4183764250895
 20
159.3378186064837
 10
277.3819642283878
 20
159.3571143603941
 10
277.3452800142749
 20
159.3777455345536
 10
277.3083268203385
 20
159.3996972164751
 10
277.2711076867308
 20
159.4229544810758
 10
277.2336256395213
 20
159.4475024724208
 10
277.195883675952
 20
159.4733264760947
 10
277.1578847503147
 20
159.5004119885309
 10
277.1196317598485
 20
159.5287447862612
 10
277.0811275306326
 20
159.5583109951592
 10
277.042374803483
 20
159.5890971596882
 10
277.0033762198465
 20
159.6210903121443
 10
276.9641343080347
 20
159.6542780402331
 10
276.9246514724945
 20
159.6886485397658
 10
276.8849299867099
 20
159.7241906494769
 10
276.8449719867551
 20
159.7608938827026
 10
276.8047794648406
 20
159.7987484590393
 10
276.7643542628711
 20
159.8377453359963
 10
276.7236980659926
 20
159.8778762406533
 10
276.6828123961514
 20
159.9191337012854
 10
276.6416986060993
 20
159.9615110768082
 10
276.6003578754454
 20
160.0050025761395
 10
276.5587912081372
 20
160.0496032705831
 10
276.5169994300615
 20
160.0953091055997
 10
276.4749831866449
 20
160.1421169125784
 10
276.4327429404606
 20
160.1900244206063
 10
276.390278968826
 20
160.2390302682381
  0
LINE
  5
B1
330
70
100
AcDbEntity
  8
0
 62
    18
420
        0
370
    25
100
AcDbLine
 10
276.390278968826
 20
160.2390302682381
 30
0.0
 11
271.3962001331025
 21
180.2153456111321
 31
0.0
  0
LWPOLYLINE
  5
B2
330
70
100
AcDbEntity
  8
0
 62
    18
420
        0
370
    25
100
AcDbPolyline
 90
       78
 70
     0
 43
0.0
 10
271.3962001331025
 20
180.2153456111321
 10
271.3475769087196
 20
180.3277379515305
 10
271.299156289585
 20
180.4391351643603
 10
271.2509385305971
 20
180.5495359976502
 10
271.20292405966
 20
180.6589383496809
 10
271.1551134788774
 20
180.7673392631272
 10
271.1075075657439
 20
180.874734919198
 10
271.0601072743404
 20
180.9811206317774
 10
271.012913736525
 20
181.0864908415656
 10
270.9659282629932
 20
181.1908391108775
 10
270.9191523428132
 20
181.2941581259162
 10
270.8725876407668
 20
181.3964397098459
 10
270.8262359942102
 20
181.4976748382029
 10
270.7800994099295
 20
181.5978536543402
 10
270.7341800609981
 20
181.6969654848691
 10
270.6884802836298
 20
181.7949988551011
 10
270.6430025740357
 20
181.8919415045085
 10
270.5977495848323
 20
181.9877804043486
 10
270.5527241189423
 20
182.0825017876214
 10
270.5079291214074
 20
182.176091189293
 10
270.4633676709617
 20
182.268533487672
 10
270.4190429716119
 20
182.3598129457839
 10
270.3749583442074
 20
182.4499132527475
 10
270.3311172180214
 20
182.5388175651512
 10
270.2875231222932
 20
182.6265085485754
 10
270.2441796767176
 20
182.7129684243269
 10
270.2010905786496
 20
182.7981790322585
 10
270.1582595887606
 20
182.8821219012443
 10
270.1156905166048
 20
182.9647783200573
 10
270.0733872061909
 20
183.046129408246
 10
270.0313535215503
 20
183.1261561870072
 10
269.9895933323105
 20
183.2048396500639
 10
269.9481104990899
 20
183.2821608353755
 10
269.9069088563986
 20
183.3581009091421
 10
269.8659921911828
 20
183.4326412711856
 10
269.8253642202104
 20
183.5057636660123
 10
269.7850285674375
 20
183.5774502939889
 10
269.7449887413753
 20
183.647683922516
 10
269.7052481124519
 20
183.716447997203
 10
269.6658098903778
 20
183.7837267530532
 10
269.6266771009919
 20
183.8495053281782
 10
269.587852559459
 20
183.913769895459
 10
269.5493388398051
 20
183.9765078121557
 10
269.5111382439474
 20
184.0377077720449
 10
269.4732527707131
 20
184.0973599575704
 10
269.435684084864
 20
184.1554561919892
 10
269.3984334861208
 20
184.2119900915228
 10
269.361501878365
 20
184.2669572166157
 10
269.3248897481957
 20
184.3203551772587
 10
269.2885971786454
 20
184.3721835656193
 10
269.2526238831256
 20
184.4224437893313
 10
269.2169692407361
 20
184.471138898038
 10
269.1816323315844
 20
184.5182734099354
 10
269.1466119721018
 20
184.5638531383132
 10
269.1119067503545
 20
184.607885018099
 10
269.0775150612179
 20
184.6503769331198
 10
269.0434351387013
 20
184.6913375573174
 10
269.0096650823183
 20
184.7307762252279
 10
268.9762028815244
 20
184.7687028119586
 10
268.9430464400991
 20
184.8051276134262
 10
268.9101936005286
 20
184.8400612265953
 10
268.8776421683912
 20
184.8735144297199
 10
268.8453899367358
 20
184.9054980625842
 10
268.813434710131
 20
184.9360229083948
 10
268.7817743257109
 20
184.9650995904098
 10
268.7504066706166
 20
184.9927384862661
 10
268.7193296988072
 20
185.018949645417
 10
268.6885414478635
 20
185.0437427065938
 10
268.6580400557934
 20
185.0671268152639
 10
268.6278237778359
 20
185.0891105410943
 10
268.5978910032571
 20
185.1097017954575
 10
268.5682402713953
 20
185.1289077526247
 10
268.5388702842469
 20
185.146734787947
 10
268.5097799166552
 20
185.1631884278057
 10
268.4809682262925
 20
185.178273300592
 10
268.4524344636387
 20
185.1919930876929
 10
268.4241780819613
 20
185.204350474471
 10
268.3961987472949
 20
185.2153471012482
  0
LWPOLYLINE
  5
B3
330
70
100
AcDbEntity
  8
0
 62
    18
420
        0
370
    25
100
AcDbPolyline
 90
       78
 70
     0
 43
0.0
 10
268.3961987472949
 20
185.2153441210159
 10
268.4241780819613
 20
185.2263407477935
 10
268.4524344636387
 20
185.2386981345716
 10
268.4809682262925
 20
185.2524179216722
 10
268.5097799166552
 20
185.2675027944588
 10
268.5388702842469
 20
185.2839564343175
 10
268.5682402713953
 20
185.3017834696398
 10
268.5978910032571
 20
185.3209894268067
 10
268.6278237778359
 20
185.3415806811698
 10
268.6580400557934
 20
185.3635644070003
 10
268.6885414478635
 20
185.3869485156703
 10
268.7193296988072
 20
185.4117415768471
 10
268.7504066706166
 20
185.4379527359981
 10
268.7817743257109
 20
185.4655916318544
 10
268.813434710131
 20
185.494668313869
 10
268.8453899367358
 20
185.52519315968
 10
268.8776421683912
 20
185.5571767925443
 10
268.9101936005286
 20
185.5906299956689
 10
268.9430464400991
 20
185.625563608838
 10
268.9762028815244
 20
185.6619884103052
 10
269.0096650823183
 20
185.6999149970359
 10
269.0434351387013
 20
185.7393536649468
 10
269.0775150612185
 20
185.780314289144
 10
269.1119067503545
 20
185.8228062041649
 10
269.1466119721018
 20
185.8668380839507
 10
269.1816323315844
 20
185.9124178123288
 10
269.2169692407361
 20
185.9595523242261
 10
269.2526238831256
 20
186.0082474329328
 10
269.2885971786454
 20
186.0585076566449
 10
269.3248897481957
 20
186.1103360450054
 10
269.361501878365
 20
186.1637340056487
 10
269.3984334861208
 20
186.2187011307417
 10
269.435684084864
 20
186.2752350302756
 10
269.4732527707131
 20
186.3333312646944
 10
269.5111382439474
 20
186.3929834502199
 10
269.5493388398051
 20
186.4541834101094
 10
269.587852559459
 20
186.5169213268061
 10
269.6266771009919
 20
186.5811858940872
 10
269.6658098903778
 20
186.6469644692125
 10
269.7052481124519
 20
186.7142432250627
 10
269.7449887413753
 20
186.7830072997501
 10
269.7850285674375
 20
186.8532409282772
 10
269.8253642202104
 20
186.9249275562541
 10
269.8659921911828
 20
186.9980499510808
 10
269.9069088563986
 20
187.0725903131246
 10
269.9481104990899
 20
187.1485303868912
 10
269.9895933323105
 20
187.2258515722028
 10
270.0313535215503
 20
187.3045350352599
 10
270.0733872061909
 20
187.3845618140213
 10
270.1156905166048
 20
187.4659129022097
 10
270.1582595887606
 20
187.5485693210231
 10
270.2010905786496
 20
187.6325121900088
 10
270.2441796767176
 20
187.7177227979404
 10
270.2875231222932
 20
187.8041826736923
 10
270.3311172180214
 20
187.8918736571162
 10
270.3749583442074
 20
187.9807779695198
 10
270.4190429716119
 20
188.0708782764835
 10
270.4633676709617
 20
188.1621577345953
 10
270.5079291214074
 20
188.2546000329744
 10
270.5527241189423
 20
188.3481894346463
 10
270.5977495848323
 20
188.4429108179187
 10
270.6430025740357
 20
188.5387497177588
 10
270.6884802836298
 20
188.635692367166
 10
270.7341800609981
 20
188.733725737398
 10
270.7800994099295
 20
188.8328375679265
 10
270.8262359942102
 20
188.9330163840638
 10
270.8725876407668
 20
189.0342515124205
 10
270.9191523428132
 20
189.1365330963498
 10
270.9659282629932
 20
189.2398521113882
 10
271.012913736525
 20
189.3442003807002
 10
271.0601072743404
 20
189.4495705904881
 10
271.1075075657439
 20
189.5559563030674
 10
271.1551134788774
 20
189.6633519591379
 10
271.20292405966
 20
189.7717528725839
 10
271.2509385305971
 20
189.8811552246146
 10
271.299156289585
 20
189.9915560579042
 10
271.3475769087196
 20
190.102953270734
 10
271.3962001331025
 20
190.2153456111321
  0
LINE
  5
B4
330
70
100
AcDbEntity
  8
0
 62
    18
420
        0
370
    25
100
AcDbLine
 10
271.3962001331025
 20
190.2153456111324
 30
0.0
 11
276.390278968826
 21
210.1916609540265
 31
0.0
  0
LWPOLYLINE
  5
B5
330
70
100
AcDbEntity
  8
0
 62
    18
420
        0
370
    25
100
AcDbPolyline
 90
       78
 70
     0
 43
0.0
 10
276.390278968826
 20
210.1916609540265
 10
276.4327429404606
 20
210.2406668016582
 10
276.4749831866449
 20
210.288574309686
 10
276.5169994300615
 20
210.3353821166649
 10
276.5587912081372
 20
210.3810879516814
 10
276.6003578754454
 20
210.425688646125
 10
276.6416986060993
 20
210.4691801454562
 10
276.6828123961514
 20
210.5115575209791
 10
276.7236980659926
 20
210.5528149816115
 10
276.7643542628711
 20
210.5929458862684
 10
276.8047794648406
 20
210.6319427632255
 10
276.8449719867551
 20
210.6697973395622
 10
276.8849299867099
 20
210.7065005727883
 10
276.9246514724945
 20
210.7420426824993
 10
276.9641343080347
 20
210.7764131820323
 10
277.0033762198465
 20
210.8096009101215
 10
277.042374803483
 20
210.8415940625776
 10
277.0811275306326
 20
210.8723802271069
 10
277.1196317598485
 20
210.9019464360049
 10
277.1578847503147
 20
210.9302792337355
 10
277.195883675952
 20
210.9573647461721
 10
277.2336256395213
 20
210.9831887498459
 10
277.2711076867308
 20
211.0077367411909
 10
277.3083268203385
 20
211.0309940057919
 10
277.3452800142749
 20
211.0529456877135
 10
277.3819642283878
 20
211.073576861873
 10
277.4183764250895
 20
211.0928726157836
 10
277.4545135869179
 20
211.1108181357652
 10
277.490372734146
 20
211.1273987933876
 10
277.5259509423898
 20
211.1426002319114
 10
277.5612453602132
 20
211.1564084527306
 10
277.5962532267384
 20
211.1688099018146
 10
277.6309718896286
 20
211.1797915579987
 10
277.6653988286141
 20
211.1893410484741
 10
277.6995316886492
 20
211.1974468115675
 10
277.7333683156298
 20
211.2040982720962
 10
277.7669067921636
 20
211.20928601697
 10
277.8001454733386
 20
211.2130019707909
 10
277.8330830224912
 20
211.215239571452
 10
277.8657184469604
 20
211.215993945666
 10
277.8980511302718
 20
211.2152620669562
 10
277.9300808389695
 20
211.2130427892203
 10
277.9618077041108
 20
211.209336755859
 10
277.9932321991838
 20
211.2041462913742
 10
278.0243551180104
 20
211.1974752928917
 10
278.0551775526509
 20
211.1893291216851
 10
278.0857008713083
 20
211.1797144946987
 10
278.1159266962177
 20
211.1686393760005
 10
278.145856880801
 20
211.1561128646349
 10
278.175493484067
 20
211.1421450689272
 10
278.2048387434175
 20
211.1267469730019
 10
278.2338950473531
 20
211.1099303027685
 10
278.2626649081744
 20
211.0917073919093
 10
278.2911509346826
 20
211.0720910478655
 10
278.3193558048841
 20
211.0510944178246
 10
278.347282238866
 20
211.0287308555573
 10
278.3749329750218
 20
211.0050138047201
 10
278.4023107533219
 20
210.9799567166926
 10
278.4294183008542
 20
210.9535729796238
 10
278.4562583174379
 20
210.9258758477849
 10
278.4828334612309
 20
210.8968783709256
 10
278.5091463343428
 20
210.8665933236311
 10
278.5351994684444
 20
210.8350331346765
 10
278.5609953105659
 20
210.8022098173195
 10
278.5865362105976
 20
210.7681349079166
 10
278.6118244108212
 20
210.7328194145473
 10
278.6368620358055
 20
210.6962737673952
 10
278.6616510822998
 20
210.6585077691411
 10
278.6861934091303
 20
210.6195305453564
 10
278.710490727096
 20
210.5793504948971
 10
278.7345445888721
 20
210.5379752403439
 10
278.7583563796511
 20
210.4954115820491
 10
278.781927311172
 20
210.4516654688215
 10
278.8052584180929
 20
210.4067419801315
 10
278.828350554575
 20
210.3606453093302
 10
278.8512043908647
 20
210.3133787468662
 10
278.8738204098724
 20
210.2649446635042
 10
278.8961989037566
 20
210.2153444935453
  0
LINE
  5
B6
330
70
100
AcDbEntity
  8
0
 62
    18
420
        0
370
    25
100
AcDbLine
 10
278.8961989037566
 20
210.2153444935453
 30
0.0
 11
281.3962001331029
 21
190.2153456111324
 31
0.0
  0
LWPOLYLINE
  5
B7
330
70
100
AcDbEntity
  8
0
 62
    18
420
        0
370
    25
100
AcDbPolyline
 90
       78
 70
     0
 43
0.0
 10
281.3962001331029
 20
190.2153456111324
 10
281.4448232801515
 20
190.1029532648984
 10
281.4932438228802
 20
189.991556046379
 10
281.5414615063914
 20
189.8811552075464
 10
281.5894759027837
 20
189.77175285012
 10
281.6372864099557
 20
189.6633519314255
 10
281.6848922504154
 20
189.5559562702541
 10
281.7322924700879
 20
189.4495705527225
 10
281.7794859371188
 20
189.3442003381308
 10
281.8264713408203
 20
189.2398520641653
 10
281.8732471921293
 20
189.1365330446238
 10
281.9198118262718
 20
189.0342514563424
 10
281.9661634059011
 20
188.9330163237865
 10
282.0122999242394
 20
188.8328375036032
 10
282.0582192082238
 20
188.7337256691835
 10
282.10391892165
 20
188.6356922952161
 10
282.1493965683204
 20
188.5387496422302
 10
282.1946494956301
 20
188.4429107389698
 10
282.2396749006685
 20
188.3481893524366
 10
282.2844698384079
 20
188.2545999476653
 10
282.3290312301271
 20
188.1621576463486
 10
282.373355871837
 20
188.070878185463
 10
282.4174404427007
 20
187.9807778758905
 10
282.4612815134632
 20
187.8918735610439
 10
282.5048755548991
 20
187.8041825753449
 10
282.548218947333
 20
187.7177226974866
 10
282.5913079934248
 20
187.6325120876187
 10
282.634138932522
 20
187.5485692168673
 10
282.6767079550874
 20
187.46591279646
 10
282.7190112171306
 20
187.3845617068502
 10
282.7610448546371
 20
187.3045349268413
 10
282.8028049979993
 20
187.225851462711
 10
282.8442877866153
 20
187.1485302765011
 10
282.885489385994
 20
187.0725902020112
 10
282.9264060092059
 20
186.99804983942
 10
282.9670339395017
 20
186.9249274442215
 10
283.0073695529411
 20
186.8532408160489
 10
283.04740934103
 20
186.7830071875006
 10
283.0871499333568
 20
186.7142431129669
 10
283.1265881202259
 20
186.6469643574433
 10
283.165720875813
 20
186.5811857828169
 10
283.2045453849669
 20
186.5169212162045
 10
283.2430590736736
 20
186.4541833003436
 10
283.2812596400292
 20
186.3929833414544
 10
283.3191450852142
 20
186.3333311570914
 10
283.3567137444759
 20
186.2752349239929
 10
283.3939643181009
 20
186.2187010259346
 10
283.4308959022133
 20
186.163733902468
 10
283.4675080102164
 20
186.1103359435987
 10
283.5038005590771
 20
186.0585075571552
 10
283.5397738353869
 20
186.0082473354992
 10
283.5754284600413
 20
185.9595522289835
 10
283.610765352929
 20
185.9124177194082
 10
283.6457856976167
 20
185.8668379934794
 10
283.6804909060288
 20
185.8228061162665
 10
283.714882583285
 20
185.7803142039385
 10
283.7489624953682
 20
185.7393535825507
 10
283.7827325427558
 20
185.6999149175637
 10
283.8161947359841
 20
185.6619883338679
 10
283.8493511712638
 20
185.6255635355441
 10
283.8822040060987
 20
185.5906299256252
 10
283.9147554349012
 20
185.5571767258554
 10
283.9470076646115
 20
185.5251930964486
 10
283.9789628906516
 20
185.4946682541962
 10
284.0106232758778
 20
185.4655915758383
 10
284.0419909331385
 20
185.4379526837368
 10
284.0730679084662
 20
185.4117415284364
 10
284.1038561642701
 20
185.3869484712051
 10
284.1343575625346
 20
185.3635643665738
 10
284.1645738480121
 20
185.3415806448747
 10
284.1945066314291
 20
185.3209893947342
 10
284.2241573734412
 20
185.3017834418806
 10
284.253527372046
 20
185.2839564109619
 10
284.2826177523946
 20
185.2675027755964
 10
284.3114294568099
 20
185.2524179073924
 10
284.3399632348093
 20
185.2386981249628
 10
284.3682196331227
 20
185.2263407429448
 10
284.396198985713
 20
185.2153441210163
  0
LWPOLYLINE
  5
B8
330
70
100
AcDbEntity
  8
0
 62
    18
420
        0
370
    25
100
AcDbPolyline
 90
       78
 70
     0
 43
0.0
 10
284.396198985713
 20
185.2153471012485
 10
284.3682196331227
 20
185.2043504793197
 10
284.3399632348093
 20
185.1919930973017
 10
284.3114294568099
 20
185.178273314872
 10
284.2826177523946
 20
185.1631884466678
 10
284.253527372046
 20
185.1467348113026
 10
284.2241573734412
 20
185.1289077803836
 10
284.1945066314291
 20
185.1097018275299
 10
284.1645738480121
 20
185.0891105773895
 10
284.1343575625346
 20
185.06712685569
 10
284.1038561642701
 20
185.0437427510587
 10
284.0730679084655
 20
185.0189496938274
 10
284.0419909331385
 20
184.992738538527
 10
284.0106232758778
 20
184.9650996464252
 10
283.9789628906516
 20
184.9360229680677
 10
283.9470076646115
 20
184.905498125815
 10
283.9147554349012
 20
184.8735144964081
 10
283.8822040060987
 20
184.8400612966383
 10
283.8493511712638
 20
184.8051276867194
 10
283.8161947359841
 20
184.7687028883959
 10
283.7827325427558
 20
184.7307763047001
 10
283.7489624953682
 20
184.6913376397131
 10
283.714882583285
 20
184.6503770183253
 10
283.6804909060288
 20
184.6078851059973
 10
283.6457856976167
 20
184.5638532287844
 10
283.610765352929
 20
184.518273502856
 10
283.5754284600413
 20
184.4711389932806
 10
283.5397738353869
 20
184.422443886765
 10
283.5038005590771
 20
184.3721836651092
 10
283.4675080102164
 20
184.3203552786654
 10
283.4308959022133
 20
184.2669573197961
 10
283.3939643181009
 20
184.2119901963299
 10
283.3567137444759
 20
184.1554562982716
 10
283.3191450852142
 20
184.0973600651734
 10
283.2812596400292
 20
184.0377078808101
 10
283.2430590736743
 20
183.9765079219212
 10
283.2045453849669
 20
183.9137700060603
 10
283.165720875813
 20
183.8495054394479
 10
283.1265881202259
 20
183.7837268648211
 10
283.0871499333568
 20
183.7164481092976
 10
283.04740934103
 20
183.6476840347643
 10
283.0073695529411
 20
183.5774504062163
 10
282.9670339395017
 20
183.5057637780433
 10
282.9264060092059
 20
183.4326413828447
 10
282.885489385994
 20
183.3581010202536
 10
282.8442877866153
 20
183.2821609457637
 10
282.8028049979993
 20
183.2048397595538
 10
282.7610448546371
 20
183.1261562954235
 10
282.7190112171306
 20
183.0461295154146
 10
282.6767079550874
 20
182.9647784258048
 10
282.634138932522
 20
182.8821220053975
 10
282.5913079934248
 20
182.7981791346461
 10
282.548218947333
 20
182.7129685247779
 10
282.5048755548991
 20
182.6265086469196
 10
282.4612815134632
 20
182.5388176612206
 10
282.4174404427007
 20
182.4499133463739
 10
282.373355871837
 20
182.3598130368015
 10
282.3290312301271
 20
182.2685335759159
 10
282.2844698384079
 20
182.1760912745992
 10
282.2396749006685
 20
182.0825018698278
 10
282.1946494956301
 20
181.9877804832946
 10
282.1493965683204
 20
181.8919415800343
 10
282.10391892165
 20
181.7949989270484
 10
282.0582192082238
 20
181.696965553081
 10
282.0122999242394
 20
181.5978537186613
 10
281.9661634059011
 20
181.497674898478
 10
281.9198118262718
 20
181.396439765922
 10
281.8732471921293
 20
181.2941581776407
 10
281.8264713408203
 20
181.1908391580992
 10
281.7794859371188
 20
181.0864908841337
 10
281.7322924700879
 20
180.981120669542
 10
281.6848922504154
 20
180.8747349520103
 10
281.6372864099557
 20
180.7673392908389
 10
281.5894759027837
 20
180.6589383721445
 10
281.5414615063914
 20
180.5495360147181
 10
281.4932438228802
 20
180.4391351758855
 10
281.4448232801515
 20
180.3277379573661
 10
281.3962001331029
 20
180.2153456111321
  0
LWPOLYLINE
  5
B9
330
70
100
AcDbEntity
  8
0
 62
    18
420
        0
370
    25
100
AcDbPolyline
 90
       78
 70
     0
 43
0.0
 10
291.3962001331026
 20
180.2153456111321
 10
291.3475769177997
 20
180.3277379522284
 10
291.2991563076367
 20
180.439135165738
 10
291.2509385575126
 20
180.5495359996901
 10
291.2029240953308
 20
180.6589383523648
 10
291.1551135231945
 20
180.7673392664371
 10
291.1075076185989
 20
180.8747349231156
 10
291.0601073356227
 20
180.981120636285
 10
291.0129138061244
 20
181.086490846645
 10
290.9659283407986
 20
181.1908391165103
 10
290.919152428713
 20
181.2941581320839
 10
290.8725877346487
 20
181.3964397165301
 10
290.8262360959593
 20
181.4976748453851
 10
290.7800995194317
 20
181.5978536620021
 10
290.7341801781365
 20
181.6969654929914
 10
290.6884804082882
 20
181.7949988636652
 10
290.6430027060943
 20
181.8919415134952
 10
290.5977497241709
 20
181.9877804137389
 10
290.552724265439
 20
182.0825017973961
 10
290.5079292749384
 20
182.1760911994324
 10
290.4633678314027
 20
182.2685334981571
 10
290.4190431388355
 20
182.3598129565943
 10
290.3749585180849
 20
182.4499132638636
 10
290.3311173984217
 20
182.5388175765532
 10
290.2875233090842
 20
182.6265085602427
 10
290.2441798697645
 20
182.7129684362401
 10
290.2010907778158
 20
182.7981790443966
 10
290.1582597939074
 20
182.8821219135867
 10
290.1156907275909
 20
182.9647783325843
 10
290.0733874228734
 20
183.0461294209363
 10
290.0313537437842
 20
183.1261561998402
 10
289.9895935599482
 20
183.2048396630192
 10
289.9481107319818
 20
183.2821608484321
 10
289.9069090943933
 20
183.3581009222793
 10
289.8659924341263
 20
183.4326412843824
 10
289.8253644679467
 20
183.505763679248
 10
289.7850288198094
 20
183.5774503072428
 10
289.7449889982225
 20
183.6476839357674
 10
289.7052483736126
 20
183.716448010431
 10
289.6658101556877
 20
183.7837267662379
 10
289.6266773702867
 20
183.8495053412991
 10
289.5878528325708
 20
183.9137699084961
 10
289.5493391165654
 20
183.9765078250891
 10
289.5111385241865
 20
184.0377077848558
 10
289.4732530542594
 20
184.0973599702395
 10
289.4356843715462
 20
184.1554562044982
 10
289.3984337757659
 20
184.2119901038534
 10
289.3615021707983
 20
184.2669572287503
 10
289.3248900432439
 20
184.3203551891802
 10
289.2885974761346
 20
184.372183577311
 10
289.2526241828806
 20
184.422443800777
 10
289.2169695425836
 20
184.4711389092219
 10
289.1816326353513
 20
184.5182734208423
 10
289.1466122776141
 20
184.5638531489288
 10
289.1119070574409
 20
184.6078850284085
 10
289.077515369707
 20
184.6503769431098
 10
289.043435448422
 20
184.691337566974
 10
289.0096653931003
 20
184.7307762345383
 10
288.9762031931996
 20
184.76870282091
 10
288.9430467524995
 20
184.805127622006
 10
288.9101939134885
 20
184.8400612347917
 10
288.8776424817444
 20
184.8735144375206
 10
288.8453902503188
 20
184.9054980699778
 10
288.8134350237801
 20
184.9360229153697
 10
288.781774639265
 20
184.9650995969548
 10
288.7504069839146
 20
184.9927384923699
 10
288.7193300116895
 20
185.0189496510694
 10
288.6885417601721
 20
185.0437427117832
 10
288.6580403673698
 20
185.0671268199804
 10
288.6278240885236
 20
185.0891105453273
 10
288.5978913129007
 20
185.1097017991967
 10
288.5682405798396
 20
185.1289077558598
 10
288.5388705913371
 20
185.1467347906682
 10
288.5097802222375
 20
185.1631884300022
 10
288.480968530214
 20
185.1782733022546
 10
288.4524347657468
 20
185.1919930888114
 10
288.4241783821026
 20
185.204350475035
 10
288.396199045318
 20
185.2153471012485
  0
LWPOLYLINE
  5
BA
330
70
100
AcDbEntity
  8
0
 62
    18
420
        0
370
    25
100
AcDbPolyline
 90
       78
 70
     0
 43
0.0
 10
288.396199045318
 20
185.2153441210159
 10
288.4241783821026
 20
185.2263407472294
 10
288.4524347657468
 20
185.2386981334531
 10
288.480968530214
 20
185.2524179200098
 10
288.5097802222381
 20
185.2675027922619
 10
288.5388705913371
 20
185.2839564315963
 10
288.5682405798396
 20
185.3017834664044
 10
288.5978913129007
 20
185.3209894230675
 10
288.6278240885236
 20
185.3415806769368
 10
288.6580403673698
 20
185.3635644022837
 10
288.6885417601721
 20
185.3869485104806
 10
288.7193300116895
 20
185.4117415711944
 10
288.7504069839146
 20
185.4379527298939
 10
288.781774639265
 20
185.4655916253091
 10
288.8134350237801
 20
185.4946683068941
 10
288.8453902503188
 20
185.525193152286
 10
288.8776424817444
 20
185.5571767847428
 10
288.9101939134885
 20
185.5906299874721
 10
288.9430467524995
 20
185.6255636002575
 10
288.9762031931996
 20
185.6619884013535
 10
289.0096653931003
 20
185.6999149877252
 10
289.043435448422
 20
185.7393536552898
 10
289.077515369707
 20
185.780314279154
 10
289.1119070574409
 20
185.822806193855
 10
289.1466122776141
 20
185.866838073335
 10
289.1816326353513
 20
185.9124178014215
 10
289.2169695425836
 20
185.9595523130419
 10
289.2526241828806
 20
186.0082474214872
 10
289.2885974761346
 20
186.0585076449531
 10
289.3248900432439
 20
186.1103360330839
 10
289.3615021707983
 20
186.1637339935142
 10
289.3984337757659
 20
186.2187011184111
 10
289.4356843715462
 20
186.2752350177666
 10
289.4732530542594
 20
186.3333312520253
 10
289.5111385241865
 20
186.392983437409
 10
289.5493391165654
 20
186.454183397176
 10
289.5878528325708
 20
186.516921313769
 10
289.6266773702867
 20
186.5811858809664
 10
289.6658101556877
 20
186.6469644560279
 10
289.7052483736126
 20
186.7142432118347
 10
289.7449889982225
 20
186.7830072864986
 10
289.7850288198094
 20
186.8532409150233
 10
289.8253644679467
 20
186.9249275430181
 10
289.8659924341263
 20
186.998049937884
 10
289.9069090943933
 20
187.0725902999871
 10
289.9481107319818
 20
187.1485303738346
 10
289.9895935599482
 20
187.2258515592475
 10
290.0313537437842
 20
187.3045350224265
 10
290.0733874228734
 20
187.3845618013308
 10
290.1156907275909
 20
187.4659128896828
 10
290.1582597939074
 20
187.5485693086803
 10
290.2010907778158
 20
187.6325121778707
 10
290.2441798697645
 20
187.7177227860273
 10
290.2875233090842
 20
187.8041826620246
 10
290.3311173984217
 20
187.8918736457142
 10
290.3749585180849
 20
187.9807779584037
 10
290.4190431388355
 20
188.0708782656728
 10
290.4633678314027
 20
188.1621577241103
 10
290.5079292749384
 20
188.2546000228346
 10
290.552724265439
 20
188.3481894248713
 10
290.5977497241709
 20
188.4429108085281
 10
290.6430027060943
 20
188.5387497087715
 10
290.6884804082882
 20
188.6356923586015
 10
290.7341801781365
 20
188.7337257292751
 10
290.7800995194317
 20
188.8328375602643
 10
290.8262360959593
 20
188.933016376881
 10
290.8725877346487
 20
189.0342515057359
 10
290.919152428713
 20
189.1365330901818
 10
290.9659283407986
 20
189.2398521057554
 10
291.0129138061251
 20
189.3442003756205
 10
291.0601073356227
 20
189.4495705859804
 10
291.1075076185989
 20
189.5559562991495
 10
291.1551135231945
 20
189.663351955828
 10
291.2029240953308
 20
189.7717528699
 10
291.2509385575126
 20
189.8811552225747
 10
291.2991563076367
 20
189.9915560565265
 10
291.3475769177997
 20
190.1029532700361
 10
291.3962001331026
 20
190.2153456111321
  0
LINE
  5
BB
330
70
100
AcDbEntity
  8
0
 62
    18
420
        0
370
    25
100
AcDbLine
 10
291.3962001331026
 20
190.2153456111324
 30
0.0
 11
296.3962001331028
 21
210.2153456111321
 31
0.0
  0
LWPOLYLINE
  5
BC
330
70
100
AcDbEntity
  8
0
 62
    18
420
        0
370
    25
100
AcDbPolyline
 90
     1942
 70
     0
 43
0.0
 10
296.3962001331028
 20
210.2153456111321
 10
296.4538634890513
 20
210.2417310766456
 10
296.5113046662065
 20
210.2679668436472
 10
296.5685237151413
 20
210.2940528980416
 10
296.6255207196135
 20
210.3199892163183
 10
296.6822957961505
 20
210.3457757656559
 10
296.7388490936341
 20
210.3714125040214
 10
296.7951807928856
 20
210.3968993802737
 10
296.8512911062489
 20
210.4222363342647
 10
296.907180277177
 20
210.447423296942
 10
296.9628485798145
 20
210.4724601904501
 10
297.0182963185842
 20
210.4973469282327
 10
297.0735238277681
 20
210.5220834151341
 10
297.1285314710989
 20
210.5466695475013
 10
297.1833196413352
 20
210.5711052132867
 10
297.2378887598546
 20
210.5953902921485
 10
297.2922392762341
 20
210.6195246555539
 10
297.3463716678328
 20
210.6435081668802
 10
297.4002864393818
 20
210.6673406815167
 10
297.4539841225645
 20
210.6910220469679
 10
297.5074652756029
 20
210.7145521029527
 10
297.5607304828406
 20
210.7379306815092
 10
297.6137803543302
 20
210.7611576070947
 10
297.6666155254154
 20
210.7842326966884
 10
297.7192366563164
 20
210.8071557598936
 10
297.771644431714
 20
210.8299265990377
 10
297.8238395603347
 20
210.8525450092769
 10
297.8758227745366
 20
210.8750107786955
 10
297.9275948298904
 20
210.8973236884099
 10
297.9791565047666
 20
210.919483512669
 10
298.0305085999201
 20
210.9414900189568
 10
298.0816519380742
 20
210.9633429680942
 10
298.1325873635046
 20
210.9850421143403
 10
298.1833157416243
 20
211.0065872054951
 10
298.2338379585686
 20
211.0279779829973
 10
298.2841549207777
 20
211.0492141820216
 10
298.3342675545815
 20
211.0702955315751
 10
298.3841768057832
 20
211.0912217545915
 10
298.4338836392431
 20
211.11199256803
 10
298.4833890384609
 20
211.1326076829692
 10
298.5326940051636
 20
211.1530668047043
 10
298.5817995588845
 20
211.1733696328422
 10
298.6307067365503
 20
211.1935158613995
 10
298.6794165920631
 20
211.2135051788964
 10
298.727930195886
 20
211.2333372684546
 10
298.7762486346252
 20
211.2530118078919
 10
298.8243730106145
 20
211.2725284698194
 10
298.8723044414999
 20
211.2918869217372
 10
298.9200440598223
 20
211.3110868261312
 10
298.9675930126014
 20
211.3301278405669
 10
299.0149524609206
 20
211.3490096177892
 10
299.0621235795098
 20
211.3677318058151
 10
299.1091075563294
 20
211.3862940480319
 10
299.155905592154
 20
211.4046959832919
 10
299.2025189001575
 20
211.4229372460101
 10
299.2489487054954
 20
211.4410174662588
 10
299.2951962448892
 20
211.4589362698648
 10
299.3412627662106
 20
211.4766932785044
 10
299.3871495280631
 20
211.4942881098008
 10
299.4328577993706
 20
211.511720377419
 10
299.4783888589558
 20
211.5289896911631
 10
299.5237439951285
 20
211.5460956570712
 10
299.5689245052655
 20
211.5630378775122
 10
299.6139316953987
 20
211.5798159512825
 10
299.6587668797941
 20
211.5964294737007
 10
299.7034313805415
 20
211.6128780367064
 10
299.7479265271355
 20
211.6291612289648
 10
299.7922536560657
 20
211.6452786359704
 10
299.8364141104038
 20
211.6612298401553
 10
299.8804092393862
 20
211.6770144209915
 10
299.9242403980058
 20
211.6926319550999
 10
299.9679089465961
 20
211.7080820163547
 10
300.0114162504187
 20
211.7233641759884
 10
300.0547636792486
 20
211.7384780026994
 10
300.0979526069644
 20
211.7534230627554
 10
300.1409844111307
 20
211.7681989201012
 10
300.183860472589
 20
211.7828051364638
 10
300.2265821750406
 20
211.7972412714569
 10
300.2691509046376
 20
211.8115068826891
 10
300.3115680495656
 20
211.8256015258675
 10
300.3538349996338
 20
211.8395247549038
 10
300.3959531458589
 20
211.8532761220216
 10
300.4379238800548
 20
211.8668551778601
 10
300.4797485944162
 20
211.880261471581
 10
300.521428681108
 20
211.8934945509736
 10
300.5629655318517
 20
211.9065539625617
 10
300.6043605375106
 20
211.9194392517078
 10
300.6456150876781
 20
211.9321499627201
 10
300.686730570264
 20
211.9446856389575
 10
300.7277083710809
 20
211.9570458229357
 10
300.768549873431
 20
211.9692300564328
 10
300.8092564576951
 20
211.9812378805946
 10
300.8498295009149
 20
211.9930688360419
 10
300.8902703763847
 20
212.0047224629742
 10
300.9305804532336
 20
212.0161983012762
 10
300.9707610960175
 20
212.027495890625
 10
301.0108136642994
 20
212.0386147705921
 10
301.0507395122382
 20
212.0495544807407
 10
301.0905399881689
 20
212.06031456071
 10
301.1302164341805
 20
212.0708945503006
 10
301.1697701857007
 20
212.0812939895583
 10
301.2092025710747
 20
212.0915124188586
 10
301.2485149111458
 20
212.1015493789898
 10
301.2877085188378
 20
212.1114044112393
 10
301.3267846987332
 20
212.1210770574765
 10
301.3657447466579
 20
212.1305668602369
 10
301.4045899492576
 20
212.1398733628079
 10
301.4433215835814
 20
212.1489961093109
 10
301.4819409166629
 20
212.1579346447876
 10
301.5204492050988
 20
212.1666885152828
 10
301.5588476946316
 20
212.1752572679297
 10
301.5971376197295
 20
212.1836404510339
 10
301.6353202031682
 20
212.1918376141564
 10
301.6733966556107
 20
212.1998483082008
 10
301.7113681751882
 20
212.2076720854942
 10
301.7492359470813
 20
212.215308499874
 10
301.7870011431007
 20
212.2227571067709
 10
301.8246649212691
 20
212.2300174632932
 10
301.8622284253992
 20
212.2370891283123
 10
301.8996927846772
 20
212.243971662545
 10
301.937059113242
 20
212.2506646286392
 10
301.9743285097685
 20
212.2571675912587
 10
302.0115020570449
 20
212.2634801171652
 10
302.0485808215557
 20
212.2696017753046
 10
302.0855658530621
 20
212.2755321368913
 10
302.1224581841825
 20
212.2812707754905
 10
302.1592588299741
 20
212.2868172671049
 10
302.1959687875131
 20
212.2921711902577
 10
302.2325890354788
 20
212.2973321260882
 10
302.2691205337434
 20
212.3022996584734
 10
302.305564222967
 20
212.3070733741613
 10
302.3419210241892
 20
212.3116528629066
 10
302.3781918384275
 20
212.3160377176016
 10
302.4143775462654
 20
212.3202275344134
 10
302.4504790074507
 20
212.3242219129157
 10
302.4864970604871
 20
212.3280204562238
 10
302.5224325222291
 20
212.3316227711287
 10
302.5582861874744
 20
212.3350284682299
 10
302.5940588285596
 20
212.3382371620707
 10
302.629751194954
 20
212.3412484712718
 10
302.6653640128512
 20
212.3440620186649
 10
302.7008979847657
 20
212.3466774314273
 10
302.7363537891243
 20
212.3490943412153
 10
302.771732079862
 20
212.3513123842982
 10
302.8070334860158
 20
212.3533312016934
 10
302.8422586113154
 20
212.3551504392987
 10
302.8774080337821
 20
212.3567697480274
 10
302.9124823053182
 20
212.3581887839419
 10
302.9474819513039
 20
212.3594072083885
 10
302.9824074701884
 20
212.3604246881292
 10
303.0172593330868
 20
212.3612408954789
 10
303.0520379833713
 20
212.3618555084365
 10
303.0867438362668
 20
212.3622682108206
 10
303.1213772784444
 20
212.3624786924023
 10
303.1559386676148
 20
212.3624866490405
 10
303.1904283321213
 20
212.362291782815
 10
303.2248465705354
 20
212.3618938021607
 10
303.259193651251
 20
212.3612924220014
 10
303.2934698120755
 20
212.3604873638844
 10
303.3276752598244
 20
212.3594783561072
 10
303.3618101698936
 20
212.3582651337967
 10
303.3958746858167
 20
212.3568474389341
 10
303.4298689188152
 20
212.3552250203733
 10
303.4637929473553
 20
212.3533976338578
 10
303.4976468166973
 20
212.3513650420383
 10
303.5314305384489
 20
212.3491270144898
 10
303.5651440901212
 20
212.3466833277293
 10
303.5987874146773
 20
212.3440337652344
 10
303.6323604200874
 20
212.3411781174583
 10
303.6658629788817
 20
212.3381161818494
 10
303.6992949277017
 20
212.3348477628687
 10
303.7326560668558
 20
212.3313726720053
 10
303.7659461598689
 20
212.3276907277969
 10
303.7991649330377
 20
212.3238017558437
 10
303.8323120749823
 20
212.319705588829
 10
303.8653872362
 20
212.3154020665352
 10
303.8983900286169
 20
212.3108910358614
 10
303.9313200251411
 20
212.3061723508406
 10
303.964176759216
 20
212.3012458726585
 10
303.9969597243738
 20
212.2961114696693
 10
304.0296683737872
 20
212.2907690174137
 10
304.0623021198207
 20
212.2852183986371
 10
304.0948603335875
 20
212.2794595033062
 10
304.1273423444999
 20
212.2734922286265
 10
304.159747439821
 20
212.2673164790611
 10
304.19207486422
 20
212.2609321663456
 10
304.2243238193236
 20
212.2543392095087
 10
304.2564934632685
 20
212.2475375348864
 10
304.2885829102561
 20
212.2405270761426
 10
304.3205912301032
 20
212.2333077742846
 10
304.3525174478033
 20
212.225879577684
 10
304.3843605432917
 20
212.218242442195
 10
304.416119451783
 20
212.2103963315415
 10
304.4477930643572
 20
212.2023412178207
 10
304.4793802285535
 20
212.194077082011
 10
304.5108797489669
 20
212.1856039144814
 10
304.5422903878421
 20
212.1769217154985
 10
304.5736108656691
 20
212.1680304957364
 10
304.6048398617798
 20
212.1589302767837
 10
304.635976014942
 20
212.1496210916543
 10
304.6670179239538
 20
212.1401029852928
 10
304.6979641482426
 20
212.1303760150846
 10
304.7288132084553
 20
212.1204402513656
 10
304.7595635870572
 20
212.1102957779277
 10
304.7902137289272
 20
212.0999426925294
 10
304.8207620419508
 20
212.0893811074036
 10
304.8512068976166
 20
212.0786111497665
 10
304.8815466316128
 20
212.0676329623251
 10
304.9117795444218
 20
212.0564467037863
 10
304.9419039019123
 20
212.0450525493654
 10
304.9719179359409
 20
212.0334506912946
 10
305.0018198449416
 20
212.0216413393308
 10
305.0316077945245
 20
212.0096247212644
 10
305.0612799180693
 20
211.9974010834285
 10
305.0908343173211
 20
211.9849706912066
 10
305.1202690629868
 20
211.9723338295401
 10
305.1495821953277
 20
211.959490803439
 10
305.1787717247592
 20
211.9464419384884
 10
305.2078356324401
 20
211.9331875813584
 10
305.2367718708741
 20
211.9197281003112
 10
305.2655783645006
 20
211.9060638857101
 10
305.2942530102925
 20
211.8921953505281
 10
305.3227936783608
 20
211.8781229308293
 10
305.3511982126607
 20
211.8638470860306
 10
305.3794644317968
 20
211.849368298921
 10
305.4075901298478
 20
211.8346870756462
 10
305.4355730771912
 20
211.8198039456892
 10
305.4634110213292
 20
211.804719461852
 10
305.4911016877096
 20
211.7894342002387
 10
305.5186427805552
 20
211.7739487602357
 10
305.5460319836843
 20
211.7582637644957
 10
305.5732669613371
 20
211.7423798589176
 10
305.6003453589988
 20
211.7262977126302
 10
305.6272648042265
 20
211.7100180179732
 10
305.6540229074708
 20
211.6935414904793
 10
305.680617262904
 20
211.676868868856
 10
305.7070454492396
 20
211.6600009149678
 10
305.7333050305618
 20
211.6429384138191
 10
305.7593935571466
 20
211.6256821735333
 10
305.7853085662879
 20
211.6082330253378
 10
305.8110475831212
 20
211.590591823545
 10
305.8366081214491
 20
211.572759445533
 10
305.8619876845642
 20
211.5547367917292
 10
305.8871837660769
 20
211.5365247855912
 10
305.9121938507342
 20
211.5181243735896
 10
305.9370154152516
 20
211.4995365251894
 10
305.9616459291293
 20
211.4807622328314
 10
305.9860828554846
 20
211.4618025119152
 10
306.0103236518713
 20
211.442658400781
 10
306.0343657711049
 20
211.423330960691
 10
306.0582066620908
 20
211.4038212758114
 10
306.0818437706424
 20
211.3841304531949
 10
306.1052745403122
 20
211.3642596227622
 10
306.1284964132088
 20
211.3442099372918
 10
306.1515068307499
 20
211.3239825726526
 10
306.1743032342048
 20
211.3035787287312
 10
306.1968830651419
 20
211.2829996306665
 10
306.219243765881
 20
211.2622465301012
 10
306.2413827799348
 20
211.2413207064291
 10
306.2632975524603
 20
211.2202234680451
 10
306.2849855307001
 20
211.1989561535959
 10
306.3064441644352
 20
211.1775201332281
 10
306.327670906426
 20
211.1559168098382
 10
306.3486632128631
 20
211.134147620322
 10
306.3694185438125
 20
211.1122140368244
 10
306.3899343636622
 20
211.0901175679886
 10
306.4102081415684
 20
211.0678597602054
 10
306.4302373519045
 20
211.0454421988628
 10
306.4500194747041
 20
211.0228665095958
 10
306.4695519961114
 20
211.0001343595359
 10
306.4888324088266
 20
210.9772474585605
 10
306.5078582125502
 20
210.9542075605409
 10
306.5266269144341
 20
210.9310164645948
 10
306.5451360295253
 20
210.907676016333
 10
306.5633830812131
 20
210.8841881091108
 10
306.5813656016764
 20
210.8605546852756
 10
306.5990811323301
 20
210.8367777374188
 10
306.6165272242723
 20
210.8128593096227
 10
306.6337014387295
 20
210.7888014987121
 10
306.6506013475049
 20
210.7646064555028
 10
306.6672245334248
 20
210.7402763860504
 10
306.6835685907851
 20
210.7158135529014
 10
306.699631125797
 20
210.6912202763418
 10
306.7154097570368
 20
210.6664989356464
 10
306.7309021158877
 20
210.6416519703283
 10
306.7461058470349
 20
210.6166818812359
 10
306.7610186093057
 20
210.5915912303944
 10
306.7756380769145
 20
210.5663826394152
 10
306.7899619407778
 20
210.5410587876734
 10
306.8039879098237
 20
210.5156224104831
 10
306.8177137123044
 20
210.4900762972734
 10
306.831137097111
 20
210.4644232897622
 10
306.8442558350811
 20
210.4386662801329
 10
306.8570677203152
 20
210.4128082092083
 10
306.8695705714858
 20
210.3868520646274
 10
306.8817622331508
 20
210.3608008790196
 10
306.8936405770672
 20
210.3346577281797
 10
306.9052035035009
 20
210.3084257292448
 10
306.9164489425391
 20
210.2821080388673
 10
306.9273748554041
 20
210.2557078513929
 10
306.9379792357641
 20
210.2292283970326
 10
306.9482601110451
 20
210.2026729400408
 10
306.9582155437449
 20
210.1760447768898
 10
306.967843632744
 20
210.1493472344437
 10
306.9771425146156
 20
210.122583668136
 10
306.9861103649428
 20
210.0957574601421
 10
306.9947453996264
 20
210.0688720175574
 10
307.0030458761993
 20
210.0419307705706
 10
307.0110100951378
 20
210.0149371706401
 10
307.0186364011739
 20
209.9878946886683
 10
307.025923184607
 20
209.9608068131782
 10
307.0328688826176
 20
209.9336770484864
 10
307.0394719805777
 20
209.9065089128817
 10
307.0457310133633
 20
209.8793059367971
 10
307.0516445666684
 20
209.8520716609868
 10
307.0572112783149
 20
209.8248096347018
 10
307.0624298395626
 20
209.7975234138445
 10
307.0672989963449
 20
209.7702165584982
 10
307.0718175502762
 20
209.7428926285999
 10
307.0759843595606
 20
209.7155551787679
 10
307.079798339893
 20
209.6882077530917
 10
307.0832584653623
 20
209.6608538799171
 10
307.086363769352
 20
209.6334970666354
 10
307.0891133454444
 20
209.6061407944692
 10
307.0915063483223
 20
209.5787885132617
 10
307.0935419946708
 20
209.551443636263
 10
307.0952195640779
 20
209.5241095349183
 10
307.0965383999407
 20
209.4967895336542
 10
307.0974979103641
 20
209.4694869046684
 10
307.0980975690646
 20
209.4422048627141
 10
307.0983369162719
 20
209.4149465598906
 10
307.0982155596313
 20
209.3877150804289
 10
307.0977331751077
 20
209.36051343548
 10
307.0968895078834
 20
209.3333445579015
 10
307.0956843732649
 20
209.3062112970459
 10
307.0941176575831
 20
209.2791164135487
 10
307.0921893190954
 20
209.2520625741139
 10
307.0898993888882
 20
209.2250523463031
 10
307.08724797178
 20
209.1980881933229
 10
307.0842352472212
 20
209.171172468812
 10
307.0808614701993
 20
209.1443074116284
 10
307.077126972139
 20
209.1174951406372
 10
307.0730321618057
 20
209.0907376494986
 10
307.0685775262074
 20
209.0640368014548
 10
307.0637636314952
 20
209.0373943241174
 10
307.0585911238678
 20
209.0108118042551
 10
307.0530607304747
 20
208.9842906825817
 10
307.0471732603137
 20
208.9578322485436
 10
307.0409296050325
 20
208.9314376355208
 10
307.0343307388216
 20
208.9051078195798
 10
307.0273777172545
 20
208.8788436223733
 10
307.0200716759532
 20
208.8526457147458
 10
307.012413829244
 20
208.8265146203432
 10
307.0044054688212
 20
208.8004507192225
 10
306.9960479624076
 20
208.7744542514608
 10
306.9873427524149
 20
208.748525320768
 10
306.9782913546034
 20
208.722663898093
 10
306.9688953567446
 20
208.6968698252358
 10
306.9591564172795
 20
208.6711428184572
 10
306.949076263982
 20
208.6454824720873
 10
306.9386566926175
 20
208.6198882621376
 10
306.9278995656044
 20
208.5943595499084
 10
306.9168068106754
 20
208.5688955856005
 10
306.9053804195353
 20
208.543495511924
 10
306.893622446527
 20
208.5181583677088
 10
306.8815350072867
 20
208.4928830915136
 10
306.8691202774079
 20
208.467668525237
 10
306.856380491101
 20
208.4425134177262
 10
306.8433179398541
 20
208.4174164283872
 10
306.829934971094
 20
208.392376130795
 10
306.8162339868466
 20
208.3673910163036
 10
306.8022174423973
 20
208.3424594976543
 10
306.7878878449518
 20
208.3175799125881
 10
306.7732477522985
 20
208.2927505274526
 10
306.7582997714655
 20
208.2679695408147
 10
306.7430465573851
 20
208.2432350870684
 10
306.7274908115519
 20
208.2185452400455
 10
306.7116352806854
 20
208.1938980166258
 10
306.6954827553898
 20
208.1692913803458
 10
306.6790360688164
 20
208.1447232449952
 10
306.6622980954662
 20
208.120191477701
 10
306.6452717503856
 20
208.0956939004647
 10
306.6279599885612
 20
208.0712282909712
 10
306.6103658043189
 20
208.0467923833589
 10
306.5924922307234
 20
208.0223838689941
 10
306.5743423389811
 20
207.998000397241
 10
306.5559192378394
 20
207.9736395762349
 10
306.5372260729855
 20
207.9492989736527
 10
306.5182660264515
 20
207.9249761174865
 10
306.4990423160088
 20
207.9006684968145
 10
306.4795581945757
 20
207.8763735625723
 10
306.459816949611
 20
207.8520887283267
 10
306.4398219025195
 20
207.8278113710458
 10
306.4195764080503
 20
207.803538831872
 10
306.3990838536974
 20
207.7792684168933
 10
306.3783476591021
 20
207.7549973979156
 10
306.3573712754506
 20
207.730723013234
 10
306.3361581848761
 20
207.7064424684061
 10
306.3147118998605
 20
207.6821529370221
 10
306.2930359626335
 20
207.6578515614781
 10
306.2711339445714
 20
207.6335354537472
 10
306.2490094456029
 20
207.6092016961523
 10
306.2266660936035
 20
207.5848473421371
 10
306.2041075438001
 20
207.5604694170377
 10
306.1813374781713
 20
207.5360649188564
 10
306.1583596048449
 20
207.5116308190319
 10
306.1351776575019
 20
207.4871640632111
 10
306.1117953947763
 20
207.4626615720223
 10
306.0882165996527
 20
207.4381202418467
 10
306.0644450788715
 20
207.413536945589
 10
306.040484662326
 20
207.3889085334514
 10
306.0163392024475
 20
207.3642318337648
 10
305.992012573442
 20
207.3395036543594
 10
305.9675086703449
 20
207.3147207845833
 10
305.9428314080537
 20
207.2898799974318
 10
305.9179847203497
 20
207.2649780516823
 10
305.8929725589252
 20
207.240011694024
 10
305.8677988924137
 20
207.2149776611897
 10
305.8424677054117
 20
207.1898726820907
 10
305.8169829975089
 20
207.1646934799456
 10
305.791348782314
 20
207.1394367744145
 10
305.76556908648
 20
207.1140992837292
 10
305.7396479487324
 20
207.0886777268275
 10
305.7135894188947
 20
207.0631688254836
 10
305.6873975569167
 20
207.0375693064401
 10
305.6610764318985
 20
207.011875903541
 10
305.6346301211206
 20
206.986085359864
 10
305.6080627090655
 20
206.9601944298503
 10
305.5813782864512
 20
206.9341998814393
 10
305.5545809492521
 20
206.9080984981993
 10
305.5276747977268
 20
206.8818870814595
 10
305.5006639354469
 20
206.8555624524426
 10
305.4735524683226
 20
206.8291214543967
 10
305.4463445036274
 20
206.8025609547266
 10
305.4190441490282
 20
206.7758778471269
 10
305.3916555116083
 20
206.749069053714
 10
305.3641826968976
 20
206.722131527157
 10
305.3366298078962
 20
206.6950622528106
 10
305.3090009441034
 20
206.6678582508479
 10
305.2813002005416
 20
206.6405165783902
 10
305.2535316667863
 20
206.6130343316415
 10
305.2256994259911
 20
206.5854086480197
 10
305.1978075539137
 20
206.5576367082812
 10
305.1698601180148
 20
206.5297157384487
 10
305.1418611767522
 20
206.5016430110974
 10
305.1138147789791
 20
206.4734158463375
 10
305.0857249633472
 20
206.4450316127838
 10
305.0575957577089
 20
206.416487728518
 10
305.0294311785196
 20
206.3877816620578
 10
305.0012352302378
 20
206.3589109333226
 10
304.9730119047322
 20
206.3298731145994
 10
304.9447651806798
 20
206.3006658315098
 10
304.916499022971
 20
206.2712867639755
 10
304.8882173821097
 20
206.2417336471862
 10
304.8599241936188
 20
206.2120042725641
 10
304.831623377438
 20
206.1820964887314
 10
304.8033188373316
 20
206.1520082024771
 10
304.7750144602866
 20
206.1217373797217
 10
304.746714115917
 20
206.0912820464853
 10
304.7184216558668
 20
206.060640289854
 10
304.6901409132102
 20
206.0298102589436
 10
304.6618757018547
 20
205.9987901658699
 10
304.6336298159467
 20
205.9675782867121
 10
304.6054070292687
 20
205.9361729624801
 10
304.5772110946448
 20
205.9045726000817
 10
304.5490457433434
 20
205.8727756732879
 10
304.5209146844777
 20
205.8407807236988
 10
304.4928216044098
 20
205.8085863617122
 10
304.4647701661517
 20
205.7761912674876
 10
304.4367640087684
 20
205.7435941919143
 10
304.4088067467811
 20
205.7107939575754
 10
304.3809019695681
 20
205.6777894597179
 10
304.3530532407672
 20
205.6445796672154
 10
304.32526409768
 20
205.6111636235365
 10
304.2975380507
 20
205.5775404476378
 10
304.2698785830031
 20
205.5437093341829
 10
304.2422891505524
 20
205.5096695529268
 10
304.2147731821659
 20
205.4754204479518
 10
304.1873340795808
 20
205.4409614369002
 10
304.1599752175199
 20
205.4062920102063
 10
304.1326999437572
 20
205.3714117303308
 10
304.1055115791842
 20
205.3363202309925
 10
304.078413417873
 20
205.3010172164024
 10
304.0514087271465
 20
205.2655024604958
 10
304.0245007476407
 20
205.2297758061667
 10
303.9976926933707
 20
205.1938371644992
 10
303.9709877517988
 20
205.1576865140017
 10
303.9443890838971
 20
205.1213238998387
 10
303.9178998242161
 20
205.0847494330656
 10
303.8915230809481
 20
205.0479632898603
 10
303.8652619359947
 20
205.0109657107562
 10
303.8391194450316
 20
204.973756999877
 10
303.8130986375753
 20
204.9363375241668
 10
303.7872025170468
 20
204.8987077126259
 10
303.761434060839
 20
204.8608680555419
 10
303.7357962203827
 20
204.8228191037241
 10
303.7102919212119
 20
204.7845614677352
 10
303.6849240630286
 20
204.7460958171258
 10
303.6596955197698
 20
204.7074228796663
 10
303.6346091396725
 20
204.6685434405799
 10
303.6096677453404
 20
204.6294583417766
 10
303.5848741338089
 20
204.5901684810851
 10
303.5602310766098
 20
204.5506748114866
 10
303.5357413198394
 20
204.5109783403479
 10
303.5114075842229
 20
204.4710801286531
 10
303.4872325651789
 20
204.43098129024
 10
303.4632189328684
 20
204.3906829910759
 10
303.4393693321828
 20
204.350186448679
 10
303.415686382704
 20
204.3094929316074
 10
303.3921726786639
 20
204.2686037589549
 10
303.3688307889005
 20
204.2275202998439
 10
303.3456632568195
 20
204.1862439729194
 10
303.3226726003496
 20
204.1447762458451
 10
303.2998613119045
 20
204.103118634795
 10
303.2772318583384
 20
204.0612727039494
 10
303.2547866809053
 20
204.0192400649895
 10
303.2325281952184
 20
203.9770223765892
 10
303.2104587912081
 20
203.934621343912
 10
303.1885808330798
 20
203.8920387181034
 10
303.1668966592734
 20
203.8492762957861
 10
303.1454085824214
 20
203.8063359185535
 10
303.1241188893058
 20
203.7632194724647
 10
303.1030298408207
 20
203.7199288875377
 10
303.0821436719264
 20
203.6764661372443
 10
303.0614625916096
 20
203.6328332380047
 10
303.0409887828432
 20
203.5890322486805
 10
303.0207244025424
 20
203.5450652700703
 10
303.0006715815248
 20
203.500934444402
 10
302.9808324244683
 20
203.4566419548291
 10
302.9612090098694
 20
203.4121900249238
 10
302.941803390003
 20
203.3675809181712
 10
302.9226175908791
 20
203.3228169374639
 10
302.903653612202
 20
203.277900424596
 10
302.8849134273296
 20
203.2328337597567
 10
302.8663989832296
 20
203.187619361026
 10
302.8481122004416
 20
203.1422596838675
 10
302.8300549730314
 20
203.0967572206229
 10
302.8122291685546
 20
203.051114500003
 10
302.7946366280314
 20
203.00533408654
 10
302.7772791659409
 20
202.9594185799936
 10
302.7601585702217
 20
202.9133706147471
 10
302.743276602272
 20
202.8671928592053
 10
302.7266349969484
 20
202.8208880151899
 10
302.7102354625649
 20
202.7744588173376
 10
302.6940796808943
 20
202.7279080324949
 10
302.6781693071643
 20
202.6812384591171
 10
302.6625059700608
 20
202.6344529266629
 10
302.647091271726
 20
202.5875542949922
 10
302.6319267877564
 20
202.540545453763
 10
302.6170140672038
 20
202.4934293218276
 10
302.6023546325748
 20
202.4462088466288
 10
302.5879499798309
 20
202.398887003598
 10
302.5738015783868
 20
202.351466795551
 10
302.5599108711089
 20
202.3039512520841
 10
302.546279274317
 20
202.2563434289723
 10
302.5329081777849
 20
202.2086464075651
 10
302.5197989447354
 20
202.1608632941827
 10
302.5069529118436
 20
202.1129972195142
 10
302.4943713892359
 20
202.0650513380128
 10
302.4820556604872
 20
202.0170288272932
 10
302.4700069826237
 20
201.9689328875283
 10
302.4582265861202
 20
201.9207667408458
 10
302.4467156748994
 20
201.872533630725
 10
302.4354754263336
 20
201.8242368213936
 10
302.4245069912427
 20
201.7758795972235
 10
302.4138114938928
 20
201.7274652621286
 10
302.4033900319976
 20
201.6789971389616
 10
302.3932436767163
 20
201.6304785689096
 10
302.3833734726554
 20
201.5819129108919
 10
302.3737804378608
 20
201.5333035409629
 10
302.364465563807
 20
201.4846538517395
 10
302.3554298153725
 20
201.4359672518378
 10
302.3466741308201
 20
201.3872471653121
 10
302.338199421775
 20
201.3384970310937
 10
302.3300065732045
 20
201.2897203024289
 10
302.3220964433944
 20
201.240920446318
 10
302.314469863929
 20
201.1921009429536
 10
302.3071276396696
 20
201.1432652851593
 10
302.3000705487326
 20
201.0944169778277
 10
302.2932993424681
 20
201.0455595373596
 10
302.2868147454404
 20
200.9966964911024
 10
302.2806174554033
 20
200.9478313767877
 10
302.274708143281
 20
200.8989677419715
 10
302.2690874531459
 20
200.8501091434718
 10
302.2637560021966
 20
200.8012591468062
 10
302.2587143807383
 20
200.7524213256323
 10
302.2539631521603
 20
200.7035992611855
 10
302.2495028529128
 20
200.6547965417162
 10
302.2453339924888
 20
200.6060167619307
 10
302.241457053401
 20
200.557263522428
 10
302.23787249116
 20
200.5085404291386
 10
302.2345807342535
 20
200.4598510927634
 10
302.2315821841246
 20
200.4111991282125
 10
302.2288772151498
 20
200.3625881540433
 10
302.2264661746201
 20
200.3140217918982
 10
302.2243493827164
 20
200.2655036659449
 10
302.2225271324896
 20
200.2170374023136
 10
302.2209996898395
 20
200.1686266285361
 10
302.219767293492
 20
200.1202749729841
 10
302.2188301549797
 20
200.0719860643077
 10
302.2181884586186
 20
200.0237635308736
 10
302.2178423614945
 20
199.9756110001971
 10
302.2177919934486
 20
199.9275320983655
 10
302.2180374570731
 20
199.879530449462
 10
302.2185788276972
 20
199.831609674988
 10
302.219416153381
 20
199.7837733932849
 10
302.2205494549043
 20
199.7360252189579
 10
302.2219787257588
 20
199.6883687622982
 10
302.2237039321375
 20
199.640807628706
 10
302.2257250129258
 20
199.5933454181133
 10
302.2280418796924
 20
199.5459857244053
 10
302.23065441668
 20
199.4987321348444
 10
302.2335624807954
 20
199.4515882294931
 10
302.2367659016008
 20
199.4045575806361
 10
302.2402644813053
 20
199.3576437522023
 10
302.2440579947527
 20
199.3108502991887
 10
302.2481461894147
 20
199.2641807670825
 10
302.252528785382
 20
199.2176386912839
 10
302.2572054753533
 20
199.1712275965289
 10
302.2621759246261
 20
199.1249509963125
 10
302.2674397710878
 20
199.0788123923091
 10
302.2729966252071
 20
199.0328152737984
 10
302.278846070024
 20
198.9869631170858
 10
302.2849876611407
 20
198.9412593849263
 10
302.2914209267116
 20
198.8957075259466
 10
302.2981453674343
 20
198.8503109740674
 10
302.3051604565408
 20
198.8050731479276
 10
302.312465639789
 20
198.7599974503052
 10
302.3200603354494
 20
198.7150872675413
 10
302.3279439343019
 20
198.6703459689616
 10
302.3361157996213
 20
198.6257769063008
 10
302.3445752671699
 20
198.5813834131232
 10
302.3533216451856
 20
198.537168804248
 10
302.3623542143607
 20
198.4931363751714
 10
302.3716722278142
 20
198.4492894014935
 10
302.3812749110665
 20
198.4056311383429
 10
302.3911614620126
 20
198.3621648198014
 10
302.4013310508944
 20
198.3188936583294
 10
302.4117828202751
 20
198.2758208441914
 10
302.4225158850128
 20
198.2329495448809
 10
302.4335293322318
 20
198.1902829045447
 10
302.4448222212994
 20
198.1478240434096
 10
302.4563935837961
 20
198.1055760572061
 10
302.4682424234905
 20
198.0635420165949
 10
302.4803677163126
 20
198.0217249665905
 10
302.492768410327
 20
197.9801279259879
 10
302.505443425705
 20
197.938753886786
 10
302.5183916547009
 20
197.897605813614
 10
302.5316119616227
 20
197.8566866431571
 10
302.5451031828058
 20
197.8159992835796
 10
302.5588641265882
 20
197.7755466139519
 10
302.5728935732821
 20
197.7353314836744
 10
302.5871902751469
 20
197.6953567119032
 10
302.6017529563641
 20
197.6556250869757
 10
302.6165803130103
 20
197.616139365835
 10
302.63167101303
 20
197.5769022734548
 10
302.6470236962085
 20
197.5379165022653
 10
302.6626369741472
 20
197.4991847115783
 10
302.6785094302346
 20
197.4607095270117
 10
302.6946396196217
 20
197.4224935399147
 10
302.7110260691934
 20
197.384539306794
 10
302.7276672775433
 20
197.3468493487373
 10
302.744561714947
 20
197.30942615084
 10
302.7617078233386
 20
197.2722721616488
 10
302.7791040163328
 20
197.2353897928091
 10
302.7967486792968
 20
197.1987814189845
 10
302.8146401694452
 20
197.1624493778295
 10
302.832776815922
 20
197.1263959699652
 10
302.8511569198937
 20
197.0906234589517
 10
302.8697787546349
 20
197.0551340712636
 10
302.8886405656166
 20
197.0199299962644
 10
302.9077405705973
 20
196.9850133861793
 10
302.927076959706
 20
196.9503863560709
 10
302.9466478955375
 20
196.9160509838126
 10
302.9664515132343
 20
196.8820093100625
 10
302.9864859205786
 20
196.8482633382391
 10
303.0067491980791
 20
196.8148150344937
 10
303.027239399061
 20
196.7816663276859
 10
303.0479545497524
 20
196.7488191093568
 10
303.0688926493729
 20
196.7162752337043
 10
303.0900516702228
 20
196.6840365175568
 10
303.111429557771
 20
196.6521047403469
 10
303.1330242307432
 20
196.6204816440868
 10
303.1548335812099
 20
196.5891689333408
 10
303.1768554746768
 20
196.5581682752012
 10
303.1990877501683
 20
196.5274812992616
 10
303.2215282203225
 20
196.497109597592
 10
303.2441746714727
 20
196.4670547247109
 10
303.2670248637415
 20
196.4373181975628
 10
303.2900765311252
 20
196.4079014954888
 10
303.3133273815835
 20
196.3788060602038
 10
303.3367750971285
 20
196.3500332957688
 10
303.360417333911
 20
196.3215845685662
 10
303.3842517223123
 20
196.2934612072739
 10
303.4082758670276
 20
196.2656645028377
 10
303.4324873471454
 20
196.2381957084389
 10
303.4568837161836
 20
196.2110560394224
 10
303.4814625020965
 20
196.1842466732125
 10
303.5062212072911
 20
196.1577687492227
 10
303.531157308634
 20
196.1316233687687
 10
303.5562682574624
 20
196.1058115949808
 10
303.5815514795986
 20
196.0803344527149
 10
303.6070043753549
 20
196.0551929284654
 10
303.6326243195502
 20
196.0303879702766
 10
303.6584086615149
 20
196.0059204876546
 10
303.6843547251056
 20
195.9817913514799
 10
303.7104598087166
 20
195.9580013939188
 10
303.7367211852855
 20
195.9345514083357
 10
303.7631361023092
 20
195.9114421492053
 10
303.7897017818525
 20
195.8886743320235
 10
303.816415420557
 20
195.8662486332213
 10
303.843274189656
 20
195.8441656900749
 10
303.8702752349814
 20
195.8224261006182
 10
303.8974156769754
 20
195.8010304235561
 10
303.9246926107038
 20
195.7799791781747
 10
303.9521031058625
 20
195.7592728442539
 10
303.9796442067903
 20
195.7389118619797
 10
304.0073129324808
 20
195.7188966318561
 10
304.0351062765906
 20
195.6992275146172
 10
304.0630212074524
 20
195.6799048311386
 10
304.0910546680832
 20
195.6609288623499
 10
304.1192035761979
 20
195.6422998491461
 10
304.1474648242173
 20
195.6240179923011
 10
304.1758352792802
 20
195.606083452378
 10
304.2043117832544
 20
195.588496349641
 10
304.2328911527455
 20
195.5712567639695
 10
304.2615701791171
 20
195.5543647347718
 10
304.2903456285665
 20
195.537820260952
 10
304.319214242296
 20
195.5216233009379
 10
304.3481727366956
 20
195.505773772726
 10
304.3772178035326
 20
195.4902715539269
 10
304.4063461101349
 20
195.4751164818065
 10
304.4355542995776
 20
195.4603083533325
 10
304.4648389908699
 20
195.4458469252183
 10
304.4941967791413
 20
195.431731913966
 10
304.5236242358246
 20
195.4179629959113
 10
304.5531179088478
 20
195.4045398072676
 10
304.5826743228145
 20
195.3914619441697
 10
304.612289979193
 20
195.3787289627192
 10
304.6419613565009
 20
195.3663403790262
 10
304.671684910493
 20
195.3542956692561
 10
304.7014570743456
 20
195.3425942696717
 10
304.7312742588429
 20
195.3312355766783
 10
304.7611328525635
 20
195.3202189468683
 10
304.7910292220677
 20
195.309543697064
 10
304.8209597120799
 20
195.2992091043628
 10
304.8509206456786
 20
195.2892144061804
 10
304.8809083244803
 20
195.2795588002955
 10
304.9109190288257
 20
195.2702414448952
 10
304.9409490179662
 20
195.2612614586156
 10
304.9709945302512
 20
195.25261792059
 10
305.0010517833109
 20
195.2443098704902
 10
305.0311169742459
 20
195.2363363085716
 10
305.0611862798111
 20
195.228696195718
 10
305.091255856602
 20
195.221388453484
 10
305.1213218412418
 20
195.2144119641409
 10
305.1513803505666
 20
195.2077655707199
 10
305.1814274818095
 20
195.2014480770551
 10
305.2114593127238
 20
195.1954582477795
 10
305.2414719014685
 20
195.1897948081412
 10
305.2714612863657
 20
195.1844564437269
 10
305.3014234856515
 20
195.1794418001728
 10
305.3313544972245
 20
195.1747494828804
 10
305.3612502983925
 20
195.1703780567292
 10
305.3911068456259
 20
195.1663260457914
 10
305.420920074302
 20
195.162591933044
 10
305.4506858984569
 20
195.1591741600852
 10
305.4804002105352
 20
195.1560711268463
 10
305.5100588811356
 20
195.1532811913052
 10
305.5396577587635
 20
195.150802669202
 10
305.5691926695777
 20
195.1486338337518
 10
305.5986594171415
 20
195.1467729153582
 10
305.6280537821696
 20
195.1452181013275
 10
305.6573715222773
 20
195.1439675355824
 10
305.686608371733
 20
195.1430193183767
 10
305.7157600412009
 20
195.1423715060072
 10
305.7448222174971
 20
195.1420221105288
 10
305.7737905633322
 20
195.1419690994692
 10
305.8026607170662
 20
195.1422103955403
 10
305.831428292452
 20
195.142743876354
 10
305.8600888783895
 20
195.1435673741354
 10
305.8886380386701
 20
195.1446786754365
 10
305.9170713117291
 20
195.1460755208496
 10
305.945384210393
 20
195.1477556047227
 10
305.9735722216296
 20
195.149716574871
 10
306.0016308062954
 20
195.1519560322928
 10
306.0295553988873
 20
195.1544715308823
 10
306.0573414072874
 20
195.1572605771431
 10
306.0849842125181
 20
195.1603206299027
 10
306.1124791685439
 20
195.1636491000713
 10
306.1398216027539
 20
195.1672433509028
 10
306.1670068173835
 20
195.1711006989722
 10
306.1940300911431
 20
195.1752184153042
 10
306.220886680852
 20
195.1795937265058
 10
306.247571823065
 20
195.184223815896
 10
306.2740807357084
 20
195.1891058246388
 10
306.3004086197067
 20
195.1942368528744
 10
306.3265506606154
 20
195.1996139608493
 10
306.3525020302518
 20
195.2052341700489
 10
306.3782578883275
 20
195.2110944643288
 10
306.4038133840759
 20
195.2171917910448
 10
306.4291636578863
 20
195.2235230621873
 10
306.4543038429342
 20
195.2300851555085
 10
306.4792290668105
 20
195.2368749156578
 10
306.5039344531548
 20
195.243889155311
 10
306.528415123286
 20
195.2511246563014
 10
306.5526661978316
 20
195.2585781707526
 10
306.5766827983603
 20
195.2662464222091
 10
306.6004600490128
 20
195.2741261067674
 10
306.6239930781319
 20
195.282213894208
 10
306.647277019895
 20
195.2905064291268
 10
306.6703070159439
 20
195.2990003320659
 10
306.693078217015
 20
195.3076922006447
 10
306.7155857845721
 20
195.3165786106931
 10
306.7378248924374
 20
195.3256561173811
 10
306.7597907284205
 20
195.3349212563504
 10
306.7814784959521
 20
195.3443705448465
 10
306.8028834157115
 20
195.3540004828496
 10
306.8240007272615
 20
195.3638075542061
 10
306.8448256906762
 20
195.3737882277603
 10
306.8653535881764
 20
195.383938958487
 10
306.885579725916
 20
195.3942561887414
 10
306.9054994363346
 20
195.4047363499404
 10
306.9251080808446
 20
195.415375864492
 10
306.9444010525328
 20
195.4261711477452
 10
306.9633737788698
 20
195.4371186099343
 10
306.982021724413
 20
195.4482146581292
 10
307.0003403935124
 20
195.4594556981813
 10
307.0183253330175
 20
195.4708381366713
 10
307.0359721349833
 20
195.4823583828561
 10
307.0532764393721
 20
195.4940128506182
 10
307.0702339367644
 20
195.5057979604102
 10
307.0868403710603
 20
195.5177101412049
 10
307.1030915421875
 20
195.5297458324411
 10
307.1189833088054
 20
195.5419014859724
 10
307.1345115910119
 20
195.5541735680129
 10
307.149672373048
 20
195.5665585610863
 10
307.1644617060049
 20
195.5790529659728
 10
307.1788757105273
 20
195.5916533036556
 10
307.192910579521
 20
195.6043561172708
 10
307.2065625808575
 20
195.6171579740512
 10
307.2198280600793
 20
195.6300554672777
 10
307.2327034431081
 20
195.6430452182236
 10
307.2451852389455
 20
195.6561238781043
 10
307.2572700423831
 20
195.6692881300233
 10
307.2689545367067
 20
195.6825346909201
 10
307.2802354964004
 20
195.6958603135178
 10
307.2911097898544
 20
195.7092617882702
 10
307.3015743820702
 20
195.7227359453103
 10
307.3116263373632
 20
195.7362796563959
 10
307.3212628220726
 20
195.749889836859
 10
307.3304811072655
 20
195.7635634475518
 10
307.3392785714345
 20
195.7772974967896
 10
307.3476527031229
 20
195.7910890422298
 10
307.3556011034344
 20
195.8049351926584
 10
307.3631214885249
 20
195.818833109757
 10
307.3702116920872
 20
195.8327800098696
 10
307.3768696678379
 20
195.8467731657685
 10
307.3830934920076
 20
195.8608099084214
 10
307.3888813658274
 20
195.8748876287563
 10
307.3942316180144
 20
195.8890037794303
 10
307.3991427072615
 20
195.9031558765941
 10
307.4036132247256
 20
195.9173415016591
 10
307.4076418965121
 20
195.9315583030638
 10
307.4112275861657
 20
195.9458039980408
 10
307.4143692971551
 20
195.9600763743819
 10
307.4170661753618
 20
195.9743732922059
 10
307.4193175115697
 20
195.9886926857246
 10
307.4211227439475
 20
196.0030325650087
 10
307.4224814605425
 20
196.0173910177548
 10
307.4233934017623
 20
196.0317662110519
 10
307.4238584628662
 20
196.0461563931468
 10
307.4238766964512
 20
196.0605598952126
 10
307.4234483149413
 20
196.0749751331131
 10
307.4225736930709
 20
196.0894006091701
 10
307.4212533703768
 20
196.1038349139298
 10
307.4194880536832
 20
196.1182767279299
 10
307.4172786195916
 20
196.1327248234638
 10
307.4146261169635
 20
196.1471780663503
 10
307.4115317694144
 20
196.1616354176973
 10
307.4079969777957
 20
196.1760959356689
 10
307.4040233226853
 20
196.1905587772536
 10
307.3996125668754
 20
196.205023200028
 10
307.3947666578443
 20
196.2194885639167
 10
307.3894877295006
 20
196.2339543324877
 10
307.3837781010813
 20
196.2484200724581
 10
307.3776402743758
 20
196.2628854521393
 10
307.3710769308211
 20
196.277350239806
 10
307.364090928607
 20
196.2918143020672
 10
307.3566852997749
 20
196.3062776022369
 10
307.3488632473182
 20
196.3207401987025
 10
307.3406281422813
 20
196.3352022432964
 10
307.3319835208644
 20
196.3496639796652
 10
307.3229330815196
 20
196.3641257416403
 10
307.3134806820564
 20
196.3785879516074
 10
307.3036303367352
 20
196.3930511188775
 10
307.293386213376
 20
196.4075158380562
 10
307.282752630453
 20
196.4219827874135
 10
307.2717340541971
 20
196.4364527272554
 10
307.2603350956986
 20
196.4509264982921
 10
307.2485605080036
 20
196.4654050200097
 10
307.2364151832177
 20
196.4798892890387
 10
307.2239041496066
 20
196.4943803775259
 10
307.2110325686946
 20
196.5088794315029
 10
307.1978057323663
 20
196.5233876692568
 10
307.184229059969
 20
196.5379063797006
 10
307.1703080954098
 20
196.5524369207435
 10
307.1560485042582
 20
196.5669807176592
 10
307.1414560708479
 20
196.581539261458
 10
307.1265366953744
 20
196.5961141072561
 10
307.1112963909978
 20
196.6107068726459
 10
307.0957412809427
 20
196.6253192360656
 10
307.0798775955985
 20
196.6399529351695
 10
307.063711669621
 20
196.6546097651989
 10
307.0472499390315
 20
196.6692915773503
 10
307.0304989383213
 20
196.6840002771492
 10
307.0134652975872
 20
196.6987378228358
 10
306.9961557397109
 20
196.7135062237787
 10
306.97857707756
 20
196.7283075388908
 10
306.9607362111753
 20
196.7431438750492
 10
306.9426401249682
 20
196.7580173855125
 10
306.9242958849167
 20
196.7729302683371
 10
306.9057106357549
 20
196.787884764797
 10
306.8868915981718
 20
196.8028831578007
 10
306.8678460660035
 20
196.8179277703094
 10
306.8485814034267
 20
196.833020963754
 10
306.8291050421545
 20
196.8481651364548
 10
306.8094244786291
 20
196.8633627220369
 10
306.7895472712189
 20
196.8786161878497
 10
306.7694810374086
 20
196.8939280333848
 10
306.7492334509961
 20
196.9093007886927
 10
306.7288122392871
 20
196.9247370128015
 10
306.7082251802881
 20
196.9402392921351
 10
306.6874800998994
 20
196.9558102389294
 10
306.6665848691123
 20
196.9714524896527
 10
306.6455474012026
 20
196.9871687034205
 10
306.6243756489232
 20
197.0029615604161
 10
306.6030776016984
 20
197.0188337603067
 10
306.5816612828204
 20
197.0347880206622
 10
306.5601347466419
 20
197.0508270753722
 10
306.5385060757699
 20
197.0669536730646
 10
306.4949747848164
 20
197.0994805561052
 10
306.4511325292984
 20
197.1323908934447
 10
306.4070447010664
 20
197.1657070432928
 10
306.3627768740226
 20
197.1994514473723
 10
306.3183947074725
 20
197.2336465761092
 10
306.2739638418124
 20
197.2683148691628
 10
306.2295497928286
 20
197.3034786751117
 10
306.2073694881855
 20
197.3212533396018
 10
306.1852178459854
 20
197.3391601911281
 10
306.1631029735805
 20
197.3572019707837
 10
306.1410329507132
 20
197.3753814026585
 10
306.1190158262137
 20
197.3937011919537
 10
306.0970596146946
 20
197.4121640230979
 10
306.075172293252
 20
197.4307725578609
 10
306.0533617981546
 20
197.449529433469
 10
306.0316360215472
 20
197.4684372607206
 10
306.0100028081442
 20
197.4874986220994
 10
305.9884699519252
 20
197.5067160698908
 10
305.9670451928329
 20
197.526092124297
 10
305.94573621347
 20
197.5456292715503
 10
305.924550635793
 20
197.5653299620296
 10
305.903496017813
 20
197.5851966083746
 10
305.8825798502883
 20
197.6052315836011
 10
305.861809553422
 20
197.6254372192152
 10
305.8411924735608
 20
197.6458158033286
 10
305.8207358798874
 20
197.666369578774
 10
305.80044696112
 20
197.6871007412196
 10
305.7803328222087
 20
197.7080114372835
 10
305.7604004810302
 20
197.7291037626499
 10
305.7406568650858
 20
197.7503797601825
 10
305.7211088082436
 20
197.7718414180694
 10
305.7017630480701
 20
197.7934906683275
 10
305.6826262240695
 20
197.8153293858687
 10
305.66370487614
 20
197.8373593876967
 10
305.6450054430261
 20
197.8595824321051
 10
305.6265342607826
 20
197.882000217878
 10
305.608297561227
 20
197.9046143834878
 10
305.5903014703992
 20
197.9274265062947
 10
305.5725520070172
 20
197.9504381017462
 10
305.5550550809363
 20
197.9736506225753
 10
305.5378164916061
 20
197.9970654579993
 10
305.5208419265255
 20
198.0206839329205
 10
305.5041369597041
 20
198.0445073071237
 10
305.4877070501152
 20
198.0685367744753
 10
305.471557540157
 20
198.0927734621227
 10
305.4556936541072
 20
198.1172184296937
 10
305.4401204965817
 20
198.1418726684953
 10
305.4248430509914
 20
198.1667371007118
 10
305.4098661779999
 20
198.1918125786054
 10
305.3951946139815
 20
198.2170998837141
 10
305.3808329694762
 20
198.2425997260509
 10
305.3667857276504
 20
198.2683127433031
 10
305.3530572427515
 20
198.2942395000316
 10
305.3396517385658
 20
198.3203804868691
 10
305.3265733068771
 20
198.3467361197194
 10
305.313825905923
 20
198.3733067389573
 10
305.3014133588521
 20
198.4000926086266
 10
305.2893393521829
 20
198.4270939156391
 10
305.2776074342585
 20
198.4543107689742
 10
305.2662210137064
 20
198.4817431988785
 10
305.2551833578939
 20
198.509391156063
 10
305.2444975913947
 20
198.5372545109077
 10
305.2341666948643
 20
198.5653330529197
 10
305.2241935056295
 20
198.5936264912468
 10
305.2145807193495
 20
198.6221344558512
 10
305.205330891756
 20
198.6508564987341
 10
305.1964464403963
 20
198.6797920951609
 10
305.1879296463771
 20
198.7089406448867
 10
305.1797826561033
 20
198.7383014733796
 10
305.1720074830237
 20
198.7678738330464
 10
305.1646060093713
 20
198.7976569044579
 10
305.1575799879047
 20
198.8276497975731
 10
305.1509310436534
 20
198.8578515529634
 10
305.1446606756572
 20
198.8882611430389
 10
305.138770258709
 20
198.9188774732721
 10
305.1332610450977
 20
198.9496993834231
 10
305.12813416635
 20
198.9807256487649
 10
305.1233906349725
 20
199.0119549813072
 10
305.1190313461945
 20
199.043386031022
 10
305.1150570797086
 20
199.075017387068
 10
305.1114685014161
 20
199.106847579016
 10
305.1082661651642
 20
199.1388750780727
 10
305.1054505144941
 20
199.171098298307
 10
305.103021884379
 20
199.2035155978735
 10
305.1009805029673
 20
199.236125280238
 10
305.0993264933261
 20
199.2689255954017
 10
305.0980598751811
 20
199.3019147411273
 10
305.0971805666612
 20
199.3350908641625
 10
305.096688386039
 20
199.3684520614651
 10
305.0965830534743
 20
199.4019963814287
 10
305.0968641927548
 20
199.4357218251064
 10
305.0975313330397
 20
199.469626347436
 10
305.0985839106015
 20
199.5037078584656
 10
305.1000212705497
 20
199.5379642245662
 10
305.1018426683165
 20
199.5723932694989
 10
305.1040472707647
 20
199.6069927752502
 10
305.1066341572019
 20
199.6417604828081
 10
305.1096023203948
 20
199.6766940929404
 10
305.1129506675794
 20
199.7117912669687
 10
305.1166780214799
 20
199.7470496275476
 10
305.1207831213154
 20
199.7824667594404
 10
305.1252646238193
 20
199.8180402102946
 10
305.1301211042485
 20
199.8537674914202
 10
305.1353510573989
 20
199.889646078565
 10
305.1409528986187
 20
199.9256734126922
 10
305.1469249648195
 20
199.9618469007564
 10
305.1532655154935
 20
199.99816391648
 10
305.1599727337231
 20
200.0346218011304
 10
305.1670447271962
 20
200.0712178642961
 10
305.1744795292188
 20
200.1079493846637
 10
305.182275099731
 20
200.1448136107942
 10
305.1904293263153
 20
200.1818077618996
 10
305.1989400252145
 20
200.2189290286202
 10
305.207804942343
 20
200.2561745737991
 10
305.2170217543002
 20
200.2935415332623
 10
305.2265880693839
 20
200.3310270165914
 10
305.2365014286049
 20
200.3686281079033
 10
305.2467593066982
 20
200.4063418666255
 10
305.2573591131391
 20
200.4441653282717
 10
305.2682981931531
 20
200.4820955052206
 10
305.2795738287334
 20
200.5201293874911
 10
305.2911832396491
 20
200.558263943519
 10
305.3031235844645
 20
200.5964961209337
 10
305.3153919615474
 20
200.6348228473348
 10
305.327985410085
 20
200.673241031069
 10
305.3409009111336
 20
200.7117475620289
 10
305.3541353888102
 20
200.7503393125385
 10
305.3676857115838
 20
200.7890131382997
 10
305.3815486935699
 20
200.8277658793415
 10
305.3957210958287
 20
200.8665943609699
 10
305.4101996276595
 20
200.9054953947165
 10
305.4249809478997
 20
200.9444657792904
 10
305.4400616662182
 20
200.9835023015255
 10
305.4554383444143
 20
201.0226017373308
 10
305.4711074977124
 20
201.0617608526409
 10
305.4870655960598
 20
201.1009764043651
 10
305.5033090654222
 20
201.1402451413372
 10
305.5198342890803
 20
201.179563805264
 10
305.5366376089255
 20
201.218929131677
 10
305.5537153267584
 20
201.2583378508806
 10
305.5710637055822
 20
201.2977866889021
 10
305.5886789709015
 20
201.3372723684414
 10
305.6065573120193
 20
201.3767916098208
 10
305.6246948833294
 20
201.416341131934
 10
305.6430878056167
 20
201.4559176531968
 10
305.6617321673529
 20
201.4955178924965
 10
305.6806240259916
 20
201.5351385701399
 10
305.6997594092643
 20
201.5747764088053
 10
305.719134316481
 20
201.6144281344914
 10
305.73874471982
 20
201.654090477466
 10
305.7585865656302
 20
201.6937601732167
 10
305.778655775724
 20
201.7334339633999
 10
305.7989482486751
 20
201.773108596791
 10
305.8194598611152
 20
201.8127808302335
 10
305.8401864690292
 20
201.85244742959
 10
305.861123909051
 20
201.892105170689
 10
305.8822679997614
 20
201.9317508402766
 10
305.9036145429419
 20
201.9713812369425
 10
305.9251593247802
 20
202.0109931720182
 10
305.9468981170564
 20
202.0505834704651
 10
305.9688266783318
 20
202.0901489717632
 10
305.9909407551352
 20
202.1296865308007
 10
306.013236083151
 20
202.169193018761
 10
306.0357083884059
 20
202.2086653240119
 10
306.0583533884576
 20
202.2481003529947
 10
306.0811667935823
 20
202.2874950311123
 10
306.1041443079608
 20
202.3268463036182
 10
306.127281630868
 20
202.3661511365048
 10
306.1505744578584
 20
202.4054065173917
 10
306.1740184819547
 20
202.4446094564154
 10
306.1976093948356
 20
202.4837569871164
 10
306.2213428880235
 20
202.5228461673287
 10
306.2452146540694
 20
202.5618740800695
 10
306.269220387745
 20
202.6008378344247
 10
306.293355787225
 20
202.6397345664407
 10
306.3176165552797
 20
202.6785614400114
 10
306.3419984004585
 20
202.7173156477674
 10
306.3664970382796
 20
202.7559944119635
 10
306.3911081924168
 20
202.7945949853691
 10
306.4158275958873
 20
202.833114652155
 10
306.4406509922386
 20
202.8715507287837
 10
306.4655741367371
 20
202.9099005648966
 10
306.4905927975539
 20
202.9481615442033
 10
306.5408998124871
 20
203.0244066429077
 10
306.5915384856527
 20
203.1002658097024
 10
306.6424755481624
 20
203.1757194313508
 10
306.6936780516751
 20
203.2507485249742
 10
306.7451134066214
 20
203.3253347663325
 10
306.7967494205178
 20
203.399460518042
 10
306.8485543362827
 20
203.4731088577929
 10
306.9004968705549
 20
203.5462636065651
 10
306.926510107543
 20
203.5826510385767
 10
306.9525462520087
 20
203.6189093568421
 10
306.9786015438292
 20
203.655036760599
 10
307.0046722596728
 20
203.6910315008305
 10
307.0307547141983
 20
203.7268918811482
 10
307.0568452612496
 20
203.7626162586729
 10
307.0829402950554
 20
203.7982030449165
 10
307.1090362514274
 20
203.8336507066646
 10
307.1351296089549
 20
203.8689577668572
 10
307.1612168902033
 20
203.9041228054708
 10
307.1872946629139
 20
203.9391444604004
 10
307.2133595411976
 20
203.9740214283408
 10
307.2394081867344
 20
204.0087524656686
 10
307.2654373099705
 20
204.0433363893248
 10
307.2914436713165
 20
204.0777720776941
 10
307.317424082343
 20
204.1120584714897
 10
307.343375406979
 20
204.146194574633
 10
307.3692945627095
 20
204.1801794551358
 10
307.3951785217732
 20
204.2140122459825
 10
307.4210243123586
 20
204.2476921460112
 10
307.4468290197641
 20
204.2812184207601
 10
307.4725897869928
 20
204.3145904028026
 10
307.4983038144092
 20
204.3478074912236
 10
307.5239683591448
 20
204.3808691508718
 10
307.549580734505
 20
204.4137749116083
 10
307.5751383093737
 20
204.4465243675571
 10
307.6006385076153
 20
204.4791171763526
 10
307.6260788074823
 20
204.5115530583898
 10
307.6514567410189
 20
204.5438317960718
 10
307.6767698934645
 20
204.5759532330614
 10
307.7020159026598
 20
204.6079172735277
 10
307.7271924584502
 20
204.6397238813955
 10
307.752297302093
 20
204.6713730795964
 10
307.777328225657
 20
204.7028649493148
 10
307.8022830714319
 20
204.7341996292397
 10
307.8271597313311
 20
204.7653773148113
 10
307.8519561462956
 20
204.7963982574723
 10
307.8766703056996
 20
204.8272627639151
 10
307.9013002467543
 20
204.857971195332
 10
307.9258440539139
 20
204.8885239666639
 10
307.9502998582785
 20
204.9189215458487
 10
307.9746658369994
 20
204.949164453072
 10
307.9989402126845
 20
204.9792532600138
 10
308.0231212528008
 20
205.0091885890996
 10
308.0472072690819
 20
205.0389711127485
 10
308.0711966169296
 20
205.0686015526223
 10
308.0950876948214
 20
205.0980806788743
 10
308.1188789437117
 20
205.1274093093995
 10
308.1425688464404
 20
205.1565883090817
 10
308.1661559271339
 20
205.1856185890441
 10
308.1896387506116
 20
205.2145011058981
 10
308.2130159217896
 20
205.243236860992
 10
308.2362860850897
 20
205.2718268996607
 10
308.2594479238526
 20
205.3002723104837
 10
308.2825001597612
 20
205.3285742245412
 10
308.3054415522661
 20
205.3567338146777
 10
308.3282708980079
 20
205.3847522947594
 10
308.3509870302385
 20
205.4126309189348
 10
308.3735888182487
 20
205.4403709808951
 10
308.3960751667867
 20
205.4679738131333
 10
308.4184450154859
 20
205.4954407862051
 10
308.4406973382844
 20
205.5227733079876
 10
308.4628311428509
 20
205.5499728229404
 10
308.4848454700091
 20
205.5770408113648
 10
308.5067393931558
 20
205.6039787886637
 10
308.5285120176907
 20
205.6307883046022
 10
308.5501624804355
 20
205.6574709425665
 10
308.5716899490585
 20
205.6840283188242
 10
308.5930936214987
 20
205.7104620817847
 10
308.614372725388
 20
205.7367739112588
 10
308.6355265174758
 20
205.7629655177181
 10
308.6565542830499
 20
205.789038641556
 10
308.6774553353635
 20
205.8149950523463
 10
308.6982290150547
 20
205.8408365481046
 10
308.7188746895744
 20
205.8665649545463
 10
308.7393917526036
 20
205.892182124348
 10
308.7597796234837
 20
205.9176899364082
 10
308.7800377466343
 20
205.9430902951042
 10
308.800165590978
 20
205.9683851295552
 10
308.8201626493662
 20
205.9935763928797
 10
308.840028438
 20
206.0186660614577
 10
308.859762495854
 20
206.0436561341888
 10
308.879364384099
 20
206.0685486317529
 10
308.8988336855286
 20
206.0933455958712
 10
308.9181700039978
 20
206.1180490885851
 10
308.9373729638911
 20
206.1426611915643
 10
308.9564422095969
 20
206.1671840054242
 10
308.9753774049843
 20
206.1916196490443
 10
308.994178232878
 20
206.2159702588839
 10
309.0128443945327
 20
206.2402379882996
 10
309.0313756091073
 20
206.2644250068634
 10
309.0497716131447
 20
206.2885334996788
 10
309.0680321600418
 20
206.312565666699
 10
309.0861570195274
 20
206.3365237220432
 10
309.104145977137
 20
206.3604098933149
 10
309.1219988336888
 20
206.3842264209176
 10
309.139715404758
 20
206.4079755573735
 10
309.1572955201526
 20
206.4316595666404
 10
309.1747390233865
 20
206.4552807234282
 10
309.1920457711593
 20
206.4788413125169
 10
309.2092156328269
 20
206.5023436280732
 10
309.2262484898809
 20
206.5257899729684
 10
309.2431442354195
 20
206.549182658095
 10
309.2599027736267
 20
206.5725240016846
 10
309.2765240192445
 20
206.595816328624
 10
309.2930078970501
 20
206.6190619697732
 10
309.309354341332
 20
206.6422632612836
 10
309.3255632953618
 20
206.6654225439132
 10
309.3416347108716
 20
206.6885421623448
 10
309.3575685475307
 20
206.7116244645035
 10
309.3733647724186
 20
206.7346718008737
 10
309.3890233595009
 20
206.7576865238162
 10
309.4045442891037
 20
206.7806709868855
 10
309.4199275473921
 20
206.8036275441463
 10
309.4351731258411
 20
206.8265585494927
 10
309.450281020696
 20
206.8494663559442
 10
309.4652512323471
 20
206.8723533148606
 10
309.4800837646509
 20
206.8952217750962
 10
309.4947786242414
 20
206.9180740821458
 10
309.5093358198468
 20
206.9409125772954
 10
309.5237553616017
 20
206.9637395967677
 10
309.5380372603616
 20
206.9865574708728
 10
309.5521815270174
 20
207.0093685231547
 10
309.5661881718099
 20
207.0321750695391
 10
309.5800572036422
 20
207.0549794174835
 10
309.5937886293939
 20
207.0777838651232
 10
309.6073824532379
 20
207.1005907004201
 10
309.6208386759501
 20
207.1234022003128
 10
309.634157294227
 20
207.1462206298603
 10
309.6473382999986
 20
207.1690482413954
 10
309.6603816797416
 20
207.1918872736686
 10
309.6732874137946
 20
207.2147399509987
 10
309.686055475672
 20
207.2376084824193
 10
309.6986858313758
 20
207.260495060829
 10
309.7111784387144
 20
207.2834018621373
 10
309.7235332466112
 20
207.306331044414
 10
309.7357501944224
 20
207.3292847470373
 10
309.7478292112505
 20
207.352265089841
 10
309.7597702152557
 20
207.375274172264
 10
309.7715731129739
 20
207.3983140724978
 10
309.7832377986275
 20
207.4213868466338
 10
309.7947641534413
 20
207.4444945278128
 10
309.806152044955
 20
207.4676391253729
 10
309.8174013263395
 20
207.4908226239964
 10
309.828511835709
 20
207.5140469828592
 10
309.8394833954348
 20
207.5373141347789
 10
309.8503158114727
 20
207.5606259853743
 10
309.8610088728721
 20
207.5839844124169
 10
309.8715623516088
 20
207.6073912655194
 10
309.881976002513
 20
207.6308483659187
 10
309.8922495631976
 20
207.654357506261
 10
309.9023827539808
 20
207.6779204503858
 10
309.9123752778193
 20
207.7015389331111
 10
309.9222268202306
 20
207.7252146600169
 10
309.9319370492235
 20
207.7489493072316
 10
309.9415056152232
 20
207.772744521215
 10
309.9509321510002
 20
207.7966019185428
 10
309.9602162715975
 20
207.8205230856936
 10
309.9693575742563
 20
207.8445095788301
 10
309.9783556383455
 20
207.8685629235863
 10
309.9872100252863
 20
207.8926846148513
 10
309.9959202784824
 20
207.9168761165531
 10
310.0044859232444
 20
207.9411388614443
 10
310.0129064667199
 20
207.965474250887
 10
310.0211813978195
 20
207.9898836546357
 10
310.0293101871419
 20
208.0143684106235
 10
310.037292286906
 20
208.038929824746
 10
310.0451271308734
 20
208.0635691706458
 10
310.052814134279
 20
208.0882876894987
 10
310.0603526937558
 20
208.113086589795
 10
310.0677421872645
 20
208.1379670471276
 10
310.0749819740191
 20
208.1629302039741
 10
310.0820713944153
 20
208.1879771694835
 10
310.0890097699557
 20
208.2131090192584
 10
310.0957964031804
 20
208.2383267951423
 10
310.1024305775912
 20
208.2636315050018
 10
310.1089115575809
 20
208.2890241225124
 10
310.1152385883608
 20
208.3145055869448
 10
310.1214108959537
 20
208.3400768030167
 10
310.1274276875187
 20
208.3657386410872
 10
310.1332881519021
 20
208.3914919375873
 10
310.138991460216
 20
208.4173374954779
 10
310.144536766415
 20
208.4432760847038
 10
310.1499232078739
 20
208.4693084426511
 10
310.1551499059624
 20
208.495435274603
 10
310.1602159666236
 20
208.5216572541952
 10
310.1651204809511
 20
208.5479750238721
 10
310.1698625257648
 20
208.5743891953426
 10
310.1744411641889
 20
208.6009003500371
 10
310.178855446228
 20
208.6275090395612
 10
310.1831044093452
 20
208.6542157861545
 10
310.1871870790348
 20
208.6810210831445
 10
310.1911024694067
 20
208.7079253954032
 10
310.1948495837553
 20
208.7349291598031
 10
310.1984274151431
 20
208.7620327856732
 10
310.2018349469719
 20
208.7892366552547
 10
310.2050711535647
 20
208.8165411241572
 10
310.2081350007375
 20
208.8439465218147
 10
310.211025446382
 20
208.8714531519417
 10
310.2137414410374
 20
208.8990612929887
 10
310.2162819284688
 20
208.9267711985978
 10
310.218645846246
 20
208.9545830980604
 10
310.2208321263186
 20
208.982497196771
 10
310.2228396955933
 20
209.0105136766846
 10
310.2246674765092
 20
209.0386326967723
 10
310.226314387618
 20
209.066854393477
 10
310.2277793441587
 20
209.0951788811693
 10
310.2290612586338
 20
209.1236062526047
 10
310.2301590413891
 20
209.1521365793775
 10
310.231071601183
 20
209.1807699123748
 10
310.231797845713
 20
209.2095062821757
 10
310.2323366820379
 20
209.2383456993522
 10
310.2326870169771
 20
209.2672881547429
 10
310.2328477575113
 20
209.2963336197256
 10
310.2328178111766
 20
209.32548204649
 10
310.2325960864669
 20
209.3547333683109
 10
310.2321814932277
 20
209.3840874998212
 10
310.2315729430574
 20
209.413544337284
 10
310.2307693497057
 20
209.4431037588659
 10
310.2297696294688
 20
209.4727656249099
 10
310.2285727015906
 20
209.5025297782082
 10
310.227177488658
 20
209.5323960442748
 10
310.2255829170018
 20
209.5623642316183
 10
310.2237879170933
 20
209.5924341320154
 10
310.2217914239432
 20
209.6226055207822
 10
310.2195923774985
 20
209.6528781570494
 10
310.2171897230422
 20
209.6832517840333
 10
310.2145824115896
 20
209.7137261293084
 10
310.2117694002886
 20
209.7443009050821
 10
310.2087496528163
 20
209.7749758084653
 10
310.2055221397786
 20
209.8057505217472
 10
310.2020858391053
 20
209.8366247126667
 10
310.1984397364519
 20
209.8675980346857
 10
310.1945828255964
 20
209.8986701272632
 10
310.1905141088361
 20
209.9298406161252
 10
310.1862325973872
 20
209.9611091135401
 10
310.1817373117827
 20
209.9924752185912
 10
310.1770272822711
 20
210.0239385174483
 10
310.1721015492125
 20
210.0554985836413
 10
310.166959163479
 20
210.0871549783333
 10
310.1615991868519
 20
210.1189072505929
 10
310.156020692429
 20
210.150754937676
 10
310.15022276507
 20
210.1826975653438
 10
310.1442045018786
 20
210.2147346482129
 10
310.1379650126809
 20
210.2468656901072
 10
310.1315034205098
 20
210.2790901844083
 10
310.124818862083
 20
210.3114076144074
 10
310.1179104882886
 20
210.3438174536583
 10
310.1107774646615
 20
210.3763191663271
 10
310.1034189718715
 20
210.4089122075444
 10
310.0958342061983
 20
210.4415960237577
 10
310.0880223800165
 20
210.4743700530823
 10
310.079982722278
 20
210.5072337256528
 10
310.0717144789903
 20
210.540186463975
 10
310.0632169136996
 20
210.5732276832772
 10
310.0544893079741
 20
210.6063567918624
 10
310.0455309618828
 20
210.6395731914593
 10
310.0363411944773
 20
210.672876277574
 10
310.026919344275
 20
210.7062654398422
 10
310.0172647697397
 20
210.7397400623796
 10
310.0073768497628
 20
210.7732995241346
 10
309.9972549841444
 20
210.8069431992397
 10
309.9868985940771
 20
210.8406704573628
 10
309.976307122624
 20
210.8744806640583
 10
309.9654800352035
 20
210.9083731811204
 10
309.9544168200697
 20
210.9423473669326
 10
309.9431169887914
 20
210.9764025768215
 10
309.931580076738
 20
211.0105381634057
 10
309.9198056435577
 20
211.0447534769501
 10
309.9077932736612
 20
211.0790478657161
 10
309.895542576701
 20
211.1134206763131
 10
309.8830531880548
 20
211.1478712540506
 10
309.8703247693046
 20
211.182398943289
 10
309.8573570087007
 20
211.2170030877762
 10
309.8441496215901
 20
211.2516830309612
 10
309.8307023508362
 20
211.2864381162958
 10
309.8170149672389
 20
211.3212676875424
 10
309.8030872699527
 20
211.3561710890747
 10
309.7889190869068
 20
211.3911476661852
 10
309.7745102752249
 20
211.4261967653872
 10
309.7598607216419
 20
211.46131773472
 10
309.7449703429284
 20
211.4965099240534
 10
309.7298390863038
 20
211.5317726853915
 10
309.7144669298599
 20
211.5671053731773
 10
309.698853882979
 20
211.6025073445972
 10
309.6829999867535
 20
211.6379779598847
 10
309.6669053144047
 20
211.6735165826249
 10
309.6505699717017
 20
211.7091225800595
 10
309.6339940973825
 20
211.7447953233897
 10
309.6171778635706
 20
211.780534188082
 10
309.6001214761982
 20
211.8163385541716
 10
309.5828251754211
 20
211.852207806567
 10
309.5652892360413
 20
211.888141335354
 10
309.5475139679248
 20
211.9241385361003
 10
309.5294997164219
 20
211.9601988101597
 10
309.5112468627852
 20
211.9963215649768
 10
309.4927558245903
 20
212.0325062143899
 10
309.4740270561535
 20
212.0687521789374
 10
309.4550610489534
 20
212.1050588861606
 10
309.4358583320478
 20
212.1414257709081
 10
309.4164194724958
 20
212.1778522756406
 10
309.3967450757726
 20
212.2143378507356
 10
309.3768357861954
 20
212.2508819547898
 10
309.3566922873353
 20
212.2874840549253
 10
309.3363153023628
 20
212.3241436270562
 10
309.3157055939905
 20
212.3608601559677
 10
309.2948639641104
 20
212.3976331352531
 10
309.2737912534023
 20
212.4344620672347
 10
309.2524883409443
 20
212.4713464628863
 10
309.2309561438182
 20
212.5082858417525
 10
309.2091956167175
 20
212.545279731874
 10
309.1872077515574
 20
212.5823276697059
 10
309.1649935770834
 20
212.6194292000401
 10
309.142554158475
 20
212.6565838759285
 10
309.1198905969603
 20
212.6937912586028
 10
309.0970040294174
 20
212.7310509173958
 10
309.0738956279893
 20
212.768362429665
 10
309.0505665996855
 20
212.8057253807127
 10
309.0270181859949
 20
212.8431393637076
 10
309.0032516624917
 20
212.8806039796067
 10
308.9792683384437
 20
212.9181188370768
 10
308.9550695564212
 20
212.9556835524167
 10
308.9306566919047
 20
212.9932977494775
 10
308.9060311528932
 20
213.0309610595853
 10
308.8811943795105
 20
213.0686731214624
 10
308.8561478436174
 20
213.1064335811483
 10
308.830893048415
 20
213.1442420919231
 10
308.805431528056
 20
213.1820983142265
 10
308.7797648472533
 20
213.2200019155813
 10
308.7538946008848
 20
213.2579525705146
 10
308.7278224136035
 20
213.2959499604788
 10
308.7015499394476
 20
213.3339937737738
 10
308.6750788614452
 20
213.3720837054685
 10
308.6484108912235
 20
213.4102194573216
 10
308.6215477686181
 20
213.4484007377048
 10
308.5944912612807
 20
213.4866272615225
 10
308.5672431642943
 20
213.5248987501378
 10
308.539805299804
 20
213.5632149313005
 10
308.5121795166492
 20
213.6015755390775
 10
308.4843676899983
 20
213.6399803137826
 10
308.4563717209829
 20
213.678429001909
 10
308.4281935363321
 20
213.7169213560571
 10
308.3998350880049
 20
213.7554571348663
 10
308.3712983528248
 20
213.7940361029458
 10
308.3425853321142
 20
213.8326580308034
 10
308.313698051327
 20
213.8713226947774
 10
308.2846385596846
 20
213.9100298769665
 10
308.2554089298076
 20
213.9487793651595
 10
308.2260112573504
 20
213.9875709527669
 10
308.1964476606359
 20
214.0264044387507
 10
308.166720280288
 20
214.0652796275541
 10
308.1368312788672
 20
214.1041963290334
 10
308.1067828405032
 20
214.1431543583873
 10
308.0765771705277
 20
214.1821535360872
 10
308.0462164951121
 20
214.2211936878087
 10
308.0157030608966
 20
214.2602746443603
 10
307.985039134628
 20
214.2993962416154
 10
307.9542270027916
 20
214.3385583204418
 10
307.9232689712456
 20
214.3777607266324
 10
307.8921673648541
 20
214.4170033108353
 10
307.8609245271224
 20
214.456285928485
 10
307.8295428198311
 20
214.4956084397309
 10
307.798024622667
 20
214.5349707093704
 10
307.7663723328619
 20
214.5743726067777
 10
307.7345883648205
 20
214.6138140058328
 10
307.7026751497603
 20
214.6532947848555
 10
307.6706351353408
 20
214.6928148265327
 10
307.6384707852993
 20
214.7323740178496
 10
307.5737790114501
 20
214.8116094184052
 10
307.508619845459
 20
214.8910001656391
 10
307.4430135378341
 20
214.970545502816
 10
307.3769805603276
 20
215.0502447350286
 10
307.3105415939183
 20
215.1300972268737
 10
307.2437175167909
 20
215.210102400129
 10
307.1765293923178
 20
215.2902597314339
 10
307.1089984570416
 20
215.3705687499634
 10
307.0411461086543
 20
215.4510290351077
 10
306.9729938939818
 20
215.5316402141502
 10
306.9045634969639
 20
215.6124019599437
 10
306.8358767266323
 20
215.6933139885885
 10
306.7669555050994
 20
215.7743760571104
 10
306.6978218555311
 20
215.8555879611383
 10
306.6284978901354
 20
215.9369495325814
 10
306.5590057981423
 20
216.018460637307
 10
306.4893678338415
 20
216.1001211728349
 10
306.4196063047443
 20
216.1819310660605
 10
306.3497435597846
 20
216.2638902709932
 10
306.2798019775205
 20
216.3459987664929
 10
306.2098039543403
 20
216.428256554006
 10
306.1397718926644
 20
216.510663655304
 10
306.0697281891499
 20
216.5932201102198
 10
305.999695222892
 20
216.6759259743839
 10
305.9296953436307
 20
216.7587813169627
 10
305.8597508599496
 20
216.8417862183952
 10
305.789884027483
 20
216.9249407681296
 10
305.7201170371202
 20
217.0082450623604
 10
305.6504720032031
 20
217.0916992017657
 10
305.5809709517362
 20
217.1753032892441
 10
305.5116358085868
 20
217.2590574276512
 10
305.4424883876791
 20
217.342961717535
 10
305.3735503790869
 20
217.427016254851
 10
305.3048433369777
 20
217.5112211286404
 10
305.2363886675292
 20
217.5955764187103
 10
305.1682076168437
 20
217.6800821933064
 10
305.1003212588584
 20
217.7647385067901
 10
305.0327504832649
 20
217.8495453973142
 10
304.9655159834191
 20
217.9345028844977
 10
304.898638244257
 20
218.0196109671022
 10
304.8321375302088
 20
218.104869620707
 10
304.7660338731145
 20
218.1902787953862
 10
304.7003470601336
 20
218.2758384133821
 10
304.6350966216652
 20
218.3615483667831
 10
304.5703018192575
 20
218.447408515198
 10
304.5059816335229
 20
218.5334186834324
 10
304.4740053735573
 20
218.5764799601451
 10
304.4421547520545
 20
218.619578659164
 10
304.4104320572009
 20
218.6627147477672
 10
304.3788395573778
 20
218.7058881906258
 10
304.3473795007983
 20
218.7490989497343
 10
304.3160541151505
 20
218.7923469843415
 10
304.2848656072313
 20
218.8356322508805
 10
304.2538161625898
 20
218.8789547029007
 10
304.2229079451642
 20
218.922314290998
 10
304.1921430969215
 20
218.9657109627451
 10
304.1615237374969
 20
219.0091446626233
 10
304.1310519638333
 20
219.0526153319519
 10
304.1007298498193
 20
219.0961229088199
 10
304.0705594459289
 20
219.1396673280169
 10
304.0405427788602
 20
219.1832485209626
 10
304.0106818511762
 20
219.2268664156394
 10
303.9809786409417
 20
219.2705209365212
 10
303.9514351013649
 20
219.3142120045059
 10
303.9220531604324
 20
219.3579395368443
 10
303.8928347205533
 20
219.4017034470734
 10
303.863781658195
 20
219.445503644944
 10
303.8348958235247
 20
219.489340036354
 10
303.8061790400456
 20
219.5332125232781
 10
303.7776331042378
 20
219.5771210036989
 10
303.749259785199
 20
219.6210653715369
 10
303.7210608242802
 20
219.665045516582
 10
303.6930379347266
 20
219.7090613244237
 10
303.6651928013172
 20
219.753112676383
 10
303.6375270800045
 20
219.7971994494413
 10
303.6100423975501
 20
219.8413215161731
 10
303.5827403511686
 20
219.885478744675
 10
303.555622508163
 20
219.9296709984979
 10
303.5286904055662
 20
219.9738981365763
 10
303.5019455497737
 20
220.01816001316
 10
303.4753894161607
 20
220.0624564777383
 10
303.4490234486733
 20
220.1067873749634
 10
303.422849059424
 20
220.1511525445711
 10
303.3968676282853
 20
220.1955518213039
 10
303.3710805024794
 20
220.2399850348323
 10
303.3454889961761
 20
220.284452009676
 10
303.3200943900812
 20
220.3289525651271
 10
303.2948979310339
 20
220.3734865151706
 10
303.2699008315956
 20
220.4180536684074
 10
303.2451042696467
 20
220.4626538279753
 10
303.2205093879774
 20
220.5072867914715
 10
303.1961172938831
 20
220.5519523508737
 10
303.1719290587529
 20
220.5966502924623
 10
303.1479457176696
 20
220.6413803967434
 10
303.1241682689959
 20
220.6861424383684
 10
303.1005976739717
 20
220.7309361860573
 10
303.0772348563062
 20
220.7757614025209
 10
303.0540807017719
 20
220.8206178443812
 10
303.031136057794
 20
220.865505262095
 10
303.0084017330485
 20
220.9104233998742
 10
302.9858784970528
 20
220.9553719956083
 10
302.9635670797566
 20
221.0003507807867
 10
302.9414681711413
 20
221.0453594804201
 10
302.9195824208051
 20
221.0903978129618
 10
302.8979104375639
 20
221.1354654902304
 10
302.8764527890369
 20
221.1805622173318
 10
302.8552100012469
 20
221.2256876925799
 10
302.8341825582073
 20
221.2708416074199
 10
302.8133709015202
 20
221.316023646349
 10
302.7927754299649
 20
221.3612334868386
 10
302.7723964991042
 20
221.4064707992581
 10
302.7522344210626
 20
221.4517352468334
 10
302.7322894646906
 20
221.4970264856786
 10
302.7125618558542
 20
221.5423441648523
 10
302.6930517777245
 20
221.587687926416
 10
302.6737593710723
 20
221.6330574054901
 10
302.6546847345588
 20
221.6784522303117
 10
302.6358279250269
 20
221.7238720222915
 10
302.6171889577966
 20
221.7693163960712
 10
302.5987678069529
 20
221.8147849595812
 10
302.580564405641
 20
221.8602773140968
 10
302.5625786463577
 20
221.9057930542963
 10
302.544810381242
 20
221.951331768318
 10
302.5272594223693
 20
221.9968930378168
 10
302.5099255420422
 20
222.0424764380221
 10
302.4928084730836
 20
222.0880815377952
 10
302.4759079091264
 20
222.1337078996858
 10
302.4592235049102
 20
222.1793550799899
 10
302.4427548765688
 20
222.2250226288058
 10
302.4265016019232
 20
222.2707100900936
 10
302.4104632207776
 20
222.31641700173
 10
302.3946392352058
 20
222.3621428955668
 10
302.3790291098472
 20
222.4078872974882
 10
302.3636322721984
 20
222.4536497274672
 10
302.3484481129026
 20
222.4994296996233
 10
302.3334759860462
 20
222.5452267222798
 10
302.3187152094465
 20
222.5910402980219
 10
302.3041650649475
 20
222.6368699237511
 10
302.2898247987094
 20
222.6827150907459
 10
302.2756936215011
 20
222.7285752847168
 10
302.2617707089938
 20
222.7744499858638
 10
302.2480552020512
 20
222.8203386689344
 10
302.234546207029
 20
222.8662408032806
 10
302.2212427960928
 20
222.9121558529237
 10
302.2081440075679
 20
222.9580832766204
 10
302.1952488462862
 20
223.004022527931
 10
302.1825562839317
 20
223.0499730552887
 10
302.1700652593898
 20
223.0959343020662
 10
302.1577746790954
 20
223.1419057066452
 10
302.1456834173816
 20
223.1878867024829
 10
302.1337903168238
 20
223.2338767181819
 10
302.1220941885923
 20
223.2798751775568
 10
302.1105938127955
 20
223.325881499703
 10
302.0992879388316
 20
223.3718950990647
 10
302.0881752857349
 20
223.4179153855031
 10
302.0772545425213
 20
223.4639417643638
 10
302.0665243685408
 20
223.5099736365466
 10
302.0559833938206
 20
223.556010398571
 10
302.0456302194164
 20
223.602051442647
 10
302.0354634177581
 20
223.648096156741
 10
302.0254815329977
 20
223.6941439246451
 10
302.0156830813588
 20
223.7401941260455
 10
302.0060665514828
 20
223.7862461365893
 10
301.9966304047771
 20
223.8322993279537
 10
301.9873730757636
 20
223.8783530679133
 10
301.9782929724234
 20
223.924406720409
 10
301.9693884765502
 20
223.9704596456159
 10
301.960657944093
 20
224.0165112000105
 10
301.9520997055062
 20
224.0625607364397
 10
301.9437120660967
 20
224.1086076041893
 10
301.9354933063735
 20
224.1546511490508
 10
301.9274416823918
 20
224.20069071339
 10
301.9195554261038
 20
224.2467256362161
 10
301.9118327457062
 20
224.2927552532486
 10
301.9042718259793
 20
224.3387788969833
 10
301.8968708286139
 20
224.3847958967589
 10
301.8896278925345
 20
224.4308055788173
 10
301.8825411342185
 20
224.4768072663672
 10
301.8756086480185
 20
224.5228002796487
 10
301.8688285064832
 20
224.5687839359931
 10
301.86219876068
 20
224.6147575498887
 10
301.8557174405147
 20
224.6607204330424
 10
301.8493825550531
 20
224.7066718944422
 10
301.843192092844
 20
224.7526112404216
 10
301.8371440222381
 20
224.7985377747209
 10
301.831236291712
 20
224.8444507985509
 10
301.8254668301866
 20
224.890349610656
 10
301.8198335473502
 20
224.9362335073771
 10
301.8143343339813
 20
224.9821017827136
 10
301.808967062266
 20
225.0279537283871
 10
301.7986197415219
 20
225.1196057866215
 10
301.7887742030238
 20
225.2111839726874
 10
301.7794127877983
 20
225.3026825447719
 10
301.7705175702797
 20
225.3940957306557
 10
301.7620703685906
 20
225.485417729726
 10
301.7540527548261
 20
225.5766427149901
 10
301.7464460653377
 20
225.6677648350887
 10
301.7392314110141
 20
225.7587782163088
 10
301.7323896876632
 20
225.8496769646186
 10
301.7259015867533
 20
225.9404551677748
 10
301.7197476063679
 20
226.0311068974776
 10
301.7139080621799
 20
226.1216262115286
 10
301.7083630984203
 20
226.2120071559869
 10
301.7030926988543
 20
226.3022437673263
 10
301.6980766977493
 20
226.3923300745945
 10
301.6932947908494
 20
226.4822601015677
 10
301.688726546346
 20
226.5720278689101
 10
301.6843514158501
 20
226.6616273963301
 10
301.6801487453644
 20
226.7510527047374
 10
301.6760977862537
 20
226.840297818401
 10
301.6721777062195
 20
226.9293567671058
 10
301.6683676002688
 20
227.0182235883106
 10
301.6646465016898
 20
227.1068923293049
 10
301.660993393008
 20
227.1953570493632
 10
301.6573872166872
 20
227.2836118218467
 10
301.653806885197
 20
227.3716507361688
 10
301.6502312908439
 20
227.459467899715
 10
301.6466393156
 20
227.5470574397596
 10
301.6430098409281
 20
227.6344135053829
 10
301.6393217576054
 20
227.7215302693868
 10
301.6355539755516
 20
227.8084019302136
 10
301.6316854336533
 20
227.8950227138622
 10
301.6276951095897
 20
227.9813868758044
 10
301.6235620296591
 20
228.0674887029025
 10
301.6192652786031
 20
228.1533225153262
 10
301.6147840094337
 20
228.238882668469
 10
301.6100974532581
 20
228.3241635548664
 10
301.6051849291045
 20
228.4091596061113
 10
301.6000258537492
 20
228.4938652947722
 10
301.5945997516141
 20
228.5782751363245
 10
301.5888862655587
 20
228.6623836912755
 10
301.5828651690189
 20
228.7461855675751
 10
301.5765163784481
 20
228.8296754230917
 10
301.5698199657616
 20
228.9128479680896
 10
301.5627561707869
 20
228.9956979677064
 10
301.5553054137094
 20
229.0782202444306
 10
301.5514288580682
 20
229.1193568850271
 10
301.547448307516
 20
229.160409680579
 10
301.5433613708428
 20
229.2013780011296
 10
301.5391656704459
 20
229.242261220773
 10
301.5348588427179
 20
229.2830587177278
 10
301.5304385384347
 20
229.3237698744174
 10
301.5259024231458
 20
229.3643940775464
 10
301.5212481775622
 20
229.4049307181769
 10
301.5164734979459
 20
229.4453791918087
 10
301.5115760964986
 20
229.4857388984532
 10
301.5065537017508
 20
229.5260092427143
 10
301.5014040589503
 20
229.5661896338632
 10
301.496124930453
 20
229.6062794859165
 10
301.4907140961084
 20
229.6462782177146
 10
301.4851693536529
 20
229.6861852529983
 10
301.4794885190941
 20
229.7260000204858
 10
301.4736694271038
 20
229.7657219539511
 10
301.4677099314008
 20
229.8053504923003
 10
301.4616079050532
 20
229.8448850796295
 10
301.4553612405791
 20
229.8843251652419
 10
301.448967849985
 20
229.9236702036499
 10
301.442425664791
 20
229.9629196545755
 10
301.435732636066
 20
230.002072982951
 10
301.4288867344547
 20
230.0411296589206
 10
301.4218859502117
 20
230.0800891578414
 10
301.4147282932293
 20
230.1189509602837
 10
301.4074117930704
 20
230.1577145520337
 10
301.399934498999
 20
230.1963794240921
 10
301.3922944800096
 20
230.2349450726772
 10
301.3844898248589
 20
230.2734109992246
 10
301.3765186420966
 20
230.311776710389
 10
301.3683790600951
 20
230.3500417180448
 10
301.3600692270824
 20
230.3882055392875
 10
301.3515873111706
 20
230.4262676964341
 10
301.3429315003878
 20
230.4642277170247
 10
301.3341000027079
 20
230.5020851338233
 10
301.3250910460842
 20
230.5398394848186
 10
301.3159028784749
 20
230.5774903132255
 10
301.3065337678796
 20
230.6150371674858
 10
301.296982002366
 20
230.6524796012689
 10
301.2872458901017
 20
230.6898171734732
 10
301.2773237593862
 20
230.7270494482278
 10
301.2672139586801
 20
230.7641759948924
 10
301.2569148566366
 20
230.8011963880579
 10
301.2464248421324
 20
230.8381102075496
 10
301.2357423242968
 20
230.8749170384258
 10
301.2248657325452
 20
230.9116164709804
 10
301.2137935166082
 20
230.9482081007427
 10
301.2025241465612
 20
230.9846915284804
 10
301.1910561128438
 20
231.021066360195
 10
301.1793879261829
 20
231.0573322071022
 10
301.1675181174367
 20
231.0934886855919
 10
301.155445237423
 20
231.1295354171873
 10
301.1431678567494
 20
231.1654720285011
 10
301.1306845656449
 20
231.2012981511968
 10
301.1179939737889
 20
231.2370134219437
 10
301.105094710142
 20
231.2726174823779
 10
301.0919854227765
 20
231.3081099790588
 10
301.0786647787059
 20
231.3434905634284
 10
301.0651314637162
 20
231.3787588917684
 10
301.0513841821953
 20
231.4139146251601
 10
301.037421656964
 20
231.4489574294412
 10
301.0232426291036
 20
231.483886975164
 10
301.0088458577913
 20
231.5187029375557
 10
300.994230120125
 20
231.5534049964743
 10
300.9793942109583
 20
231.5879928363677
 10
300.9643369427263
 20
231.6224661462321
 10
300.9490571452789
 20
231.6568246195705
 10
300.9335536657112
 20
231.6910679543502
 10
300.9178253681902
 20
231.7251958529625
 10
300.9018711337905
 20
231.7592080221781
 10
300.8856898603189
 20
231.7931041731092
 10
300.8692804621496
 20
231.8268840211644
 10
300.852641870051
 20
231.8605472860093
 10
300.8357730310166
 20
231.8940936915228
 10
300.8186729080982
 20
231.9275229657572
 10
300.8013404802312
 20
231.9608348408958
 10
300.7837747420682
 20
231.9940290532096
 10
300.7659747038093
 20
232.0271053430181
 10
300.7479393910304
 20
232.0600634546464
 10
300.7296678445166
 20
232.0929031363828
 10
300.711159120104
 20
232.1256241404419
 10
300.6924122885631
 20
232.158226222932
 10
300.6734264354893
 20
232.1907091438273
 10
300.6542006611937
 20
232.2230726669401
 10
300.6347340806013
 20
232.2553165598913
 10
300.6150258231389
 20
232.2874405940824
 10
300.5950750326305
 20
232.3194445446681
 10
300.5748808671875
 20
232.3513281905267
 10
300.5544424991067
 20
232.3830913142331
 10
300.5337591147573
 20
232.4147337020284
 10
300.5128299144771
 20
232.4462551437942
 10
300.4916541124645
 20
232.4776554330226
 10
300.4702309366722
 20
232.5089343667876
 10
300.4485596286986
 20
232.5400917457176
 10
300.4266394436811
 20
232.5711273739672
 10
300.4044696501896
 20
232.6020410591885
 10
300.3820495301196
 20
232.6328326125022
 10
300.3593783785821
 20
232.66350184847
 10
300.336455503802
 20
232.6940485850669
 10
300.3132802270051
 20
232.724472643651
 10
300.2898518823141
 20
232.7547738489363
 10
300.2661698166423
 20
232.7849520289652
 10
300.2422333895828
 20
232.8150070150782
 10
300.2180419733059
 20
232.8449386418872
 10
300.1935949524479
 20
232.8747467472465
 10
300.1688917240065
 20
232.9044311722245
 10
300.1439316972319
 20
232.9339917610752
 10
300.1187142935225
 20
232.9634283612106
 10
300.0932389463134
 20
232.9927408231711
 10
300.0675051009737
 20
233.0219290005985
 10
300.0415122146967
 20
233.0509927502073
 10
300.0152597563911
 20
233.0799319317543
 10
299.9887472065617
 20
233.1087464080111
 10
299.9619740571779
 20
233.1374360447271
 10
299.9349398115422
 20
233.1660007105971
 10
299.9076439841555
 20
233.1944402772289
 10
299.8800861005852
 20
233.2227546191073
 10
299.8522656973341
 20
233.2509436135616
 10
299.8241823217065
 20
233.2790071407323
 10
299.7958355316744
 20
233.3069450835358
 10
299.7672248957499
 20
233.3347573276328
 10
299.738349992845
 20
233.3624437613923
 10
299.7092104121457
 20
233.39000427586
 10
299.6798057529765
 20
233.4174387647224
 10
299.6501356246672
 20
233.4447471242754
 10
299.6201996464226
 20
233.4719292533886
 10
299.589997447188
 20
233.498985053473
 10
299.5595286655161
 20
233.5259144284456
 10
299.5287929494383
 20
233.5527172846982
 10
299.4977899563263
 20
233.579393531061
 10
299.4665193527644
 20
233.6059430787704
 10
299.4349808144158
 20
233.632365841435
 10
299.4031740258869
 20
233.6586617350016
 10
299.3710986805989
 20
233.6848306777222
 10
299.3387544806532
 20
233.710872590119
 10
299.3061411366995
 20
233.7367873949519
 10
299.2732583678019
 20
233.7625750171843
 10
299.2401059013075
 20
233.7882353839493
 10
299.2066834727139
 20
233.8137684245153
 10
299.1729908255359
 20
233.8391740702538
 10
299.1390277111741
 20
233.8644522546053
 10
299.1047938887801
 20
233.8896029130437
 10
299.0702891251268
 20
233.914625983045
 10
299.0355131944764
 20
233.9395214040536
 10
299.0004658784587
 20
233.964289117449
 10
298.9651469659492
 20
233.9889290665168
 10
298.9295562529496
 20
234.013441196416
 10
298.8936935424661
 20
234.0378254541489
 10
298.8575586443902
 20
234.0620817885294
 10
298.8211513753776
 20
234.0862101501518
 10
298.7844715587262
 20
234.1102104913606
 10
298.7475190242587
 20
234.1340827662173
 10
298.7102936081981
 20
234.157826930472
 10
298.6727951530502
 20
234.1814429415297
 10
298.6350235074819
 20
234.2049307584215
 10
298.5969785262004
 20
234.2282903417711
 10
298.5586600698338
 20
234.2515216537658
 10
298.5200680048084
 20
234.2746246581234
 10
298.4812022032306
 20
234.2975993200631
 10
298.4420625427642
 20
234.3204456062733
 10
298.4026489065104
 20
234.3431634848794
 10
298.3629611828891
 20
234.3657529254152
 10
298.3229992655156
 20
234.388213898789
 10
298.2827630530812
 20
234.410546377255
 10
298.242252449234
 20
234.4327503343799
 10
298.2014673624555
 20
234.454825745014
 10
298.1604077059419
 20
234.4767725852579
 10
298.1190733974838
 20
234.4985908324326
 10
298.0774643593438
 20
234.5202804650483
 10
298.0355805181385
 20
234.541841462773
 10
297.9934218047153
 20
234.5632738064018
 10
297.9509881540341
 20
234.5845774778247
 10
297.9082795050455
 20
234.6057524599968
 10
297.8652958005691
 20
234.6267987369064
 10
297.8220369871763
 20
234.6477162935437
 10
297.7785030150611
 20
234.6685051158691
 10
297.7346938379189
 20
234.6891651907817
 10
297.6906094128159
 20
234.7096965060849
 10
297.6462497000621
 20
234.7300990504557
 10
297.6016146630859
 20
234.7503728134113
 10
297.5567042683058
 20
234.7705177852764
 10
297.5115184850038
 20
234.7905339571514
 10
297.4660572851979
 20
234.8104213208793
 10
297.4203206435167
 20
234.830179869014
 10
297.3743085370687
 20
234.8498095947868
 10
297.3280209453183
 20
234.8693104920741
 10
297.2814578499592
 20
234.8886825553654
 10
297.2346192347833
 20
234.9079257797311
 10
297.1875050855584
 20
234.9270401607881
 10
297.1401153898984
 20
234.9460256946696
 10
297.0924501371363
 20
234.9648823779918
 10
297.0445093181979
 20
234.9836102078199
 10
296.9962929254745
 20
235.0022091816385
 10
296.9478009526948
 20
235.0206792973165
 10
296.899033394801
 20
235.0390205530758
 10
296.8499902478171
 20
235.0572329474583
 10
296.8006715087251
 20
235.0753164792947
 10
296.7510771753369
 20
235.0932711476698
 10
296.7012072461675
 20
235.1110969518916
 10
296.6510617203072
 20
235.1287938914586
 10
296.600640597295
 20
235.1463619660265
 10
296.5499438769918
 20
235.1638011753771
 10
296.4989715594533
 20
235.1811115193841
 10
296.4477236448029
 20
235.1982929979816
 10
296.3962001331028
 20
235.2153456111321
  0
LINE
  5
BD
330
70
100
AcDbEntity
  8
0
 62
    18
420
        0
370
    25
100
AcDbLine
 10
296.3962001331028
 20
235.2153456111321
 30
0.0
 11
246.3962001331023
 21
235.2153456111321
 31
0.0
  0
LWPOLYLINE
  5
BE
330
70
100
AcDbEntity
  8
0
 62
    18
420
        0
370
    25
100
AcDbPolyline
 90
     2878
 70
     0
 43
0.0
 10
246.3962001331023
 20
235.2153456111321
 10
246.3397025832612
 20
235.2022907008462
 10
246.283436516064
 20
235.1887101981452
 10
246.2274019322302
 20
235.1746041029414
 10
246.1715988332625
 20
235.159972415889
 10
246.1160272217086
 20
235.1448151390553
 10
246.0606871014102
 20
235.1291322765965
 10
246.0055784777659
 20
235.1129238354283
 10
245.9507013579834
 20
235.0961898259009
 10
245.8960557513365
 20
235.0789302624712
 10
245.8416416694226
 20
235.0611451643763
 10
245.7874591264169
 20
235.0428345563066
 10
245.7335081393294
 20
235.0239984690787
 10
245.6797887282608
 20
235.0046369403087
 10
245.62630091666
 20
234.9847500150858
 10
245.5730447315779
 20
234.9643377466442
 10
245.5200202039257
 20
234.9434001970378
 10
245.4672273687294
 20
234.9219374378128
 10
245.4146662653866
 20
234.89994955068
 10
245.3623369379237
 20
234.8774366281886
 10
245.3102394352503
 20
234.8543987743995
 10
245.2583738114156
 20
234.8308361055591
 10
245.2067401258663
 20
234.8067487507714
 10
245.1553384437037
 20
234.7821368526749
 10
245.1041688359381
 20
234.7570005681173
 10
245.0532313797485
 20
234.7313400688292
 10
245.0025261587394
 20
234.7051555421007
 10
244.9520532631965
 20
234.6784471914551
 10
244.9018127903451
 20
234.6512152373251
 10
244.851804844606
 20
234.6234599177275
 10
244.8020295378532
 20
234.5951814889369
 10
244.7524869896724
 20
234.566380226163
 10
244.7031773276155
 20
234.5370564242236
 10
244.6541006874576
 20
234.5072103982209
 10
244.6052572134577
 20
234.4768424842159
 10
244.5566470586117
 20
234.4459530399036
 10
244.5082703849114
 20
234.4145424452877
 10
244.4601273636019
 20
234.3826111033567
 10
244.4122181754362
 20
234.3501594407568
 10
244.3645430109362
 20
234.31718790847
 10
244.3171020706463
 20
234.2836969824853
 10
244.2698955653922
 20
234.2496871644774
 10
244.2229237165363
 20
234.2151589824761
 10
244.1761867562318
 20
234.180112991543
 10
244.1296849276826
 20
234.1445497744415
 10
244.0834184853964
 20
234.1084699423123
 10
244.0373876954388
 20
234.071874135345
 10
243.9915928356937
 20
234.0347630234504
 10
243.946034196116
 20
233.9971373069363
 10
243.9007120789864
 20
233.9589977171772
 10
243.8556267991712
 20
233.9203450172893
 10
243.8107786843741
 20
233.8811800028043
 10
243.7661680753941
 20
233.8415035023394
 10
243.7217953263818
 20
233.8013163782731
 10
243.6776608050925
 20
233.7606195274175
 10
243.6337648931457
 20
233.7194138816904
 10
243.5901079862786
 20
233.6777004087894
 10
243.5466904946004
 20
233.6354801128647
 10
243.5035128428536
 20
233.5927540351915
 10
243.4605754706629
 20
233.5495232548439
 10
243.4178788327974
 20
233.5057888893674
 10
243.3754233994235
 20
233.4615520954568
 10
243.3332096563657
 20
233.4168140696333
 10
243.2912381053685
 20
233.3715760489262
 10
243.249509264351
 20
233.3258393115529
 10
243.208023667669
 20
233.2796051775963
 10
243.166781866375
 20
233.2328750096884
 10
243.1257844284753
 20
233.1856502136867
 10
243.0850319391912
 20
233.137932239356
 10
243.0445250012172
 20
233.0897225810478
 10
243.0042642349807
 20
233.0410227783796
 10
242.9642502789024
 20
232.9918344169158
 10
242.9244837896534
 20
232.9421591288469
 10
242.8849654424166
 20
232.8919985936687
 10
242.8456959311445
 20
232.8413545388641
 10
242.80667596882
 20
232.7902287405807
 10
242.7679062877148
 20
232.7386230243122
 10
242.7293876396479
 20
232.6865392655772
 10
242.6911207962477
 20
232.6339793906003
 10
242.6531065492084
 20
232.5809453769904
 10
242.6153457105489
 20
232.527439254419
 10
242.5778391128671
 20
232.4734631052903
 10
242.5405876095922
 20
232.4190190654074
 10
242.5035920752365
 20
232.3641093246418
 10
242.4668534056473
 20
232.3087361275997
 10
242.4303725182604
 20
232.2529017742883
 10
242.3941503523519
 20
232.196608620785
 10
242.3581878692896
 20
232.1398590799045
 10
242.3224860527859
 20
232.0826556218647
 10
242.2870459091513
 20
232.0250007749551
 10
242.2518684675448
 20
231.9668971262051
 10
242.2169547802263
 20
231.9083473220494
 10
242.1823059228111
 20
231.8493540689968
 10
242.147922994518
 20
231.7899201342974
 10
242.1138071184276
 20
231.7300483466089
 10
242.0799594417277
 20
231.6697415966655
 10
242.0463811359715
 20
231.6090028379443
 10
242.0130733973264
 20
231.5478350873333
 10
241.9800374468263
 20
231.4862414257977
 10
241.9472745306283
 20
231.4242249990508
 10
241.9147859202705
 20
231.3617890182387
 10
241.8825729129463
 20
231.2989367606441
 10
241.8506368317763
 20
231.2356715703908
 10
241.8189790260796
 20
231.1719968591487
 10
241.78760087165
 20
231.1079161068415
 10
241.756503771024
 20
231.0434328623487
 10
241.7256891537569
 20
230.9785507442129
 10
241.6951584766949
 20
230.9132734413456
 10
241.6649132242457
 20
230.8476047137307
 10
241.6349549086539
 20
230.7815483931315
 10
241.6052850702719
 20
230.715108383795
 10
241.5759052778344
 20
230.6482886631583
 10
241.5468171287279
 20
230.5810932825523
 10
241.5180222492661
 20
230.5135263679091
 10
241.4895222949626
 20
230.4455921204658
 10
241.4613189508017
 20
230.3772948174698
 10
241.4334139315122
 20
230.3086388128854
 10
241.4058089818399
 20
230.2396285380977
 10
241.3785058768115
 20
230.1702685026026
 10
241.3515064217364
 20
230.1005632942125
 10
241.324812451511
 20
230.0305175779759
 10
241.2984258296284
 20
229.9601360945582
 10
241.2723484471812
 20
229.8894236586001
 10
241.2465822218588
 20
229.8183851570768
 10
241.2211290969466
 20
229.7470255476572
 10
241.1959910403284
 20
229.6753498570618
 10
241.1711700434843
 20
229.603363179422
 10
241.1466681204895
 20
229.5310706746395
 10
241.1224873070155
 20
229.4584775667441
 10
241.098629659331
 20
229.3855891422531
 10
241.0750972532977
 20
229.3124107485298
 10
241.0518921833732
 20
229.2389477921427
 10
241.0290165616097
 20
229.1652057372238
 10
241.0064725166534
 20
229.0911901038286
 10
240.9842621927452
 20
229.0169064662928
 10
240.9623877487187
 20
228.9423604515935
 10
240.940851357001
 20
228.8675577377059
 10
240.9196552026134
 20
228.7925040519643
 10
240.8988014821673
 20
228.7172051694173
 10
240.8782924028617
 20
228.6416669111774
 10
240.8581301814689
 20
228.5658951427594
 10
240.838317043325
 20
228.4898957724153
 10
240.8188552213134
 20
228.4136747494718
 10
240.7997469548587
 20
228.3372380626676
 10
240.7809944889081
 20
228.2605917384874
 10
240.7626000729226
 20
228.1837418395013
 10
240.7445659598641
 20
228.1066944626991
 10
240.7268944051832
 20
228.0294557378282
 10
240.7095876658076
 20
227.9520318257293
 10
240.692647999127
 20
227.8744289166726
 10
240.6760776619838
 20
227.7966532286955
 10
240.6598789096609
 20
227.7187110059379
 10
240.6440539948666
 20
227.6406085169792
 10
240.6286051667243
 20
227.562352053175
 10
240.6135346697609
 20
227.4839479269933
 10
240.5988447428936
 20
227.4054024703505
 10
240.5845376184157
 20
227.3267220329493
 10
240.5706155209887
 20
227.247912980613
 10
240.5570806666234
 20
227.1689816936212
 10
240.5439352616639
 20
227.0899345650335
 10
240.5311815017623
 20
227.0107779990123
 10
240.5188215708619
 20
226.9315184091439
 10
240.5068576401686
 20
226.8521622167615
 10
240.4952918671343
 20
226.7727158492651
 10
240.4841263944331
 20
226.6931857384456
 10
240.4733633489387
 20
226.6135783188044
 10
240.4630048407038
 20
226.5339000258767
 10
240.4530529619367
 20
226.454157294553
 10
240.4435097859813
 20
226.3743565574
 10
240.434377366293
 20
226.2945042429838
 10
240.4256577354182
 20
226.2146067741905
 10
240.4173529039727
 20
226.1346705665487
 10
240.409464859618
 20
226.0547020265506
 10
240.4019955660402
 20
225.9747075499755
 10
240.3949469619305
 20
225.8946935202089
 10
240.388320959958
 20
225.8146663065666
 10
240.3821194457536
 20
225.7346322626154
 10
240.3763442768849
 20
225.6545977244984
 10
240.3709972818544
 20
225.574569009285
 10
240.3660802591082
 20
225.4945524133478
 10
240.3615949760478
 20
225.4145542107433
 10
240.357543168045
 20
225.3345806515949
 10
240.353926537453
 20
225.254637960471
 10
240.3507467526178
 20
225.1747323347693
 10
240.3480054468953
 20
225.0948699430959
 10
240.3457042176598
 20
225.0150569236478
 10
240.3438446253168
 20
224.9352993825934
 10
240.3424281923191
 20
224.8556033924531
 10
240.3414564021766
 20
224.7759749904825
 10
240.3409306984696
 20
224.6964201770513
 10
240.3408524838605
 20
224.6169449140259
 10
240.3412231191106
 20
224.5375551231497
 10
240.3420439220861
 20
224.4582566844262
 10
240.3433161667773
 20
224.379055434497
 10
240.3450410823066
 20
224.2999571650258
 10
240.3472198519446
 20
224.2209676210783
 10
240.3498536121198
 20
224.142092499503
 10
240.3529434514142
 20
224.0633374472809
 10
240.3564904095081
 20
223.9847080597941
 10
240.3604954761073
 20
223.9062098790574
 10
240.3649595898629
 20
223.8278483919493
 10
240.3698836372988
 20
223.7496290284419
 10
240.3752684517329
 20
223.6715571598319
 10
240.3811148122029
 20
223.5936380969716
 10
240.3874234423885
 20
223.5158770884979
 10
240.3941950095349
 20
223.4382793190648
 10
240.401430123378
 20
223.3608499075721
 10
240.4091293350675
 20
223.2835939053973
 10
240.4172931360902
 20
223.2065162946256
 10
240.4259219571936
 20
223.1296219862807
 10
240.4350161673111
 20
223.0529158185542
 10
240.4445760724843
 20
222.9764025550379
 10
240.4546019147879
 20
222.9000868829529
 10
240.4650938712511
 20
222.8239734113814
 10
240.4760520527845
 20
222.7480666694961
 10
240.4874765031027
 20
222.6723711047907
 10
240.4993671976569
 20
222.5968910813303
 10
240.5117240426574
 20
222.5216308781452
 10
240.5245468741894
 20
222.4465946877892
 10
240.5378354573379
 20
222.3717866149208
 10
240.551589485323
 20
222.2972106748865
 10
240.5658085786262
 20
222.2228707923023
 10
240.5804922841205
 20
222.1487707996375
 10
240.5956400742017
 20
222.0749144357966
 10
240.6112513459166
 20
222.0013053447017
 10
240.627325420094
 20
221.9279470738758
 10
240.6438615404717
 20
221.8548430730238
 10
240.6608588728315
 20
221.7819966926166
 10
240.6783165041221
 20
221.7094111824728
 10
240.6962334415954
 20
221.6370896903415
 10
240.7146086119321
 20
221.5650352604844
 10
240.7334408603723
 20
221.4932508322593
 10
240.752728949846
 20
221.4217392387015
 10
240.7724715601024
 20
221.3505032051068
 10
240.7926672868396
 20
221.2795453476142
 10
240.8133146408313
 20
221.2088681717828
 10
240.8344120469535
 20
221.1384740709988
 10
240.8559578429284
 20
221.0683653244027
 10
240.8779502779463
 20
220.9985440946022
 10
240.9003875112782
 20
220.9290124253784
 10
240.92326761089
 20
220.8597722393904
 10
240.9465885520603
 20
220.7908253358795
 10
240.9703482159907
 20
220.722173388376
 10
240.9945443884234
 20
220.6538179424013
 10
241.0191747582544
 20
220.5857604131753
 10
241.0442369161483
 20
220.5180020833202
 10
241.0697283531524
 20
220.4505441005661
 10
241.0956464593116
 20
220.3833874754541
 10
241.1219885222829
 20
220.3165330790437
 10
241.1487517259508
 20
220.2499816406163
 10
241.1759331490395
 20
220.1837337453801
 10
241.2035297637292
 20
220.1177898321754
 10
241.2315384342709
 20
220.0521501911798
 10
241.2599559156004
 20
219.9868149616118
 10
241.2887788519512
 20
219.921784129438
 10
241.3180037755773
 20
219.8570575252539
 10
241.3476271063132
 20
219.7926348236091
 10
241.3776451520883
 20
219.7285155439502
 10
241.4080541095942
 20
219.6646990518233
 10
241.4388500649505
 20
219.6011845600792
 10
241.4700289943694
 20
219.5379711300787
 10
241.501586764827
 20
219.4750576728962
 10
241.5335191347248
 20
219.412442950527
 10
241.5658217545627
 20
219.3501255770893
 10
241.5984901675988
 20
219.2881040200321
 10
241.6315198105233
 20
219.226376601338
 10
241.6649060141198
 20
219.1649414987286
 10
241.6986440039342
 20
219.1037967468701
 10
241.7327289009427
 20
219.0429402385775
 10
241.7671557222162
 20
218.9823697260204
 10
241.8019193815898
 20
218.9220828219266
 10
241.8370146903267
 20
218.8620770007879
 10
241.8724363577865
 20
218.8023496000657
 10
241.9081789920935
 20
218.7428978213941
 10
241.9442371008105
 20
218.6837187318024
 10
241.9806050919113
 20
218.6248092654412
 10
242.0172772756142
 20
218.5661662267722
 10
242.054247866595
 20
218.5077862944118
 10
242.0915109862185
 20
218.4496660250063
 10
242.1290606647714
 20
218.3918018571063
 10
242.1668908436959
 20
218.3341901150412
 10
242.2049953778222
 20
218.276827012794
 10
242.243368037598
 20
218.2197086578762
 10
242.2820025113251
 20
218.1628310552022
 10
242.3208924073889
 20
218.1061901109639
 10
242.3600312564917
 20
218.0497816365055
 10
242.3994125138864
 20
217.9936013521984
 10
242.4390295616065
 20
217.937644891315
 10
242.4788757107005
 20
217.881907803905
 10
242.5189442034634
 20
217.826385560668
 10
242.5592282156711
 20
217.7710735568298
 10
242.5997208588082
 20
217.7159671160167
 10
242.640415182307
 20
217.6610614941286
 10
242.6813041757738
 20
217.6063518832166
 10
242.7223807712028
 20
217.5518334153172
 10
242.7636378450001
 20
217.4975011659745
 10
242.8050682197952
 20
217.443350157401
 10
242.8466646662208
 20
217.3893753615809
 10
242.8884199046903
 20
217.3355717033695
 10
242.9303266071746
 20
217.2819340635971
 10
242.9723773989822
 20
217.2284572821685
 10
243.0145648605345
 20
217.1751361611661
 10
243.0568815291459
 20
217.121965467951
 10
243.1418724319317
 20
217.0160542793268
 10
243.2272896112554
 20
216.9106812786136
 10
243.3130719950924
 20
216.8058036710871
 10
243.3991579923732
 20
216.7013784042294
 10
243.4854855498714
 20
216.5973622669819
 10
243.5719922091406
 20
216.4937119890624
 10
243.6586151646304
 20
216.3903843422928
 10
243.7452913250381
 20
216.2873362474154
 10
243.8319573760267
 20
216.1845248832355
 10
243.9185498430085
 20
216.0819077958628
 10
244.0050051539235
 20
215.9794430079551
 10
244.0912597020199
 20
215.8770891279593
 10
244.1772499086337
 20
215.7748054593542
 10
244.26291228597
 20
215.6725521098945
 10
244.3481834998838
 20
215.5702901008503
 10
244.4330004326062
 20
215.4679814761698
 10
244.5173002447447
 20
215.36558941045
 10
244.6010204360251
 20
215.2630783148848
 10
244.6840989057148
 20
215.1604139426819
 10
244.7664740130339
 20
215.0575634944706
 10
244.8073786836966
 20
215.006058663778
 10
244.8480846375696
 20
214.9544957237098
 10
244.8885843258197
 20
214.9028710283715
 10
244.9288702396883
 20
214.8511810420961
 10
244.9689349123802
 20
214.7994223427389
 10
245.0087709209501
 20
214.7475916249707
 10
245.0483708881908
 20
214.6956857035721
 10
245.0877274845217
 20
214.643701516728
 10
245.126833429876
 20
214.5916361293201
 10
245.1656814955893
 20
214.5394867362228
 10
245.2042645062912
 20
214.4872506656011
 10
245.2425753418105
 20
214.4349253822237
 10
245.2806069390835
 20
214.3825084907818
 10
245.318352294063
 20
214.3299977392099
 10
245.3558044636324
 20
214.277391022005
 10
245.3929565675106
 20
214.2246863835459
 10
245.4298017901652
 20
214.1718820214141
 10
245.4663333827223
 20
214.1189762897119
 10
245.5025446648735
 20
214.0659677023843
 10
245.5384290267908
 20
214.0128549365357
 10
245.5739799310312
 20
213.9596368357528
 10
245.6091909144499
 20
213.9063124134229
 10
245.6440555901107
 20
213.852880856053
 10
245.6785676491929
 20
213.7993415265911
 10
245.7127208629051
 20
213.7456939677437
 10
245.7465090843916
 20
213.6919379052981
 10
245.7799262506443
 20
213.6380732514407
 10
245.8129663844125
 20
213.5841001080768
 10
245.8456235961119
 20
213.5300187701502
 10
245.877892085738
 20
213.4758297289672
 10
245.9097661447836
 20
213.421533675553
 10
245.9412401581787
 20
213.3671315040452
 10
245.9723086062207
 20
213.3126243150964
 10
246.0029660665161
 20
213.2580134192737
 10
246.0332072159134
 20
213.2033003404623
 10
246.063026832441
 20
213.1484868192656
 10
246.0924197972414
 20
213.0935748164067
 10
246.1213810965119
 20
213.0385665161289
 10
246.1499058234355
 20
212.9834643295987
 10
246.1779891801221
 20
212.9282708983062
 10
246.2056264795409
 20
212.8729890974665
 10
246.2328131474591
 20
212.8176220394208
 10
246.2595447243776
 20
212.7621730770379
 10
246.2858168674674
 20
212.706645807116
 10
246.3116253525057
 20
212.6510440737834
 10
246.3369660758131
 20
212.5953719719003
 10
246.3618350561873
 20
212.53963385046
 10
246.3862284368433
 20
212.4838343159893
 10
246.4101424873277
 20
212.4279782359042
 10
246.4335736047791
 20
212.3720707401784
 10
246.4565183131709
 20
212.316117217873
 10
246.4789732616057
 20
212.2601233112367
 10
246.5009352225576
 20
212.2040949096828
 10
246.5224010901186
 20
212.1480381437647
 10
246.5433678782415
 20
212.0919593791538
 10
246.5638327189848
 20
212.0358652106143
 10
246.583792860757
 20
211.9797624559815
 10
246.6032456665608
 20
211.9236581501369
 10
246.6221886122378
 20
211.8675595389859
 10
246.6406192847132
 20
211.8114740734335
 10
246.6585353802389
 20
211.7554094033611
 10
246.6759347026382
 20
211.6993733716024
 10
246.6928151615518
 20
211.6433740079212
 10
246.7091747706789
 20
211.5874195229873
 10
246.7250116460253
 20
211.5315183023527
 10
246.7403240041457
 20
211.4756789004285
 10
246.755110160387
 20
211.4199100344609
 10
246.7693685271345
 20
211.3642205785084
 10
246.7830976120502
 20
211.3086195574033
 10
246.7962960162566
 20
211.2531161405805
 10
246.8089624324523
 20
211.1977196357468
 10
246.8210956430256
 20
211.142439482523
 10
246.8326945181549
 20
211.0872852460855
 10
246.8437580139217
 20
211.0322666108071
 10
246.8542851704148
 20
210.9773933738993
 10
246.8642751098367
 20
210.9226754390525
 10
246.8737270346128
 20
210.8681228100786
 10
246.8826402254996
 20
210.813745584552
 10
246.8910140396888
 20
210.7595539474506
 10
246.8988479089159
 20
210.7055581647983
 10
246.9061413375687
 20
210.6517685773052
 10
246.9128939007929
 20
210.5981955940099
 10
246.9191052425989
 20
210.5448496859203
 10
246.9247750739726
 20
210.4917413796555
 10
246.9299031709776
 20
210.4388812510873
 10
246.9344893728658
 20
210.3862799189814
 10
246.9385335801841
 20
210.3339480386385
 10
246.9420357528815
 20
210.2818962955387
 10
246.9449959084559
 20
210.2301353990728
 10
246.9474141202123
 20
210.1786760765438
 10
246.9492905155782
 20
210.127529067304
 10
246.9506252744222
 20
210.0767051168923
 10
246.9514186273713
 20
210.0262149711766
 10
246.9516708541283
 20
209.9760693704948
 10
246.9513822817911
 20
209.9262790437948
 10
246.9505532831676
 20
209.8768547027756
 10
246.9491842750978
 20
209.8278070360278
 10
246.947275716768
 20
209.7791467031738
 10
246.9448281080304
 20
209.7308843290103
 10
246.9418419877202
 20
209.6830304976473
 10
246.9383179319741
 20
209.6355957466492
 10
246.9342565525482
 20
209.5885905611759
 10
246.9296584951349
 20
209.5420253681232
 10
246.9245244376807
 20
209.4959105302641
 10
246.9188550887069
 20
209.4502563403888
 10
246.9126511856224
 20
209.4050730154457
 10
246.905913493047
 20
209.3603706906818
 10
246.8986428011042
 20
209.3161594137375
 10
246.8908399235458
 20
209.2724491383116
 10
246.8825056956446
 20
209.2292497173064
 10
246.8736409720616
 20
209.1865708958775
 10
246.8642466247002
 20
209.1444223044827
 10
246.8543235405689
 20
209.1028134519326
 10
246.8438726196408
 20
209.0617537184396
 10
246.8328947727108
 20
209.0212523486668
 10
246.8213909192613
 20
208.9813184447789
 10
246.8154420292765
 20
208.961567096293
 10
246.8093619853152
 20
208.9419609594902
 10
246.8031509038009
 20
208.9225011289681
 10
246.7968089013002
 20
208.9031886891149
 10
246.7903360944527
 20
208.8840247138917
 10
246.7837325999065
 20
208.865010266616
 10
246.7769985342507
 20
208.8461463997451
 10
246.7701340139485
 20
208.8274341546565
 10
246.7631391552693
 20
208.8088745614334
 10
246.7560140742226
 20
208.790468638646
 10
246.7487588864922
 20
208.772217393135
 10
246.7413737073681
 20
208.7541218197932
 10
246.7338586516792
 20
208.7361829013501
 10
246.7262138337269
 20
208.7184016081529
 10
246.7184393672196
 20
208.7007788979514
 10
246.7105353652035
 20
208.6833157156775
 10
246.7025019399965
 20
208.6660129932325
 10
246.6943392031232
 20
208.6488716492653
 10
246.6860472652454
 20
208.6318925889585
 10
246.6776262360954
 20
208.6150767038099
 10
246.6690762244118
 20
208.5984248714153
 10
246.6603973378755
 20
208.5819379552657
 10
246.6515896830741
 20
208.5656168045978
 10
246.6426533654732
 20
208.5494622542784
 10
246.6335884893984
 20
208.5334751246902
 10
246.6243951580074
 20
208.5176562216177
 10
246.6150734732686
 20
208.5020063361342
 10
246.6056235359378
 20
208.4865262444873
 10
246.5960454455335
 20
208.4712167079855
 10
246.5863393003134
 20
208.4560784728842
 10
246.576505197253
 20
208.4411122702723
 10
246.5665432320191
 20
208.4263188159583
 10
246.5564534989488
 20
208.4116988103557
 10
246.5462360910255
 20
208.3972529383709
 10
246.5358910998535
 20
208.3829818692879
 10
246.5254186156367
 20
208.3688862566543
 10
246.5148187271559
 20
208.3549667381699
 10
246.5040915217412
 20
208.3412239355704
 10
246.4932370852534
 20
208.3276584545141
 10
246.4822555020564
 20
208.3142708844694
 10
246.4711468549976
 20
208.3010617985995
 10
246.4599112253809
 20
208.2880317536496
 10
246.4485486929451
 20
208.2751812898331
 10
246.43705933584
 20
208.2625109307163
 10
246.4254432306038
 20
208.2500211831078
 10
246.4137004521374
 20
208.2377125369407
 10
246.4018310736825
 20
208.2255854651623
 10
246.3898351667995
 20
208.2136404236182
 10
246.3777128013404
 20
208.2018778509397
 10
246.3654640454287
 20
208.1902981684287
 10
246.353088965434
 20
208.1789017799461
 10
246.3405876259492
 20
208.167689071795
 10
246.3279600897663
 20
208.15666041261
 10
246.3152064178546
 20
208.1458161532418
 10
246.3023266693349
 20
208.1351566266425
 10
246.2893209014584
 20
208.1246821477542
 10
246.276189169582
 20
208.1143930133936
 10
246.2629315271431
 20
208.1042895021388
 10
246.2495480256407
 20
208.0943718742145
 10
246.2360387146067
 20
208.0846403713803
 10
246.2224036415996
 20
208.0750952168485
 10
246.2086428522441
 20
208.0657366153315
 10
246.1947563903072
 20
208.0565647531699
 10
246.1807442977728
 20
208.0475797984659
 10
246.1666066149183
 20
208.0387819012158
 10
246.1523433803928
 20
208.0301711934449
 10
246.1379546312933
 20
208.0217477893398
 10
246.1234404032382
 20
208.0135117853834
 10
246.1088007304505
 20
208.0054632604858
 10
246.0940356458256
 20
207.9976022761207
 10
246.0791451810152
 20
207.9899288764568
 10
246.0641293665015
 20
207.9824430884924
 10
246.0489882316716
 20
207.9751449221878
 10
246.033721804897
 20
207.9680343705996
 10
246.018330113609
 20
207.9611114100144
 10
246.002813184374
 20
207.9543760000816
 10
245.9871710429729
 20
207.9478280839469
 10
245.9714037144749
 20
207.941467588386
 10
245.955511223316
 20
207.9352944239388
 10
245.9394935933749
 20
207.9293084850409
 10
245.9233508480482
 20
207.9235096501593
 10
245.9070830103291
 20
207.9178977819243
 10
245.8906901028831
 20
207.912472727264
 10
245.8741721481241
 20
207.9072343175366
 10
245.8575291682921
 20
207.9021823686654
 10
245.8407611855283
 20
207.8973166812709
 10
245.8238682219513
 20
207.8926370408053
 10
245.8068502997378
 20
207.8881432176849
 10
245.7897074411932
 20
207.8838349674244
 10
245.7724396688327
 20
207.8797120307703
 10
245.7550470054546
 20
207.8757741338339
 10
245.7375294742198
 20
207.8720209882257
 10
245.7198870987267
 20
207.8684522911872
 10
245.7021199030885
 20
207.8650677257266
 10
245.6842279120074
 20
207.8618669607499
 10
245.6662111508555
 20
207.8588496511966
 10
245.6480696457481
 20
207.8560154381715
 10
245.6298034236204
 20
207.8533639490794
 10
245.6114125123049
 20
207.8508947977565
 10
245.5928969406062
 20
207.848607584601
 10
245.5742567383677
 20
207.8465018966731
 10
245.5554919365322
 20
207.8445773077837
 10
245.5366025672045
 20
207.8428333785806
 10
245.517588663712
 20
207.8412696566343
 10
245.4984502606671
 20
207.8398856765246
 10
245.479187394027
 20
207.8386809599272
 10
245.459800101157
 20
207.8376550156987
 10
245.4402884208896
 20
207.8368073399646
 10
245.4206523935877
 20
207.8361374162033
 10
245.4008920612055
 20
207.8356447153343
 10
245.3810074673497
 20
207.8353286958043
 10
245.3609986573416
 20
207.8351888036715
 10
245.3408656782755
 20
207.8352244726946
 10
245.3206085790841
 20
207.8354351244167
 10
245.3002274105983
 20
207.8358201682525
 10
245.2797222256076
 20
207.8363790015747
 10
245.2590930789232
 20
207.8371110098005
 10
245.238340027437
 20
207.8380155664767
 10
245.2174631301851
 20
207.8390920333666
 10
245.1964624484097
 20
207.8403397605368
 10
245.1753380456168
 20
207.8417580864424
 10
245.1540899876417
 20
207.8433463380141
 10
245.1327183427079
 20
207.845103830743
 10
245.1112231814902
 20
207.8470298687698
 10
245.0896045771743
 20
207.8491237449672
 10
245.0678626055194
 20
207.8513847410288
 10
245.0459973449178
 20
207.8538121275552
 10
245.0240088764605
 20
207.8564051641387
 10
245.0018972839931
 20
207.8591630994511
 10
244.9796626541802
 20
207.8620851713283
 10
244.9573050765672
 20
207.8651706068589
 10
244.9348246436409
 20
207.8684186224681
 10
244.9122214508892
 20
207.8718284240054
 10
244.8894955968657
 20
207.8753992068301
 10
244.8666471832493
 20
207.8791301558972
 10
244.8436763149047
 20
207.8830204458457
 10
244.8205830999447
 20
207.8870692410814
 10
244.7973676497932
 20
207.8912756958672
 10
244.7740300792425
 20
207.8956389544075
 10
244.7505705065174
 20
207.9001581509471
 10
244.7269890533275
 20
207.9048324098714
 10
244.7032858449313
 20
207.9096608458098
 10
244.6555146816306
 20
207.9197766590724
 10
244.607258091811
 20
207.9304983165051
 10
244.5585172111346
 20
207.9418183942983
 10
244.5092932375889
 20
207.9537293223258
 10
244.4595874333489
 20
207.966223387408
 10
244.4094011266387
 20
207.9792927365772
 10
244.358735713597
 20
207.9929293803416
 10
244.3075926601333
 20
208.0071251959495
 10
244.2559735037951
 20
208.0218719306527
 10
244.203879855625
 20
208.0371612049714
 10
244.1513134020273
 20
208.0529845159591
 10
244.098275906627
 20
208.0693332404649
 10
244.0447692121311
 20
208.0861986383987
 10
243.9907952421934
 20
208.1035718559957
 10
243.9363560032746
 20
208.1214439290806
 10
243.8814535865038
 20
208.1398057863306
 10
243.8260901695406
 20
208.158648252541
 10
243.7702680184425
 20
208.1779620518886
 10
243.7139894896527
 20
208.197737811196
 10
243.6572570324154
 20
208.2179660631985
 10
243.600073191397
 20
208.2386372498095
 10
243.5424406093208
 20
208.2597417253878
 10
243.4843620296034
 20
208.2812697600038
 10
243.4258402989907
 20
208.3032115427067
 10
243.3668783701922
 20
208.3255571847894
 10
243.3074793045177
 20
208.3482967230575
 10
243.2476462745107
 20
208.3714201230931
 10
243.1873825665846
 20
208.3949172825235
 10
243.1266915836598
 20
208.4187780342876
 10
243.0655768477972
 20
208.4429921499009
 10
243.0040420028333
 20
208.4675493427234
 10
242.9420908170182
 20
208.4924392712254
 10
242.8797271856472
 20
208.517651542255
 10
242.8169551336992
 20
208.5431757143037
 10
242.7537788184721
 20
208.5690013007738
 10
242.6902025322152
 20
208.5951177732436
 10
242.6262307047688
 20
208.6215145647358
 10
242.5618679060624
 20
208.6481810729457
 10
242.4971188473273
 20
208.6751066631119
 10
242.4319883806347
 20
208.7022806704268
 10
242.366481498122
 20
208.7296924023542
 10
242.3006033312095
 20
208.7573311409496
 10
242.2343591498235
 20
208.7851861451799
 10
242.1677543616151
 20
208.8132466532427
 10
242.1007945111823
 20
208.8415018848845
 10
242.0334852792877
 20
208.8699410437216
 10
241.9658324820823
 20
208.8985533195587
 10
241.8978420703223
 20
208.927327890708
 10
241.8295201285916
 20
208.9562539263087
 10
241.7608728745226
 20
208.9853205886475
 10
241.691906658013
 20
209.0145170354753
 10
241.6226279604514
 20
209.0438324223292
 10
241.5530433939343
 20
209.0732559048509
 10
241.4831597004854
 20
209.1027766411053
 10
241.4129837512795
 20
209.1323837939013
 10
241.3425225458612
 20
209.1620665331086
 10
241.2717832113527
 20
209.1918140379777
 10
241.2007730012209
 20
209.2216154993052
 10
241.1294992925477
 20
209.2514601211189
 10
241.0579695825269
 20
209.2813371221038
 10
240.9861914849209
 20
209.3112357370173
 10
240.914172726513
 20
209.3411452181019
 10
240.8419211435633
 20
209.3710548364992
 10
240.7694446782594
 20
209.4009538836649
 10
240.6967513751728
 20
209.4308316727802
 10
240.6238493777126
 20
209.4606775401673
 10
240.5507469245797
 20
209.4904808467033
 10
240.4039740612771
 20
209.5499173519819
 10
240.2565004659469
 20
209.6090566204376
 10
240.1083951169884
 20
209.6678145672405
 10
239.9597281770447
 20
209.7261076361499
 10
239.8105708795589
 20
209.7838528447645
 10
239.6609954178666
 20
209.8409678307065
 10
239.5860736738252
 20
209.8692634338635
 10
239.5110748465659
 20
209.8973709023315
 10
239.4360081877685
 20
209.9252801383161
 10
239.3608829917762
 20
209.9529810927101
 10
239.2857085928163
 20
209.9804637667908
 10
239.2104943622225
 20
210.0077182139166
 10
239.1352497056549
 20
210.0347345412228
 10
239.0599840603226
 20
210.0615029113185
 10
238.9847068922053
 20
210.0880135439828
 10
238.9094276932735
 20
210.1142567178627
 10
238.8341559787119
 20
210.1402227721668
 10
238.7589012841393
 20
210.1659021083655
 10
238.6836731628295
 20
210.1912851918837
 10
238.6084811829343
 20
210.2163625538004
 10
238.5333349247047
 20
210.2411247925433
 10
238.4582439777122
 20
210.2655625755861
 10
238.3832179380686
 20
210.2896666411447
 10
238.3082664056078
 20
210.3134277998491
 10
238.2333989809345
 20
210.3368369363372
 10
238.1586252624003
 20
210.359885010806
 10
238.083954843077
 20
210.382563060561
 10
238.0093973077296
 20
210.4048622015647
 10
237.9349622297914
 20
210.4267736299853
 10
237.8606591683341
 20
210.4482886237457
 10
237.7864976650432
 20
210.4693985440734
 10
237.7124872411892
 20
210.4900948370476
 10
237.6386373946032
 20
210.5103690351502
 10
237.5649575966474
 20
210.530212758813
 10
237.4914572891911
 20
210.5496177179671
 10
237.4181458815797
 20
210.5685757135929
 10
237.3450327476132
 20
210.5870786392671
 10
237.2721272225153
 20
210.6051184827133
 10
237.1994385999064
 20
210.6226873273499
 10
237.1269761287802
 20
210.6397773538398
 10
237.0547490104736
 20
210.6563808416385
 10
236.9827663956409
 20
210.6724901705433
 10
236.9110373812254
 20
210.6880978222481
 10
236.8395710074119
 20
210.7031963819494
 10
236.7683762545576
 20
210.7177785400232
 10
236.6974620401162
 20
210.7318370937184
 10
236.6268372155615
 20
210.7453649488451
 10
236.5565105633131
 20
210.7583551214694
 10
236.4864907936603
 20
210.7708007396018
 10
236.416786541687
 20
210.7826950448905
 10
236.3474063641965
 20
210.7940313943121
 10
236.2783587366369
 20
210.8048032618638
 10
236.2096520500232
 20
210.8150042402534
 10
236.1412946078647
 20
210.8246280425918
 10
236.0732946230875
 20
210.8336685040847
 10
236.0056602149597
 20
210.8421195837225
 10
235.938399406018
 20
210.849975365974
 10
235.8715201189886
 20
210.8572300624755
 10
235.8050301737143
 20
210.8638780137235
 10
235.7389372840796
 20
210.8699136907662
 10
235.6732490549331
 20
210.8753316968946
 10
235.6079729790152
 20
210.8801267693329
 10
235.5431164339411
 20
210.8842937808927
 10
235.4786866793893
 20
210.8878277415012
 10
235.4146908543996
 20
210.8907237996602
 10
235.3828578627886
 20
210.8919311374779
 10
235.3511359746727
 20
210.8929772439024
 10
235.3195260473008
 20
210.893861552118
 10
235.2880289298764
 20
210.8945835042445
 10
235.256645463473
 20
210.8951425513792
 10
235.2253764809493
 20
210.8955381536457
 10
235.1942228068661
 20
210.8957697802368
 10
235.1631852574016
 20
210.8958369094617
 10
235.1322646402657
 20
210.89573902879
 10
235.1014617546194
 20
210.8954756348992
 10
235.0707773909865
 20
210.895046233718
 10
235.0402123311709
 20
210.8944503404734
 10
235.0097673481727
 20
210.8936874797351
 10
234.9794432061047
 20
210.8927571854617
 10
234.9492406601049
 20
210.8916590010456
 10
234.9191604562563
 20
210.8903924793598
 10
234.8892033314994
 20
210.888957182801
 10
234.8593700135506
 20
210.8873526833378
 10
234.8296612208162
 20
210.8855785625536
 10
234.8000776623071
 20
210.8836344116942
 10
234.7706200375571
 20
210.8815198317123
 10
234.7412890365386
 20
210.8792344333128
 10
234.7120853395743
 20
210.876777836999
 10
234.6830096172585
 20
210.8741496731171
 10
234.654062530369
 20
210.8713495819029
 10
234.625244729784
 20
210.8683772135266
 10
234.5965568563983
 20
210.8652322281372
 10
234.5679995410373
 20
210.8619142959107
 10
234.5395734043749
 20
210.858423097093
 10
234.5112790568491
 20
210.8547583220464
 10
234.4831170985755
 20
210.8509196712958
 10
234.4550881192647
 20
210.8469068555723
 10
234.4271926981347
 20
210.8427195958628
 10
234.3994314038047
 20
210.8383576234642
 10
234.3718047941794
 20
210.8338206800476
 10
234.3443134163264
 20
210.8291085177214
 10
234.3169578063603
 20
210.8242208990941
 10
234.2897384893244
 20
210.8191575973386
 10
234.2626559790674
 20
210.8139183962555
 10
234.2357107781297
 20
210.8085030903364
 10
234.2089033776195
 20
210.8029114848266
 10
234.1822342570978
 20
210.7971433957902
 10
234.1557038844568
 20
210.791198650172
 10
234.1293127158034
 20
210.7850770858618
 10
234.1030611953358
 20
210.7787785517582
 10
234.0769497552312
 20
210.77230290783
 10
234.0509788155195
 20
210.7656500251829
 10
234.0251487839696
 20
210.7588197861201
 10
233.9994600559684
 20
210.7518120842068
 10
233.9739130144027
 20
210.7446268243343
 10
233.9485080295375
 20
210.7372639227824
 10
233.9232454589018
 20
210.7297233072836
 10
233.8981256471644
 20
210.7220049170859
 10
233.8731489260194
 20
210.7141087030168
 10
233.8483156140634
 20
210.7060346275463
 10
233.823626016679
 20
210.6977826648507
 10
233.799080425917
 20
210.6893528008763
 10
233.7746791203723
 20
210.6807450334018
 10
233.7504223650697
 20
210.6719593721034
 10
233.7263104113442
 20
210.6629958386162
 10
233.7023434967194
 20
210.6538544665997
 10
233.6785218447921
 20
210.6445353017992
 10
233.6548456651098
 20
210.6350384021118
 10
233.631315153055
 20
210.6253638376473
 10
233.6079304897231
 20
210.6155116907926
 10
233.5846918418061
 20
210.6054820562766
 10
233.5615993614715
 20
210.5952750412309
 10
233.5386531862449
 20
210.5848907652554
 10
233.5158534388906
 20
210.5743293604808
 10
233.4932002272921
 20
210.5635909716326
 10
233.470693644333
 20
210.5526757560939
 10
233.4483337678036
 20
210.5415838839567
 10
233.4261206604354
 20
210.5303155380084
 10
233.4040543700214
 20
210.5188709136732
 10
233.3821349295552
 20
210.5072502189467
 10
233.3603623573662
 20
210.495453674331
 10
233.3387366572522
 20
210.4834815127707
 10
233.3172578186159
 20
210.4713339795891
 10
233.2959258166007
 20
210.4590113324216
 10
233.2747406122238
 20
210.4465138411522
 10
233.2537021525138
 20
210.43384178785
 10
233.2328103706427
 20
210.4209954667019
 10
233.2120651860633
 20
210.4079751839516
 10
233.1914665046447
 20
210.3947812578314
 10
233.1710142188047
 20
210.3814140184995
 10
233.1507082076473
 20
210.3678738079766
 10
233.1305483370959
 20
210.3541609800783
 10
233.1105344600307
 20
210.3402759003528
 10
233.0906664164222
 20
210.3262189460151
 10
233.0709440334654
 20
210.3119905058839
 10
233.0513671257163
 20
210.2975909803154
 10
233.0319354952281
 20
210.2830207811393
 10
233.0126489316826
 20
210.2682803315946
 10
232.993507212529
 20
210.2533700662643
 10
232.9745101031172
 20
210.2382904310117
 10
232.9556573568326
 20
210.223041882915
 10
232.9369487152316
 20
210.207624890203
 10
232.9183839081769
 20
210.1920399321905
 10
232.8999626539734
 20
210.1762874992143
 10
232.8816846595002
 20
210.1603680925673
 10
232.8635496203499
 20
210.1442822244351
 10
232.84555722096
 20
210.1280304178314
 10
232.8277071347494
 20
210.1116132065322
 10
232.8099990242548
 20
210.0950311350122
 10
232.7924325412642
 20
210.0782847583801
 10
232.7750073269502
 20
210.061374642315
 10
232.7577230120101
 20
210.0443013629989
 10
232.7405792167953
 20
210.0270655070552
 10
232.7235755514519
 20
210.0096676714827
 10
232.7067116160506
 20
209.9921084635913
 10
232.6899870007292
 20
209.9743885009341
 10
232.6734012858577
 20
209.9565084112282
 10
232.6569540422176
 20
209.9384688322649
 10
232.6406448311872
 20
209.9202704118168
 10
232.6244732049272
 20
209.9019138075486
 10
232.6084387065626
 20
209.8833996869248
 10
232.592540870369
 20
209.8647287271194
 10
232.5767792219534
 20
209.8459016149233
 10
232.561153278442
 20
209.8269190466552
 10
232.545662548663
 20
209.8077817280699
 10
232.5303065333293
 20
209.7884903742655
 10
232.5150847252236
 20
209.7690457095944
 10
232.499996609385
 20
209.7494484675709
 10
232.485041663287
 20
209.7296993907815
 10
232.4702193570291
 20
209.7097992307916
 10
232.4555291535144
 20
209.6897487480563
 10
232.4409705086381
 20
209.6695487118288
 10
232.4265428714699
 20
209.6491999000683
 10
232.4122456844377
 20
209.6287030993504
 10
232.3980783835124
 20
209.6080591047747
 10
232.3701311526845
 20
209.5663327565261
 10
232.3426965446076
 20
209.5240273831493
 10
232.3157698333723
 20
209.4811496430327
 10
232.2893462074275
 20
209.43770632221
 10
232.2634207754755
 20
209.3937043314448
 10
232.2379885723622
 20
209.3491507033141
 10
232.2130445649688
 20
209.3040525892938
 10
232.1885836581035
 20
209.2584172568415
 10
232.1646007003911
 20
209.2122520864821
 10
232.1410904901687
 20
209.1655645688916
 10
232.1180477813431
 20
209.1183623020186
 10
232.0954672891506
 20
209.0706529883318
 10
232.0733436958581
 20
209.0224444321391
 10
232.0516716564553
 20
208.973744536912
 10
232.0304458043555
 20
208.9245613026103
 10
232.0096607570884
 20
208.8749028230036
 10
231.989311121997
 20
208.824777282998
 10
231.9693915019341
 20
208.7741929559575
 10
231.9498965009571
 20
208.7231582010304
 10
231.9308207300275
 20
208.6716814604705
 10
231.9121588127018
 20
208.6197712569628
 10
231.8939053908311
 20
208.5674361909474
 10
231.8760551302573
 20
208.5146849379421
 10
231.858602726507
 20
208.4615262458678
 10
231.8415429104885
 20
208.4079689323709
 10
231.8248704541899
 20
208.3540218821494
 10
231.8085801763709
 20
208.2996940442733
 10
231.7926669482635
 20
208.2449944295125
 10
231.7771256992644
 20
208.1899321076573
 10
231.7619514226106
 20
208.1345162048459
 10
231.7471391808034
 20
208.0787559008966
 10
231.7326841106799
 20
208.0226604266593
 10
231.7185814284172
 20
207.9662390613643
 10
231.7048264345274
 20
207.9095011299766
 10
231.6914145188597
 20
207.852456000546
 10
231.6783411655996
 20
207.7951130815599
 10
231.6656019582663
 20
207.7374818192943
 10
231.6531925847122
 20
207.679571695166
 10
231.6411088421249
 20
207.6213922230839
 10
231.6293466420218
 20
207.562952946801
 10
231.6179020152535
 20
207.5042634372671
 10
231.606771117002
 20
207.4453332899783
 10
231.5959502317773
 20
207.3861721223308
 10
231.58543577842
 20
207.3267895709723
 10
231.575224315099
 20
207.2671952891526
 10
231.565312544311
 20
207.2073989440763
 10
231.5556973178792
 20
207.147410214255
 10
231.5463756419535
 20
207.087238786858
 10
231.5373446820145
 20
207.0268943550637
 10
231.5286017682002
 20
206.9663866153637
 10
231.5201444018052
 20
206.9057252646985
 10
231.5119702624431
 20
206.8449199974962
 10
231.5040772152595
 20
206.7839805027035
 10
231.4964633181369
 20
206.7229164608198
 10
231.4891268289041
 20
206.6617375409285
 10
231.4820662125464
 20
206.6004533977291
 10
231.4752801484126
 20
206.5390736685705
 10
231.4687675374235
 20
206.4776079704828
 10
231.4625275092827
 20
206.4160658972095
 10
231.4565594296821
 20
206.3544570162409
 10
231.4508629075119
 20
206.2927908658445
 10
231.4454378020701
 20
206.2310769520991
 10
231.4402842302703
 20
206.1693247459263
 10
231.4354025738497
 20
206.107543680123
 10
231.4307934865789
 20
206.0457431463947
 10
231.4264579014691
 20
205.9839324923856
 10
231.4223970379814
 20
205.9221210187131
 10
231.4186124092371
 20
205.8603179759992
 10
231.4151058289708
 20
205.7985325619438
 10
231.4118794156525
 20
205.7367739188476
 10
231.408935592552
 20
205.6750511317866
 10
231.4062770869282
 20
205.6133732269199
 10
231.4039069292099
 20
205.5517491698039
 10
231.4018284521759
 20
205.4901878637041
 10
231.4000452901356
 20
205.4286981479077
 10
231.3985613781094
 20
205.3672887960365
 10
231.3973809510081
 20
205.305968514358
 10
231.3965085428133
 20
205.2447459400987
 10
231.3959489857608
 20
205.1836296397569
 10
231.3957074095143
 20
205.1226281074136
 10
231.3957892403536
 20
205.061749763047
 10
231.3962002003473
 20
205.0010029508433
 10
231.39694630654
 20
204.9403959375099
 10
231.3980338701263
 20
204.8799369105867
 10
231.3994694956358
 20
204.8196339767605
 10
231.4012600801107
 20
204.7594951601761
 10
231.4034128122879
 20
204.6995284007476
 10
231.4059351717503
 20
204.6397415524783
 10
231.4088349266434
 20
204.5801423820054
 10
231.4121201260024
 20
204.520738568017
 10
231.4157990889689
 20
204.4615377011651
 10
231.4198803938032
 20
204.4025472840151
 10
231.4243728668921
 20
204.3437747309922
 10
231.4292855717616
 20
204.2852273683307
 10
231.4346277980853
 20
204.2269124340222
 10
231.4404090506914
 20
204.1688370777622
 10
231.4466390385774
 20
204.1110083609008
 10
231.453327663918
 20
204.0534332563876
 10
231.4604850110728
 20
203.9961186487229
 10
231.4681213355993
 20
203.9390713339034
 10
231.4762470532611
 20
203.8822980193719
 10
231.4848727290376
 20
203.8258053239645
 10
231.4940090661336
 20
203.7695997778586
 10
231.5036668949923
 20
203.7136878225225
 10
231.5138571623003
 20
203.658075810661
 10
231.5245909199992
 20
203.6027700061658
 10
231.5358793142987
 20
203.5477765840624
 10
231.5477335747612
 20
203.4931016304458
 10
231.560165004325
 20
203.4387511422719
 10
231.573184970666
 20
203.3847310269381
 10
231.586804897867
 20
203.3310471018164
 10
231.6010362580815
 20
203.2777050937897
 10
231.6158905632003
 20
203.2247106387836
 10
231.631379356523
 20
203.1720692813007
 10
231.6475142044205
 20
203.1197864739556
 10
231.6643066880057
 20
203.0678675770071
 10
231.6817683947975
 20
203.016317857893
 10
231.6907538276983
 20
202.9906830606026
 10
231.6999109103936
 20
202.965142490764
 10
231.7092410894142
 20
202.9396967804933
 10
231.7187458101308
 20
202.9143465560173
 10
231.72842651649
 20
202.889092437661
 10
231.7382846507579
 20
202.8639350398305
 10
231.748321653255
 20
202.8388749709996
 10
231.7585389621001
 20
202.8139128336952
 10
231.7689380129476
 20
202.7890492244827
 10
231.7795202387278
 20
202.7642847339514
 10
231.7902870693867
 20
202.7396199466999
 10
231.8012399316234
 20
202.7150554413212
 10
231.8123802486339
 20
202.6905917903888
 10
231.8237094398475
 20
202.6662295604419
 10
231.8352289206669
 20
202.6419693119704
 10
231.8469401022075
 20
202.6178115994012
 10
231.8588443910396
 20
202.5937569710823
 10
231.8709431889253
 20
202.5698059692702
 10
231.8832378925577
 20
202.5459591301124
 10
231.8957298932995
 20
202.522216983637
 10
231.9084205769012
 20
202.4985800537376
 10
231.9213113232023
 20
202.4750488581644
 10
231.9344035058334
 20
202.4516239085152
 10
231.9476984919184
 20
202.4283057102249
 10
231.9611976417732
 20
202.405094762555
 10
231.9749023086081
 20
202.3819915585856
 10
231.9888138382305
 20
202.3589965852049
 10
232.0029335687426
 20
202.3361103230989
 10
232.0172628302433
 20
202.3133332467415
 10
232.0318029445327
 20
202.2906658243867
 10
232.0465552248079
 20
202.2681085180568
 10
232.0615209753692
 20
202.245661783533
 10
232.076701491316
 20
202.2233260703465
 10
232.0920980582532
 20
202.2011018217678
 10
232.1077119519875
 20
202.1789894747987
 10
232.1235444382312
 20
202.1569894601594
 10
232.1395967723035
 20
202.1351022022816
 10
232.1558701988298
 20
202.1133281192986
 10
232.1723659514438
 20
202.0916676230333
 10
232.1890852524883
 20
202.0701211189903
 10
232.2060293127168
 20
202.0486890063463
 10
232.2231993309943
 20
202.0273716779394
 10
232.2405964939974
 20
202.0061695202603
 10
232.2582219759162
 20
201.9850829134407
 10
232.2760769381573
 20
201.9641122312467
 10
232.2941625290403
 20
201.9432578410655
 10
232.3124798835031
 20
201.9225201038988
 10
232.3310301228012
 20
201.9018993743508
 10
232.3498143542075
 20
201.8813960006195
 10
232.368833670717
 20
201.8610103244871
 10
232.3880891507442
 20
201.840742681309
 10
232.4075818578255
 20
201.8205934000068
 10
232.427312840322
 20
201.8005628030544
 10
232.4472831311164
 20
201.7806512064723
 10
232.4674937473183
 20
201.7608589198156
 10
232.4879456899642
 20
201.7411862461644
 10
232.5086399437167
 20
201.7216334821155
 10
232.5295774765661
 20
201.7022009177704
 10
232.550759239536
 20
201.6828888367273
 10
232.5721861663974
 20
201.66369751607
 10
232.593859173395
 20
201.6446272263567
 10
232.6157791589762
 20
201.6256782316092
 10
232.6379470035226
 20
201.606850789301
 10
232.6603635690721
 20
201.5881451503471
 10
232.6830296990546
 20
201.5695615590928
 10
232.705946218015
 20
201.5511002533019
 10
232.7291139313433
 20
201.5327614641458
 10
232.7525336250053
 20
201.5145454161933
 10
232.776206065268
 20
201.4964523273981
 10
232.8001319984285
 20
201.4784824090882
 10
232.8243121505438
 20
201.4606358659556
 10
232.8487472271599
 20
201.4429128960439
 10
232.8734379130378
 20
201.4253136907375
 10
232.8983848718824
 20
201.4078384347516
 10
232.9235887460733
 20
201.3904873061196
 10
232.9490501563911
 20
201.3732604761821
 10
232.9747697017468
 20
201.3561581095771
 10
233.0007479589085
 20
201.3391803642277
 10
233.0269854822331
 20
201.3223273913314
 10
233.0534828033925
 20
201.3055993353488
 10
233.0802404311012
 20
201.2889963339919
 10
233.1072588508485
 20
201.272518518215
 10
233.1345385246227
 20
201.2561660122008
 10
233.1620798906415
 20
201.2399389333518
 10
233.1898833630813
 20
201.2238373922776
 10
233.2179493318037
 20
201.207861492784
 10
233.2462781620861
 20
201.1920113318623
 10
233.2748701943489
 20
201.1762869996779
 10
233.3037257438829
 20
201.1606885795597
 10
233.3328451005803
 20
201.1452161479882
 10
233.3622285286619
 20
201.129869774585
 10
233.391876266404
 20
201.1146495221002
 10
233.4217885258704
 20
201.0995554464045
 10
233.4519654926369
 20
201.0845875964744
 10
233.4824073255236
 20
201.0697460143834
 10
233.5131141563207
 20
201.05503073529
 10
233.5440860895166
 20
201.0404417874272
 10
233.5753232020261
 20
201.02597919209
 10
233.6068255428935
 20
201.0116429636253
 10
233.6385931329818
 20
200.9974331094173
 10
233.6706259646593
 20
200.9833496298758
 10
233.7029240014845
 20
200.9693925184228
 10
233.7354871778944
 20
200.9555617614801
 10
233.7683153988886
 20
200.9418573384568
 10
233.8014085397164
 20
200.9282792217355
 10
233.8347664455627
 20
200.9148273766605
 10
233.8683889312358
 20
200.9015017615248
 10
233.9022757808507
 20
200.8883023275561
 10
233.9364267475176
 20
200.8752290189059
 10
233.9708415530267
 20
200.8622817726356
 10
234.0055198875361
 20
200.8494605187036
 10
234.0404614092557
 20
200.8367651799531
 10
234.0756657441346
 20
200.8241956720991
 10
234.1111324855482
 20
200.8117519037149
 10
234.1468611939831
 20
200.79943377622
 10
234.1828513967235
 20
200.7872411838684
 10
234.2191025875369
 20
200.7751740137329
 10
234.2556142263616
 20
200.7632321456947
 10
234.2923857389926
 20
200.7514154524298
 10
234.3294165167666
 20
200.7397237993965
 10
234.3667059162496
 20
200.7281570448225
 10
234.4042532589218
 20
200.7167150396917
 10
234.4420578308654
 20
200.7053976277308
 10
234.4801188824483
 20
200.6942046453995
 10
234.5184356280139
 20
200.6831359218736
 10
234.557007245563
 20
200.6721912790355
 10
234.5958328764447
 20
200.6613705314587
 10
234.6349116250383
 20
200.6506734863978
 10
234.6742425584417
 20
200.6400999437737
 10
234.713824706157
 20
200.6296496961611
 10
234.7536570597772
 20
200.6193225287762
 10
234.7937385726734
 20
200.6091182194639
 10
234.8340681596764
 20
200.5990365386843
 10
234.874644696769
 20
200.5890772495011
 10
234.9154670207691
 20
200.5792401075673
 10
234.9565339290144
 20
200.5695248611133
 10
234.9978441791001
 20
200.5599312509383
 10
235.0393964889107
 20
200.5504590104212
 10
235.0811895369248
 20
200.5411078655558
 10
235.123221962559
 20
200.5318775349846
 10
235.1654923665036
 20
200.5227677300346
 10
235.2079993110641
 20
200.5137781547541
 10
235.2507413205053
 20
200.5049085059459
 10
235.2937168813846
 20
200.4961584732046
 10
235.3369244428982
 20
200.4875277389518
 10
235.3803624172183
 20
200.4790159784703
 10
235.4240291798331
 20
200.4706228599414
 10
235.4679230698889
 20
200.4623480444789
 10
235.5120423905293
 20
200.454191186166
 10
235.5563854092336
 20
200.4461519320886
 10
235.6009503581601
 20
200.4382299223736
 10
235.6457354344849
 20
200.4304247902214
 10
235.6907388007407
 20
200.4227361619446
 10
235.7359585851593
 20
200.4151636570002
 10
235.7813928820102
 20
200.4077068880274
 10
235.8270397519428
 20
200.400365460882
 10
235.8728972223229
 20
200.3931389746724
 10
235.9189632875766
 20
200.3860270217948
 10
235.9652359095279
 20
200.3790291879688
 10
236.0117130177413
 20
200.3721450522729
 10
236.0583925098598
 20
200.365374187179
 10
236.1052722519455
 20
200.3587161585898
 10
236.1523500788218
 20
200.3521705258727
 10
236.1996237944095
 20
200.3457368418962
 10
236.2470911720723
 20
200.3394146530648
 10
236.2947499549526
 20
200.3332034993543
 10
236.3425978563129
 20
200.3271029143481
 10
236.390632559877
 20
200.3211124252718
 10
236.4388517201688
 20
200.3152315530294
 10
236.4872529628549
 20
200.3094598122387
 10
236.5358338850813
 20
200.3037967112657
 10
236.5845920558153
 20
200.2982417522618
 10
236.6335250161874
 20
200.2927944311976
 10
236.6826302798277
 20
200.2874542379
 10
236.7319053332099
 20
200.2822206560862
 10
236.7813476359919
 20
200.2770931634003
 10
236.8807236964832
 20
200.2671543258475
 10
236.9807376162249
 20
200.2576334263805
 10
237.0813681449374
 20
200.2485260714429
 10
237.1825936392203
 20
200.2398277740375
 10
237.2843920746279
 20
200.2315339549836
 10
237.386741057751
 20
200.223639944169
 10
237.4896178382948
 20
200.2161409818079
 10
237.5929993211567
 20
200.2090322196924
 10
237.6968620785081
 20
200.2023087224511
 10
237.8011823618708
 20
200.1959654688012
 10
237.9059361141982
 20
200.189997352805
 10
238.0110989819515
 20
200.1843991851246
 10
238.1166463271816
 20
200.1791656942761
 10
238.2225532396066
 20
200.1742915278854
 10
238.3287945486907
 20
200.1697712539424
 10
238.4353448357237
 20
200.1655993620577
 10
238.5421784459001
 20
200.1617702647141
 10
238.6492695003979
 20
200.1582782985252
 10
238.7565919084575
 20
200.1551177254883
 10
238.8641193794522
 20
200.1522827342379
 10
238.971825434877
 20
200.1497674412719
 10
239.0796834201927
 20
200.147565892139
 10
239.187666516646
 20
200.1456720626146
 10
239.2957477530899
 20
200.144079859879
 10
239.4039000177977
 20
200.1427831236942
 10
239.512096070282
 20
200.1417756275806
 10
239.6203085531154
 20
200.1410510799942
 10
239.7285100037421
 20
200.1406031255041
 10
239.8366728663021
 20
200.1404253459687
 10
239.9447695034453
 20
200.1405112617142
 10
240.0527722081498
 20
200.1408543327095
 10
240.1606532155396
 20
200.1414479597452
 10
240.2683847147041
 20
200.1422854856104
 10
240.3759388605138
 20
200.1433601962682
 10
240.4832877854393
 20
200.1446653220352
 10
240.5904036113668
 20
200.1461940387557
 10
240.6972584614202
 20
200.1479394689817
 10
240.803824471775
 20
200.149894683148
 10
240.9100738034767
 20
200.1520527007503
 10
241.0159786542215
 20
200.1544064915348
 10
241.1215112699843
 20
200.1569489767434
 10
241.2266439565565
 20
200.1596730303885
 10
241.3313490910714
 20
200.1625714805349
 10
241.4355991335395
 20
200.1656371105758
 10
241.5393666383714
 20
200.1688626605147
 10
241.6426242659097
 20
200.1722408282432
 10
241.7453447939585
 20
200.1757642708206
 10
241.8475011293108
 20
200.1794256057529
 10
241.9490663192803
 20
200.1832174122726
 10
242.0500135632265
 20
200.1871322326175
 10
242.1503162240876
 20
200.1911625733095
 10
242.2499478399085
 20
200.1953009064347
 10
242.3488821353664
 20
200.1995396709215
 10
242.4470930333065
 20
200.2038712738216
 10
242.5445546662653
 20
200.2082880915867
 10
242.5929964849697
 20
200.210526065633
 10
242.6412413880022
 20
200.2127824713499
 10
242.68928620604
 20
200.215056347758
 10
242.7371277850284
 20
200.2173467322049
 10
242.78476298654
 20
200.2196526604054
 10
242.8321886881359
 20
200.2219731664822
 10
242.8794017837271
 20
200.2243072830052
 10
242.9263991839537
 20
200.2266540410275
 10
242.9731778165724
 20
200.2290124701189
 10
243.0197346268532
 20
200.2313815984015
 10
243.0660665779709
 20
200.2337604525804
 10
243.1121706513988
 20
200.2361480579795
 10
243.1580438472998
 20
200.2385434385724
 10
243.2036831849242
 20
200.2409456170186
 10
243.2490857029982
 20
200.2433536146948
 10
243.294248460118
 20
200.245766451729
 10
243.3391685351462
 20
200.2481831470348
 10
243.3838430276001
 20
200.2506027183435
 10
243.4282690580495
 20
200.2530241822378
 10
243.472443768505
 20
200.2554465541862
 10
243.5163643228172
 20
200.257868848575
 10
243.5600279070627
 20
200.2602900787432
 10
243.603431729945
 20
200.2627092570148
 10
243.6465730231795
 20
200.265125394733
 10
243.6894490418942
 20
200.2675375022923
 10
243.7320570650175
 20
200.2699445891736
 10
243.7743943956744
 20
200.272345663977
 10
243.816458361578
 20
200.2747397344551
 10
243.8582463154232
 20
200.2771258075458
 10
243.8997556352805
 20
200.2795028894075
 10
243.9409837249888
 20
200.2818699854501
 10
243.9819280145461
 20
200.284226100371
 10
244.0225859605082
 20
200.2865702381863
 10
244.0629550463754
 20
200.2889014022658
 10
244.1030327829907
 20
200.2912185953659
 10
244.1428167089301
 20
200.293520819662
 10
244.1823043908978
 20
200.2958070767844
 10
244.2214934241175
 20
200.2980763678486
 10
244.2603814327256
 20
200.3003276934919
 10
244.2989660701654
 20
200.3025600539035
 10
244.3372450195819
 20
200.3047724488616
 10
244.3752159942099
 20
200.3069638777637
 10
244.412876737772
 20
200.3091333396614
 10
244.4502250248695
 20
200.3112798332941
 10
244.4872586613769
 20
200.3134023571213
 10
244.5239754848273
 20
200.3154999093587
 10
244.5603733647678
 20
200.317571488017
 10
244.5964502030761
 20
200.319616090951
 10
244.6322039342711
 20
200.3216327159066
 10
244.6676325258272
 20
200.3236203605699
 10
244.7027339784858
 20
200.325578022615
 10
244.7375063265677
 20
200.3275046997525
 10
244.771947638286
 20
200.329399389777
 10
244.8060560160564
 20
200.331261090616
 10
244.8398295968115
 20
200.3330888003787
 10
244.8732665523131
 20
200.3348815174031
 10
244.906365089464
 20
200.3366382403042
 10
244.9391234506192
 20
200.3383579680234
 10
244.9715399139005
 20
200.3400396998759
 10
245.0036127935068
 20
200.3416824355994
 10
245.0353404400277
 20
200.343285175401
 10
245.0667212407543
 20
200.3448469200075
 10
245.0977536199931
 20
200.3463666707123
 10
245.1284360393793
 20
200.3478434294242
 10
245.1587669981847
 20
200.3492761987142
 10
245.1887450336346
 20
200.3506639818664
 10
245.2183687212186
 20
200.3520057829244
 10
245.2476366750018
 20
200.3533006067385
 10
245.2765475479383
 20
200.3545474590175
 10
245.3051000321833
 20
200.355745346373
 10
245.3332928594052
 20
200.3568932763707
 10
245.3611248010975
 20
200.3579902575757
 10
245.3885946688939
 20
200.3590352996041
 10
245.415701314875
 20
200.3600274131685
 10
245.4424436318859
 20
200.3609656101273
 10
245.4688205538466
 20
200.3618489035331
 10
245.4948310560642
 20
200.3626763076808
 10
245.5204741555451
 20
200.3634468381549
 10
245.545748911307
 20
200.36415951188
 10
245.5706544246927
 20
200.364813347166
 10
245.5951898396807
 20
200.3654073637592
 10
245.6193543431987
 20
200.3659405828887
 10
245.6431471654356
 20
200.3664120273154
 10
245.666567580153
 20
200.36682072138
 10
245.6896149050105
 20
200.3671656910488
 10
245.7122885019769
 20
200.3674459639448
 10
245.7345877778287
 20
200.3676605693625
 10
245.7565121846585
 20
200.36780853828
 10
245.778061220389
 20
200.3678889033718
 10
245.7992344292816
 20
200.3679006990223
 10
245.8200314024483
 20
200.3678429613362
 10
245.840451778361
 20
200.3677147281547
 10
245.8604952433649
 20
200.3675150390639
 10
245.8801615321854
 20
200.3672429354113
 10
245.8994504284429
 20
200.3668974603149
 10
245.918361765161
 20
200.3664776586796
 10
245.9368954252789
 20
200.3659825772059
 10
245.95505134216
 20
200.365411264406
 10
245.9728295001046
 20
200.3647627706135
 10
245.9902299348598
 20
200.3640361479983
 10
246.007252734131
 20
200.3632304505777
 10
246.0238980380923
 20
200.3623447342302
 10
246.0401660398964
 20
200.3613780567067
 10
246.0560569861861
 20
200.3603294776448
 10
246.0715711776058
 20
200.3591980585798
 10
246.0867089693107
 20
200.3579828629591
 10
246.1014707714795
 20
200.3566829561525
 10
246.1158570498227
 20
200.3552974054668
 10
246.1298683260967
 20
200.3538252801583
 10
246.1435051786103
 20
200.3522656514433
 10
246.1567682427387
 20
200.3506175925144
 10
246.1696582114353
 20
200.348880178549
 10
246.182175835737
 20
200.347052486725
 10
246.1943219252806
 20
200.3451335962321
 10
246.2060973488117
 20
200.3431225882854
 10
246.217503034695
 20
200.3410185461353
 10
246.228539971424
 20
200.3388205550844
 10
246.239209208134
 20
200.3365277024964
 10
246.2495118551129
 20
200.3341390778103
 10
246.2594490843092
 20
200.3316537725534
 10
246.2690221298457
 20
200.3290708803533
 10
246.2782322885292
 20
200.3263894969501
 10
246.2870809203602
 20
200.32360872021
 10
246.2955694490081
 20
200.3207276501439
 10
246.3036993620085
 20
200.3177453889787
 10
246.3114722106847
 20
200.3146610412779
 10
246.3188896100219
 20
200.3114737140723
 10
246.3259532385477
 20
200.3081825169885
 10
246.3326648382091
 20
200.3047865623797
 10
246.3390262142481
 20
200.3012849654538
 10
246.3450392350818
 20
200.2976768444038
 10
246.3507058321781
 20
200.2939613205379
 10
246.356027999935
 20
200.2901375184078
 10
246.3610077955563
 20
200.2862045659386
 10
246.3656473389293
 20
200.2821615945597
 10
246.3699488125053
 20
200.2780077393324
 10
246.3739144611721
 20
200.2737421390803
 10
246.3775465921367
 20
200.2693639365196
 10
246.3808475747984
 20
200.2648722783869
 10
246.3838198406312
 20
200.2602663155709
 10
246.386465883055
 20
200.2555452032398
 10
246.3887882573198
 20
200.250708100973
 10
246.3907895803789
 20
200.2457541728891
 10
246.3924725307681
 20
200.2406825877751
 10
246.3938398484813
 20
200.2354925192179
 10
246.3948943348519
 20
200.2301831457325
 10
246.3956388524275
 20
200.2247536508915
 10
246.3960763248472
 20
200.2192032234551
 10
246.39620973672
 20
200.2135310575005
 10
246.3960421335034
 20
200.2077363525513
 10
246.3955766213794
 20
200.2018183137076
 10
246.3948163671314
 20
200.1957761517743
 10
246.3937645980251
 20
200.189609083393
 10
246.3924246016816
 20
200.1833163311687
 10
246.3907997259589
 20
200.1768971238012
 10
246.3888933788272
 20
200.1703506962144
 10
246.3867090282453
 20
200.1636762896857
 10
246.3842502020431
 20
200.1568731519749
 10
246.3815204877937
 20
200.1499405374547
 10
246.3785235326923
 20
200.1428777072405
 10
246.3752630434378
 20
200.1356839293181
 10
246.3717427861034
 20
200.1283584786759
 10
246.367966585938
 20
200.1209006374497
 10
246.3639383265529
 20
200.1133096951983
 10
246.3596619484749
 20
200.1055849493133
 10
246.3551414476083
 20
200.0977257054484
 10
246.3503808736906
 20
200.0897312779475
 10
246.3453843287542
 20
200.0816009902761
 10
246.3401559655857
 20
200.0733341754483
 10
246.3346999861826
 20
200.0649301764579
 10
246.3290206402147
 20
200.0563883467072
 10
246.323122223483
 20
200.0477080504355
 10
246.3170090763769
 20
200.0388886631501
 10
246.3106855823355
 20
200.0299295720546
 10
246.3041561663061
 20
200.0208301764776
 10
246.2974252932025
 20
200.011589888303
 10
246.2904974663664
 20
200.0022081324
 10
246.283377226022
 20
199.9926843470507
 10
246.2760691477402
 20
199.9830179843799
 10
246.2685778408958
 20
199.9732085107861
 10
246.2609079471238
 20
199.9632554073682
 10
246.2530641387838
 20
199.9531581703569
 10
246.2450511174148
 20
199.9429163115434
 10
246.2368736121969
 20
199.9325293587078
 10
246.228536378408
 20
199.9219968560506
 10
246.2200441958859
 20
199.9113183646192
 10
246.2114018674849
 20
199.90049346274
 10
246.2026142175361
 20
199.8895217464454
 10
246.1936860903058
 20
199.8784028299051
 10
246.1846223484566
 20
199.867136345854
 10
246.1661075542744
 20
199.8441593015639
 10
246.1471090456256
 20
199.8205880630844
 10
246.1276662288459
 20
199.7964204044535
 10
246.1078186566638
 20
199.7716544379768
 10
246.087605978892
 20
199.7462886279659
 10
246.0670678931419
 20
199.7203218044703
 10
246.0462440970182
 20
199.6937531765422
 10
246.0251742466926
 20
199.6665823434966
 10
246.0038979196327
 20
199.6388093048607
 10
245.9824545776626
 20
199.6104344702224
 10
245.960883530029
 20
199.5814586690734
 10
245.9392238964623
 20
199.5518831606584
 10
245.9175145702391
 20
199.5217096438176
 10
245.8957941812464
 20
199.4909402668366
 10
245.8741010590431
 20
199.4595776372885
 10
245.8524731959265
 20
199.4276248318831
 10
245.8309482099896
 20
199.3950854063108
 10
245.8095633081889
 20
199.3619634050896
 10
245.7883552494063
 20
199.3282633714108
 10
245.7673603075099
 20
199.293990356985
 10
245.7466142344205
 20
199.2591499318882
 10
245.7261522231709
 20
199.2237481944077
 10
245.7060088709711
 20
199.1877917808884
 10
245.6862181422725
 20
199.1512878755783
 10
245.6668133318273
 20
199.1142442204747
 10
245.6478270274754
 20
199.0766691253121
 10
245.6292910691298
 20
199.0385714794843
 10
245.6112365014987
 20
198.9999607671563
 10
245.5936935252343
 20
198.9608470831772
 10
245.5766914480556
 20
198.9212411490046
 10
245.5602586358733
 20
198.881154328633
 10
245.5444224639093
 20
198.8405986445181
 10
245.5292092678193
 20
198.7995867935045
 10
245.5218442193356
 20
198.7789139614969
 10
245.5146442948189
 20
198.7581321627511
 10
245.5076124720823
 20
198.7372431811362
 10
245.5007516548032
 20
198.7162488456571
 10
245.4940646709915
 20
198.6951510309516
 10
245.4875542714688
 20
198.6739516577887
 10
245.4812231283331
 20
198.6526526935651
 10
245.4750738334384
 20
198.631256152805
 10
245.4691088968636
 20
198.6097640976551
 10
245.4633307453843
 20
198.5881786383845
 10
245.4577417209485
 20
198.5665019338814
 10
245.4523440791462
 20
198.5447361921507
 10
245.4471399876856
 20
198.5228836708126
 10
245.4421315248605
 20
198.5009466775993
 10
245.4373206780268
 20
198.4789275708527
 10
245.4327093420758
 20
198.456828760023
 10
245.4282993179023
 20
198.4346527061653
 10
245.4240923108812
 20
198.4124019224387
 10
245.4200899293395
 20
198.3900789746024
 10
245.4162936830267
 20
198.3676864815139
 10
245.4127049815902
 20
198.3452271156276
 10
245.409325133045
 20
198.3227036034918
 10
245.4061553422494
 20
198.3001187262453
 10
245.4031967095219
 20
198.2774753200302
 10
245.4004502304134
 20
198.2547762757064
 10
245.3979167967592
 20
198.2320245378078
 10
245.3955971979236
 20
198.2092231033737
 10
245.393492122055
 20
198.1863750207813
 10
245.3916021573329
 20
198.1634833885784
 10
245.3899277932189
 20
198.1405513543138
 10
245.3884694217102
 20
198.1175821133722
 10
245.387227338586
 20
198.0945789078042
 10
245.386201744662
 20
198.0715450251594
 10
245.3853927470358
 20
198.0484837973176
 10
245.3848003603428
 20
198.0253985993224
 10
245.3844245080045
 20
198.0022928482128
 10
245.3842650234775
 20
197.979170001855
 10
245.3843216515067
 20
197.956033557774
 10
245.3845940493736
 20
197.9328870519877
 10
245.3850817881485
 20
197.9097340578372
 10
245.385784353939
 20
197.8865781848199
 10
245.3867011491436
 20
197.8634230774213
 10
245.3878314936986
 20
197.8402724139473
 10
245.3891746263321
 20
197.8171299053563
 10
245.3907297058112
 20
197.7939992940917
 10
245.3924958121957
 20
197.770884352913
 10
245.3944719480855
 20
197.74778888373
 10
245.3966570398734
 20
197.7247167164324
 10
245.399049938995
 20
197.7016717077237
 10
245.4016494231792
 20
197.6786577399535
 10
245.4044541976981
 20
197.6556787199479
 10
245.4074628966183
 20
197.6327385778438
 10
245.4106740840515
 20
197.6098412659201
 10
245.4140862554035
 20
197.586990757429
 10
245.4176978386265
 20
197.5641910454297
 10
245.4215071954705
 20
197.5414461416201
 10
245.4255126227289
 20
197.5187600751682
 10
245.4297123534963
 20
197.4961368915445
 10
245.434104558412
 20
197.4735806513555
 10
245.438687346915
 20
197.4510954291742
 10
245.4434587684931
 20
197.4286853123728
 10
245.4484168139334
 20
197.406354399955
 10
245.4535594165772
 20
197.3841068013889
 10
245.4588844536177
 20
197.3619466354402
 10
245.464389747438
 20
197.3398780290102
 10
245.4700730669603
 20
197.3179051159728
 10
245.4759321289952
 20
197.2960320360108
 10
245.4819645995868
 20
197.2742629334549
 10
245.4881680953624
 20
197.2526019561187
 10
245.4945401848819
 20
197.2310532541378
 10
245.5010783899833
 20
197.2096209788061
 10
245.5077801871317
 20
197.1883092814126
 10
245.5146430087667
 20
197.16712231208
 10
245.5216642446518
 20
197.146064218601
 10
245.5288412432217
 20
197.1251391452747
 10
245.53617131293
 20
197.1043512317456
 10
245.543651723597
 20
197.0837046118396
 10
245.551279707759
 20
197.0632034124014
 10
245.5590524620137
 20
197.0428517521319
 10
245.5669671483714
 20
197.0226537404257
 10
245.5750208956011
 20
197.002613476207
 10
245.5832108005788
 20
196.9827350467689
 10
245.5915339296355
 20
196.9630225266089
 10
245.599987319906
 20
196.9434799762664
 10
245.6085679806745
 20
196.9241114411602
 10
245.617272894726
 20
196.9049209504268
 10
245.6260990196921
 20
196.8859125157546
 10
245.6350432893988
 20
196.8670901302248
 10
245.6441026152164
 20
196.8484577671457
 10
245.6532738874047
 20
196.8300193788916
 10
245.6625539764636
 20
196.8117788957391
 10
245.6719397344805
 20
196.7937402247046
 10
245.6814279964773
 20
196.7759072483818
 10
245.6910155817582
 20
196.7582838237786
 10
245.7006992952597
 20
196.7408737811545
 10
245.7104759288971
 20
196.7236809228568
 10
245.7203422629121
 20
196.7067090221603
 10
245.7302950672223
 20
196.6899618221014
 10
245.7403311027681
 20
196.6734430343172
 10
245.7504471228611
 20
196.6571563378831
 10
245.7606398745314
 20
196.6411053781482
 10
245.7709060998927
 20
196.6252937655561
 10
245.7812425376412
 20
196.6097250743127
 10
245.7916459247053
 20
196.5944028408852
 10
245.8021129979253
 20
196.5793305624712
 10
245.8126404957278
 20
196.5645116954683
 10
245.8232251598065
 20
196.5499496539435
 10
245.8338637367953
 20
196.5356478081025
 10
245.8445529799487
 20
196.5216094827592
 10
245.8552896508175
 20
196.5078379558062
 10
245.866070520926
 20
196.4943364566823
 10
245.8768923734517
 20
196.4811081648439
 10
245.8877520048969
 20
196.4681562082334
 10
245.8986462267727
 20
196.4554836617485
 10
245.9095718672712
 20
196.4430935457128
 10
245.9205257729444
 20
196.4309888243441
 10
245.9315048103827
 20
196.4191724042242
 10
245.9425058678896
 20
196.4076471327688
 10
245.953525857161
 20
196.3964157966968
 10
245.9645617149618
 20
196.3854811204994
 10
245.9756104048015
 20
196.3748457649097
 10
245.9866689186152
 20
196.3645123253722
 10
245.9977342784362
 20
196.354483330513
 10
246.0088035380772
 20
196.344761240608
 10
246.0198737848048
 20
196.3353484460528
 10
246.0309421410177
 20
196.3262472658337
 10
246.0420057659251
 20
196.3174599459939
 10
246.0530618572216
 20
196.3089886581063
 10
246.0641076527657
 20
196.3008354977409
 10
246.0751404322572
 20
196.2930024829357
 10
246.0861575189146
 20
196.2854915526645
 10
246.0971562811502
 20
196.2783045653076
 10
246.1081341342513
 20
196.2714432971214
 10
246.1190885420522
 20
196.2649094407069
 10
246.1300170186171
 20
196.2587046034797
 10
246.140917129913
 20
196.25283030614
 10
246.1517864954886
 20
196.2472879811409
 10
246.1626227901507
 20
196.2420789711589
 10
246.1734237456432
 20
196.2372045275628
 10
246.1841871523224
 20
196.2326658088836
 10
246.194910860766
 20
196.228463879354
 10
246.2055927827962
 20
196.2245997080474
 10
246.2162308918222
 20
196.2210741687088
 10
246.2268232230667
 20
196.2178880397068
 10
246.2373678737971
 20
196.215042003983
 10
246.2478630035499
 20
196.2125366490013
 10
246.2583068343613
 20
196.210372466701
 10
246.268697650991
 20
196.2085498534453
 10
246.2790338011519
 20
196.207069109972
 10
246.2893136957391
 20
196.2059304413449
 10
246.2995358090548
 20
196.2051339569036
 10
246.3096986790358
 20
196.204679670214
 10
246.3198009074841
 20
196.2045674990193
 10
246.3298411602914
 20
196.2047972651899
 10
246.3398181676688
 20
196.2053686946737
 10
246.3497307243713
 20
196.206281417448
 10
246.3595776899291
 20
196.2075349674687
 10
246.3693579888737
 20
196.2091287826201
 10
246.3790706109644
 20
196.2110622046682
 10
246.388714611416
 20
196.2133344792077
 10
246.3982891111284
 20
196.2159447556153
 10
246.4077932969132
 20
196.2188920869987
 10
246.4172264217182
 20
196.2221754301476
 10
246.42658780486
 20
196.2257936454838
 10
246.4358768322487
 20
196.2297454970125
 10
246.4450929566158
 20
196.2340296522721
 10
246.4542356977418
 20
196.2386446822846
 10
246.4633046426832
 20
196.243589061506
 10
246.4722994460025
 20
196.2488611677784
 10
246.4812198299917
 20
196.2544592822784
 10
246.4900655849036
 20
196.2603815894682
 10
246.4988365691782
 20
196.2666261770472
 10
246.5075327096682
 20
196.2731910359007
 10
246.5161540018701
 20
196.280074060052
 10
246.5247005101497
 20
196.2872730466117
 10
246.5331723679681
 20
196.2947856957296
 10
246.5415697781137
 20
196.302609610543
 10
246.5498930129248
 20
196.3107422971299
 10
246.5581424145209
 20
196.3191811644573
 10
246.5663183949477
 20
196.3279235244166
 10
246.5744214356175
 20
196.3369665925866
 10
246.582452085919
 20
196.3463074898579
 10
246.5904109616805
 20
196.3559432442047
 10
246.5982987436368
 20
196.3658707924579
 10
246.60611617589
 20
196.3760869820794
 10
246.6138640643762
 20
196.3865885729337
 10
246.6215432753282
 20
196.3973722390622
 10
246.6291547337397
 20
196.4084345704571
 10
246.6366994218287
 20
196.4197720748324
 10
246.6441783775034
 20
196.4313811793997
 10
246.6515926928248
 20
196.4432582326396
 10
246.6589435124697
 20
196.455399506076
 10
246.6662320321985
 20
196.467801196049
 10
246.6734594973145
 20
196.4804594254875
 10
246.6806272011317
 20
196.4933702456839
 10
246.687736483437
 20
196.5065296380658
 10
246.6947887289539
 20
196.5199335159707
 10
246.7017853658081
 20
196.5335777264177
 10
246.7087278639909
 20
196.5474580518819
 10
246.7156177338218
 20
196.5615702120673
 10
246.7224565244144
 20
196.5759098656803
 10
246.7292458221409
 20
196.5904726122019
 10
246.7359872490928
 20
196.6052539936621
 10
246.7426824615492
 20
196.6202494964132
 10
246.7493331484375
 20
196.6354545529016
 10
246.7559410297994
 20
196.6508645434434
 10
246.7625078552547
 20
196.666474797995
 10
246.7690354024634
 20
196.682280597928
 10
246.7819799037801
 20
196.71445972714
 10
246.7947892575037
 20
196.7473632777321
 10
246.8074785377564
 20
196.7809519324835
 10
246.8200631198749
 20
196.8151857670405
 10
246.8325586312598
 20
196.8500243066629
 10
246.8449809024891
 20
196.8854265826514
 10
246.8573459223112
 20
196.9213511841512
 10
246.8696697993871
 20
196.9577563019099
 10
246.8819687258214
 20
196.9945997698939
 10
246.894258940735
 20
197.0318391068683
 10
246.9065566938336
 20
197.0694315579715
 10
246.9188782089776
 20
197.1073341362927
 10
246.9312396477489
 20
197.1455036644486
 10
246.9436570730255
 20
197.1838968161604
 10
246.9687234224821
 20
197.2611801901219
 10
246.9942024018644
 20
197.3388362499576
 10
247.0202152448262
 20
197.4165172660381
 10
247.0334583944005
 20
197.4552588707559
 10
247.0468781083851
 20
197.4938771177838
 10
247.0604879219228
 20
197.5323292117416
 10
247.0743009071424
 20
197.5705726241223
 10
247.0883296367319
 20
197.6085651348765
 10
247.1025861474085
 20
197.6462648746783
 10
247.1170819029581
 20
197.6836303703511
 10
247.1318277569698
 20
197.7206205925066
 10
247.146833915541
 20
197.757195003375
 10
247.1621098999825
 20
197.7933136046417
 10
247.1776645095265
 20
197.8289369852797
 10
247.1935057840298
 20
197.864026369382
 10
247.2096409666837
 20
197.8985436639972
 10
247.2260764667168
 20
197.9324515069611
 10
247.2428178221019
 20
197.9657133147318
 10
247.2598696622621
 20
197.9982933302215
 10
247.2685132032189
 20
198.0143167295272
 10
247.2772356707782
 20
198.0301566706325
 10
247.2860373714814
 20
198.0458089376434
 10
247.2949185480918
 20
198.0612693752875
 10
247.3038793784317
 20
198.0765338904095
 10
247.3129199742146
 20
198.0915984534662
 10
247.3220403798806
 20
198.1064591000202
 10
247.3312405714316
 20
198.1211119322366
 10
247.3405204552649
 20
198.1355531203761
 10
247.3498798670084
 20
198.1497789042901
 10
247.3593185703554
 20
198.163785594917
 10
247.3688362558984
 20
198.1775695757745
 10
247.3784325399637
 20
198.1911273044559
 10
247.3881069634463
 20
198.204455314126
 10
247.3978589906451
 20
198.2175502150129
 10
247.4076880080969
 20
198.2304086959056
 10
247.4175933235306
 20
198.2430275255734
 10
247.4275741659587
 20
198.2554035535029
 10
247.4376296871701
 20
198.2675337097819
 10
247.4477589634819
 20
198.2794150048263
 10
247.4579609974982
 20
198.291044529107
 10
247.4682347198608
 20
198.3024194528755
 10
247.4785789910079
 20
198.3135370258915
 10
247.4889926029269
 20
198.324394577149
 10
247.4994742809109
 20
198.3349895146015
 10
247.5100226853137
 20
198.3453193248897
 10
247.520636413303
 20
198.3553815730674
 10
247.5313140006183
 20
198.3651739023277
 10
247.5420539233233
 20
198.37469403373
 10
247.5528545995638
 20
198.3839397659248
 10
247.5637143913209
 20
198.3929089748829
 10
247.5746316061646
 20
198.4015996136186
 10
247.5856044990143
 20
198.4100097119179
 10
247.5966312738866
 20
198.4181373760654
 10
247.6077100856568
 20
198.4259807885688
 10
247.6188390418105
 20
198.4335382078868
 10
247.6300162042
 20
198.4408079681542
 10
247.6412395907978
 20
198.4477884789107
 10
247.6525071774541
 20
198.4544782248234
 10
247.6638168996498
 20
198.4608757654173
 10
247.6751666542522
 20
198.4669797347987
 10
247.6865543012721
 20
198.4727888413831
 10
247.6979776656148
 20
198.478301867621
 10
247.709434538839
 20
198.4835176697242
 10
247.7209226809094
 20
198.4884351773928
 10
247.7324398219542
 20
198.4930533935402
 10
247.7439836640171
 20
198.497371394022
 10
247.7555518828155
 20
198.5013883273591
 10
247.7671421294933
 20
198.5051034144672
 10
247.7787520323759
 20
198.5085159483811
 10
247.7903791987293
 20
198.5116252939814
 10
247.8020212165087
 20
198.5144308877215
 10
247.8136756561198
 20
198.5169322373542
 10
247.8253400721687
 20
198.5191289216569
 10
247.8370120052214
 20
198.5210205901586
 10
247.8486889835769
 20
198.5226069628775
 10
247.8603685252429
 20
198.5238878301572
 10
247.8720481401619
 20
198.5248630526331
 10
247.8837253324875
 20
198.5255325612199
 10
247.8953976028544
 20
198.5258963571014
 10
247.9070624506551
 20
198.5259545117192
 10
247.9187173763134
 20
198.5257071667617
 10
247.9303598835591
 20
198.5251545341526
 10
247.9419874817008
 20
198.5242968960412
 10
247.9535976879011
 20
198.5231346047896
 10
247.9651880294503
 20
198.5216680829633
 10
247.9767560460397
 20
198.5198978233185
 10
247.9882992920373
 20
198.5178243887931
 10
247.9998153387613
 20
198.5154484124938
 10
248.011301776753
 20
198.5127705976861
 10
248.0227562180527
 20
198.5097917177826
 10
248.0341762984723
 20
198.5065126163334
 10
248.0455596798711
 20
198.5029342070131
 10
248.0569040524269
 20
198.499057473611
 10
248.068207136914
 20
198.4948834700196
 10
248.0794666869738
 20
198.4904133202246
 10
248.0906804913917
 20
198.4856482182918
 10
248.1018463763685
 20
198.480589428358
 10
248.1129622077973
 20
198.4752382846196
 10
248.1240258935346
 20
198.4695961913206
 10
248.1350353856782
 20
198.463664622742
 10
248.1459886828366
 20
198.4574451231922
 10
248.1568838324064
 20
198.4509393069936
 10
248.167718932846
 20
198.4441488584732
 10
248.1784921359498
 20
198.4370755319508
 10
248.18920164912
 20
198.4297211517288
 10
248.1998457376433
 20
198.4220876120802
 10
248.2104227269642
 20
198.4141768772381
 10
248.2209310049591
 20
198.4059909813843
 10
248.2313690242097
 20
198.3975320286396
 10
248.2417353042779
 20
198.3888021930505
 10
248.2520284339803
 20
198.3798037185797
 10
248.262247073661
 20
198.3705389190955
 10
248.272389957466
 20
198.3610101783589
 10
248.2824558955107
 20
198.3512199499789
 10
248.2924437750043
 20
198.341170757018
 10
248.3023525600264
 20
198.3308651911533
 10
248.3121812910501
 20
198.3203059117491
 10
248.3219290844643
 20
198.3094956449334
 10
248.3315951320907
 20
198.2984371826699
 10
248.3411787007053
 20
198.2871333818333
 10
248.3506791315579
 20
198.2755871632819
 10
248.3600958398945
 20
198.2638015109337
 10
248.3694283144734
 20
198.2517794708374
 10
248.37867611709
 20
198.2395241502489
 10
248.3878388820912
 20
198.2270387167041
 10
248.3969163159017
 20
198.2143263970931
 10
248.4059081965399
 20
198.2013904767342
 10
248.4148143731391
 20
198.188234298448
 10
248.4236347654669
 20
198.1748612616304
 10
248.4323693634475
 20
198.1612748213279
 10
248.4410182266799
 20
198.1474784873112
 10
248.4495814839583
 20
198.1334758231481
 10
248.4580593327919
 20
198.1192704452793
 10
248.4664520389267
 20
198.1048660220902
 10
248.4747599358628
 20
198.0902662729874
 10
248.4829834243779
 20
198.07547496747
 10
248.4911229720434
 20
198.0604959242055
 10
248.4991791127483
 20
198.0453330101029
 10
248.5071524462169
 20
198.0299901393869
 10
248.5228534166436
 20
197.9987804160353
 10
248.5382319796047
 20
197.9668989790717
 10
248.5532952540414
 20
197.9343787512005
 10
248.5680513662032
 20
197.9012533232766
 10
248.5825094342863
 20
197.8675569246718
 10
248.5966795530803
 20
197.833324393642
 10
248.6105727785635
 20
197.7985911476814
 10
248.624201108472
 20
197.7633931528101
 10
248.6375774433602
 20
197.7277668876958
 10
248.6507155335353
 20
197.6917493040324
 10
248.6636299246814
 20
197.6553777865743
 10
248.6763359034793
 20
197.6186901131677
 10
248.6888494432241
 20
197.5817244147825
 10
248.7011871494533
 20
197.5445191355438
 10
248.713366205558
 20
197.5071129927656
 10
248.7254043184115
 20
197.4695449369805
 10
248.7491308329754
 20
197.3940798148151
 10
248.772516751291
 20
197.3184385189276
 10
248.7957170268946
 20
197.2429369727662
 10
248.818889768572
 20
197.1678909943711
 10
248.8305156577095
 20
197.130637192653
 10
248.8421945002193
 20
197.0936150173987
 10
248.8539461722429
 20
197.0568633466225
 10
248.8657904214978
 20
197.0204208110118
 10
248.8777468145586
 20
196.9843257515685
 10
248.8898346844425
 20
196.9486161768214
 10
248.9020730781916
 20
196.9133297200311
 10
248.9144807044673
 20
196.8785035963918
 10
248.9270758811318
 20
196.8441745602375
 10
248.9398764828411
 20
196.8103788622433
 10
248.9528998886306
 20
196.7771522066325
 10
248.9661629295025
 20
196.7445297083777
 10
248.9796818360155
 20
196.7125458504053
 10
248.9934721858714
 20
196.6812344408004
 10
249.0075488515033
 20
196.6506285700093
 10
249.0146989946251
 20
196.635600345673
 10
249.0219259476626
 20
196.6207605680451
 10
249.029231347974
 20
196.6061131525389
 10
249.0366167790098
 20
196.5916619616895
 10
249.0440837686768
 20
196.5774108038192
 10
249.0516337876985
 20
196.5633634316979
 10
249.0592682479802
 20
196.5495235412075
 10
249.066988500967
 20
196.5358947700032
 10
249.0747958360088
 20
196.5224806961768
 10
249.0826914787233
 20
196.5092848369193
 10
249.0906765893527
 20
196.4963106471832
 10
249.0987522611337
 20
196.4835615183453
 10
249.1069195186528
 20
196.4710407768696
 10
249.1151793162444
 20
196.4587516829894
 10
249.1235325367045
 20
196.4466974296036
 10
249.1319799904556
 20
196.4348811414574
 10
249.1405224147937
 20
196.423305874386
 10
249.1491604731381
 20
196.4119746145541
 10
249.1578947542849
 20
196.4008902776991
 10
249.1667257716543
 20
196.3900557083717
 10
249.1756539625431
 20
196.3794736791786
 10
249.1846796873729
 20
196.3691468900235
 10
249.1938032289452
 20
196.3590779673496
 10
249.2030247916866
 20
196.3492694633807
 10
249.2123445009022
 20
196.3397238553628
 10
249.2217624020258
 20
196.3304435448064
 10
249.2312784598697
 20
196.3214308567285
 10
249.2408925578769
 20
196.3126880388925
 10
249.2506044973692
 20
196.3042172610526
 10
249.2604139967992
 20
196.2960206141933
 10
249.2703206910002
 20
196.2881001097724
 10
249.2803241304371
 20
196.2804576789624
 10
249.2904237804573
 20
196.2730951718918
 10
249.3006190205408
 20
196.2660143568874
 10
249.3109091435495
 20
196.2592169197158
 10
249.3212933549791
 20
196.2527044628253
 10
249.3317707722098
 20
196.2464785045876
 10
249.3423404237568
 20
196.2405404785382
 10
249.3530012485194
 20
196.2348917326215
 10
249.3637520950327
 20
196.2295335284287
 10
249.3745917207172
 20
196.2244670404418
 10
249.3855187911315
 20
196.2196933552745
 10
249.3965318792191
 20
196.2152134709145
 10
249.4076294645627
 20
196.2110282959645
 10
249.4188099326334
 20
196.2071386488852
 10
249.4300715740385
 20
196.2035452572348
 10
249.4414125837769
 20
196.2002487569134
 10
249.4528310604854
 20
196.1972496914025
 10
249.4643250056911
 20
196.1945485110083
 10
249.4758923230627
 20
196.1921455721026
 10
249.4875308176597
 20
196.1900411363644
 10
249.4992381951814
 20
196.1882353700224
 10
249.5110120613327
 20
196.1867283431687
 10
249.5228499223838
 20
196.1855200298549
 10
249.5347491873817
 20
196.1846103092654
 10
249.5467071707133
 20
196.1839989671129
 10
249.5587210946637
 20
196.1836856970397
 10
249.5707880919785
 20
196.1836701020144
 10
249.5829052084248
 20
196.1839516957317
 10
249.5950694053536
 20
196.1845299040122
 10
249.6072775622595
 20
196.1854040662009
 10
249.6195264793435
 20
196.1865734365643
 10
249.631812880075
 20
196.1880371856935
 10
249.6441334137506
 20
196.1897944018986
 10
249.6564846580584
 20
196.1918440926117
 10
249.6688631216378
 20
196.1941851857826
 10
249.6812652466411
 20
196.1968165312799
 10
249.6936874112951
 20
196.1997369022896
 10
249.7061259324636
 20
196.202944996714
 10
249.7185770682063
 20
196.2064394385691
 10
249.7310370203427
 20
196.2102187793871
 10
249.7435019370119
 20
196.2142814996117
 10
249.7559679152348
 20
196.2186260099998
 10
249.7684310034757
 20
196.2232506530188
 10
249.7808872042028
 20
196.2281537042463
 10
249.7933324764508
 20
196.2333333737689
 10
249.8057627383809
 20
196.2387878075818
 10
249.8181738698439
 20
196.2445150889868
 10
249.83056171494
 20
196.250513239992
 10
249.8429220845816
 20
196.2567802227106
 10
249.8552507590527
 20
196.26331394076
 10
249.8675434905733
 20
196.27011224066
 10
249.879796005859
 20
196.2771729132331
 10
249.8920040086813
 20
196.2844936950027
 10
249.9041631824311
 20
196.2920722695925
 10
249.9162691926809
 20
196.2999062691246
 10
249.9283176897411
 20
196.3079932756194
 10
249.9403043112295
 20
196.3163308223948
 10
249.9522246846234
 20
196.3249163954641
 10
249.9640744298303
 20
196.3337474349359
 10
249.9758491617414
 20
196.3428213364124
 10
249.9875444928011
 20
196.3521354523838
 10
249.9991560355976
 20
196.3616870935598
 10
250.0106794054969
 20
196.3714735301155
 10
250.0221102232875
 20
196.3814919929205
 10
250.0334441178208
 20
196.3917396747658
 10
250.0446767286542
 20
196.4022137315923
 10
250.0558037086958
 20
196.4129112837176
 10
250.0668207268454
 20
196.4238294170653
 10
250.0777234706385
 20
196.4349651843921
 10
250.0885076488866
 20
196.4463156065155
 10
250.0991689943237
 20
196.4578776735418
 10
250.1097032662459
 20
196.469648346094
 10
250.1201062531554
 20
196.4816245565403
 10
250.1303737754039
 20
196.4938032102198
 10
250.1405016878339
 20
196.5061811866736
 10
250.150485882424
 20
196.5187553408695
 10
250.1603222909276
 20
196.5315225044321
 10
250.1700068875205
 20
196.5444794868695
 10
250.1795356914388
 20
196.5576230768009
 10
250.1889047696256
 20
196.5709500431864
 10
250.1981102393733
 20
196.5844571365521
 10
250.2071482709627
 20
196.5981410902193
 10
250.216015090311
 20
196.6119986215333
 10
250.2247069816099
 20
196.6260264330898
 10
250.2332202899726
 20
196.6402212139629
 10
250.2415514240726
 20
196.654579640934
 10
250.2496968587891
 20
196.6690983797181
 10
250.2576531378499
 20
196.683774086193
 10
250.2654168764724
 20
196.6986034076267
 10
250.2729847640068
 20
196.713582983905
 10
250.2803535665806
 20
196.7287094487591
 10
250.2875201297393
 20
196.7439794309953
 10
250.2944813810902
 20
196.7593895557196
 10
250.3012343329452
 20
196.7749364455686
 10
250.3077760849629
 20
196.7906167219357
 10
250.3141038267927
 20
196.8064270061996
 10
250.3202148407161
 20
196.8223639209516
 10
250.3261065042899
 20
196.8384240912241
 10
250.3317762929899
 20
196.8546041457178
 10
250.3372217827852
 20
196.8709007180144
 10
250.3424406519766
 20
196.8873104476055
 10
250.3474306819616
 20
196.9038299806669
 10
250.3521897577808
 20
196.9204559707715
 10
250.3567158686564
 20
196.9371850796071
 10
250.3610071085309
 20
196.9540139776896
 10
250.3650616766064
 20
196.97093934508
 10
250.3688778778862
 20
196.9879578720984
 10
250.3724541237127
 20
197.0050662600395
 10
250.3757889323066
 20
197.0222612218883
 10
250.3788809293063
 20
197.0395394830342
 10
250.3817288483087
 20
197.0568977819885
 10
250.3843315314095
 20
197.0743328710967
 10
250.3866879297381
 20
197.0918415172563
 10
250.3887971040024
 20
197.1094205026297
 10
250.3906582250258
 20
197.1270666253622
 10
250.3922705742865
 20
197.1447767002942
 10
250.393633544458
 20
197.162547559679
 10
250.3947466399471
 20
197.1803760538965
 10
250.3956094774349
 20
197.1982590521687
 10
250.396221786417
 20
197.2161934432758
 10
250.3965834097395
 20
197.2341761362695
 10
250.3966943041428
 20
197.2522040611912
 10
250.3965545407977
 20
197.2702741697841
 10
250.396164305847
 20
197.2883834362107
 10
250.3955239009438
 20
197.3065288577665
 10
250.3946337437919
 20
197.3247074555964
 10
250.3934943686846
 20
197.3429162754093
 10
250.3921064270447
 20
197.3611523881938
 10
250.3904706879624
 20
197.379412890932
 10
250.388588038739
 20
197.3976949073178
 10
250.386459485421
 20
197.415995588468
 10
250.384086153342
 20
197.4343121136417
 10
250.3814692876651
 20
197.4526416909516
 10
250.3786102539162
 20
197.4709815580828
 10
250.3755105385296
 20
197.4893289830061
 10
250.3721717493829
 20
197.5076812646926
 10
250.3685956163402
 20
197.5260357338305
 10
250.3647839917882
 20
197.5443897535403
 10
250.3607388510904
 20
197.5627407200625
 10
250.3564622920206
 20
197.5810860631539
 10
250.3519565327257
 20
197.5994232460484
 10
250.347223909356
 20
197.6177497653281
 10
250.3422668736985
 20
197.6360631507887
 10
250.3370879908052
 20
197.6543609653085
 10
250.3316899366253
 20
197.6726408047156
 10
250.326075495636
 20
197.6909002976547
 10
250.3202475584706
 20
197.7091371054561
 10
250.3142091195504
 20
197.7273489220015
 10
250.3079632747151
 20
197.7455334735931
 10
250.301513218854
 20
197.7636885188211
 10
250.2948622435354
 20
197.7818118484289
 10
250.2880137346369
 20
197.7999012851846
 10
250.2809711699752
 20
197.8179546837447
 10
250.2663182301195
 20
197.8539449435636
 10
250.2509329952709
 20
197.8897660979118
 10
250.2348463561213
 20
197.9254021185806
 10
250.2180904469275
 20
197.9608374748888
 10
250.2006985696853
 20
197.9960571294419
 10
250.1827051183043
 20
198.0310465338974
 10
250.1641455027802
 20
198.0657916247233
 10
250.1450560733719
 20
198.1002788189615
 10
250.125474044772
 20
198.1344950099896
 10
250.1054374202851
 20
198.1684275632813
 10
250.0849849159985
 20
198.20206431217
 10
250.0641558849589
 20
198.2353935536083
 10
250.0429902417365
 20
198.2684040440503
 10
250.0215283937148
 20
198.3010849973651
 10
249.9998111853842
 20
198.3334260866897
 10
249.9778798465152
 20
198.3654174474547
 10
249.9557759404273
 20
198.3970496804379
 10
249.9335413122514
 20
198.4283138548191
 10
249.911218037199
 20
198.4592015112337
 10
249.8888483688275
 20
198.4897046648267
 10
249.8664746873048
 20
198.5198158083065
 10
249.8441394476769
 20
198.5495279149996
 10
249.8218851281357
 20
198.578834441904
 10
249.7997541782803
 20
198.6077293327436
 10
249.7777889673884
 20
198.6362070210218
 10
249.7560317326798
 20
198.6642624330753
 10
249.7345245275835
 20
198.6918909911299
 10
249.7133091700018
 20
198.7190886163525
 10
249.6924271905796
 20
198.7458517319052
 10
249.6719197809684
 20
198.7721772660006
 10
249.6518277420931
 20
198.7980626549553
 10
249.6321914324102
 20
198.8235058462412
 10
249.6130507153409
 20
198.8485053012582
 10
249.5944449023745
 20
198.8730599966496
 10
249.576412692802
 20
198.8971694244843
 10
249.5589921131171
 20
198.9208335923214
 10
249.5505228688779
 20
198.9324988470741
 10
249.5422204564061
 20
198.9440530232772
 10
249.5340894127995
 20
198.9554962668869
 10
249.5261342217438
 20
198.9668287560897
 10
249.5183593116152
 20
198.978050701305
 10
249.5107690535885
 20
198.9891623451869
 10
249.503367759746
 20
199.000163962625
 10
249.4961596811769
 20
199.0110558607494
 10
249.4891490060897
 20
199.0218383789297
 10
249.4823398579154
 20
199.032511888779
 10
249.4757362934138
 20
199.0430767941556
 10
249.4693423007784
 20
199.0535335311637
 10
249.4631617977467
 20
199.0638825681579
 10
249.4571986297009
 20
199.0741244057431
 10
249.4514565677773
 20
199.0842595767773
 10
249.4459393069726
 20
199.094288646374
 10
249.4406504642466
 20
199.1042122119038
 10
249.4355935766327
 20
199.1140309029974
 10
249.4307720993409
 20
199.1237453815459
 10
249.426189403865
 20
199.1333563417039
 10
249.4218487760885
 20
199.1428645098921
 10
249.4177534143914
 20
199.1522706447986
 10
249.4139064277549
 20
199.1615755373811
 10
249.4103108338675
 20
199.1707800108688
 10
249.4069695572335
 20
199.179884920765
 10
249.4038854272759
 20
199.1888911548484
 10
249.4010611764436
 20
199.1977996331758
 10
249.3984994383201
 20
199.2066113080834
 10
249.3962027457235
 20
199.2153271641909
 10
249.3941735288203
 20
199.2239482184001
 10
249.3924141133047
 20
199.2324755198876
 10
249.3909267195748
 20
199.2409101499382
 10
249.3897134634188
 20
199.249253221542
 10
249.388776357058
 20
199.2575058789381
 10
249.3881173101888
 20
199.2656692971536
 10
249.3877381310318
 20
199.2737446815474
 10
249.3876405273752
 20
199.281733267349
 10
249.3878261076191
 20
199.2896363192017
 10
249.388296381825
 20
199.2974551307036
 10
249.3890527627577
 20
199.3051910239481
 10
249.3900965669325
 20
199.3128453490657
 10
249.3914290156607
 20
199.3204194837659
 10
249.3930512360924
 20
199.3279148328772
 10
249.3949642622678
 20
199.3353328278896
 10
249.3971690361568
 20
199.3426749264954
 10
249.3996664087083
 20
199.3499426121309
 10
249.4024571408937
 20
199.3571373935165
 10
249.405541904753
 20
199.3642608041996
 10
249.4089212844409
 20
199.3713144020957
 10
249.4125957772722
 20
199.3782997690284
 10
249.416565794766
 20
199.3852185102717
 10
249.4208316636932
 20
199.3920722540917
 10
249.4253936271199
 20
199.3988626512865
 10
249.4302518454549
 20
199.4055913747294
 10
249.4354063974936
 20
199.4122601189084
 10
249.4408572814663
 20
199.418870599469
 10
249.4466044160791
 20
199.4254245527548
 10
249.4526476415628
 20
199.4319237353479
 10
249.4589867207189
 20
199.4383699236122
 10
249.4656213399625
 20
199.4447649132336
 10
249.4725511103695
 20
199.4511105187608
 10
249.4797755687218
 20
199.4574085731482
 10
249.4872941785533
 20
199.4636609272951
 10
249.4951063311936
 20
199.4698694495892
 10
249.5032113468167
 20
199.476036025446
 10
249.5116084754835
 20
199.4821625568514
 10
249.520296898188
 20
199.4882509619029
 10
249.5292757279055
 20
199.4943031743498
 10
249.5385440106325
 20
199.5003211431358
 10
249.5481007264344
 20
199.5063068319411
 10
249.5579447904236
 20
199.5122622187351
 10
249.5680750536531
 20
199.5181892953462
 10
249.5784903039877
 20
199.5240900670387
 10
249.5891892669737
 20
199.5299665520857
 10
249.6001706067119
 20
199.5358207813443
 10
249.611432926724
 20
199.5416547978313
 10
249.6229747708256
 20
199.547470656296
 10
249.6347946239958
 20
199.5532704227965
 10
249.6468909132502
 20
199.5590561742746
 10
249.6592620085062
 20
199.5648299981295
 10
249.6719062234578
 20
199.570593991793
 10
249.6848218164465
 20
199.5763502623043
 10
249.6980069913258
 20
199.5821009258843
 10
249.7114598983406
 20
199.587848107512
 10
249.7251786349897
 20
199.5935939404964
 10
249.7391612469001
 20
199.5993405660543
 10
249.7534057286978
 20
199.6050901328828
 10
249.7679100248766
 20
199.6108447967347
 10
249.7826720306693
 20
199.6166067199941
 10
249.7976895929184
 20
199.6223780712497
 10
249.8129605109452
 20
199.6281610248709
 10
249.8284825374235
 20
199.6339577605814
 10
249.8442533792455
 20
199.6397704630351
 10
249.860270698397
 20
199.6456013213894
 10
249.8765321128229
 20
199.651452528882
 10
249.8930351973033
 20
199.657326282403
 10
249.9097774843187
 20
199.663224782072
 10
249.9267564649233
 20
199.6691502308115
 10
249.9439695896155
 20
199.6751048339228
 10
249.9614142692069
 20
199.681090798659
 10
249.9790878756943
 20
199.6871103338012
 10
249.9969877431286
 20
199.6931656492329
 10
250.0151111684876
 20
199.6992589555143
 10
250.033455412544
 20
199.7053924634581
 10
250.0520177007362
 20
199.7115683837031
 10
250.0707952240408
 20
199.7177889262894
 10
250.0897851398415
 20
199.7240563002327
 10
250.1089845727983
 20
199.7303727131002
 10
250.1283906157266
 20
199.7367403705819
 10
250.1480003305413
 20
199.74316147603
 10
250.1678107493187
 20
199.7496382299458
 10
250.1878188753815
 20
199.7561728294551
 10
250.208021684388
 20
199.76276746778
 10
250.2284161254186
 20
199.7694243337154
 10
250.2489991220642
 20
199.7761456111025
 10
250.2697675735131
 20
199.7829334783016
 10
250.3118483220861
 20
199.7967176650241
 10
250.3546331179209
 20
199.8107941911879
 10
250.3980963869635
 20
199.8251802327628
 10
250.4422122691237
 20
199.8398928275562
 10
250.4869546530748
 20
199.8549488583835
 10
250.5322972110556
 20
199.8703650362423
 10
250.5782134336697
 20
199.8861578834818
 10
250.6246766646889
 20
199.9023437169769
 10
250.671660135851
 20
199.9189386312981
 10
250.7191370016609
 20
199.9359584818853
 10
250.7670803741958
 20
199.9534188682176
 10
250.8154633578992
 20
199.9713351169877
 10
250.8642590843871
 20
199.989722265271
 10
250.9134407472449
 20
200.0085950437001
 10
250.9629816368319
 20
200.0279678596344
 10
251.0128551750604
 20
200.0478547803445
 10
251.0630349480956
 20
200.0682695174042
 10
251.1134947276374
 20
200.089225417711
 10
251.1642084830351
 20
200.1107354598306
 10
251.2151503924197
 20
200.1328122509118
 10
251.2662948538294
 20
200.1554680236017
 10
251.317616496346
 20
200.1787146329622
 10
251.3690901912172
 20
200.2025635533849
 10
251.4206910629919
 20
200.2270258755078
 10
251.4723945006485
 20
200.25211230313
 10
251.5241761687232
 20
200.2778331501282
 10
251.5760120184405
 20
200.3041983373715
 10
251.6278782988451
 20
200.3312173896386
 10
251.6797515679272
 20
200.3588994325311
 10
251.7316087037559
 20
200.387253189392
 10
251.783426915609
 20
200.4162869782196
 10
251.8351837550998
 20
200.4460087085829
 10
251.8868571273096
 20
200.4764258785396
 10
251.9384253019162
 20
200.5075455715487
 10
251.9898669243235
 20
200.5393744533889
 10
252.0411610265623
 20
200.5719187692123
 10
252.0922870339212
 20
200.6051843431936
 10
252.1432247628572
 20
200.6391765834749
 10
252.1939544161587
 20
200.6739004887835
 10
252.2444565780336
 20
200.7093606550894
 10
252.2696163853365
 20
200.7273681638671
 10
252.2947122091992
 20
200.745561282266
 10
252.3197417277337
 20
200.7639404744732
 10
252.3447026419724
 20
200.7825061807517
 10
252.3695926757111
 20
200.8012588176496
 10
252.3944095753569
 20
200.820198778208
 10
252.4191511097753
 20
200.839326432168
 10
252.4438150701344
 20
200.8586421261804
 10
252.4683992697536
 20
200.8781461840126
 10
252.4929015439503
 20
200.8978389067581
 10
252.5173197498848
 20
200.9177205730433
 10
252.5416517664081
 20
200.9377914392356
 10
252.5658954939066
 20
200.9580517396524
 10
252.5900488541527
 20
200.9785016867695
 10
252.614109790146
 20
200.9991414714276
 10
252.6380762659641
 20
201.0199712630423
 10
252.6619462666067
 20
201.0409912098101
 10
252.6857177978445
 20
201.062201438919
 10
252.709388886062
 20
201.0836020567551
 10
252.7329575781077
 20
201.1051931491107
 10
252.7564219411393
 20
201.1269747813926
 10
252.7797800624688
 20
201.1489469988307
 10
252.8030300494125
 20
201.171109826686
 10
252.8261700291327
 20
201.1934632704581
 10
252.8491981484898
 20
201.216007316094
 10
252.8721125738833
 20
201.2387419301957
 10
252.8949114911031
 20
201.2616670602287
 10
252.9175931051725
 20
201.2847826347304
 10
252.940155640197
 20
201.3080885635173
 10
252.9625973392132
 20
201.3315847378919
 10
252.9849164640848
 20
201.3552710308207
 10
253.0071112954761
 20
201.3791472970646
 10
253.0291801328463
 20
201.4032133732986
 10
253.0511212944406
 20
201.4274690782294
 10
253.0729331172878
 20
201.451914212715
 10
253.0946139571911
 20
201.476548559883
 10
253.1161621887219
 20
201.5013718852491
 10
253.1375762052153
 20
201.5263839368358
 10
253.1588544187619
 20
201.5515844452916
 10
253.1799952602035
 20
201.5769731240089
 10
253.2009971791247
 20
201.6025496692431
 10
253.2218586438477
 20
201.6283137602312
 10
253.2425781414257
 20
201.6542650593099
 10
253.2631541776375
 20
201.6804032120358
 10
253.2835852769803
 20
201.7067278473018
 10
253.303869982663
 20
201.7332385774575
 10
253.3240068566004
 20
201.759934998428
 10
253.3439944794086
 20
201.7868166898308
 10
253.3638314503948
 20
201.8138832150964
 10
253.3835163875554
 20
201.8411341215851
 10
253.4030479275668
 20
201.8685689407082
 10
253.4224247257795
 20
201.8961871880434
 10
253.4416454562128
 20
201.9239883634563
 10
253.4607088115482
 20
201.9519719512176
 10
253.4796135031223
 20
201.9801374201223
 10
253.4983582609204
 20
202.0084842236079
 10
253.5169418335735
 20
202.0370117998735
 10
253.5353629883457
 20
202.065719571998
 10
253.5536205111353
 20
202.094606948059
 10
253.5717132064622
 20
202.123673321252
 10
253.5896398974651
 20
202.1529180700084
 10
253.6073994258945
 20
202.1823405581136
 10
253.6249906521057
 20
202.2119401348271
 10
253.6424124550533
 20
202.2417161350002
 10
253.6596637322852
 20
202.271667879195
 10
253.6767433999347
 20
202.3017946738026
 10
253.6936503927165
 20
202.3320958111624
 10
253.7103836639175
 20
202.3625705696804
 10
253.7269421853928
 20
202.3932182139483
 10
253.7433249475359
 20
202.4240379948748
 10
253.7595309592216
 20
202.4550291498337
 10
253.7755592477406
 20
202.4861909028173
 10
253.7914088587287
 20
202.5175224645912
 10
253.8070788561036
 20
202.5490230328474
 10
253.8225683219955
 20
202.5806917923592
 10
253.8378763566795
 20
202.6125279151337
 10
253.853002078512
 20
202.6445305605658
 10
253.8679446238589
 20
202.6766988755937
 10
253.8827031470316
 20
202.7090319948504
 10
253.897276820219
 20
202.7415290408192
 10
253.9116648334218
 20
202.774189123987
 10
253.9258663943817
 20
202.8070113429978
 10
253.9398807285185
 20
202.8399947848075
 10
253.9537070788608
 20
202.8731385248366
 10
253.9673447059797
 20
202.9064416271247
 10
253.9807928879199
 20
202.9399031444845
 10
253.9940509201358
 20
202.973522118655
 10
254.0071181154215
 20
203.0072975804563
 10
254.0199938038459
 20
203.0412285499417
 10
254.0326773326829
 20
203.0753140365542
 10
254.0451680663477
 20
203.1095530392776
 10
254.0574653863276
 20
203.1439445467926
 10
254.0695686911139
 20
203.1784875376285
 10
254.081477396138
 20
203.2131809803193
 10
254.0931909337017
 20
203.2480238335556
 10
254.1047087529108
 20
203.2830150463396
 10
254.1160303196085
 20
203.3181535581384
 10
254.127155116307
 20
203.3534382990386
 10
254.1380826421223
 20
203.3888681898988
 10
254.1488124127064
 20
203.4244421425049
 10
254.1593439601785
 20
203.4601590597229
 10
254.1696768330611
 20
203.4960178356531
 10
254.179810596209
 20
203.5320173557844
 10
254.1897448307467
 20
203.5681564971471
 10
254.1994791339966
 20
203.6044341284677
 10
254.2090131194171
 20
203.6408491103222
 10
254.2183464165297
 20
203.6774002952905
 10
254.2274786708574
 20
203.7140865281094
 10
254.2364095438639
 20
203.7509066458224
 10
254.2451387129109
 20
203.7878594779247
 10
254.2536658712179
 20
203.8249438465032
 10
254.2619907278233
 20
203.8621585663807
 10
254.2701130075447
 20
203.8995024452557
 10
254.2780324509374
 20
203.9369742838459
 10
254.2857488142585
 20
203.9745728760297
 10
254.293261869423
 20
204.0122970089877
 10
254.3005714039683
 20
204.0501454633456
 10
254.3076772210115
 20
204.0881170133154
 10
254.3145791392097
 20
204.1262104268377
 10
254.3212769927235
 20
204.1644244657237
 10
254.3277706311746
 20
204.2027578857961
 10
254.3340599196065
 20
204.241209437034
 10
254.3401447384465
 20
204.279777863711
 10
254.3460249834633
 20
204.3184619045399
 10
254.3517005657297
 20
204.3572602928137
 10
254.357171411583
 20
204.3961717565481
 10
254.3624374625831
 20
204.4351950186222
 10
254.3674986754763
 20
204.4743287969222
 10
254.3723550221523
 20
204.5135718044823
 10
254.3770064896064
 20
204.5529227496261
 10
254.3814530798991
 20
204.5923803361105
 10
254.385694810119
 20
204.6319432632657
 10
254.389731712338
 20
204.6716102261382
 10
254.3935638335767
 20
204.7113799156331
 10
254.3971912357629
 20
204.7512510186544
 10
254.4006139956906
 20
204.791222218249
 10
254.403832204983
 20
204.8312921937474
 10
254.4068459700504
 20
204.8714596209061
 10
254.4096554120532
 20
204.9117231720492
 10
254.4122606668598
 20
204.9520815162111
 10
254.4146618850075
 20
204.9925333192779
 10
254.4168592316645
 20
205.0330772441293
 10
254.4188528865882
 20
205.0737119507807
 10
254.4206430440875
 20
205.1144360965257
 10
254.4222299129816
 20
205.1552483360771
 10
254.4236137165598
 20
205.1961473217094
 10
254.4247946925455
 20
205.2371317034009
 10
254.4257730930467
 20
205.2782001289747
 10
254.4265491845078
 20
205.3193512442376
 10
254.4271232476548
 20
205.3605836931194
 10
254.4274955774414
 20
205.4018961178134
 10
254.4276664829947
 20
205.4432871589134
 10
254.4276362875628
 20
205.4847554555539
 10
254.4274053284592
 20
205.5262996455491
 10
254.4269739570092
 20
205.5679183655322
 10
254.4263425384972
 20
205.6096102510942
 10
254.4255114521123
 20
205.651373936923
 10
254.4244810908932
 20
205.6932080569425
 10
254.4232518616777
 20
205.7351112444517
 10
254.4218241850437
 20
205.7770821322638
 10
254.4201984952598
 20
205.8191193528464
 10
254.4183752402299
 20
205.861221538458
 10
254.4163548814383
 20
205.90338732129
 10
254.414137893899
 20
205.9456153336037
 10
254.4117247660962
 20
205.9879042078701
 10
254.4091159999369
 20
206.0302525769104
 10
254.4063121106932
 20
206.072659074032
 10
254.4033136269486
 20
206.1151223331705
 10
254.4001210905447
 20
206.1576409890272
 10
254.3967350565289
 20
206.2002136772098
 10
254.393156093098
 20
206.2428390343683
 10
254.3893847815454
 20
206.2855156983386
 10
254.3854217162069
 20
206.3282423082773
 10
254.3812675044089
 20
206.3710175048037
 10
254.3769227664108
 20
206.4138399301378
 10
254.3723881353544
 20
206.4567082282392
 10
254.3627517907157
 20
206.5425770281179
 10
254.3523637912012
 20
206.6286130962023
 10
254.341229660172
 20
206.7148056609964
 10
254.3293551219166
 20
206.8011439921966
 10
254.3167460999292
 20
206.8876174051432
 10
254.303408715219
 20
206.9742152653298
 10
254.2893492848256
 20
207.0609269932447
 10
254.274574320499
 20
207.1477420694917
 10
254.2590905274011
 20
207.2346500399478
 10
254.2429048028111
 20
207.321640520916
 10
254.226024234826
 20
207.4087032042809
 10
254.2084561010608
 20
207.495827862664
 10
254.1902078673544
 20
207.5830043545788
 10
254.1712871864697
 20
207.6702226295842
 10
254.1517018967944
 20
207.7574727334421
 10
254.1314600210465
 20
207.8447448132699
 10
254.1105697649747
 20
207.9320291226965
 10
254.089039516059
 20
208.0193160270179
 10
254.0668778422164
 20
208.106596008351
 10
254.0440934905003
 20
208.1938596707892
 10
254.0206953858033
 20
208.2810977455571
 10
253.9966926295606
 20
208.3683010961663
 10
253.9720944984499
 20
208.4554607235683
 10
253.9469104430972
 20
208.5425677713122
 10
253.9211500867478
 20
208.6296135306247
 10
253.8948232234424
 20
208.7165894440234
 10
253.8679398150812
 20
208.8034871057593
 10
253.8405099881357
 20
208.8902982612065
 10
253.8125440303423
 20
208.9770148062165
 10
253.7840523873954
 20
209.0636287864753
 10
253.7550456596471
 20
209.1501323968584
 10
253.7255345987996
 20
209.2365179807899
 10
253.6955301046006
 20
209.3227780295958
 10
253.6650432215408
 20
209.4089051818614
 10
253.6340851355486
 20
209.4948922227884
 10
253.6026671706836
 20
209.5807320835507
 10
253.5708007858342
 20
209.6664178406489
 10
253.5384975714115
 20
209.7519427152697
 10
253.5057692460483
 20
209.8373000726402
 10
253.472627653288
 20
209.9224834213842
 10
253.4390847582866
 20
210.0074864128795
 10
253.4051526445042
 20
210.0923028406133
 10
253.3708435104014
 20
210.1769266395384
 10
253.3361696661361
 20
210.2613518854298
 10
253.3011435302269
 20
210.3455727941389
 10
253.2657776260499
 20
210.4295837202556
 10
253.2300845781858
 20
210.5133791552553
 10
253.1940771087481
 20
210.5969537255886
 10
253.1577680337155
 20
210.6803021907684
 10
253.1211702592572
 20
210.7634194414594
 10
253.084296778068
 20
210.8463004975649
 10
253.0471606656924
 20
210.9289405063162
 10
253.0097750768588
 20
211.0113347403597
 10
252.9721532418054
 20
211.0934785958466
 10
252.9343084626145
 20
211.17536759052
 10
252.896254109536
 20
211.256997361803
 10
252.8580036173236
 20
211.338363664888
 10
252.819570481558
 20
211.4194623708241
 10
252.7809682549819
 20
211.5002894646053
 10
252.7422105438277
 20
211.5808410432593
 10
252.7033110041465
 20
211.6611133139356
 10
252.6642833381365
 20
211.7411025919926
 10
252.6251412904771
 20
211.8208052990877
 10
252.5858986446554
 20
211.9002179612695
 10
252.5465692193185
 20
211.9793372071783
 10
252.5071668646734
 20
212.0581597664811
 10
252.4677054588973
 20
212.1366824683875
 10
252.4281989045507
 20
212.2149022401652
 10
252.388661124994
 20
212.2928161056592
 10
252.3491060607976
 20
212.3704211838082
 10
252.3095476661574
 20
212.4477146871617
 10
252.2699999053078
 20
212.524693920397
 10
252.2304767489339
 20
212.6013562788385
 10
252.1909921705886
 20
212.6776992469723
 10
252.1515601430997
 20
212.7537203969658
 10
252.1121946349906
 20
212.8294173871831
 10
252.0729096068884
 20
212.904787960704
 10
252.0337190079397
 20
212.9798299438398
 10
251.9946367722245
 20
213.0545412446524
 10
251.9556768151669
 20
213.1289198514696
 10
251.9168530299522
 20
213.2029638314037
 10
251.8781792839379
 20
213.2766713288683
 10
251.8396694150678
 20
213.3500405640964
 10
251.8013372282899
 20
213.4230698316445
 10
251.7631964920014
 20
213.49575749883
 10
251.7252609345145
 20
213.5681020041045
 10
251.6875442405271
 20
213.6401018554225
 10
251.6500600475934
 20
213.7117556286072
 10
251.6128219425946
 20
213.7830619657184
 10
251.5758434582074
 20
213.8540195734194
 10
251.5391380693745
 20
213.9246272213451
 10
251.5027191897764
 20
213.9948837404674
 10
251.4666001682999
 20
214.0647880214644
 10
251.4307942855084
 20
214.1343390130865
 10
251.3953147501118
 20
214.2035357205235
 10
251.3601746954378
 20
214.2723772037728
 10
251.3253871759017
 20
214.3408625760051
 10
251.2909651634759
 20
214.4089910019336
 10
251.2569215441591
 20
214.4767616961789
 10
251.2232691144493
 20
214.5441739216382
 10
251.1900205778115
 20
214.6112269878512
 10
251.1571885411497
 20
214.6779202493681
 10
251.1247855112705
 20
214.7442531041168
 10
251.0928238912975
 20
214.8102249917699
 10
251.0613159769428
 20
214.8758353921156
 10
251.0302739527415
 20
214.9410838234265
 10
250.9997098882781
 20
215.0059698408302
 10
250.9696357344212
 20
215.0704930346794
 10
250.9400633195484
 20
215.1346530289222
 10
250.9110043457803
 20
215.1984494794713
 10
250.8824703852061
 20
215.2618820725749
 10
250.8544728761168
 20
215.3249505231861
 10
250.8270231192332
 20
215.3876545733337
 10
250.8001322739375
 20
215.4499939904908
 10
250.7738113544997
 20
215.5119685659469
 10
250.7480712263117
 20
215.5735781131763
 10
250.7229226021135
 20
215.6348224662094
 10
250.6983760382251
 20
215.6957014780008
 10
250.674441930775
 20
215.7562150188016
 10
250.6511305119313
 20
215.8163629745286
 10
250.6284518461315
 20
215.8761452451335
 10
250.6064158263097
 20
215.9355617429743
 10
250.5850321701758
 20
215.9946123911955
 10
250.5643104167632
 20
216.0532971221779
 10
250.5442599232272
 20
216.1116158760501
 10
250.5248898616738
 20
216.1695685992049
 10
250.5154628077934
 20
216.1984076838597
 10
250.5062092159863
 20
216.2271552428189
 10
250.4971301793078
 20
216.2558112704835
 10
250.4882267786531
 20
216.2843757613686
 10
250.4795000826572
 20
216.3128487100568
 10
250.470951147597
 20
216.3412301111513
 10
250.4625810172917
 20
216.3695199592304
 10
250.4543907230022
 20
216.3977182488009
 10
250.4463812833348
 20
216.425824974251
 10
250.4385537041411
 20
216.4538401298058
 10
250.4309089784163
 20
216.4817637094796
 10
250.4234480862044
 20
216.5095957070292
 10
250.4161719944943
 20
216.5373361159093
 10
250.4090816571263
 20
216.5649849292246
 10
250.4021780146873
 20
216.5925421396844
 10
250.3954619944151
 20
216.6200077395559
 10
250.3889345100994
 20
216.6473817206176
 10
250.3825964619798
 20
216.6746640741139
 10
250.3764487366502
 20
216.7018547907076
 10
250.3704922069565
 20
216.7289538604347
 10
250.3647277319011
 20
216.7559612726578
 10
250.3591561565391
 20
216.7828770160193
 10
250.3537783118844
 20
216.8097010783952
 10
250.3485950148057
 20
216.8364334468496
 10
250.3436070679298
 20
216.8630741075867
 10
250.3388152595444
 20
216.889623045907
 10
250.334220363494
 20
216.9160802461584
 10
250.3298231390859
 20
216.9424456916914
 10
250.3256243309874
 20
216.9687193648127
 10
250.3216246691279
 20
216.9949012467383
 10
250.3178248686001
 20
217.0209913175474
 10
250.3142256295464
 20
217.0469895561321
 10
250.3108276370192
 20
217.0728959401401
 10
250.3076315608372
 20
217.0987104459136
 10
250.3046380554336
 20
217.1244330484304
 10
250.3018477597132
 20
217.1500637212429
 10
250.2992612969032
 20
217.1756024364186
 10
250.2968792744065
 20
217.2010491644797
 10
250.2947022836551
 20
217.2264038743425
 10
250.2927308999606
 20
217.2516665332583
 10
250.2909656823697
 20
217.2768371067523
 10
250.2894071735174
 20
217.3019155585646
 10
250.2880558994769
 20
217.3269018505882
 10
250.2869123696147
 20
217.3517959428109
 10
250.2859770764439
 20
217.3765977932541
 10
250.2852504954744
 20
217.4013073579136
 10
250.2847330850684
 20
217.4259245906974
 10
250.2844252862929
 20
217.450449443368
 10
250.2843275227704
 20
217.4748818654809
 10
250.2844402005349
 20
217.4992218043253
 10
250.2847637078828
 20
217.5234692048622
 10
250.2852984152254
 20
217.5476240096675
 10
250.2860446749426
 20
217.5716861588682
 10
250.2870028212365
 20
217.5956555900852
 10
250.2881731699834
 20
217.6195322383712
 10
250.2895560185858
 20
217.6433160361522
 10
250.2911516458266
 20
217.6670069131656
 10
250.2929603117217
 20
217.6906047964019
 10
250.2949822573721
 20
217.7141096100435
 10
250.2972177048178
 20
217.7375212754044
 10
250.2996668568905
 20
217.7608397108709
 10
250.3023298970645
 20
217.7840648318411
 10
250.3052069893139
 20
217.8071965506641
 10
250.3082982779601
 20
217.8302347765815
 10
250.3116038875286
 20
217.8531794156655
 10
250.3151239226009
 20
217.8760303707598
 10
250.3188584676657
 20
217.8987875414192
 10
250.3228075869744
 20
217.9214508238501
 10
250.3269713243916
 20
217.9440201108486
 10
250.3313497032533
 20
217.9664952917436
 10
250.3359427262823
 20
217.9888762523546
 10
250.3407503756349
 20
218.0111628749879
 10
250.3457726129842
 20
218.0333550384482
 10
250.3510093796103
 20
218.0554526180444
 10
250.3564605964849
 20
218.0774554856022
 10
250.3621261643594
 20
218.0993635094719
 10
250.3680059638523
 20
218.1211765545381
 10
250.3740998555332
 20
218.142894482229
 10
250.380407680015
 20
218.164517150526
 10
250.3869292580352
 20
218.1860444139728
 10
250.3936643905471
 20
218.2074761236853
 10
250.4006128588051
 20
218.2288121273607
 10
250.4077744244521
 20
218.2500522692865
 10
250.4151488296053
 20
218.2711963903505
 10
250.4227357969447
 20
218.2922443280503
 10
250.4305350297988
 20
218.3131959165019
 10
250.4385462122342
 20
218.3340509864494
 10
250.4467690091389
 20
218.3548093652752
 10
250.4552030663111
 20
218.3754708770083
 10
250.4638480105463
 20
218.3960353423344
 10
250.4727034497254
 20
218.416502578605
 10
250.4817689728984
 20
218.4368723998464
 10
250.4910441503742
 20
218.45714461677
 10
250.5005285338072
 20
218.4773190367816
 10
250.5102216562831
 20
218.4973954639894
 10
250.5201230324071
 20
218.5173736992152
 10
250.5302321583899
 20
218.5372535400027
 10
250.540548512136
 20
218.5570347806276
 10
250.5510715533285
 20
218.5767172121058
 10
250.561800723519
 20
218.5963006222045
 10
250.5727354462118
 20
218.6157847954503
 10
250.583875126952
 20
218.6351695131387
 10
250.5952191534138
 20
218.6544545533446
 10
250.6067668954855
 20
218.6736396909297
 10
250.6185177053569
 20
218.6927246975545
 10
250.6304709176074
 20
218.7117093416849
 10
250.6426258492908
 20
218.7305933886038
 10
250.6549818000253
 20
218.7493766004196
 10
250.6675380520797
 20
218.7680587360762
 10
250.6802938704882
 20
218.7866395513697
 10
250.6932485032246
 20
218.8051187989855
 10
250.7064011813898
 20
218.8234962285373
 10
250.7197511194047
 20
218.8417715866073
 10
250.7332975152002
 20
218.8599446167885
 10
250.7470395504091
 20
218.8780150597237
 10
250.7609763905565
 20
218.8959826531466
 10
250.7751071852498
 20
218.913847131923
 10
250.7894310683705
 20
218.9316082280905
 10
250.803947158266
 20
218.9492656709
 10
250.8186545579385
 20
218.9668191868562
 10
250.8335523552384
 20
218.9842684997566
 10
250.8486396230518
 20
219.0016133307346
 10
250.8639154194961
 20
219.018853398299
 10
250.879378788106
 20
219.0359884183737
 10
250.8950287580288
 20
219.0530181043398
 10
250.9108643442109
 20
219.0699421670758
 10
250.9268845475935
 20
219.086760314997
 10
250.9430883552997
 20
219.1034722540987
 10
250.9594747408272
 20
219.1200776879934
 10
250.9760426642387
 20
219.1365763179551
 10
250.9927910723531
 20
219.1529678429571
 10
251.0097188989377
 20
219.1692519597129
 10
251.0268250648952
 20
219.1854283627196
 10
251.0441084784593
 20
219.201496744294
 10
251.0615680353828
 20
219.2174567946175
 10
251.0792026191294
 20
219.2333082017741
 10
251.0970111010632
 20
219.2490506517919
 10
251.1149923406439
 20
219.2646838286831
 10
251.1331451856117
 20
219.2802074144865
 10
251.151468472183
 20
219.2956210893049
 10
251.1699610252388
 20
219.3109245313492
 10
251.188621658517
 20
219.3261174169761
 10
251.2074491748021
 20
219.3411994207312
 10
251.2264423661177
 20
219.356170215387
 10
251.2456000139163
 20
219.3710294719862
 10
251.2649208892692
 20
219.3857768598803
 10
251.2844037530601
 20
219.4004120467711
 10
251.3040473561742
 20
219.4149346987515
 10
251.343811734999
 20
219.4436410545272
 10
251.3842038394828
 20
219.4718932251096
 10
251.425213334147
 20
219.4996884847975
 10
251.4668297394559
 20
219.5270240852901
 10
251.5090424369761
 20
219.5538972566914
 10
251.551840674534
 20
219.5803052085147
 10
251.5952135713766
 20
219.6062451306878
 10
251.6391501233306
 20
219.6317141945558
 10
251.6836392079599
 20
219.6567095538869
 10
251.728669589726
 20
219.6812283458767
 10
251.7742299251481
 20
219.7052676921515
 10
251.8203087679605
 20
219.7288246997742
 10
251.866894574273
 20
219.7518964622473
 10
251.9139757077294
 20
219.7744800605186
 10
251.9615404446667
 20
219.7965725639845
 10
252.0095769792753
 20
219.8181710314957
 10
252.0580734287567
 20
219.8392725123596
 10
252.1070178384829
 20
219.8598740473468
 10
252.1563981871574
 20
219.8799726696949
 10
252.2062023919724
 20
219.8995654061123
 10
252.2564183138062
 20
219.9186492778018
 10
252.3070337624846
 20
219.9372213015173
 10
252.3580365020805
 20
219.9552784906381
 10
252.4094142562107
 20
219.9728178562433
 10
252.4611547133264
 20
219.9898364081834
 10
252.5132455320157
 20
220.0063311561545
 10
252.5656743462961
 20
220.0222991107734
 10
252.6184287709113
 20
220.0377372846485
 10
252.6714964066266
 20
220.0526426934551
 10
252.7248648455283
 20
220.0670123570089
 10
252.7785216763144
 20
220.0808433003388
 10
252.832454489595
 20
220.0941325547602
 10
252.8866508831868
 20
220.1068771589502
 10
252.9410984674093
 20
220.1190741600197
 10
252.9957848703813
 20
220.1307206145862
 10
253.0506977433145
 20
220.1418135898496
 10
253.1058247658152
 20
220.1523501646641
 10
253.1611536511743
 20
220.1623274306122
 10
253.2166721516673
 20
220.171742493078
 10
253.2723680638905
 20
220.1805924723291
 10
253.3282292343753
 20
220.1888745046459
 10
253.3842435654636
 20
220.1965857435026
 10
253.4403990212115
 20
220.2037233607492
 10
253.4966836332959
 20
220.2102845477956
 10
253.5530855069248
 20
220.2162665167981
 10
253.6095928267435
 20
220.2216665018411
 10
253.6661938627393
 20
220.2264817601233
 10
253.7228769761504
 20
220.2307095731403
 10
253.7796306253721
 20
220.2343472478703
 10
253.8364433718655
 20
220.2373921179584
 10
253.8933038860626
 20
220.239841544899
 10
253.9502009532743
 20
220.2416929192225
 10
254.0071234795968
 20
220.2429436616774
 10
254.0640604978201
 20
220.2435912244167
 10
254.1210011733333
 20
220.2436330921799
 10
254.1779348100318
 20
220.2430667834794
 10
254.2348508562259
 20
220.2418898517833
 10
254.2917389105467
 20
220.2400998867004
 10
254.3485887277909
 20
220.2376945151511
 10
254.4053902232795
 20
220.2346714022299
 10
254.4621334736546
 20
220.2310282513266
 10
254.518808716335
 20
220.2267628039687
 10
254.5754063489375
 20
220.2218728396557
 10
254.6319169286881
 20
220.2163561756941
 10
254.6883311718399
 20
220.2102106670297
 10
254.7446399530855
 20
220.203434206083
 10
254.8008343049753
 20
220.1960247225815
 10
254.8569054173313
 20
220.1879801833957
 10
254.9128446366634
 20
220.179298592371
 10
254.9686434655815
 20
220.1699779901631
 10
255.0242935622156
 20
220.1600164540713
 10
255.0797867396281
 20
220.1494120978723
 10
255.1351149652282
 20
220.1381630716543
 10
255.1902703601901
 20
220.1262675616513
 10
255.2452451988661
 20
220.1137237900764
 10
255.3000319082034
 20
220.100530014956
 10
255.3546230671571
 20
220.0866845299644
 10
255.4090114061083
 20
220.0721856642562
 10
255.4631898061934
 20
220.0570317822841
 10
255.5171512980912
 20
220.041221283498
 10
255.5708890602726
 20
220.024752601935
 10
255.6243964171919
 20
220.0076242057906
 10
255.6776668374662
 20
219.9898345969939
 10
255.7306939320634
 20
219.9713823107809
 10
255.7834714524859
 20
219.9522659152676
 10
255.8359932889567
 20
219.9324840110236
 10
255.8882534686015
 20
219.9120352306459
 10
255.9402461536357
 20
219.8909182383322
 10
255.9919656395494
 20
219.869131729454
 10
256.0434063532903
 20
219.846674430131
 10
256.0945628514506
 20
219.8235450968039
 10
256.145429818451
 20
219.7997425158076
 10
256.1960020647236
 20
219.7752655029464
 10
256.2462745249002
 20
219.7501129030652
 10
256.2962422559952
 20
219.7242835896251
 10
256.3459004355906
 20
219.6977764642746
 10
256.3952443600204
 20
219.6705904564254
 10
256.444269442559
 20
219.6427245228261
 10
256.492971211711
 20
219.6141776471565
 10
256.5413453097334
 20
219.5849488396739
 10
256.5893874912551
 20
219.5550371368803
 10
256.6370936218977
 20
219.5244416011858
 10
256.6844596768953
 20
219.4931613205774
 10
256.7314817397157
 20
219.461195408284
 10
256.7781560006813
 20
219.4285430024423
 10
256.8244787555881
 20
219.3952032657636
 10
256.8704464043284
 20
219.3611753852003
 10
256.9160554495113
 20
219.3264585716111
 10
256.93872443058
 20
219.3088415747798
 10
256.9613024950807
 20
219.2910520594277
 10
256.9837892341131
 20
219.2730899334872
 10
257.0061842449393
 20
219.2549551063218
 10
257.028487130939
 20
219.2366474887172
 10
257.0506975015674
 20
219.2181669928697
 10
257.0728149723105
 20
219.199513532375
 10
257.0948391646443
 20
219.1806870222198
 10
257.1167697059886
 20
219.1616873787693
 10
257.138606229667
 20
219.1425145197583
 10
257.1603483748631
 20
219.12316836428
 10
257.1819957865754
 20
219.1036488327755
 10
257.2035481155759
 20
219.0839558470242
 10
257.2250050183665
 20
219.0640893301319
 10
257.2463661571379
 20
219.0440492065223
 10
257.2676311997212
 20
219.0238354019245
 10
257.288799819552
 20
219.0034478433644
 10
257.3098716956214
 20
218.9828864591531
 10
257.3308465124331
 20
218.9621511788765
 10
257.3517239599579
 20
218.9412419333836
 10
257.3725037335831
 20
218.9201586547762
 10
257.3931855340633
 20
218.8989012763953
 10
257.4137690674728
 20
218.877469732811
 10
257.4342540451561
 20
218.85586395981
 10
257.4546401836799
 20
218.8340838943846
 10
257.4749272047828
 20
218.8121294747209
 10
257.4951148353284
 20
218.7900006401856
 10
257.5152028072557
 20
218.767697331318
 10
257.5351908575292
 20
218.7452194898146
 10
257.5550787280922
 20
218.7225670585193
 10
257.5748661658161
 20
218.6997399814121
 10
257.5945529224521
 20
218.6767382035958
 10
257.614138754585
 20
218.653561671286
 10
257.6336234235786
 20
218.6302103317991
 10
257.6530066955342
 20
218.6066841335395
 10
257.6722883412349
 20
218.5829830259905
 10
257.6914681361028
 20
218.5591069596994
 10
257.7105458601449
 20
218.5350558862683
 10
257.729521297908
 20
218.5108297583419
 10
257.7483942384293
 20
218.4864285295954
 10
257.7671644751855
 20
218.4618521547231
 10
257.7858318060479
 20
218.4371005894266
 10
257.804396033228
 20
218.4121737904035
 10
257.8228569632352
 20
218.3870717153363
 10
257.8412144068227
 20
218.3617943228786
 10
257.8594681789418
 20
218.3363415726466
 10
257.8776180986917
 20
218.3107134252047
 10
257.8956639892709
 20
218.2849098420553
 10
257.9136056779296
 20
218.2589307856269
 10
257.9314429959183
 20
218.2327762192624
 10
257.9491757784428
 20
218.2064461072074
 10
257.9668038646111
 20
218.1799404145993
 10
257.9843270973881
 20
218.1532591074533
 10
258.0017453235456
 20
218.1264021526547
 10
258.0190583936126
 20
218.0993695179435
 10
258.0362661618279
 20
218.0721611719045
 10
258.0533684860898
 20
218.0447770839562
 10
258.0703652279106
 20
218.0172172243376
 10
258.0872562523673
 20
217.989481564099
 10
258.1040414280547
 20
217.9615700750888
 10
258.1207206270438
 20
217.9334827299446
 10
258.1372937248308
 20
217.9052195020802
 10
258.1537606002923
 20
217.8767803656763
 10
258.1701211356421
 20
217.8481652956672
 10
258.1863752163798
 20
217.8193742677325
 10
258.2025227312495
 20
217.7904072582835
 10
258.2185635721904
 20
217.7612642444536
 10
258.2344976342918
 20
217.7319452040872
 10
258.2503248157495
 20
217.7024501157278
 10
258.2660450178129
 20
217.6727789586071
 10
258.2816581447464
 20
217.6429317126348
 10
258.2971641037795
 20
217.612908358387
 10
258.3125628050597
 20
217.5827088770944
 10
258.327854161609
 20
217.5523332506327
 10
258.3430380892764
 20
217.5217814615103
 10
258.3581145066907
 20
217.4910534928575
 10
258.3730833352166
 20
217.4601493284162
 10
258.3879444989078
 20
217.4290689525273
 10
258.4026979244593
 20
217.3978123501216
 10
258.4173435411627
 20
217.3663795067068
 10
258.4318812808608
 20
217.3347704083575
 10
258.4463110778988
 20
217.3029850417049
 10
258.460632869082
 20
217.2710233939232
 10
258.4748465936242
 20
217.2388854527211
 10
258.4889521931085
 20
217.2065712063296
 10
258.5029496114348
 20
217.1740806434905
 10
258.5168387947769
 20
217.1414137534465
 10
258.5306196915357
 20
217.1085705259295
 10
258.5442922522934
 20
217.0755509511489
 10
258.5578564297675
 20
217.0423550197821
 10
258.5713121787628
 20
217.0089827229614
 10
258.5846594561273
 20
216.9754340522651
 10
258.5978982207051
 20
216.9417089997046
 10
258.611028433291
 20
216.9078075577142
 10
258.6240500565843
 20
216.8737297191404
 10
258.6369630551401
 20
216.8394754772295
 10
258.6497673953276
 20
216.8050448256181
 10
258.6624630452775
 20
216.7704377583206
 10
258.6750499748388
 20
216.7356542697177
 10
258.6875281555292
 20
216.7006943545467
 10
258.6998975604864
 20
216.6655580078879
 10
258.7121581644231
 20
216.6302452251548
 10
258.7243099435771
 20
216.5947560020817
 10
258.7363528756654
 20
216.5590903347133
 10
258.7482869398348
 20
216.5232482193926
 10
258.760112116616
 20
216.4872296527497
 10
258.7718283878753
 20
216.4510346316904
 10
258.7834357367656
 20
216.4146631533852
 10
258.7949341476819
 20
216.3781152152572
 10
258.8063236062106
 20
216.341390814971
 10
258.8176040990837
 20
216.304489950422
 10
258.8287756141296
 20
216.2674126197239
 10
258.8398381402281
 20
216.2301588211983
 10
258.8507916672605
 20
216.1927285533628
 10
258.8616361860625
 20
216.1551218149191
 10
258.8723716883762
 20
216.1173386047428
 10
258.8829981668035
 20
216.0793789218721
 10
258.8935156147584
 20
216.0412427654939
 10
258.903924026419
 20
216.002930134936
 10
258.9142233966786
 20
215.9644410296534
 10
258.9244137211004
 20
215.9257754492176
 10
258.9344949958696
 20
215.8869333933046
 10
258.9444672177423
 20
215.8479148616847
 10
258.954330384003
 20
215.8087198542103
 10
258.964084492414
 20
215.7693483708051
 10
258.9737295411676
 20
215.7298004114513
 10
258.9832655288399
 20
215.6900759761799
 10
258.9926924543426
 20
215.650175065059
 10
259.0020103168742
 20
215.6100976781812
 10
259.0112191158739
 20
215.569843815654
 10
259.0203188509752
 20
215.5294134775866
 10
259.0293095219536
 20
215.4888066640802
 10
259.0381911286839
 20
215.4480233752154
 10
259.0469636710904
 20
215.4070636110416
  0
LINE
  5
BF
330
70
100
AcDbEntity
  8
0
 62
    18
420
        0
370
    25
100
AcDbLine
 10
259.0469636710904
 20
215.4070636110416
 30
0.0
 11
261.3962001331028
 21
190.2153456111324
 31
0.0
  0
LWPOLYLINE
  5
C0
330
70
100
AcDbEntity
  8
0
 62
    18
420
        0
370
    25
100
AcDbPolyline
 90
       78
 70
     0
 43
0.0
 10
261.3962001331028
 20
190.2153456111324
 10
261.4448232710508
 20
190.1029532642101
 10
261.4932438047881
 20
189.9915560450198
 10
261.5414614794182
 20
189.881155205534
 10
261.5894758670384
 20
189.7717528474713
 10
261.6372863655481
 20
189.6633519281583
 10
261.6848921974566
 20
189.5559562663859
 10
261.7322924086882
 20
189.449570548271
 10
261.7794858673904
 20
189.3442003331137
 10
261.826471262875
 20
189.2398520586002
 10
261.8732471060805
 20
189.1365330385286
 10
261.9198117322339
 20
189.0342514497352
 10
261.9661633039882
 20
188.9330163166848
 10
262.0122998145685
 20
188.8328374960257
 10
262.0582190909116
 20
188.7337256611484
 10
262.1039187968158
 20
188.6356922867418
 10
262.1493964360829
 20
188.5387496333356
 10
262.1946493561105
 20
188.4429107296732
 10
262.2396747539901
 20
188.3481893427569
 10
262.2844696846952
 20
188.2545999376214
 10
262.3290310695059
 20
188.1621576359598
 10
262.373355704435
 20
188.0708781747485
 10
262.4174402686481
 20
187.98077786487
 10
262.4612813328903
 20
187.8918735497368
 10
262.50487536794
 20
187.8041825637712
 10
262.5482187541225
 20
187.7177226856655
 10
262.5913077941008
 20
187.6325120755705
 10
262.6341387272232
 20
187.5485692046121
 10
262.6767077439555
 20
187.4659127840184
 10
262.7190110003088
 20
187.3845616942421
 10
262.761044632271
 20
187.3045349140872
 10
262.8028047702371
 20
187.2258514498314
 10
262.8442875536066
 20
187.1485302635162
 10
262.8854891478901
 20
187.0725901889417
 10
262.9264057661617
 20
186.9980498262867
 10
262.967033691673
 20
186.9249274310448
 10
263.0073693004857
 20
186.8532408028491
 10
263.0474090841078
 20
186.7830071742986
 10
263.08714967213
 20
186.7142430997832
 10
263.1265878548583
 20
186.6469643442981
 10
263.1657206064693
 20
186.5811857697301
 10
263.2045451118148
 20
186.5169212031957
 10
263.2430587968818
 20
186.4541832874326
 10
263.2812593597658
 20
186.3929833286609
 10
263.3191448016518
 20
186.3333311444339
 10
263.3567134577859
 20
186.27523491149
 10
263.3939640284559
 20
186.2187010136043
 10
263.4308956097865
 20
186.1637338903284
 10
263.4675077151818
 20
186.1103359316666
 10
263.5038002616084
 20
186.0585075454474
 10
263.5397735356576
 20
186.008247324032
 10
263.5754281582251
 20
185.9595522177727
 10
263.6107650492
 20
185.9124177084695
 10
263.645785392146
 20
185.8668379828275
 10
263.6804905989892
 20
185.8228061059159
 10
263.7148822748472
 20
185.7803141939033
 10
263.7489621857028
 20
185.739353572845
 10
263.7827322320316
 20
185.6999149082004
 10
263.8161944243693
 20
185.6619883248604
 10
263.8493508589251
 20
185.6255635269055
 10
263.8822036932023
 20
185.5906299173678
 10
263.9147551216121
 20
185.557176717992
 10
263.9470073510933
 20
185.525193088991
 10
263.9789625770667
 20
185.4946682471564
 10
264.0106229623872
 20
185.4655915692284
 10
264.041990619902
 20
185.4379526775685
 10
264.0730675956436
 20
185.4117415227211
 10
264.1038558520194
 20
185.3869484659544
 10
264.1343572510127
 20
185.3635643617986
 10
264.1645735373752
 20
185.3415806405862
 10
264.1945063218323
 20
185.3209893909437
 10
264.2241570650387
 20
185.3017834385989
 10
264.2535270649923
 20
185.2839564082
 10
264.2826174468419
 20
185.2675027733655
 10
264.3114291529114
 20
185.2524179057028
 10
264.3399629327178
 20
185.2386981238257
 10
264.3682193329891
 20
185.2263407423708
 10
264.3961986876899
 20
185.2153441210159
  0
LWPOLYLINE
  5
C1
330
70
100
AcDbEntity
  8
0
 62
    18
420
        0
370
    25
100
AcDbPolyline
 90
       78
 70
     0
 43
0.0
 10
264.3961986876899
 20
185.2153471012485
 10
264.3682193329891
 20
185.2043504798936
 10
264.3399629327178
 20
185.1919930984388
 10
264.3114291529114
 20
185.1782733165616
 10
264.2826174468419
 20
185.163188448899
 10
264.2535270649923
 20
185.1467348140642
 10
264.2241570650393
 20
185.1289077836652
 10
264.1945063218323
 20
185.1097018313204
 10
264.1645735373752
 20
185.089110581678
 10
264.1343572510127
 20
185.0671268604658
 10
264.1038558520194
 20
185.0437427563101
 10
264.0730675956436
 20
185.0189496995433
 10
264.0419906199027
 20
184.9927385446959
 10
264.0106229623872
 20
184.9650996530357
 10
263.9789625770667
 20
184.9360229751081
 10
263.9470073510933
 20
184.9054981332734
 10
263.9147551216121
 20
184.8735145042724
 10
263.8822036932023
 20
184.8400613048967
 10
263.8493508589251
 20
184.8051276953589
 10
263.8161944243693
 20
184.7687028974041
 10
263.7827322320316
 20
184.7307763140641
 10
263.7489621857028
 20
184.6913376494198
 10
263.7148822748472
 20
184.6503770283612
 10
263.6804905989892
 20
184.6078851163489
 10
263.645785392146
 20
184.5638532394372
 10
263.6107650492
 20
184.5182735137953
 10
263.5754281582251
 20
184.4711390044917
 10
263.5397735356576
 20
184.4224438982324
 10
263.5038002616091
 20
184.3721836768174
 10
263.4675077151818
 20
184.3203552905979
 10
263.4308956097865
 20
184.2669573319361
 10
263.3939640284559
 20
184.2119902086601
 10
263.3567134577859
 20
184.1554563107745
 10
263.3191448016518
 20
184.0973600778306
 10
263.2812593597658
 20
184.0377078936033
 10
263.2430587968818
 20
183.9765079348315
 10
263.2045451118148
 20
183.9137700190685
 10
263.1657206064693
 20
183.8495054525341
 10
263.1265878548583
 20
183.783726877966
 10
263.08714967213
 20
183.7164481224806
 10
263.0474090841078
 20
183.6476840479653
 10
263.0073693004857
 20
183.5774504194147
 10
262.967033691673
 20
183.505763791219
 10
262.9264057661617
 20
183.4326413959768
 10
262.8854891478901
 20
183.3581010333218
 10
262.8442875536066
 20
183.2821609587472
 10
262.8028047702371
 20
183.2048397724321
 10
262.761044632271
 20
183.1261563081763
 10
262.7190110003088
 20
183.0461295280214
 10
262.6767077439555
 20
182.9647784382451
 10
262.6341387272232
 20
182.8821220176514
 10
262.5913077941008
 20
182.7981791466931
 10
262.5482187541225
 20
182.712968536598
 10
262.50487536794
 20
182.6265086584927
 10
262.4612813328903
 20
182.5388176725267
 10
262.4174402686481
 20
182.4499133573938
 10
262.373355704435
 20
182.3598130475153
 10
262.3290310695059
 20
182.2685335863041
 10
262.2844696846952
 20
182.1760912846427
 10
262.2396747539901
 20
182.0825018795072
 10
262.1946493561105
 20
181.9877804925909
 10
262.1493964360829
 20
181.8919415889289
 10
262.1039187968158
 20
181.7949989355226
 10
262.0582190909116
 20
181.696965561116
 10
262.0122998145685
 20
181.5978537262387
 10
261.9661633039882
 20
181.4976749055797
 10
261.9198117322339
 20
181.3964397725293
 10
261.8732471060805
 20
181.2941581837362
 10
261.826471262875
 20
181.1908391636643
 10
261.7794858673904
 20
181.0864908891511
 10
261.7322924086882
 20
180.9811206739938
 10
261.6848921974566
 20
180.8747349558785
 10
261.6372863655481
 20
180.7673392941062
 10
261.5894758670384
 20
180.6589383747931
 10
261.5414614794182
 20
180.5495360167308
 10
261.4932438047881
 20
180.4391351772446
 10
261.4448232710508
 20
180.3277379580547
 10
261.3962001331028
 20
180.2153456111321
  0
LINE
  5
C2
330
70
100
AcDbEntity
  8
0
 62
    18
420
        0
370
    25
100
AcDbLine
 10
261.3962001331028
 20
180.2153456111321
 30
0.0
 11
259.0469636710904
 21
155.0236276112229
 31
0.0
  0
LWPOLYLINE
  5
C3
330
70
100
AcDbEntity
  8
0
 62
    18
420
        0
370
    25
100
AcDbPolyline
 90
     2878
 70
     0
 43
0.0
 10
259.0469636710904
 20
155.0236276112229
 10
259.0381911286839
 20
154.9826678470491
 10
259.0293095219536
 20
154.9418845581842
 10
259.0203188509746
 20
154.9012777446779
 10
259.0112191158739
 20
154.8608474066105
 10
259.0020103168742
 20
154.820593544083
 10
258.9926924543426
 20
154.7805161572052
 10
258.9832655288399
 20
154.740615246084
 10
258.9737295411676
 20
154.7008908108128
 10
258.964084492414
 20
154.6613428514588
 10
258.954330384003
 20
154.6219713680532
 10
258.9444672177423
 20
154.5827763605788
 10
258.9344949958696
 20
154.5437578289586
 10
258.9244137211004
 20
154.5049157730456
 10
258.9142233966786
 20
154.4662501926092
 10
258.903924026419
 20
154.4277610873265
 10
258.8935156147584
 20
154.3894484567683
 10
258.8829981668035
 20
154.3513123003901
 10
258.8723716883762
 20
154.3133526175187
 10
258.8616361860625
 20
154.2755694073422
 10
258.8507916672605
 20
154.2379626688981
 10
258.8398381402281
 20
154.2005324010624
 10
258.8287756141296
 20
154.1632786025365
 10
258.8176040990837
 20
154.126201271838
 10
258.8063236062106
 20
154.0893004072887
 10
258.7949341476819
 20
154.0525760070022
 10
258.7834357367656
 20
154.0160280688735
 10
258.7718283878753
 20
153.9796565905677
 10
258.760112116616
 20
153.9434615695081
 10
258.7482869398348
 20
153.9074430028648
 10
258.7363528756654
 20
153.8716008875435
 10
258.7243099435771
 20
153.8359352201747
 10
258.7121581644231
 20
153.800445997101
 10
258.6998975604864
 20
153.7651332143673
 10
258.6875281555292
 20
153.7299968677082
 10
258.6750499748388
 20
153.6950369525365
 10
258.6624630452775
 20
153.6602534639333
 10
258.6497673953276
 20
153.6256463966348
 10
258.6369630551401
 20
153.5912157450228
 10
258.6240500565843
 20
153.5569615031116
 10
258.6110284332917
 20
153.5228836645371
 10
258.5978982207051
 20
153.4889822225461
 10
258.5846594561273
 20
153.4552571699849
 10
258.5713121787628
 20
153.421708499288
 10
258.5578564297675
 20
153.3883362024667
 10
258.5442922522934
 20
153.3551402710992
 10
258.5306196915357
 20
153.322120696318
 10
258.5168387947769
 20
153.2892774688004
 10
258.5029496114348
 20
153.2566105787557
 10
258.4889521931085
 20
153.224120015916
 10
258.4748465936242
 20
153.1918057695235
 10
258.460632869082
 20
153.1596678283207
 10
258.4463110778988
 20
153.1277061805385
 10
258.4318812808608
 20
153.0959208138848
 10
258.4173435411627
 20
153.0643117155349
 10
258.4026979244593
 20
153.0328788721195
 10
258.3879444989078
 20
153.0016222697128
 10
258.3730833352166
 20
152.9705418938233
 10
258.3581145066907
 20
152.939637729381
 10
258.3430380892764
 20
152.9089097607275
 10
258.327854161609
 20
152.8783579716045
 10
258.3125628050597
 20
152.8479823451418
 10
258.2971641037795
 20
152.8177828638486
 10
258.2816581447464
 20
152.7877595095999
 10
258.2660450178129
 20
152.7579122636269
 10
258.2503248157495
 20
152.7282411065056
 10
258.2344976342918
 20
152.6987460181449
 10
258.2185635721904
 20
152.6694269777778
 10
258.2025227312495
 20
152.6402839639473
 10
258.1863752163798
 20
152.6113169544973
 10
258.1701211356421
 20
152.5825259265617
 10
258.153760600293
 20
152.553910856552
 10
258.1372937248308
 20
152.525471720147
 10
258.1207206270438
 20
152.497208492282
 10
258.1040414280547
 20
152.4691211471369
 10
258.0872562523673
 20
152.441209658126
 10
258.0703652279106
 20
152.4134739978865
 10
258.0533684860898
 20
152.3859141382672
 10
258.0362661618279
 20
152.3585300503179
 10
258.0190583936126
 20
152.331321704278
 10
258.0017453235456
 20
152.3042890695658
 10
257.9843270973881
 20
152.2774321147666
 10
257.9668038646111
 20
152.25075080762
 10
257.9491757784428
 20
152.2242451150106
 10
257.9314429959183
 20
152.1979150029549
 10
257.9136056779296
 20
152.1717604365898
 10
257.8956639892709
 20
152.1457813801604
 10
257.8776180986917
 20
152.1199777970104
 10
257.8594681789418
 20
152.0943496495676
 10
257.8412144068227
 20
152.0688968993345
 10
257.8228569632352
 20
152.0436195068762
 10
257.804396033228
 20
152.018517431808
 10
257.7858318060479
 20
151.9935906327843
 10
257.7671644751855
 20
151.9688390674869
 10
257.7483942384293
 20
151.9442626926136
 10
257.729521297908
 20
151.9198614638664
 10
257.7105458601449
 20
151.8956353359394
 10
257.6914681361028
 20
151.8715842625077
 10
257.6722883412349
 20
151.8477081962159
 10
257.6530066955342
 20
151.824007088666
 10
257.6336234235786
 20
151.8004808904058
 10
257.6141387545844
 20
151.7771295509182
 10
257.5945529224521
 20
151.7539530186077
 10
257.5748661658161
 20
151.7309512407905
 10
257.5550787280922
 20
151.7081241636823
 10
257.5351908575292
 20
151.6854717323863
 10
257.5152028072557
 20
151.6629938908823
 10
257.4951148353284
 20
151.6406905820141
 10
257.4749272047828
 20
151.6185617474785
 10
257.4546401836792
 20
151.5966073278138
 10
257.4342540451561
 20
151.5748272623878
 10
257.4137690674728
 20
151.5532214893861
 10
257.3931855340633
 20
151.5317899458011
 10
257.3725037335831
 20
151.5105325674196
 10
257.3517239599579
 20
151.4894492888116
 10
257.3308465124331
 20
151.4685400433184
 10
257.3098716956214
 20
151.4478047630412
 10
257.288799819552
 20
151.4272433788292
 10
257.2676311997212
 20
151.4068558202684
 10
257.2463661571379
 20
151.3866420156703
 10
257.2250050183671
 20
151.36660189206
 10
257.2035481155759
 20
151.3467353751675
 10
257.1819957865754
 20
151.3270423894155
 10
257.1603483748631
 20
151.3075228579107
 10
257.138606229667
 20
151.2881767024317
 10
257.1167697059886
 20
151.2690038434202
 10
257.0948391646443
 20
151.2500041999693
 10
257.0728149723105
 20
151.2311776898137
 10
257.0506975015674
 20
151.2125242293187
 10
257.028487130939
 20
151.1940437334706
 10
257.0061842449393
 20
151.1757361158656
 10
256.9837892341131
 20
151.1576012887003
 10
256.9613024950807
 20
151.1396391627592
 10
256.93872443058
 20
151.1218496474067
 10
256.9160554495113
 20
151.1042326505752
 10
256.8704464043284
 20
151.0695158369856
 10
256.8244787555881
 20
151.0354879564216
 10
256.7781560006813
 20
151.0021482197426
 10
256.7314817397157
 20
150.9694958139006
 10
256.6844596768953
 20
150.9375299016069
 10
256.6370936218977
 20
150.9062496209985
 10
256.5893874912551
 20
150.875654085304
 10
256.5413453097334
 20
150.8457423825103
 10
256.492971211711
 20
150.8165135750282
 10
256.444269442559
 20
150.7879666993585
 10
256.3952443600204
 20
150.7601007657596
 10
256.3459004355906
 20
150.732914757911
 10
256.2962422559952
 20
150.7064076325612
 10
256.2462745249002
 20
150.6805783191213
 10
256.1960020647236
 20
150.6554257192411
 10
256.145429818451
 20
150.6309487063805
 10
256.0945628514506
 20
150.6071461253855
 10
256.0434063532903
 20
150.5840167920591
 10
255.9919656395494
 20
150.5615594927374
 10
255.9402461536357
 20
150.5397729838604
 10
255.8882534686015
 20
150.518655991548
 10
255.8359932889567
 20
150.4982072111719
 10
255.7834714524859
 20
150.4784253069295
 10
255.7306939320634
 20
150.4593089114178
 10
255.6776668374662
 20
150.4408566252068
 10
255.6243964171919
 20
150.4230670164117
 10
255.5708890602726
 20
150.4059386202692
 10
255.5171512980912
 20
150.3894699387081
 10
255.4631898061934
 20
150.3736594399246
 10
255.4090114061083
 20
150.3585055579547
 10
255.3546230671571
 20
150.344006692249
 10
255.3000319082034
 20
150.3301612072598
 10
255.2452451988661
 20
150.3169674321422
 10
255.1902703601901
 20
150.3044236605699
 10
255.1351149652282
 20
150.2925281505698
 10
255.0797867396281
 20
150.2812791243547
 10
255.0242935622162
 20
150.2706747681585
 10
254.9686434655815
 20
150.2607132320699
 10
254.9128446366634
 20
150.2513926298652
 10
254.8569054173313
 20
150.2427110388437
 10
254.8008343049753
 20
150.2346664996615
 10
254.7446399530855
 20
150.2272570161635
 10
254.6883311718399
 20
150.2204805552204
 10
254.6319169286881
 20
150.2143350465595
 10
254.5754063489375
 20
150.2088183826017
 10
254.518808716335
 20
150.2039284182926
 10
254.4621334736546
 20
150.1996629709385
 10
254.4053902232795
 20
150.1960198200391
 10
254.3485887277909
 20
150.192996707122
 10
254.2917389105467
 20
150.1905913355766
 10
254.2348508562259
 20
150.1888013704982
 10
254.1779348100318
 20
150.1876244388063
 10
254.1210011733333
 20
150.1870581301099
 10
254.0640604978201
 20
150.1870999978777
 10
254.0071234795968
 20
150.1877475606211
 10
253.9502009532743
 20
150.1889983030805
 10
253.8933038860626
 20
150.1908496774085
 10
253.8364433718655
 20
150.1932991043535
 10
253.7796306253721
 20
150.1963439744462
 10
253.7228769761504
 20
150.1999816491809
 10
253.6661938627393
 20
150.2042094622025
 10
253.6095928267435
 20
150.2090247204892
 10
253.5530855069248
 20
150.2144247055367
 10
253.4966836332959
 20
150.2204066745439
 10
253.4403990212108
 20
150.2269678615952
 10
253.3842435654636
 20
150.234105478846
 10
253.3282292343753
 20
150.2418167177074
 10
253.2723680638898
 20
150.2500987500288
 10
253.2166721516673
 20
150.2589487292843
 10
253.1611536511743
 20
150.2683637917546
 10
253.1058247658152
 20
150.2783410577072
 10
253.0506977433145
 20
150.2888776325262
 10
252.9957848703807
 20
150.2999706077941
 10
252.9410984674093
 20
150.3116170623648
 10
252.8866508831868
 20
150.3238140634384
 10
252.832454489595
 20
150.3365586676326
 10
252.7785216763144
 20
150.3498479220582
 10
252.7248648455283
 20
150.3636788653923
 10
252.6714964066266
 20
150.3780485289499
 10
252.6184287709106
 20
150.3929539377604
 10
252.5656743462961
 20
150.4083921116393
 10
252.5132455320157
 20
150.4243600662617
 10
252.4611547133264
 20
150.4408548142365
 10
252.4094142562101
 20
150.45787336618
 10
252.3580365020805
 20
150.4754127317884
 10
252.3070337624839
 20
150.4934699209128
 10
252.2564183138055
 20
150.5120419446314
 10
252.2062023919724
 20
150.5311258163235
 10
252.1563981871568
 20
150.5507185527438
 10
252.1070178384829
 20
150.5708171750945
 10
252.0580734287567
 20
150.5914187100843
 10
252.0095769792753
 20
150.6125201909504
 10
251.9615404446667
 20
150.6341186584636
 10
251.9139757077294
 20
150.6562111619317
 10
251.866894574273
 20
150.6787947602046
 10
251.8203087679605
 20
150.7018665226793
 10
251.7742299251481
 20
150.7254235303035
 10
251.7286695897254
 20
150.7494628765794
 10
251.6836392079593
 20
150.7739816685704
 10
251.6391501233306
 20
150.7989770279022
 10
251.5952135713766
 20
150.8244460917708
 10
251.551840674534
 20
150.8503860139442
 10
251.5090424369761
 20
150.8767939657679
 10
251.4668297394559
 20
150.9036671371688
 10
251.4252133341464
 20
150.9310027376611
 10
251.3842038394828
 20
150.9587979973487
 10
251.343811734999
 20
150.9870501679304
 10
251.3040473561742
 20
151.0157565237048
 10
251.2844037530601
 20
151.0302791756843
 10
251.2649208892692
 20
151.0449143625748
 10
251.2456000139163
 20
151.0596617504682
 10
251.2264423661177
 20
151.0745210070665
 10
251.2074491748021
 20
151.0894918017217
 10
251.1886216585163
 20
151.1045738054754
 10
251.1699610252382
 20
151.1197666911017
 10
251.1514684721824
 20
151.1350701331448
 10
251.1331451856117
 20
151.1504838079621
 10
251.1149923406439
 20
151.166007393764
 10
251.0970111010632
 20
151.1816405706542
 10
251.0792026191287
 20
151.1973830206707
 10
251.0615680353828
 20
151.2132344278257
 10
251.0441084784593
 20
151.2291944781479
 10
251.0268250648952
 20
151.245262859721
 10
251.0097188989377
 20
151.2614392627258
 10
250.9927910723531
 20
151.2777233794801
 10
250.9760426642387
 20
151.2941149044801
 10
250.9594747408266
 20
151.3106135344398
 10
250.9430883552997
 20
151.327218968333
 10
250.9268845475935
 20
151.3439309074327
 10
250.9108643442109
 20
151.360749055352
 10
250.8950287580282
 20
151.3776731180858
 10
250.879378788106
 20
151.3947028040499
 10
250.8639154194961
 20
151.4118378241224
 10
250.8486396230518
 20
151.4290778916842
 10
250.8335523552378
 20
151.44642272266
 10
250.8186545579385
 20
151.4638720355582
 10
250.8039471582654
 20
151.4814255515114
 10
250.7894310683705
 20
151.4990829943186
 10
250.7751071852498
 20
151.5168440904833
 10
250.7609763905565
 20
151.5347085692571
 10
250.7470395504091
 20
151.5526761626771
 10
250.7332975152002
 20
151.5707466056095
 10
250.7197511194047
 20
151.5889196357874
 10
250.7064011813898
 20
151.6071949938546
 10
250.6932485032246
 20
151.6255724234034
 10
250.6802938704882
 20
151.6440516710161
 10
250.6675380520797
 20
151.6626324863064
 10
250.6549818000253
 20
151.6813146219594
 10
250.6426258492908
 20
151.700097833772
 10
250.6304709176067
 20
151.7189818806874
 10
250.6185177053569
 20
151.7379665248143
 10
250.6067668954855
 20
151.7570515314356
 10
250.5952191534138
 20
151.7762366690172
 10
250.583875126952
 20
151.7955217092189
 10
250.5727354462118
 20
151.8149064269038
 10
250.561800723519
 20
151.8343906001454
 10
250.5510715533285
 20
151.8539740102401
 10
250.540548512136
 20
151.8736564417145
 10
250.5302321583899
 20
151.8934376823352
 10
250.5201230324071
 20
151.9133175231185
 10
250.5102216562831
 20
151.9332957583402
 10
250.5005285338072
 20
151.9533721855435
 10
250.4910441503742
 20
151.9735466055506
 10
250.4817689728984
 20
151.99381882247
 10
250.4727034497254
 20
152.0141886437069
 10
250.4638480105463
 20
152.0346558799728
 10
250.4552030663111
 20
152.055220345294
 10
250.4467690091389
 20
152.0758818570227
 10
250.4385462122342
 20
152.0966402358436
 10
250.4305350297988
 20
152.1174953057863
 10
250.4227357969447
 20
152.1384468942328
 10
250.4151488296053
 20
152.1594948319275
 10
250.4077744244521
 20
152.1806389529864
 10
250.4006128588051
 20
152.2018790949073
 10
250.3936643905471
 20
152.2232150985773
 10
250.3869292580352
 20
152.2446468082847
 10
250.380407680015
 20
152.266174071726
 10
250.3740998555332
 20
152.2877967400175
 10
250.3680059638523
 20
152.3095146677029
 10
250.3621261643594
 20
152.3313277127634
 10
250.3564605964849
 20
152.3532357366276
 10
250.3510093796103
 20
152.3752386041799
 10
250.3457726129842
 20
152.3973361837704
 10
250.3407503756349
 20
152.4195283472246
 10
250.3359427262823
 20
152.4418149698525
 10
250.3313497032533
 20
152.4641959304574
 10
250.3269713243916
 20
152.4866711113463
 10
250.3228075869744
 20
152.5092403983391
 10
250.3188584676657
 20
152.5319036807635
 10
250.3151239226009
 20
152.5546608514171
 10
250.3116038875286
 20
152.577511806505
 10
250.3082982779601
 20
152.6004564455826
 10
250.3052069893139
 20
152.6234946714939
 10
250.3023298970645
 20
152.6466263903105
 10
250.2996668568905
 20
152.6698515112743
 10
250.2972177048178
 20
152.693169946734
 10
250.2949822573721
 20
152.7165816120884
 10
250.2929603117217
 20
152.7400864257233
 10
250.2911516458266
 20
152.7636843089533
 10
250.2895560185858
 20
152.7873751859599
 10
250.2881731699834
 20
152.8111589837342
 10
250.2870028212371
 20
152.8350356320134
 10
250.2860446749426
 20
152.8590050632236
 10
250.2852984152254
 20
152.8830672124176
 10
250.2847637078828
 20
152.9072220172158
 10
250.2844402005355
 20
152.9314694177461
 10
250.2843275227704
 20
152.9558093565834
 10
250.2844252862929
 20
152.9802417786892
 10
250.2847330850684
 20
153.0047666313528
 10
250.2852504954744
 20
153.0293838641295
 10
250.2859770764439
 20
153.0540934287816
 10
250.2869123696154
 20
153.0788952792178
 10
250.2880558994769
 20
153.1037893714334
 10
250.2894071735174
 20
153.12877566345
 10
250.2909656823697
 20
153.1538541152545
 10
250.2927308999606
 20
153.1790246887415
 10
250.2947022836551
 20
153.2042873476499
 10
250.2968792744071
 20
153.2296420575053
 10
250.2992612969032
 20
153.2550887855591
 10
250.3018477597132
 20
153.2806275007274
 10
250.3046380554336
 20
153.3062581735326
 10
250.3076315608372
 20
153.3319807760419
 10
250.3108276370198
 20
153.3577952818077
 10
250.3142256295464
 20
153.3837016658083
 10
250.3178248686007
 20
153.4096999043853
 10
250.3216246691285
 20
153.4357899751871
 10
250.3256243309874
 20
153.4619718571049
 10
250.3298231390866
 20
153.4882455302186
 10
250.3342203634947
 20
153.5146109757442
 10
250.3388152595444
 20
153.5410681759879
 10
250.3436070679304
 20
153.5676171143004
 10
250.3485950148057
 20
153.5942577750299
 10
250.3537783118844
 20
153.6209901434765
 10
250.3591561565397
 20
153.6478142058447
 10
250.3647277319011
 20
153.6747299491985
 10
250.3704922069572
 20
153.701737361414
 10
250.3764487366502
 20
153.7288364311336
 10
250.3825964619798
 20
153.7560271477198
 10
250.3889345100994
 20
153.7833095012083
 10
250.3954619944157
 20
153.8106834822623
 10
250.4021780146873
 20
153.8381490821261
 10
250.4090816571263
 20
153.8657062925782
 10
250.416171994495
 20
153.8933551058858
 10
250.4234480862044
 20
153.9210955147582
 10
250.430908978417
 20
153.9489275123004
 10
250.4385537041411
 20
153.9768510919662
 10
250.4463812833355
 20
154.0048662475136
 10
250.4543907230022
 20
154.032972972956
 10
250.4625810172917
 20
154.0611712625188
 10
250.470951147597
 20
154.0894611105902
 10
250.4795000826572
 20
154.1178425116773
 10
250.4882267786531
 20
154.1463154603578
 10
250.4971301793078
 20
154.1748799512356
 10
250.5062092159863
 20
154.2035359788928
 10
250.5154628077934
 20
154.2322835378442
 10
250.5248898616738
 20
154.2611226224914
 10
250.5442599232279
 20
154.3190753456314
 10
250.5643104167632
 20
154.3773940994888
 10
250.5850321701758
 20
154.4360788304568
 10
250.6064158263103
 20
154.4951294786632
 10
250.6284518461315
 20
154.5545459764896
 10
250.6511305119319
 20
154.6143282470801
 10
250.674441930775
 20
154.674476202793
 10
250.6983760382251
 20
154.73498974358
 10
250.7229226021135
 20
154.7958687553579
 10
250.7480712263117
 20
154.8571131083772
 10
250.7738113545004
 20
154.9187226555935
 10
250.8001322739375
 20
154.9806972310367
 10
250.8270231192338
 20
155.043036648181
 10
250.8544728761168
 20
155.1057406983157
 10
250.8824703852061
 20
155.1688091489148
 10
250.9110043457803
 20
155.2322417420062
 10
250.9400633195491
 20
155.2960381925437
 10
250.9696357344212
 20
155.360198186775
 10
250.9997098882781
 20
155.4247213806133
 10
251.0302739527415
 20
155.4896073980064
 10
251.0613159769434
 20
155.5548558293066
 10
251.0928238912975
 20
155.6204662296422
 10
251.1247855112705
 20
155.6864381172852
 10
251.1571885411497
 20
155.7527709720247
 10
251.1900205778121
 20
155.8194642335326
 10
251.2232691144493
 20
155.8865172997372
 10
251.2569215441591
 20
155.9539295251882
 10
251.2909651634759
 20
156.0217002194258
 10
251.3253871759017
 20
156.0898286453466
 10
251.3601746954384
 20
156.1583140175722
 10
251.3953147501118
 20
156.227155500815
 10
251.4307942855084
 20
156.2963522082459
 10
251.4666001682999
 20
156.3659031998626
 10
251.5027191897771
 20
156.4358074808545
 10
251.5391380693745
 20
156.5060639999722
 10
251.5758434582074
 20
156.5766716478934
 10
251.6128219425946
 20
156.6476292555909
 10
251.6500600475934
 20
156.7189355926992
 10
251.6875442405271
 20
156.7905893658813
 10
251.7252609345145
 20
156.8625892171971
 10
251.7631964920014
 20
156.9349337224704
 10
251.8013372282899
 20
157.0076213896549
 10
251.8396694150678
 20
157.0806506572026
 10
251.8781792839379
 20
157.1540198924307
 10
251.9168530299522
 20
157.2277273898963
 10
251.9556768151669
 20
157.301771369832
 10
251.9946367722245
 20
157.3761499766508
 10
252.0337190079397
 20
157.450861277466
 10
252.0729096068884
 20
157.5259032606051
 10
252.1121946349906
 20
157.6012738341297
 10
252.1515601430997
 20
157.6769708243515
 10
252.1909921705886
 20
157.7529919743498
 10
252.2304767489339
 20
157.8293349424891
 10
252.2699999053078
 20
157.905997300937
 10
252.3095476661574
 20
157.9829765341794
 10
252.3491060607976
 20
158.06027003754
 10
252.388661124994
 20
158.1378751156973
 10
252.4281989045507
 20
158.2157889812002
 10
252.4677054588973
 20
158.2940087529877
 10
252.5071668646734
 20
158.372531454904
 10
252.5465692193185
 20
158.4513540142176
 10
252.5858986446554
 20
158.5304732601377
 10
252.6251412904771
 20
158.6098859223317
 10
252.6642833381365
 20
158.6895886294396
 10
252.7033110041465
 20
158.7695779075101
 10
252.7422105438277
 20
158.8498501782005
 10
252.7809682549819
 20
158.9304017568692
 10
252.819570481558
 20
159.0112288506658
 10
252.8580036173236
 20
159.092327556618
 10
252.896254109536
 20
159.17369385972
 10
252.9343084626145
 20
159.2553236310207
 10
252.9721532418054
 20
159.337212625712
 10
253.0097750768588
 20
159.4193564812175
 10
253.0471606656924
 20
159.5017507152806
 10
253.084296778068
 20
159.5843907240521
 10
253.1211702592572
 20
159.6672717801785
 10
253.1577680337155
 20
159.750389030891
 10
253.1940771087481
 20
159.8337374960929
 10
253.2300845781858
 20
159.9173120664489
 10
253.2657776260499
 20
160.0011075014721
 10
253.3011435302269
 20
160.0851184276126
 10
253.3361696661361
 20
160.1693393363464
 10
253.3708435104014
 20
160.253764582263
 10
253.4051526445042
 20
160.3383883812142
 10
253.4390847582866
 20
160.4232048089742
 10
253.472627653288
 20
160.5082078004968
 10
253.5057692460483
 20
160.5933911492685
 10
253.5384975714115
 20
160.6787485066675
 10
253.5708007858342
 20
160.7642733813172
 10
253.6026671706836
 20
160.8499591384449
 10
253.6340851355486
 20
160.9357989992367
 10
253.6650432215408
 20
161.0217860401946
 10
253.6955301046006
 20
161.1079131924912
 10
253.7255345987996
 20
161.1941732413286
 10
253.7550456596471
 20
161.2805588252921
 10
253.7840523873954
 20
161.367062435708
 10
253.8125440303423
 20
161.4536764159995
 10
253.8405099881357
 20
161.5403929610432
 10
253.8679398150812
 20
161.6272041165242
 10
253.8948232234424
 20
161.7141017782947
 10
253.9211500867478
 20
161.801077691728
 10
253.9469104430972
 20
161.8881234510755
 10
253.9720944984499
 20
161.975230498855
 10
253.9966926295606
 20
162.062390126293
 10
254.0206953858033
 20
162.1495934769384
 10
254.0440934905003
 20
162.2368315517429
 10
254.0668778422164
 20
162.3240952142183
 10
254.089039516059
 20
162.4113751955883
 10
254.110569764974
 20
162.4986620999473
 10
254.1314600210465
 20
162.5859464094117
 10
254.1517018967944
 20
162.673218489277
 10
254.171287186469
 20
162.7604685931728
 10
254.1902078673544
 20
162.8476868682168
 10
254.2084561010608
 20
162.9348633601696
 10
254.2260242348254
 20
163.0219880185916
 10
254.2429048028111
 20
163.109050701995
 10
254.2590905274011
 20
163.196041183002
 10
254.2745743204983
 20
163.2829491534966
 10
254.2893492848256
 20
163.3697642297828
 10
254.303408715219
 20
163.4564759577362
 10
254.3167460999285
 20
163.5430738179616
 10
254.3293551219166
 20
163.629547230947
 10
254.3412296601714
 20
163.7158855621857
 10
254.3523637912012
 20
163.8020781270183
 10
254.362751790715
 20
163.8881141951412
 10
254.3723881353544
 20
163.9739829950581
 10
254.3769227664101
 20
164.0168512931785
 10
254.3812675044083
 20
164.0596737185318
 10
254.3854217162069
 20
164.1024489150771
 10
254.3893847815447
 20
164.1451755250348
 10
254.393156093098
 20
164.1878521890237
 10
254.3967350565289
 20
164.2304775462014
 10
254.4001210905447
 20
164.2730502344023
 10
254.4033136269479
 20
164.3155688902779
 10
254.4063121106932
 20
164.3580321494351
 10
254.4091159999369
 20
164.4004386465752
 10
254.4117247660962
 20
164.4427870156335
 10
254.4141378938983
 20
164.4850758899186
 10
254.4163548814383
 20
164.5273039022505
 10
254.4183752402292
 20
164.5694696851007
 10
254.4201984952592
 20
164.6115718707304
 10
254.4218241850431
 20
164.6536090913309
 10
254.4232518616771
 20
164.695579979161
 10
254.4244810908932
 20
164.7374831666882
 10
254.4255114521117
 20
164.779317286725
 10
254.4263425384966
 20
164.8210809725714
 10
254.4269739570085
 20
164.8627728581508
 10
254.4274053284586
 20
164.9043915781512
 10
254.4276362875628
 20
164.945935768164
 10
254.4276664829947
 20
164.9874040648215
 10
254.4274955774408
 20
165.0287951059383
 10
254.4271232476542
 20
165.0701075306493
 10
254.4265491845072
 20
165.1113399795481
 10
254.4257730930461
 20
165.1524910948273
 10
254.4247946925449
 20
165.1935595204175
 10
254.4236137165598
 20
165.2345439021253
 10
254.4222299129809
 20
165.275442887774
 10
254.4206430440875
 20
165.3162551273411
 10
254.4188528865882
 20
165.3569792731018
 10
254.4168592316639
 20
165.3976139797689
 10
254.4146618850068
 20
165.4381579046358
 10
254.4122606668591
 20
165.4786097077179
 10
254.4096554120526
 20
165.5189680518952
 10
254.4068459700504
 20
165.5592316030535
 10
254.4038322049823
 20
165.5993990302269
 10
254.40061399569
 20
165.63946900574
 10
254.3971912357623
 20
165.6794402053491
 10
254.393563833576
 20
165.7193113083849
 10
254.3897317123373
 20
165.7590809978935
 10
254.3856948101183
 20
165.7987479607804
 10
254.3814530798991
 20
165.8383108879494
 10
254.3770064896058
 20
165.8777684744471
 10
254.3723550221516
 20
165.9171194196043
 10
254.3674986754756
 20
165.9563624271775
 10
254.3624374625824
 20
165.9954962054904
 10
254.3571714115824
 20
166.0345194675773
 10
254.351700565729
 20
166.0734309313242
 10
254.3460249834627
 20
166.1122293196105
 10
254.3401447384459
 20
166.1509133604513
 10
254.3340599196065
 20
166.1894817871402
 10
254.3277706311746
 20
166.2279333383896
 10
254.3212769927235
 20
166.2662667584736
 10
254.314579139209
 20
166.3044807973708
 10
254.3076772210108
 20
166.342574210904
 10
254.3005714039683
 20
166.3805457608845
 10
254.293261869423
 20
166.4183942152529
 10
254.2857488142578
 20
166.4561183482211
 10
254.2780324509368
 20
166.4937169404149
 10
254.2701130075441
 20
166.531188779015
 10
254.2619907278227
 20
166.5685326578994
 10
254.2536658712172
 20
166.6057473777861
 10
254.2451387129102
 20
166.6428317463737
 10
254.2364095438633
 20
166.6797845784846
 10
254.2274786708567
 20
166.7166046962063
 10
254.2183464165291
 20
166.7532909290332
 10
254.2090131194165
 20
166.7898421140095
 10
254.1994791339966
 20
166.8262570958717
 10
254.1897448307461
 20
166.8625347271997
 10
254.1798105962083
 20
166.8986738685695
 10
254.1696768330605
 20
166.9346733887075
 10
254.1593439601785
 20
166.9705321646441
 10
254.1488124127058
 20
167.0062490818685
 10
254.1380826421223
 20
167.0418230344807
 10
254.1271551163064
 20
167.0772529253464
 10
254.1160303196078
 20
167.1125376662521
 10
254.1047087529101
 20
167.147676178056
 10
254.0931909337011
 20
167.1826673908448
 10
254.0814773961374
 20
167.2175102440855
 10
254.0695686911133
 20
167.2522036867805
 10
254.0574653863269
 20
167.2867466776203
 10
254.0451680663477
 20
167.3211381851388
 10
254.0326773326822
 20
167.3553771878658
 10
254.0199938038453
 20
167.3894626744812
 10
254.0071181154209
 20
167.4233936439695
 10
253.9940509201351
 20
167.4571691057727
 10
253.9807928879192
 20
167.4907880799454
 10
253.967344705979
 20
167.5242495973068
 10
253.9537070788602
 20
167.5575526995965
 10
253.9398807285178
 20
167.5906964396265
 10
253.925866394381
 20
167.6236798814369
 10
253.9116648334212
 20
167.6565021004484
 10
253.8972768202184
 20
167.6891621836162
 10
253.8827031470309
 20
167.7216592295846
 10
253.8679446238583
 20
167.753992348841
 10
253.8530020785113
 20
167.7861606638676
 10
253.8378763566789
 20
167.8181633092988
 10
253.8225683219948
 20
167.8499994320716
 10
253.8070788561029
 20
167.8816681915815
 10
253.7914088587281
 20
167.9131687598356
 10
253.77555924774
 20
167.9445003216068
 10
253.7595309592216
 20
167.9756620745876
 10
253.7433249475352
 20
168.0066532295429
 10
253.7269421853921
 20
168.0374730104659
 10
253.7103836639169
 20
168.06812065473
 10
253.6936503927159
 20
168.0985954132437
 10
253.6767433999341
 20
168.1288965505988
 10
253.6596637322846
 20
168.1590233452016
 10
253.6424124550527
 20
168.1889750893909
 10
253.6249906521051
 20
168.2187510895582
 10
253.6073994258938
 20
168.2483506662656
 10
253.5896398974644
 20
168.2777731543647
 10
253.5717132064616
 20
168.3070179031138
 10
253.5536205111347
 20
168.3360842762997
 10
253.5353629883457
 20
168.3649716523533
 10
253.5169418335728
 20
168.3936794244701
 10
253.4983582609204
 20
168.4222070007274
 10
253.4796135031216
 20
168.4505538042043
 10
253.4607088115475
 20
168.4787192731
 10
253.4416454562128
 20
168.5067028608523
 10
253.4224247257788
 20
168.5345040362556
 10
253.4030479275661
 20
168.5621222835808
 10
253.3835163875554
 20
168.5895571026933
 10
253.3638314503942
 20
168.6168080091715
 10
253.343994479408
 20
168.6438745344259
 10
253.3240068565998
 20
168.6707562258174
 10
253.3038699826624
 20
168.697452646776
 10
253.2835852769796
 20
168.7239633769199
 10
253.2631541776375
 20
168.750288012173
 10
253.2425781414251
 20
168.7764261648858
 10
253.221858643847
 20
168.8023774639513
 10
253.2009971791241
 20
168.8281415549259
 10
253.1799952602029
 20
168.853718100146
 10
253.1588544187619
 20
168.8791067788488
 10
253.1375762052146
 20
168.9043072872902
 10
253.1161621887213
 20
168.9293193388619
 10
253.0946139571905
 20
168.9541426642126
 10
253.0729331172871
 20
168.9787770113645
 10
253.05112129444
 20
169.0032221458341
 10
253.0291801328456
 20
169.0274778507485
 10
253.0071112954755
 20
169.0515439269655
 10
252.9849164640842
 20
169.0754201931924
 10
252.9625973392126
 20
169.0991064861036
 10
252.9401556401964
 20
169.1226026604603
 10
252.9175931051718
 20
169.1459085892291
 10
252.8949114911024
 20
169.1690241637119
 10
252.8721125738827
 20
169.191949293726
 10
252.8491981484891
 20
169.2146839078084
 10
252.8261700291327
 20
169.2372279534245
 10
252.8030300494119
 20
169.2595813971766
 10
252.7797800624688
 20
169.2817442250114
 10
252.7564219411387
 20
169.303716442429
 10
252.7329575781071
 20
169.32549807469
 10
252.7093888860613
 20
169.3470891670239
 10
252.6857177978438
 20
169.3684897848381
 10
252.6619462666067
 20
169.3897000139252
 10
252.6380762659635
 20
169.4107199606708
 10
252.6141097901454
 20
169.4315497522624
 10
252.590048854152
 20
169.4521895368974
 10
252.5658954939066
 20
169.4726394839912
 10
252.5416517664075
 20
169.4928997843845
 10
252.5173197498848
 20
169.5129706505524
 10
252.4929015439503
 20
169.5328523168132
 10
252.4683992697536
 20
169.552545039534
 10
252.4438150701338
 20
169.5720490973415
 10
252.4191511097747
 20
169.5913647913283
 10
252.3944095753569
 20
169.6104924452625
 10
252.3695926757111
 20
169.629432405795
 10
252.3447026419724
 20
169.6481850426665
 10
252.3197417277337
 20
169.6667507489187
 10
252.2947122091986
 20
169.6851299410987
 10
252.2696163853365
 20
169.7033230594706
 10
252.2444565780329
 20
169.7213305682207
 10
252.1939544161587
 20
169.7567907344708
 10
252.1432247628572
 20
169.7915146397223
 10
252.0922870339212
 20
169.8255068799459
 10
252.0411610265623
 20
169.8587724538678
 10
251.9898669243228
 20
169.8913167696308
 10
251.9384253019155
 20
169.9231456514097
 10
251.8868571273096
 20
169.9542653443566
 10
251.8351837550998
 20
169.9846825142498
 10
251.783426915609
 20
170.0144042445493
 10
251.7316087037559
 20
170.0434380333117
 10
251.6797515679272
 20
170.0717917901066
 10
251.6278782988451
 20
170.0994738329326
 10
251.5760120184405
 20
170.126492885132
 10
251.5241761687232
 20
170.1528580723073
 10
251.4723945006485
 20
170.1785789192369
 10
251.4206910629919
 20
170.2036653467897
 10
251.3690901912172
 20
170.2281276688427
 10
251.317616496346
 20
170.2519765891951
 10
251.2662948538294
 20
170.2752231984847
 10
251.2151503924197
 20
170.297878971103
 10
251.1642084830358
 20
170.3199557621126
 10
251.1134947276374
 20
170.3414658041604
 10
251.0630349480956
 20
170.3624217043951
 10
251.0128551750604
 20
170.3828364413826
 10
250.9629816368319
 20
170.4027233620198
 10
250.9134407472449
 20
170.422096177882
 10
250.8642590843871
 20
170.4409689562382
 10
250.8154633578992
 20
170.4593561044492
 10
250.7670803741958
 20
170.4772723531468
 10
250.7191370016616
 20
170.4947327394071
 10
250.671660135851
 20
170.5117525899223
 10
250.6246766646889
 20
170.528347504172
 10
250.5782134336703
 20
170.5445333375958
 10
250.5322972110556
 20
170.5603261847648
 10
250.4869546530754
 20
170.5757423625533
 10
250.4422122691244
 20
170.590798393311
 10
250.3980963869641
 20
170.6055109880354
 10
250.3546331179209
 20
170.6198970295422
 10
250.3118483220861
 20
170.6339735556384
 10
250.2697675735131
 20
170.6477577422945
 10
250.2489991220648
 20
170.6545456094605
 10
250.2284161254193
 20
170.6612668868145
 10
250.2080216843887
 20
170.6679237527179
 10
250.1878188753821
 20
170.6745183910107
 10
250.1678107493193
 20
170.6810529904876
 10
250.1480003305419
 20
170.6875297443719
 10
250.1283906157273
 20
170.6939508497886
 10
250.1089845727983
 20
170.7003185072392
 10
250.0897851398415
 20
170.7066349200759
 10
250.0707952240414
 20
170.7129022939887
 10
250.0520177007368
 20
170.7191228365445
 10
250.033455412544
 20
170.7252987567596
 10
250.0151111684882
 20
170.731432264674
 10
249.9969877431293
 20
170.7375255709265
 10
249.9790878756943
 20
170.7435808863293
 10
249.9614142692069
 20
170.749600421443
 10
249.9439695896155
 20
170.7555863861509
 10
249.9267564649233
 20
170.7615409892343
 10
249.9097774843187
 20
170.7674664379465
 10
249.893035197304
 20
170.7733649375883
 10
249.8765321128236
 20
170.7792386910826
 10
249.860270698397
 20
170.7850898985489
 10
249.8442533792462
 20
170.7909207568775
 10
249.8284825374235
 20
170.7967334593056
 10
249.8129605109459
 20
170.8025301949913
 10
249.7976895929184
 20
170.8083131485875
 10
249.7826720306699
 20
170.8140844998191
 10
249.7679100248772
 20
170.8198464230547
 10
249.7534057286984
 20
170.8256010868832
 10
249.7391612469007
 20
170.8313506536886
 10
249.7251786349897
 20
170.8370972792243
 10
249.7114598983412
 20
170.8428431121867
 10
249.6980069913265
 20
170.8485902937928
 10
249.6848218164465
 20
170.854340957352
 10
249.6719062234585
 20
170.8600972278428
 10
249.6592620085062
 20
170.865861221486
 10
249.6468909132502
 20
170.8716350453213
 10
249.6347946239965
 20
170.8774207967805
 10
249.6229747708256
 20
170.8832205632628
 10
249.611432926724
 20
170.8890364217092
 10
249.6001706067126
 20
170.8948704381785
 10
249.5891892669743
 20
170.9007246674201
 10
249.5784903039877
 20
170.9066011524504
 10
249.5680750536531
 20
170.9125019241271
 10
249.5579447904242
 20
170.9184290007229
 10
249.5481007264351
 20
170.9243843875018
 10
249.5385440106332
 20
170.9303700762927
 10
249.5292757279055
 20
170.9363880450652
 10
249.5202968981886
 20
170.9424402574986
 10
249.5116084754835
 20
170.9485286625372
 10
249.5032113468173
 20
170.9546551939308
 10
249.4951063311943
 20
170.9608217697758
 10
249.4872941785533
 20
170.9670302920586
 10
249.4797755687225
 20
170.9732826461952
 10
249.4725511103695
 20
170.9795807005727
 10
249.4656213399631
 20
170.9859263060906
 10
249.4589867207195
 20
170.992321295703
 10
249.4526476415634
 20
170.9987674839593
 10
249.4466044160791
 20
171.005266666545
 10
249.4408572814663
 20
171.0118206198234
 10
249.4354063974943
 20
171.0184311003776
 10
249.4302518454549
 20
171.0250998445508
 10
249.4253936271199
 20
171.0318285679886
 10
249.4208316636932
 20
171.0386189651789
 10
249.4165657947666
 20
171.0454727089944
 10
249.4125957772722
 20
171.0523914502345
 10
249.4089212844416
 20
171.059376817164
 10
249.405541904753
 20
171.0664304150578
 10
249.4024571408937
 20
171.0735538257397
 10
249.3996664087089
 20
171.0807486071241
 10
249.3971690361575
 20
171.0880162927589
 10
249.3949642622678
 20
171.095358391365
 10
249.3930512360931
 20
171.102776386378
 10
249.3914290156607
 20
171.1102717354907
 10
249.3900965669332
 20
171.1178458701924
 10
249.3890527627583
 20
171.1255001953128
 10
249.388296381825
 20
171.1332360885603
 10
249.3878261076191
 20
171.1410549000657
 10
249.3876405273752
 20
171.1489579519229
 10
249.3877381310318
 20
171.1569465377293
 10
249.3881173101888
 20
171.1650219221283
 10
249.388776357058
 20
171.1731853403502
 10
249.3897134634188
 20
171.1814379977527
 10
249.3909267195748
 20
171.1897810693639
 10
249.3924141133047
 20
171.1982156994222
 10
249.3941735288209
 20
171.206743000918
 10
249.3962027457235
 20
171.2153640551359
 10
249.3984994383194
 20
171.2240799112526
 10
249.4010611764436
 20
171.2328915861706
 10
249.4038854272759
 20
171.2418000645083
 10
249.4069695572335
 20
171.2508062986028
 10
249.4103108338675
 20
171.2599112085106
 10
249.4139064277549
 20
171.2691156820105
 10
249.4177534143914
 20
171.2784205746058
 10
249.4218487760885
 20
171.2878267095258
 10
249.4261894038644
 20
171.2973348777278
 10
249.4307720993403
 20
171.3069458379002
 10
249.435593576632
 20
171.3166603164634
 10
249.4406504642466
 20
171.3264790075721
 10
249.4459393069719
 20
171.336402573118
 10
249.4514565677773
 20
171.346431642731
 10
249.4571986297009
 20
171.356566813782
 10
249.4631617977467
 20
171.3668086513844
 10
249.4693423007784
 20
171.3771576883963
 10
249.4757362934131
 20
171.387614425423
 10
249.4823398579154
 20
171.3981793308179
 10
249.4891490060897
 20
171.4088528406867
 10
249.4961596811769
 20
171.4196353588866
 10
249.5033677597454
 20
171.430527257031
 10
249.5107690535885
 20
171.4415288744897
 10
249.5183593116146
 20
171.452640518392
 10
249.5261342217438
 20
171.4638624636288
 10
249.5340894127995
 20
171.4751949528534
 10
249.5422204564055
 20
171.4866381964853
 10
249.5505228688773
 20
171.4981923727108
 10
249.5589921131171
 20
171.509857627486
 10
249.576412692802
 20
171.5335217953699
 10
249.5944449023738
 20
171.5576312232528
 10
249.6130507153409
 20
171.5821859186936
 10
249.6321914324096
 20
171.607185373761
 10
249.6518277420924
 20
171.6326285650985
 10
249.6719197809678
 20
171.6585139541061
 10
249.6924271905796
 20
171.6848394882555
 10
249.7133091700018
 20
171.7116026038627
 10
249.7345245275829
 20
171.7388002291404
 10
249.7560317326798
 20
171.7664287872512
 10
249.7777889673877
 20
171.7944841993618
 10
249.7997541782796
 20
171.8229618876972
 10
249.821885128135
 20
171.8518567785942
 10
249.8441394476769
 20
171.881163305557
 10
249.8664746873042
 20
171.9108754123085
 10
249.8888483688268
 20
171.940986555847
 10
249.911218037199
 20
171.9714897094987
 10
249.9335413122508
 20
172.002377365972
 10
249.9557759404267
 20
172.0336415404117
 10
249.9778798465145
 20
172.0652737734536
 10
249.9998111853836
 20
172.0972651342766
 10
250.0215283937148
 20
172.129606223659
 10
250.0429902417365
 20
172.1622871770312
 10
250.0641558849583
 20
172.1952976675303
 10
250.0849849159979
 20
172.2286269090251
 10
250.1054374202844
 20
172.2622636579693
 10
250.1254740447714
 20
172.2961962113162
 10
250.1450560733712
 20
172.3304124023982
 10
250.1641455027802
 20
172.3648995966899
 10
250.1827051183036
 20
172.3996446875678
 10
250.2006985696846
 20
172.4346340920746
 10
250.2180904469269
 20
172.4698537466778
 10
250.2348463561207
 20
172.5052891030348
 10
250.2509329952703
 20
172.5409251237517
 10
250.2663182301195
 20
172.5767462781462
 10
250.2809711699752
 20
172.61273653801
 10
250.2880137346362
 20
172.6307899365921
 10
250.2948622435354
 20
172.6488793733691
 10
250.301513218854
 20
172.6670027029984
 10
250.3079632747151
 20
172.6851577482469
 10
250.3142091195497
 20
172.7033422998593
 10
250.3202475584706
 20
172.721554116425
 10
250.326075495636
 20
172.7397909242459
 10
250.3316899366253
 20
172.7580504172043
 10
250.3370879908052
 20
172.77633025663
 10
250.3422668736985
 20
172.7946280711684
 10
250.347223909356
 20
172.8129414566472
 10
250.3519565327257
 20
172.8312679759446
 10
250.3564622920206
 20
172.8496051588564
 10
250.3607388510898
 20
172.8679505019646
 10
250.3647839917882
 20
172.8863014685031
 10
250.3685956163402
 20
172.9046554882289
 10
250.3721717493829
 20
172.9230099573825
 10
250.3755105385296
 20
172.9413622390839
 10
250.3786102539162
 20
172.9597096640216
 10
250.3814692876651
 20
172.9780495311672
 10
250.384086153342
 20
172.9963791084913
 10
250.3864594854203
 20
173.0146956336781
 10
250.388588038739
 20
173.0329963148414
 10
250.3904706879624
 20
173.0512783312394
 10
250.392106427044
 20
173.0695388339899
 10
250.3934943686846
 20
173.0877749467859
 10
250.3946337437919
 20
173.10598376661
 10
250.3955239009438
 20
173.1241623644505
 10
250.396164305847
 20
173.1423077860166
 10
250.3965545407977
 20
173.1604170524527
 10
250.3966943041428
 20
173.1784871610553
 10
250.3965834097395
 20
173.1965150859859
 10
250.396221786417
 20
173.2144977789884
 10
250.3956094774349
 20
173.2324321701034
 10
250.3947466399471
 20
173.2503151683834
 10
250.393633544458
 20
173.2681436626079
 10
250.3922705742865
 20
173.2859145219998
 10
250.3906582250258
 20
173.3036245969382
 10
250.3887971040024
 20
173.3212707196768
 10
250.3866879297381
 20
173.338849705056
 10
250.3843315314095
 20
173.3563583512207
 10
250.3817288483087
 20
173.3737934403337
 10
250.3788809293063
 20
173.3911517392925
 10
250.3757889323066
 20
173.4084300004426
 10
250.3724541237127
 20
173.4256249622949
 10
250.3688778778868
 20
173.4427333502392
 10
250.3650616766064
 20
173.4597518772605
 10
250.3610071085309
 20
173.4766772446534
 10
250.3567158686564
 20
173.4935061427382
 10
250.3521897577808
 20
173.5102352515757
 10
250.3474306819616
 20
173.5268612416819
 10
250.3424406519766
 20
173.5433807747443
 10
250.3372217827852
 20
173.5597905043364
 10
250.3317762929899
 20
173.5760870766336
 10
250.3261065042899
 20
173.5922671311276
 10
250.3202148407161
 20
173.6083273013998
 10
250.3141038267927
 20
173.6242642161515
 10
250.3077760849635
 20
173.6400745004145
 10
250.3012343329452
 20
173.6557547767809
 10
250.2944813810902
 20
173.6713016666286
 10
250.2875201297393
 20
173.6867117913513
 10
250.2803535665806
 20
173.7019817735856
 10
250.2729847640068
 20
173.7171082384378
 10
250.2654168764724
 20
173.7320878147138
 10
250.2576531378505
 20
173.746917136145
 10
250.2496968587897
 20
173.7615928426173
 10
250.2415514240726
 20
173.7761115813985
 10
250.2332202899726
 20
173.7904700083664
 10
250.2247069816099
 20
173.8046647892362
 10
250.216015090311
 20
173.8186926007893
 10
250.2071482709627
 20
173.8325501320997
 10
250.1981102393733
 20
173.8462340857634
 10
250.1889047696263
 20
173.8597411791249
 10
250.1795356914388
 20
173.8730681455062
 10
250.1700068875205
 20
173.8862117354338
 10
250.1603222909282
 20
173.8991687178668
 10
250.150485882424
 20
173.9119358814251
 10
250.1405016878345
 20
173.9245100356165
 10
250.1303737754039
 20
173.9368880120658
 10
250.1201062531554
 20
173.9490666657408
 10
250.1097032662459
 20
173.9610428761823
 10
250.0991689943237
 20
173.97281354873
 10
250.0885076488872
 20
173.9843756157515
 10
250.0777234706385
 20
173.9957260378702
 10
250.0668207268461
 20
174.0068618051921
 10
250.0558037086958
 20
174.0177799385353
 10
250.0446767286542
 20
174.0284774906558
 10
250.0334441178208
 20
174.0389515474771
 10
250.0221102232881
 20
174.049199229318
 10
250.0106794054975
 20
174.0592176921182
 10
249.9991560355976
 20
174.0690041286694
 10
249.9875444928017
 20
174.0785557698409
 10
249.9758491617414
 20
174.0878698858078
 10
249.9640744298303
 20
174.0969437872801
 10
249.9522246846241
 20
174.1057748267474
 10
249.9403043112295
 20
174.1143603998125
 10
249.9283176897418
 20
174.1226979465837
 10
249.9162691926809
 20
174.1307849530747
 10
249.9041631824311
 20
174.138618952603
 10
249.8920040086813
 20
174.146197527189
 10
249.879796005859
 20
174.1535183089553
 10
249.8675434905733
 20
174.1605789815252
 10
249.8552507590527
 20
174.167377281422
 10
249.8429220845816
 20
174.1739109994682
 10
249.83056171494
 20
174.1801779821842
 10
249.8181738698445
 20
174.1861761331869
 10
249.8057627383816
 20
174.1919034145896
 10
249.7933324764508
 20
174.1973578484003
 10
249.7808872042028
 20
174.2025375179213
 10
249.7684310034757
 20
174.2074405691468
 10
249.7559679152348
 20
174.2120652121642
 10
249.7435019370119
 20
174.2164097225511
 10
249.7310370203427
 20
174.220472442775
 10
249.7185770682063
 20
174.2242517835923
 10
249.7061259324636
 20
174.2277462254472
 10
249.6936874112951
 20
174.2309543198712
 10
249.6812652466411
 20
174.2338746908816
 10
249.6688631216378
 20
174.2365060363795
 10
249.6564846580584
 20
174.2388471295511
 10
249.6441334137506
 20
174.2408968202652
 10
249.631812880075
 20
174.2426540364719
 10
249.6195264793435
 20
174.2441177856026
 10
249.6072775622595
 20
174.2452871559683
 10
249.5950694053536
 20
174.2461613181592
 10
249.5829052084248
 20
174.2467395264423
 10
249.5707880919785
 20
174.2470211201628
 10
249.5587210946637
 20
174.247005525141
 10
249.5467071707133
 20
174.2466922550713
 10
249.5347491873817
 20
174.246080912923
 10
249.5228499223838
 20
174.245171192338
 10
249.5110120613327
 20
174.2439628790291
 10
249.4992381951814
 20
174.2424558521805
 10
249.4875308176597
 20
174.2406500858439
 10
249.4758923230627
 20
174.2385456501115
 10
249.4643250056911
 20
174.2361427112116
 10
249.4528310604854
 20
174.2334415308241
 10
249.4414125837769
 20
174.23044246532
 10
249.4300715740385
 20
174.2271459650059
 10
249.4188099326334
 20
174.2235525733629
 10
249.4076294645634
 20
174.2196629262916
 10
249.3965318792191
 20
174.2154777513497
 10
249.3855187911315
 20
174.2109978669983
 10
249.3745917207172
 20
174.20622418184
 10
249.3637520950327
 20
174.2011576938621
 10
249.3530012485194
 20
174.1957994896786
 10
249.3423404237568
 20
174.1901507437718
 10
249.3317707722098
 20
174.1842127177331
 10
249.3212933549791
 20
174.1779867595053
 10
249.3109091435488
 20
174.1714743026257
 10
249.3006190205408
 20
174.1646768654653
 10
249.2904237804573
 20
174.1575960504721
 10
249.2803241304371
 20
174.1502335434131
 10
249.2703206910002
 20
174.1425911126149
 10
249.2604139967992
 20
174.1346706082062
 10
249.2506044973692
 20
174.1264739613594
 10
249.2408925578769
 20
174.1180031835324
 10
249.2312784598697
 20
174.1092603657093
 10
249.2217624020258
 20
174.1002476776445
 10
249.2123445009016
 20
174.0909673671016
 10
249.2030247916866
 20
174.0814217590972
 10
249.1938032289452
 20
174.0716132551423
 10
249.1846796873729
 20
174.0615443324825
 10
249.1756539625431
 20
174.0512175433416
 10
249.1667257716543
 20
174.040635514163
 10
249.1578947542849
 20
174.0298009448503
 10
249.1491604731381
 20
174.01871660801
 10
249.140522414793
 20
174.0073853481929
 10
249.1319799904556
 20
173.9958100811366
 10
249.1235325367045
 20
173.9839937930059
 10
249.1151793162437
 20
173.9719395396351
 10
249.1069195186528
 20
173.9596504457706
 10
249.0987522611337
 20
173.9471297043103
 10
249.0906765893527
 20
173.9343805754878
 10
249.0826914787226
 20
173.9214063857674
 10
249.0747958360088
 20
173.9082105265256
 10
249.066988500967
 20
173.894796452715
 10
249.0592682479802
 20
173.8811676815264
 10
249.0516337876985
 20
173.8673277910519
 10
249.0440837686762
 20
173.8532804189464
 10
249.0366167790098
 20
173.8390292610919
 10
249.029231347974
 20
173.8245780702585
 10
249.0219259476626
 20
173.8099306547677
 10
249.0146989946251
 20
173.7950908771558
 10
249.0075488515027
 20
173.7800626528346
 10
248.9934721858714
 20
173.749456782075
 10
248.9796818360155
 20
173.7181453725005
 10
248.9661629295025
 20
173.686161514558
 10
248.9528998886306
 20
173.6535390163324
 10
248.9398764828411
 20
173.6203123607501
 10
248.9270758811318
 20
173.5865166627839
 10
248.9144807044667
 20
173.5521876266558
 10
248.9020730781916
 20
173.5173615030423
 10
248.8898346844418
 20
173.482075046276
 10
248.8777468145586
 20
173.446365471552
 10
248.8657904214971
 20
173.4102704121299
 10
248.8539461722423
 20
173.3738278765387
 10
248.8421945002187
 20
173.3370762057801
 10
248.8305156577095
 20
173.3000540305422
 10
248.8188897685714
 20
173.2628002288383
 10
248.7957170268946
 20
173.1877542504647
 10
248.772516751291
 20
173.112252704316
 10
248.7491308329754
 20
173.0366114084315
 10
248.7254043184115
 20
172.9611462862578
 10
248.713366205558
 20
172.9235782304643
 10
248.7011871494527
 20
172.8861720876745
 10
248.6888494432241
 20
172.8489668084218
 10
248.6763359034787
 20
172.8120011100189
 10
248.6636299246814
 20
172.7753134365918
 10
248.6507155335353
 20
172.7389419191103
 10
248.6375774433596
 20
172.7029243354199
 10
248.624201108472
 20
172.6672980702748
 10
248.6105727785635
 20
172.6321000753702
 10
248.5966795530803
 20
172.5973668293723
 10
248.5825094342863
 20
172.5631342983021
 10
248.5680513662026
 20
172.5294378996536
 10
248.5532952540414
 20
172.4963124716825
 10
248.538231979604
 20
172.4637922437604
 10
248.5228534166436
 20
172.4319108067428
 10
248.5071524462169
 20
172.4007010833338
 10
248.4991791127483
 20
172.385358212588
 10
248.4911229720434
 20
172.3701952984546
 10
248.4829834243779
 20
172.3552162551583
 10
248.4747599358628
 20
172.3404249496085
 10
248.4664520389267
 20
172.3258252004724
 10
248.4580593327919
 20
172.3114207772492
 10
248.4495814839583
 20
172.2972153993454
 10
248.4410182266799
 20
172.2832127351467
 10
248.4323693634475
 20
172.2694164010935
 10
248.4236347654669
 20
172.2558299607538
 10
248.4148143731391
 20
172.242456923898
 10
248.4059081965399
 20
172.2293007455729
 10
248.3969163159017
 20
172.2163648251745
 10
248.3878388820912
 20
172.2036525055235
 10
248.37867611709
 20
172.1911670719376
 10
248.3694283144734
 20
172.1789117513074
 10
248.3600958398945
 20
172.1668897111684
 10
248.3506791315579
 20
172.1551040587769
 10
248.3411787007053
 20
172.1435578401819
 10
248.3315951320907
 20
172.1322540393007
 10
248.3219290844649
 20
172.1211955769919
 10
248.3121812910501
 20
172.1103853101303
 10
248.3023525600264
 20
172.09982603068
 10
248.2924437750043
 20
172.0895204647677
 10
248.2824558955107
 20
172.0794712717597
 10
248.272389957466
 20
172.0696810433312
 10
248.262247073661
 20
172.0601523025458
 10
248.2520284339803
 20
172.0508875030123
 10
248.2417353042779
 20
172.0418890284917
 10
248.2313690242097
 20
172.033159192852
 10
248.2209310049591
 20
172.0247002400563
 10
248.2104227269642
 20
172.0165143441514
 10
248.1998457376433
 20
172.0086036092576
 10
248.18920164912
 20
172.0009700695567
 10
248.1784921359498
 20
171.9936156892821
 10
248.1677189328467
 20
171.9865423627068
 10
248.1568838324064
 20
171.9797519141328
 10
248.1459886828366
 20
171.9732460978806
 10
248.1350353856782
 20
171.9670265982766
 10
248.1240258935352
 20
171.9610950296441
 10
248.1129622077973
 20
171.9554529362902
 10
248.1018463763685
 20
171.950101792497
 10
248.0906804913917
 20
171.9450430025083
 10
248.0794666869738
 20
171.9402779005203
 10
248.068207136914
 20
171.9358077506695
 10
248.0569040524269
 20
171.9316337470229
 10
248.0455596798711
 20
171.927757013565
 10
248.034176298473
 20
171.9241786041889
 10
248.0227562180527
 20
171.9208995026838
 10
248.011301776753
 20
171.9179206227245
 10
247.9998153387613
 20
171.9152428078607
 10
247.9882992920373
 20
171.9128668315055
 10
247.9767560460397
 20
171.910793396924
 10
247.9651880294503
 20
171.9090231372234
 10
247.9535976879011
 20
171.9075566153412
 10
247.9419874817008
 20
171.9063943240341
 10
247.9303598835591
 20
171.9055366858668
 10
247.9187173763134
 20
171.9049840532026
 10
247.9070624506551
 20
171.9047367081899
 10
247.8953976028544
 20
171.9047948627525
 10
247.8837253324881
 20
171.9051586585795
 10
247.8720481401626
 20
171.9058281671118
 10
247.8603685252429
 20
171.9068033895333
 10
247.8486889835769
 20
171.9080842567592
 10
247.837012005222
 20
171.9096706294245
 10
247.8253400721687
 20
171.911562297873
 10
247.8136756561198
 20
171.9137589821228
 10
247.8020212165094
 20
171.9162603317028
 10
247.7903791987293
 20
171.9190659253913
 10
247.7787520323765
 20
171.9221752709399
 10
247.7671421294933
 20
171.9255878048024
 10
247.7555518828155
 20
171.9293028918602
 10
247.7439836640178
 20
171.9333198251476
 10
247.7324398219548
 20
171.9376378255796
 10
247.7209226809101
 20
171.9422560416786
 10
247.709434538839
 20
171.9471735492987
 10
247.6979776656148
 20
171.9523893513544
 10
247.6865543012721
 20
171.9579023775452
 10
247.6751666542528
 20
171.9637114840834
 10
247.6638168996498
 20
171.9698154534192
 10
247.6525071774541
 20
171.9762129939682
 10
247.6412395907978
 20
171.982902739837
 10
247.6300162042
 20
171.9898832505498
 10
247.6188390418112
 20
171.9971530107749
 10
247.6077100856568
 20
172.0047104300512
 10
247.5966312738866
 20
172.0125538425135
 10
247.5856044990143
 20
172.0206815066209
 10
247.5746316061652
 20
172.0290916048813
 10
247.5637143913209
 20
172.0377822435786
 10
247.5528545995644
 20
172.046751452499
 10
247.5420539233233
 20
172.0559971846576
 10
247.5313140006183
 20
172.065517316024
 10
247.520636413303
 20
172.0753096452497
 10
247.5100226853137
 20
172.085371893394
 10
247.4994742809109
 20
172.0957017036495
 10
247.4889926029269
 20
172.1062966410702
 10
247.4785789910079
 20
172.1171541922972
 10
247.4682347198608
 20
172.1282717652838
 10
247.4579609974982
 20
172.1396466890237
 10
247.4477589634819
 20
172.1512762132764
 10
247.4376296871701
 20
172.1631575082942
 10
247.4275741659593
 20
172.1752876645479
 10
247.4175933235306
 20
172.1876636924533
 10
247.4076880080969
 20
172.200282522098
 10
247.3978589906451
 20
172.2131410029686
 10
247.3881069634463
 20
172.2262359038346
 10
247.3784325399637
 20
172.2395639134844
 10
247.3688362558984
 20
172.2531216421476
 10
247.3593185703554
 20
172.2669056229874
 10
247.3498798670084
 20
172.2809123135976
 10
247.3405204552649
 20
172.2951380974969
 10
247.3312405714316
 20
172.3095792856219
 10
247.3220403798806
 20
172.3242321178255
 10
247.3129199742146
 20
172.339092764368
 10
247.3038793784317
 20
172.3541573274137
 10
247.2949185480918
 20
172.3694218425265
 10
247.2860373714814
 20
172.3848822801623
 10
247.2772356707782
 20
172.4005345471661
 10
247.2685132032189
 20
172.4163744882656
 10
247.2598696622621
 20
172.4323978875665
 10
247.2428178221019
 20
172.4649779030504
 10
247.2260764667168
 20
172.4982397108198
 10
247.2096409666837
 20
172.5321475537873
 10
247.1935057840298
 20
172.5666648484105
 10
247.1776645095259
 20
172.6017542325256
 10
247.1621098999825
 20
172.6373776131806
 10
247.146833915541
 20
172.6734962144691
 10
247.1318277569698
 20
172.7100706253639
 10
247.1170819029575
 20
172.7470608475498
 10
247.1025861474079
 20
172.7844263432576
 10
247.0883296367319
 20
172.8221260830985
 10
247.0743009071424
 20
172.8601185938961
 10
247.0604879219222
 20
172.8983620063239
 10
247.0468781083851
 20
172.936814100333
 10
247.0334583943999
 20
172.9754323474161
 10
247.0202152448262
 20
173.0141739521924
 10
246.9942024018638
 20
173.0918549684015
 10
246.9687234224821
 20
173.169511028379
 10
246.9436570730255
 20
173.2467944024945
 10
246.9312396477489
 20
173.2851875542878
 10
246.918878208977
 20
173.3233570825278
 10
246.9065566938336
 20
173.3612596609353
 10
246.8942589407344
 20
173.3988521121274
 10
246.8819687258207
 20
173.4360914491928
 10
246.8696697993864
 20
173.4729349172703
 10
246.8573459223106
 20
173.5093400351239
 10
246.8449809024884
 20
173.5452646367206
 10
246.8325586312591
 20
173.5806669128076
 10
246.8200631198743
 20
173.6155054525295
 10
246.8074785377558
 20
173.6497392871879
 10
246.7947892575031
 20
173.6833279420413
 10
246.7819799037795
 20
173.7162314927364
 10
246.7690354024634
 20
173.7484106220519
 10
246.7625078552541
 20
173.7642164220373
 10
246.7559410297994
 20
173.7798266766412
 10
246.7493331484369
 20
173.795236667235
 10
246.7426824615486
 20
173.8104417237763
 10
246.7359872490922
 20
173.8254372265798
 10
246.7292458221403
 20
173.8402186080925
 10
246.7224565244144
 20
173.8547813546665
 10
246.7156177338212
 20
173.869121008332
 10
246.7087278639903
 20
173.8832331685701
 10
246.7017853658081
 20
173.8971134940869
 10
246.6947887289539
 20
173.9107577045862
 10
246.687736483437
 20
173.9241615825435
 10
246.6806272011317
 20
173.9373209749779
 10
246.6734594973145
 20
173.9502317952263
 10
246.6662320321985
 20
173.9628900247168
 10
246.6589435124697
 20
173.9752917147415
 10
246.6515926928241
 20
173.9874329882298
 10
246.6441783775034
 20
173.999310041521
 10
246.6366994218287
 20
174.0109191461397
 10
246.6291547337397
 20
174.0222566505663
 10
246.6215432753282
 20
174.0333189820115
 10
246.6138640643762
 20
174.0441026481908
 10
246.60611617589
 20
174.0546042390955
 10
246.5982987436368
 20
174.0648204287667
 10
246.5904109616805
 20
174.0747479770699
 10
246.582452085919
 20
174.0843837314659
 10
246.5744214356175
 20
174.0937246287862
 10
246.5663183949477
 20
174.1027676970047
 10
246.5581424145209
 20
174.1115100570121
 10
246.5498930129248
 20
174.1199489243873
 10
246.541569778113
 20
174.1280816110217
 10
246.5331723679681
 20
174.1359055258822
 10
246.5247005101491
 20
174.1434181750467
 10
246.5161540018701
 20
174.1506171616526
 10
246.5075327096682
 20
174.1575001858494
 10
246.4988365691782
 20
174.1640650447481
 10
246.4900655849036
 20
174.1703096323715
 10
246.4812198299917
 20
174.1762319396056
 10
246.4722994460025
 20
174.1818300541488
 10
246.4633046426832
 20
174.1871021604643
 10
246.4542356977418
 20
174.1920465397286
 10
246.4450929566158
 20
174.1966615697829
 10
246.4358768322487
 20
174.2009457250838
 10
246.42658780486
 20
174.2048975766533
 10
246.4172264217182
 20
174.20851579203
 10
246.4077932969125
 20
174.2117991352183
 10
246.3982891111284
 20
174.2147464666408
 10
246.388714611416
 20
174.2173567430869
 10
246.3790706109644
 20
174.219629017664
 10
246.3693579888737
 20
174.221562439749
 10
246.3595776899291
 20
174.2231562549372
 10
246.3497307243713
 20
174.2244098049933
 10
246.3398181676688
 20
174.2253225278028
 10
246.3298411602914
 20
174.2258939573213
 10
246.3198009074841
 20
174.2261237235256
 10
246.3096986790358
 20
174.2260115523639
 10
246.2995358090548
 20
174.2255572657067
 10
246.2893136957397
 20
174.2247607812972
 10
246.2790338011525
 20
174.2236221127012
 10
246.268697650991
 20
174.2221413692585
 10
246.2583068343613
 20
174.2203187560322
 10
246.2478630035505
 20
174.2181545737608
 10
246.2373678737971
 20
174.2156492188073
 10
246.2268232230667
 20
174.2128031831108
 10
246.2162308918222
 20
174.2096170541357
 10
246.2055927827969
 20
174.2060915148232
 10
246.194910860766
 20
174.2022273435416
 10
246.1841871523224
 20
174.1980254140367
 10
246.1734237456432
 20
174.1934866953812
 10
246.1626227901507
 20
174.1886122518082
 10
246.1517864954886
 20
174.1834032418487
 10
246.140917129913
 20
174.1778609168711
 10
246.1300170186178
 20
174.1719866195522
 10
246.1190885420528
 20
174.1657817823452
 10
246.1081341342513
 20
174.15924792595
 10
246.0971562811508
 20
174.1523866577824
 10
246.0861575189146
 20
174.1451996704435
 10
246.0751404322572
 20
174.1376887401896
 10
246.0641076527657
 20
174.1298557254007
 10
246.0530618572216
 20
174.1217025650511
 10
246.0420057659257
 20
174.1132312771783
 10
246.0309421410183
 20
174.1044439573528
 10
246.0198737848048
 20
174.0953427771472
 10
246.0088035380772
 20
174.0859299826049
 10
245.9977342784362
 20
174.0762078927121
 10
245.9866689186152
 20
174.0661788978644
 10
245.9756104048021
 20
174.0558454583375
 10
245.9645617149618
 20
174.0452101027578
 10
245.953525857161
 20
174.0342754265697
 10
245.9425058678896
 20
174.0230440905063
 10
245.9315048103827
 20
174.011518819059
 10
245.9205257729444
 20
173.9997023989461
 10
245.9095718672712
 20
173.9875976775842
 10
245.8986462267727
 20
173.9752075615543
 10
245.8877520048976
 20
173.9625350150745
 10
245.8768923734517
 20
173.9495830584685
 10
245.8660705209267
 20
173.936354766634
 10
245.8552896508175
 20
173.9228532675136
 10
245.8445529799487
 20
173.9090817405631
 10
245.8338637367953
 20
173.8950434152221
 10
245.8232251598065
 20
173.8807415693823
 10
245.8126404957285
 20
173.8661795278582
 10
245.8021129979253
 20
173.8513606608553
 10
245.7916459247053
 20
173.836288382441
 10
245.7812425376412
 20
173.8209661490125
 10
245.7709060998927
 20
173.8053974577675
 10
245.7606398745314
 20
173.7895858451731
 10
245.7504471228611
 20
173.7735348854353
 10
245.7403311027681
 20
173.757248188998
 10
245.7302950672223
 20
173.7407294012104
 10
245.7203422629121
 20
173.7239822011469
 10
245.7104759288971
 20
173.7070103004453
 10
245.7006992952597
 20
173.6898174421425
 10
245.6910155817582
 20
173.6724073995122
 10
245.6814279964773
 20
173.6547839749027
 10
245.6719397344812
 20
173.6369509985728
 10
245.6625539764642
 20
173.6189123275309
 10
245.6532738874047
 20
173.6006718443704
 10
245.6441026152164
 20
173.5822334561079
 10
245.6350432893994
 20
173.5636010930202
 10
245.6260990196927
 20
173.5447787074811
 10
245.6172728947266
 20
173.5257702727993
 10
245.6085679806745
 20
173.5065797820556
 10
245.599987319906
 20
173.4872112469392
 10
245.5915339296361
 20
173.4676686965854
 10
245.5832108005788
 20
173.4479561764138
 10
245.5750208956011
 20
173.4280777469642
 10
245.5669671483714
 20
173.4080374827336
 10
245.5590524620137
 20
173.3878394710149
 10
245.551279707759
 20
173.3674878107328
 10
245.5436517235977
 20
173.3469866112813
 10
245.5361713129306
 20
173.3263399913618
 10
245.5288412432223
 20
173.3055520778189
 10
245.5216642446518
 20
173.2846270044788
 10
245.5146430087667
 20
173.2635689109853
 10
245.5077801871317
 20
173.242381941638
 10
245.5010783899839
 20
173.2210702442297
 10
245.4945401848826
 20
173.1996379688826
 10
245.4881680953631
 20
173.1780892668863
 10
245.4819645995868
 20
173.1564282895344
 10
245.4759321289952
 20
173.1346591869624
 10
245.470073066961
 20
173.1127861069847
 10
245.464389747438
 20
173.0908131939306
 10
245.4588844536177
 20
173.0687445874842
 10
245.4535594165772
 20
173.0465844215189
 10
245.4484168139334
 20
173.0243368229357
 10
245.4434587684931
 20
173.002005910501
 10
245.438687346915
 20
172.9795957936826
 10
245.434104558412
 20
172.9571105714836
 10
245.4297123534963
 20
172.9345543312773
 10
245.4255126227296
 20
172.911931147636
 10
245.4215071954705
 20
172.8892450811664
 10
245.4176978386271
 20
172.8665001773388
 10
245.4140862554035
 20
172.8437004653215
 10
245.4106740840515
 20
172.8208499568125
 10
245.4074628966189
 20
172.7979526448705
 10
245.4044541976981
 20
172.7750125027485
 10
245.4016494231792
 20
172.7520334827248
 10
245.399049938995
 20
172.7290195149364
 10
245.3966570398734
 20
172.7059745062094
 10
245.3944719480855
 20
172.6829023388935
 10
245.3924958121957
 20
172.6598068696922
 10
245.3907297058119
 20
172.6366919284955
 10
245.3891746263321
 20
172.6135613172123
 10
245.3878314936993
 20
172.5904188086034
 10
245.3867011491436
 20
172.5672681451111
 10
245.385784353939
 20
172.5441130376944
 10
245.3850817881485
 20
172.520957164659
 10
245.3845940493736
 20
172.4978041704904
 10
245.3843216515067
 20
172.4746576646859
 10
245.3842650234781
 20
172.4515212205872
 10
245.3844245080045
 20
172.4283983742115
 10
245.3848003603428
 20
172.4052926230841
 10
245.3853927470358
 20
172.3822074250714
 10
245.386201744662
 20
172.3591461972119
 10
245.3872273385866
 20
172.3361123145495
 10
245.3884694217102
 20
172.3131091089644
 10
245.3899277932189
 20
172.2901398680055
 10
245.3916021573329
 20
172.2672078337242
 10
245.393492122055
 20
172.244316201504
 10
245.3955971979236
 20
172.2214681188952
 10
245.3979167967592
 20
172.1986666844445
 10
245.4004502304134
 20
172.1759149465295
 10
245.4031967095219
 20
172.1532159021897
 10
245.4061553422494
 20
172.1305724959585
 10
245.409325133045
 20
172.1079876186963
 10
245.4127049815902
 20
172.0854641065447
 10
245.4162936830267
 20
172.0630047406431
 10
245.4200899293395
 20
172.0406122475395
 10
245.4240923108812
 20
172.0182892996882
 10
245.4282993179023
 20
171.9960385159465
 10
245.4327093420758
 20
171.9738624620747
 10
245.4373206780268
 20
171.9517636512305
 10
245.4421315248605
 20
171.9297445444698
 10
245.4471399876856
 20
171.9078075512424
 10
245.4523440791462
 20
171.8859550298907
 10
245.4577417209478
 20
171.8641892881469
 10
245.4633307453843
 20
171.8425125836307
 10
245.469108896863
 20
171.8209271243472
 10
245.4750738334384
 20
171.7994350691845
 10
245.4812231283331
 20
171.7780385284119
 10
245.4875542714681
 20
171.7567395641767
 10
245.4940646709915
 20
171.7355401910016
 10
245.5007516548025
 20
171.7144423762846
 10
245.5076124720823
 20
171.6934480407946
 10
245.5146442948189
 20
171.6725590591685
 10
245.5218442193356
 20
171.651777260412
 10
245.5292092678193
 20
171.6311044283939
 10
245.5444224639087
 20
171.5900925773604
 10
245.5602586358733
 20
171.5495368932268
 10
245.5766914480556
 20
171.5094500728373
 10
245.5936935252336
 20
171.4698441386484
 10
245.611236501498
 20
171.4307304546539
 10
245.6292910691291
 20
171.392119742312
 10
245.6478270274748
 20
171.3540220964714
 10
245.6668133318266
 20
171.3164470012969
 10
245.6862181422725
 20
171.2794033461828
 10
245.7060088709711
 20
171.2428994408633
 10
245.7261522231703
 20
171.2069430273361
 10
245.7466142344199
 20
171.1715412898489
 10
245.7673603075093
 20
171.1367008647462
 10
245.7883552494056
 20
171.1024278503159
 10
245.8095633081883
 20
171.0687278166336
 10
245.830948209989
 20
171.0356058154101
 10
245.8524731959259
 20
171.0030663898365
 10
245.8741010590425
 20
170.9711135844312
 10
245.8957941812458
 20
170.9397509548844
 10
245.9175145702385
 20
170.9089815779056
 10
245.9392238964616
 20
170.8788080610683
 10
245.9608835300284
 20
170.8492325526575
 10
245.982454577662
 20
170.8202567515143
 10
246.003897919632
 20
170.7918819168821
 10
246.0251742466919
 20
170.7641088782539
 10
246.0462440970176
 20
170.7369380452166
 10
246.0670678931413
 20
170.7103694172982
 10
246.0876059788914
 20
170.6844025938124
 10
246.1078186566632
 20
170.6590367838128
 10
246.1276662288453
 20
170.6342708173483
 10
246.147109045625
 20
170.6101031587303
 10
246.1661075542737
 20
170.5865319202645
 10
246.1846223484559
 20
170.5635548759892
 10
246.1936860903052
 20
170.5522883919455
 10
246.2026142175354
 20
170.5411694754128
 10
246.2114018674843
 20
170.5301977591263
 10
246.2200441958853
 20
170.5193728572551
 10
246.2285363784074
 20
170.5086943658321
 10
246.2368736121963
 20
170.4981618631829
 10
246.2450511174142
 20
170.4877749103563
 10
246.2530641387832
 20
170.4775330515514
 10
246.2609079471232
 20
170.4674358145491
 10
246.2685778408951
 20
170.4574827111402
 10
246.2760691477396
 20
170.4476732375553
 10
246.2833772260214
 20
170.4380068748942
 10
246.2904974663658
 20
170.4284830895542
 10
246.2974252932025
 20
170.4191013336608
 10
246.3041561663054
 20
170.4098610454963
 10
246.3106855823348
 20
170.4007616499288
 10
246.3170090763762
 20
170.3918025588432
 10
246.3231222234824
 20
170.3829831715682
 10
246.329020640214
 20
170.374302875307
 10
246.3346999861819
 20
170.3657610455663
 10
246.340155965585
 20
170.3573570465865
 10
246.3453843287542
 20
170.3490902317693
 10
246.35038087369
 20
170.3409599441084
 10
246.3551414476076
 20
170.3329655166185
 10
246.3596619484749
 20
170.3251062727642
 10
246.3639383265522
 20
170.3173815268904
 10
246.3679665859373
 20
170.3097905846499
 10
246.3717427861028
 20
170.3023327434345
 10
246.3752630434372
 20
170.2950072928036
 10
246.3785235326923
 20
170.2878135148928
 10
246.381520487793
 20
170.2807506846898
 10
246.3842502020431
 20
170.2738180701811
 10
246.3867090282453
 20
170.2670149324816
 10
246.3888933788265
 20
170.2603405259644
 10
246.3907997259589
 20
170.2537940983892
 10
246.3924246016816
 20
170.2473748910333
 10
246.3937645980251
 20
170.2410821388205
 10
246.3948163671314
 20
170.234915070451
 10
246.3955766213794
 20
170.2288729085296
 10
246.3960421335034
 20
170.2229548696975
 10
246.39620973672
 20
170.2171601647602
 10
246.3960763248472
 20
170.2114879988174
 10
246.3956388524275
 20
170.2059375713929
 10
246.3948943348519
 20
170.2005080765637
 10
246.3938398484813
 20
170.1951987030902
 10
246.3924725307681
 20
170.1900086345452
 10
246.3907895803795
 20
170.1849370494431
 10
246.3887882573204
 20
170.1799831213707
 10
246.3864658830556
 20
170.1751460191161
 10
246.3838198406312
 20
170.1704249067972
 10
246.380847574799
 20
170.1658189439931
 10
246.3775465921367
 20
170.1613272858722
 10
246.3739144611727
 20
170.1569490833234
 10
246.3699488125053
 20
170.1526834830833
 10
246.36564733893
 20
170.1485296278679
 10
246.3610077955563
 20
170.1444866565007
 10
246.3560279999356
 20
170.1405537040437
 10
246.3507058321787
 20
170.1367299019255
 10
246.3450392350824
 20
170.1330143780712
 10
246.3390262142487
 20
170.1294062570331
 10
246.3326648382097
 20
170.125904660119
 10
246.3259532385483
 20
170.1225087055217
 10
246.3188896100226
 20
170.1192175084498
 10
246.3114722106854
 20
170.1160301812558
 10
246.3036993620098
 20
170.1129458335669
 10
246.2955694490088
 20
170.1099635724132
 10
246.2870809203614
 20
170.1070825023587
 10
246.2782322885305
 20
170.1043017256298
 10
246.269022129847
 20
170.1016203422381
 10
246.2594490843105
 20
170.0990374500492
 10
246.2495118551141
 20
170.0965521448038
 10
246.2392092081352
 20
170.0941635201291
 10
246.2285399714253
 20
170.0918706675524
 10
246.2175030346962
 20
170.0896726765123
 10
246.2060973488136
 20
170.0875686343737
 10
246.1943219252825
 20
170.0855576264376
 10
246.1821758357383
 20
170.083638735956
 10
246.1696582114366
 20
170.0818110441429
 10
246.1567682427407
 20
170.0800736301884
 10
246.1435051786116
 20
170.0784255712697
 10
246.1298683260986
 20
170.0768659425657
 10
246.1158570498246
 20
170.0753938172678
 10
246.1014707714814
 20
170.0740082665926
 10
246.0867089693127
 20
170.0727083597963
 10
246.0715711776077
 20
170.0714931641859
 10
246.056056986188
 20
170.0703617451312
 10
246.0401660398984
 20
170.0693131660795
 10
246.0238980380949
 20
170.068346488566
 10
246.0072527341336
 20
170.0674607722284
 10
245.9902299348623
 20
170.0666550748178
 10
245.9728295001065
 20
170.0659284522122
 10
245.955051342162
 20
170.0652799584296
 10
245.9368954252814
 20
170.064708645639
 10
245.9183617651635
 20
170.064213564175
 10
245.8994504284455
 20
170.063793762549
 10
245.880161532188
 20
170.0634482874622
 10
245.8604952433674
 20
170.0631761838185
 10
245.8404517783642
 20
170.0629764947371
 10
245.8200314024509
 20
170.0628482615642
 10
245.7992344292848
 20
170.0627905238871
 10
245.7780612203922
 20
170.0628023195463
 10
245.7565121846617
 20
170.0628826846467
 10
245.7345877778319
 20
170.0630306535729
 10
245.7122885019802
 20
170.0632452589989
 10
245.6896149050137
 20
170.0635255319033
 10
245.6665675801562
 20
170.0638705015805
 10
245.6431471654388
 20
170.0642791956531
 10
245.6193543432025
 20
170.0647506400877
 10
245.5951898396846
 20
170.065283859225
 10
245.5706544246965
 20
170.0658778758262
 10
245.5457489113109
 20
170.06653171112
 10
245.5204741555483
 20
170.0672443848523
 10
245.4948310560681
 20
170.0680149153338
 10
245.4688205538504
 20
170.0688423194886
 10
245.4424436318898
 20
170.0697256129018
 10
245.4157013148788
 20
170.0706638098676
 10
245.3885946688977
 20
170.0716559234388
 10
245.361124801102
 20
170.0727009654739
 10
245.3332928594091
 20
170.0737979466857
 10
245.3051000321872
 20
170.0749458766897
 10
245.2765475479428
 20
170.0761437640516
 10
245.2476366750063
 20
170.0773906163371
 10
245.2183687212232
 20
170.0786854401577
 10
245.188745033639
 20
170.0800272412213
 10
245.1587669981892
 20
170.0814150243793
 10
245.1284360393831
 20
170.0828477936751
 10
245.0977536199976
 20
170.0843245523925
 10
245.0667212407588
 20
170.0858443031031
 10
245.0353404400323
 20
170.087406047715
 10
245.0036127935113
 20
170.089008787522
 10
244.9715399139056
 20
170.0906515232504
 10
244.9391234506244
 20
170.092333255108
 10
244.9063650894692
 20
170.094052982832
 10
244.8732665523182
 20
170.095809705738
 10
244.839829596816
 20
170.0976024227669
 10
244.8060560160608
 20
170.099430132534
 10
244.7719476382911
 20
170.1012918333775
 10
244.7375063265729
 20
170.1031865234062
 10
244.7027339784909
 20
170.1051132005476
 10
244.6676325258323
 20
170.1070708625965
 10
244.6322039342763
 20
170.1090585072637
 10
244.5964502030812
 20
170.1110751322232
 10
244.5603733647729
 20
170.1131197351607
 10
244.5239754848325
 20
170.1151913138225
 10
244.487258661382
 20
170.1172888660628
 10
244.4502250248753
 20
170.1194113898935
 10
244.4128767377778
 20
170.121557883529
 10
244.3752159942156
 20
170.1237273454296
 10
244.3372450195877
 20
170.1259187743343
 10
244.2989660701712
 20
170.1281311692949
 10
244.2603814327307
 20
170.1303635297095
 10
244.2214934241233
 20
170.1326148553548
 10
244.1823043909035
 20
170.1348841464214
 10
244.1428167089359
 20
170.1371704035455
 10
244.1030327829965
 20
170.1394726278438
 10
244.0629550463812
 20
170.1417898209455
 10
244.022585960514
 20
170.1441209850269
 10
243.9819280145524
 20
170.1464651228438
 10
243.9409837249946
 20
170.148821237766
 10
243.8997556352869
 20
170.1511883338102
 10
243.858246315429
 20
170.1535654156729
 10
243.8164583615838
 20
170.1559514887646
 10
243.7743943956802
 20
170.1583455592436
 10
243.7320570650232
 20
170.1607466340479
 10
243.6894490419
 20
170.16315372093
 10
243.6465730231853
 20
170.1655658284896
 10
243.6034317299508
 20
170.167981966208
 10
243.5600279070691
 20
170.17040114448
 10
243.5163643228229
 20
170.1728223746485
 10
243.4724437685114
 20
170.1752446690373
 10
243.4282690580553
 20
170.1776670409858
 10
243.3838430276065
 20
170.1800885048797
 10
243.3391685351526
 20
170.1825080761878
 10
243.2942484601244
 20
170.1849247714933
 10
243.2490857030046
 20
170.1873376085271
 10
243.2036831849306
 20
170.1897456062024
 10
243.1580438473069
 20
170.1921477846476
 10
243.1121706514052
 20
170.1945431652399
 10
243.0660665779773
 20
170.1969307706376
 10
243.0197346268596
 20
170.1993096248153
 10
242.9731778165788
 20
170.2016787530966
 10
242.9263991839601
 20
170.2040371821871
 10
242.8794017837342
 20
170.2063839402075
 10
242.8321886881423
 20
170.2087180567288
 10
242.7847629865464
 20
170.211038562804
 10
242.7371277850348
 20
170.2133444910026
 10
242.6892862060464
 20
170.2156348754473
 10
242.6412413880086
 20
170.2179087518531
 10
242.5929964849761
 20
170.2201651575677
 10
242.5445546662717
 20
170.222403131612
 10
242.4470930333129
 20
170.2268199493721
 10
242.3488821353729
 20
170.2311515522668
 10
242.2499478399149
 20
170.2353903167477
 10
242.1503162240947
 20
170.2395286498666
 10
242.050013563233
 20
170.2435589905518
 10
241.9490663192867
 20
170.2474738108893
 10
241.8475011293178
 20
170.2512656174019
 10
241.7453447939649
 20
170.2549269523263
 10
241.6426242659161
 20
170.2584503948955
 10
241.5393666383778
 20
170.2618285626151
 10
241.4355991335465
 20
170.265054112545
 10
241.3313490910785
 20
170.2681197425766
 10
241.2266439565629
 20
170.2710181927131
 10
241.1215112699913
 20
170.2737422463485
 10
241.0159786542279
 20
170.2762847315466
 10
240.9100738034831
 20
170.2786385223205
 10
240.8038244717814
 20
170.2807965399118
 10
240.6972584614265
 20
170.2827517540669
 10
240.5904036113732
 20
170.2844971842814
 10
240.483287785445
 20
170.2860259009903
 10
240.3759388605202
 20
170.2873310267449
 10
240.2683847147105
 20
170.2884057373904
 10
240.160653215546
 20
170.2892432632428
 10
240.0527722081556
 20
170.289836890266
 10
239.9447695034511
 20
170.2901799612481
 10
239.8366728663078
 20
170.2902658769802
 10
239.7285100037479
 20
170.2900880974316
 10
239.6203085531205
 20
170.2896401429277
 10
239.5120960702878
 20
170.2889155953275
 10
239.4039000178029
 20
170.2879080991998
 10
239.295747753095
 20
170.2866113630009
 10
239.1876665166518
 20
170.2850191602512
 10
239.0796834201978
 20
170.2831253307124
 10
238.9718254348822
 20
170.2809237815647
 10
238.8641193794574
 20
170.2784084885839
 10
238.756591908462
 20
170.2755734973187
 10
238.6492695004031
 20
170.2724129242672
 10
238.5421784459052
 20
170.2689209580631
 10
238.4353448357282
 20
170.2650918607044
 10
238.3287945486952
 20
170.2609199688043
 10
238.2225532396111
 20
170.2563996948463
 10
238.1166463271854
 20
170.2515255284405
 10
238.0110989819554
 20
170.2462920375766
 10
237.905936114202
 20
170.2406938698807
 10
237.8011823618747
 20
170.2347257538695
 10
237.6968620785119
 20
170.2283825002045
 10
237.5929993211606
 20
170.2216590029478
 10
237.489617838298
 20
170.2145502408169
 10
237.3867410577548
 20
170.2070512784404
 10
237.2843920746312
 20
170.199157267611
 10
237.1825936392236
 20
170.1908634485417
 10
237.0813681449406
 20
170.1821651511212
 10
236.9807376162275
 20
170.1730577961685
 10
236.8807236964858
 20
170.1635368966865
 10
236.7813476359945
 20
170.153598059119
 10
236.7319053332124
 20
170.1484705664257
 10
236.6826302798302
 20
170.1432369846045
 10
236.6335250161893
 20
170.1378967912995
 10
236.5845920558178
 20
170.1324494702279
 10
236.5358338850832
 20
170.1268945112169
 10
236.4872529628569
 20
170.1212314102366
 10
236.4388517201713
 20
170.1154596694385
 10
236.3906325598789
 20
170.1095787971891
 10
236.3425978563148
 20
170.1035883081057
 10
236.2947499549545
 20
170.0974877230924
 10
236.2470911720742
 20
170.0912765693748
 10
236.1996237944115
 20
170.0849543805361
 10
236.152350078823
 20
170.0785206965528
 10
236.1052722519474
 20
170.0719750638287
 10
236.0583925098611
 20
170.0653170352328
 10
236.0117130177425
 20
170.0585461701318
 10
235.9652359095292
 20
170.0516620344288
 10
235.9189632875779
 20
170.0446642005961
 10
235.8728972223241
 20
170.0375522477117
 10
235.8270397519441
 20
170.0303257614955
 10
235.7813928820115
 20
170.0229843343433
 10
235.73595858516
 20
170.015527565364
 10
235.6907388007413
 20
170.007955060413
 10
235.6457354344856
 20
170.0002664321294
 10
235.6009503581608
 20
169.9924612999708
 10
235.5563854092342
 20
169.9845392902494
 10
235.5120423905299
 20
169.9765000361656
 10
235.4679230698895
 20
169.9683431778462
 10
235.4240291798338
 20
169.9600683623773
 10
235.3803624172189
 20
169.9516752438424
 10
235.3369244428988
 20
169.9431634833547
 10
235.2937168813852
 20
169.9345327490955
 10
235.2507413205053
 20
169.9257827163481
 10
235.2079993110647
 20
169.9169130675341
 10
235.1654923665036
 20
169.9079234922472
 10
235.1232219625596
 20
169.8988136872918
 10
235.0811895369248
 20
169.8895833567145
 10
235.0393964889107
 20
169.8802322118433
 10
234.9978441791001
 20
169.8707599713204
 10
234.9565339290138
 20
169.8611663611396
 10
234.9154670207684
 20
169.8514511146802
 10
234.874644696769
 20
169.8416139727406
 10
234.8340681596764
 20
169.8316546835519
 10
234.7937385726727
 20
169.8215730027669
 10
234.7536570597772
 20
169.8113686934492
 10
234.7138247061563
 20
169.8010415260591
 10
234.6742425584411
 20
169.7905912784411
 10
234.6349116250376
 20
169.7800177358118
 10
234.595832876444
 20
169.7693206907458
 10
234.5570072455624
 20
169.7584999431639
 10
234.5184356280132
 20
169.7475553003206
 10
234.4801188824476
 20
169.7364865767899
 10
234.4420578308641
 20
169.7252935944535
 10
234.4042532589212
 20
169.7139761824882
 10
234.366705916249
 20
169.7025341773524
 10
234.329416516766
 20
169.6909674227736
 10
234.2923857389919
 20
169.6792757697358
 10
234.2556142263604
 20
169.6674590764665
 10
234.2191025875357
 20
169.6555172084238
 10
234.1828513967223
 20
169.6434500382838
 10
234.1468611939818
 20
169.6312574459273
 10
234.1111324855469
 20
169.6189393184287
 10
234.0756657441334
 20
169.6064955500403
 10
234.0404614092544
 20
169.5939260421818
 10
234.0055198875348
 20
169.5812307034274
 10
233.9708415530254
 20
169.5684094494913
 10
233.9364267475157
 20
169.5554622032171
 10
233.9022757808494
 20
169.5423888945631
 10
233.8683889312338
 20
169.5291894605905
 10
233.8347664455614
 20
169.5158638454509
 10
233.8014085397145
 20
169.5024120003724
 10
233.7683153988867
 20
169.4888338836476
 10
233.7354871778924
 20
169.4751294606207
 10
233.7029240014826
 20
169.4612987036745
 10
233.6706259646574
 20
169.447341592218
 10
233.6385931329799
 20
169.433258112673
 10
233.6068255428916
 20
169.4190482584618
 10
233.5753232020242
 20
169.4047120299938
 10
233.5440860895147
 20
169.3902494346538
 10
233.5131141563181
 20
169.3756604867877
 10
233.4824073255217
 20
169.3609452076915
 10
233.451965492635
 20
169.3461036255976
 10
233.4217885258678
 20
169.3311357756646
 10
233.3918762664021
 20
169.316041699966
 10
233.3622285286593
 20
169.3008214474787
 10
233.3328451005784
 20
169.2854750740726
 10
233.303725743881
 20
169.2700026424985
 10
233.2748701943469
 20
169.2544042223777
 10
233.2462781620842
 20
169.2386798901914
 10
233.2179493318017
 20
169.2228297292672
 10
233.1898833630787
 20
169.2068538297713
 10
233.162079890639
 20
169.1907522886948
 10
233.1345385246201
 20
169.1745252098435
 10
233.1072588508459
 20
169.1581727038275
 10
233.0802404310987
 20
169.1416948880483
 10
233.0534828033899
 20
169.1250918866898
 10
233.0269854822305
 20
169.108363830705
 10
233.000747958906
 20
169.0915108578067
 10
232.9747697017442
 20
169.0745331124558
 10
232.9490501563885
 20
169.0574307458491
 10
232.9235887460708
 20
169.04020391591
 10
232.8983848718798
 20
169.0228527872761
 10
232.8734379130353
 20
169.0053775312889
 10
232.8487472271574
 20
168.9877783259813
 10
232.8243121505412
 20
168.9700553560679
 10
232.8001319984253
 20
168.952208812934
 10
232.7762060652648
 20
168.9342388946233
 10
232.7525336250028
 20
168.9161458058267
 10
232.7291139313408
 20
168.8979297578729
 10
232.7059462180118
 20
168.8795909687162
 10
232.6830296990521
 20
168.861129662924
 10
232.6603635690695
 20
168.842546071669
 10
232.6379470035194
 20
168.8238404327142
 10
232.6157791589737
 20
168.8050129904054
 10
232.5938591733918
 20
168.7860639956568
 10
232.5721861663948
 20
168.766993705943
 10
232.5507592395334
 20
168.747802385285
 10
232.5295774765635
 20
168.7284903042416
 10
232.5086399437135
 20
168.7090577398962
 10
232.4879456899616
 20
168.6895049758466
 10
232.4674937473158
 20
168.6698323021951
 10
232.4472831311132
 20
168.6500400155381
 10
232.4273128403188
 20
168.6301284189559
 10
232.4075818578229
 20
168.6100978220032
 10
232.388089150741
 20
168.5899485407007
 10
232.3688336707145
 20
168.569680897523
 10
232.349814354205
 20
168.5492952213902
 10
232.331030122798
 20
168.5287918476592
 10
232.3124798835006
 20
168.5081711181113
 10
232.2941625290377
 20
168.4874333809446
 10
232.2760769381547
 20
168.466578990764
 10
232.2582219759137
 20
168.44560830857
 10
232.2405964939942
 20
168.4245217017507
 10
232.223199330991
 20
168.4033195440719
 10
232.2060293127142
 20
168.3820022156657
 10
232.1890852524858
 20
168.360570103022
 10
232.1723659514412
 20
168.3390235989797
 10
232.1558701988272
 20
168.317363102715
 10
232.139596772301
 20
168.2955890197323
 10
232.1235444382286
 20
168.2737017618558
 10
232.1077119519843
 20
168.2517017472171
 10
232.0920980582506
 20
168.2295894002487
 10
232.0767014913134
 20
168.2073651516709
 10
232.0615209753666
 20
168.1850294384851
 10
232.0465552248053
 20
168.1625827039622
 10
232.0318029445301
 20
168.1400253976333
 10
232.0172628302408
 20
168.1173579752794
 10
232.0029335687394
 20
168.0945808989234
 10
231.988813838228
 20
168.0716946368183
 10
231.9749023086056
 20
168.0486996634388
 10
231.9611976417706
 20
168.0255964594707
 10
231.9476984919152
 20
168.0023855118021
 10
231.9344035058309
 20
167.9790673135131
 10
231.9213113231997
 20
167.9556423638653
 10
231.9084205768986
 20
167.9321111682936
 10
231.895729893297
 20
167.9084742383955
 10
231.8832378925551
 20
167.8847320919214
 10
231.8709431889227
 20
167.8608852527655
 10
231.8588443910371
 20
167.8369342509547
 10
231.846940102205
 20
167.8128796226373
 10
231.8352289206637
 20
167.7887219100698
 10
231.8237094398449
 20
167.7644616616002
 10
231.8123802486313
 20
167.7400994316549
 10
231.8012399316208
 20
167.7156357807244
 10
231.7902870693842
 20
167.6910712753474
 10
231.7795202387259
 20
167.6664064880975
 10
231.7689380129451
 20
167.6416419975681
 10
231.7585389620974
 20
167.6167783883576
 10
231.7483216532524
 20
167.591816251055
 10
231.7382846507554
 20
167.5667561822261
 10
231.7284265164874
 20
167.5415987843974
 10
231.7187458101282
 20
167.5163446660431
 10
231.7092410894117
 20
167.4909944415694
 10
231.699910910391
 20
167.4655487313006
 10
231.6907538276964
 20
167.4400081614639
 10
231.6817683947956
 20
167.4143733641758
 10
231.6643066880032
 20
167.3628236450662
 10
231.6475142044186
 20
167.3109047481221
 10
231.6313793565211
 20
167.2586219407812
 10
231.6158905631984
 20
167.2059805833032
 10
231.6010362580789
 20
167.1529861283018
 10
231.586804897865
 20
167.0996441202797
 10
231.5731849706641
 20
167.0459601951631
 10
231.5601650043224
 20
166.9919400798342
 10
231.5477335747593
 20
166.9375895916654
 10
231.5358793142968
 20
166.8829146380538
 10
231.5245909199973
 20
166.8279212159555
 10
231.5138571622984
 20
166.7726154114656
 10
231.503666894991
 20
166.7170033996091
 10
231.4940090661323
 20
166.6610914442783
 10
231.4848727290357
 20
166.6048858981778
 10
231.4762470532599
 20
166.5483932027755
 10
231.468121335598
 20
166.4916198882494
 10
231.4604850110715
 20
166.4345725734354
 10
231.4533276639167
 20
166.3772579657758
 10
231.4466390385767
 20
166.3196828612684
 10
231.4404090506901
 20
166.2618541444121
 10
231.434627798084
 20
166.2037787881576
 10
231.429285571761
 20
166.1454638538546
 10
231.4243728668915
 20
166.0869164911985
 10
231.4198803938019
 20
166.0281439381807
 10
231.4157990889682
 20
165.9691535210361
 10
231.4121201260018
 20
165.9099526541895
 10
231.4088349266434
 20
165.8505488402065
 10
231.4059351717497
 20
165.7909496697387
 10
231.4034128122879
 20
165.7311628214745
 10
231.4012600801107
 20
165.6711960620515
 10
231.3994694956352
 20
165.6110572454719
 10
231.3980338701257
 20
165.5507543116508
 10
231.39694630654
 20
165.4902952847328
 10
231.3962002003473
 20
165.4296882714042
 10
231.3957892403536
 20
165.3689414592054
 10
231.3957074095143
 20
165.3080631148438
 10
231.3959489857608
 20
165.2470615825054
 10
231.3965085428133
 20
165.185945282168
 10
231.3973809510081
 20
165.1247227079132
 10
231.3985613781094
 20
165.0634024262392
 10
231.4000452901362
 20
165.0019930743725
 10
231.4018284521766
 20
164.9405033585806
 10
231.4039069292106
 20
164.8789420524853
 10
231.4062770869288
 20
164.8173179953735
 10
231.4089355925527
 20
164.7556400905106
 10
231.4118794156531
 20
164.6939173034535
 10
231.4151058289714
 20
164.6321586603617
 10
231.4186124092378
 20
164.5703732463099
 10
231.4223970379821
 20
164.5085702035999
 10
231.4264579014698
 20
164.4467587299309
 10
231.4307934865795
 20
164.3849480759253
 10
231.4354025738503
 20
164.3231475422001
 10
231.440284230271
 20
164.2613664764004
 10
231.4454378020707
 20
164.1996142702309
 10
231.4508629075126
 20
164.1379003564883
 10
231.4565594296827
 20
164.0762342060949
 10
231.4625275092839
 20
164.0146253251291
 10
231.4687675374248
 20
163.953083251859
 10
231.4752801484132
 20
163.8916175537739
 10
231.482066212547
 20
163.8302378246179
 10
231.4891268289048
 20
163.7689536814207
 10
231.4964633181376
 20
163.7077747615316
 10
231.5040772152608
 20
163.6467107196502
 10
231.5119702624444
 20
163.5857712248598
 10
231.5201444018058
 20
163.5249659576594
 10
231.5286017682015
 20
163.4643046069961
 10
231.5373446820158
 20
163.403796867298
 10
231.5463756419548
 20
163.3434524355049
 10
231.5556973178805
 20
163.2832810081096
 10
231.5653125443123
 20
163.2232922782899
 10
231.5752243151003
 20
163.1634959332149
 10
231.5854357784213
 20
163.1039016513965
 10
231.5959502317786
 20
163.044519100039
 10
231.6067711170027
 20
162.9853579323927
 10
231.6179020152548
 20
162.9264277851046
 10
231.6293466420224
 20
162.8677382755713
 10
231.6411088421256
 20
162.809298999289
 10
231.6531925847135
 20
162.7511195272075
 10
231.6656019582669
 20
162.6932094030796
 10
231.6783411656009
 20
162.6355781408143
 10
231.691414518861
 20
162.5782352218285
 10
231.704826434528
 20
162.5211900923982
 10
231.7185814284179
 20
162.4644521610106
 10
231.7326841106812
 20
162.4080307957155
 10
231.7471391808041
 20
162.3519353214776
 10
231.7619514226119
 20
162.2961750175283
 10
231.777125699265
 20
162.2407591147163
 10
231.7926669482641
 20
162.1856967928608
 10
231.8085801763715
 20
162.1309971780994
 10
231.8248704541906
 20
162.0766693402229
 10
231.8415429104891
 20
162.0227222900001
 10
231.8586027265076
 20
161.9691649765029
 10
231.876055130258
 20
161.9160062844276
 10
231.8939053908317
 20
161.8632550314214
 10
231.9121588127025
 20
161.8109199654047
 10
231.9308207300281
 20
161.7590097618961
 10
231.9498965009577
 20
161.7075330213349
 10
231.9693915019341
 20
161.6564982664061
 10
231.989311121997
 20
161.6059139393646
 10
232.009660757089
 20
161.5557883993575
 10
232.0304458043561
 20
161.5061299197492
 10
232.051671656456
 20
161.4569466854459
 10
232.0733436958581
 20
161.4082467902171
 10
232.0954672891512
 20
161.3600382340228
 10
232.1180477813437
 20
161.3123289203338
 10
232.1410904901693
 20
161.2651266534592
 10
232.1646007003918
 20
161.2184391358667
 10
232.1885836581035
 20
161.1722739655055
 10
232.2130445649694
 20
161.1266386330512
 10
232.2379885723622
 20
161.0815405190287
 10
232.2634207754755
 20
161.036986890896
 10
232.2893462074275
 20
160.9929849001286
 10
232.3157698333723
 20
160.9495415793036
 10
232.3426965446076
 20
160.9066638391848
 10
232.3701311526845
 20
160.8643584658058
 10
232.3980783835117
 20
160.8226321175549
 10
232.4122456844377
 20
160.8019881229779
 10
232.4265428714699
 20
160.781491322259
 10
232.4409705086381
 20
160.7611425104973
 10
232.4555291535144
 20
160.7409424742685
 10
232.4702193570291
 20
160.7208919915323
 10
232.485041663287
 20
160.7009918315411
 10
232.4999966093844
 20
160.6812427547503
 10
232.5150847252236
 20
160.6616455127259
 10
232.5303065333293
 20
160.6422008480536
 10
232.545662548663
 20
160.6229094942478
 10
232.561153278442
 20
160.6037721756612
 10
232.5767792219534
 20
160.5847896073919
 10
232.592540870369
 20
160.5659624951949
 10
232.6084387065626
 20
160.5472915353877
 10
232.6244732049272
 20
160.5287774147627
 10
232.6406448311872
 20
160.5104208104932
 10
232.656954042217
 20
160.4922223900441
 10
232.6734012858577
 20
160.4741828110793
 10
232.6899870007292
 20
160.4563027213724
 10
232.7067116160506
 20
160.438582758714
 10
232.7235755514519
 20
160.4210235508213
 10
232.7405792167953
 20
160.4036257152475
 10
232.7577230120094
 20
160.3863898593025
 10
232.7750073269502
 20
160.3693165799854
 10
232.7924325412635
 20
160.3524064639187
 10
232.8099990242548
 20
160.3356600872857
 10
232.8277071347494
 20
160.3190780157644
 10
232.8455572209594
 20
160.3026608044636
 10
232.8635496203499
 20
160.2864089978586
 10
232.8816846595002
 20
160.2703231297252
 10
232.8999626539734
 20
160.2544037230772
 10
232.9183839081769
 20
160.2386512900996
 10
232.936948715231
 20
160.2230663320859
 10
232.9556573568326
 20
160.2076493393726
 10
232.9745101031172
 20
160.1924007912746
 10
232.993507212529
 20
160.1773211560204
 10
233.0126489316826
 20
160.1624108906891
 10
233.0319354952274
 20
160.1476704411428
 10
233.0513671257163
 20
160.1331002419658
 10
233.0709440334647
 20
160.1187007163957
 10
233.0906664164216
 20
160.1044722762635
 10
233.1105344600307
 20
160.0904153219245
 10
233.1305483370959
 20
160.0765302421977
 10
233.1507082076467
 20
160.0628174142982
 10
233.1710142188047
 20
160.0492772037739
 10
233.1914665046447
 20
160.0359099644411
 10
233.2120651860633
 20
160.0227160383196
 10
233.2328103706421
 20
160.0096957555677
 10
233.2537021525138
 20
159.9968494344187
 10
233.2747406122238
 20
159.9841773811151
 10
233.2959258166007
 20
159.9716798898448
 10
233.3172578186159
 20
159.9593572426757
 10
233.3387366572522
 20
159.9472097094928
 10
233.3603623573662
 20
159.9352375479316
 10
233.3821349295552
 20
159.9234410033149
 10
233.4040543700214
 20
159.9118203085868
 10
233.4261206604354
 20
159.9003756842506
 10
233.4483337678036
 20
159.8891073383011
 10
233.470693644333
 20
159.8780154661625
 10
233.4932002272921
 20
159.867100250623
 10
233.5158534388912
 20
159.8563618617734
 10
233.5386531862449
 20
159.8458004569979
 10
233.5615993614715
 20
159.835416181021
 10
233.5846918418061
 20
159.8252091659742
 10
233.6079304897231
 20
159.8151795314568
 10
233.631315153055
 20
159.8053273846012
 10
233.6548456651098
 20
159.7956528201357
 10
233.6785218447921
 20
159.786155920447
 10
233.7023434967194
 20
159.7768367556456
 10
233.7263104113442
 20
159.7676953836278
 10
233.7504223650697
 20
159.7587318501396
 10
233.7746791203723
 20
159.7499461888402
 10
233.799080425917
 20
159.7413384213648
 10
233.8236260166797
 20
159.7329085573891
 10
233.8483156140634
 20
159.7246565946926
 10
233.8731489260194
 20
159.716582519221
 10
233.898125647165
 20
159.7086863051507
 10
233.9232454589025
 20
159.700967914952
 10
233.9485080295382
 20
159.6934272994522
 10
233.9739130144027
 20
159.6860643978995
 10
233.999460055969
 20
159.6788791380259
 10
234.0251487839696
 20
159.6718714361117
 10
234.0509788155201
 20
159.6650411970479
 10
234.0769497552318
 20
159.6583883143999
 10
234.1030611953364
 20
159.6519126704707
 10
234.129312715804
 20
159.6456141363661
 10
234.1557038844574
 20
159.6394925720549
 10
234.1822342570984
 20
159.6335478264358
 10
234.2089033776201
 20
159.6277797373984
 10
234.2357107781304
 20
159.6221881318879
 10
234.2626559790687
 20
159.6167728259676
 10
234.289738489325
 20
159.6115336248838
 10
234.3169578063616
 20
159.6064703231274
 10
234.344313416327
 20
159.6015827044994
 10
234.37180479418
 20
159.5968705421723
 10
234.399431403806
 20
159.5923335987548
 10
234.427192698136
 20
159.5879716263555
 10
234.455088119266
 20
159.583784366645
 10
234.4831170985762
 20
159.579771550921
 10
234.5112790568504
 20
159.5759329001693
 10
234.5395734043762
 20
159.5722681251221
 10
234.5679995410379
 20
159.5687769263038
 10
234.5965568563989
 20
159.5654589940764
 10
234.6252447297853
 20
159.5623140086866
 10
234.6540625303703
 20
159.5593416403093
 10
234.6830096172597
 20
159.5565415490942
 10
234.7120853395756
 20
159.5539133852119
 10
234.7412890365398
 20
159.5514567888972
 10
234.7706200375584
 20
159.549171390497
 10
234.8000776623083
 20
159.5470568105145
 10
234.8296612208175
 20
159.5451126596544
 10
234.8593700135525
 20
159.5433385388696
 10
234.8892033315007
 20
159.5417340394058
 10
234.9191604562576
 20
159.5402987428463
 10
234.9492406601062
 20
159.5390322211598
 10
234.979443206106
 20
159.5379340367434
 10
235.0097673481746
 20
159.5370037424694
 10
235.0402123311722
 20
159.5362408817304
 10
235.0707773909878
 20
159.5356449884852
 10
235.1014617546213
 20
159.5352155873034
 10
235.1322646402676
 20
159.5349521934122
 10
235.1631852574029
 20
159.5348543127399
 10
235.194222806868
 20
159.5349214419644
 10
235.2253764809506
 20
159.5351530685549
 10
235.256645463475
 20
159.5355486708208
 10
235.2880289298783
 20
159.5361077179555
 10
235.3195260473027
 20
159.5368296700813
 10
235.3511359746746
 20
159.5377139782967
 10
235.3828578627905
 20
159.5387600847205
 10
235.4146908544015
 20
159.5399674225379
 10
235.4786866793912
 20
159.5428634806962
 10
235.543116433943
 20
159.5463974413041
 10
235.6079729790172
 20
159.5505644528632
 10
235.673249054935
 20
159.5553595253006
 10
235.7389372840815
 20
159.5607775314283
 10
235.8050301737162
 20
159.5668132084704
 10
235.8715201189906
 20
159.5734611597181
 10
235.93839940602
 20
159.5807158562193
 10
236.0056602149623
 20
159.5885716384701
 10
236.0732946230895
 20
159.597022718108
 10
236.1412946078672
 20
159.6060631796006
 10
236.2096520500257
 20
159.6156869819389
 10
236.2783587366394
 20
159.6258879603282
 10
236.3474063641991
 20
159.6366598278795
 10
236.4167865416889
 20
159.6479961773014
 10
236.4864907936622
 20
159.6598904825899
 10
236.5565105633151
 20
159.6723361007223
 10
236.6268372155641
 20
159.6853262733465
 10
236.6974620401188
 20
159.6988541284736
 10
236.7683762545602
 20
159.7129126821688
 10
236.8395710074138
 20
159.727494840243
 10
236.9110373812273
 20
159.7425933999446
 10
236.9827663956435
 20
159.7582010516497
 10
237.0547490104761
 20
159.7743103805548
 10
237.1269761287828
 20
159.7909138683538
 10
237.1994385999089
 20
159.808003894844
 10
237.2721272225178
 20
159.8255727394812
 10
237.3450327476158
 20
159.8436125829278
 10
237.4181458815822
 20
159.8621155086026
 10
237.4914572891931
 20
159.8810735042287
 10
237.56495759665
 20
159.9004784633838
 10
237.6386373946057
 20
159.9203221870469
 10
237.7124872411918
 20
159.9405963851502
 10
237.7864976650458
 20
159.9612926781254
 10
237.8606591683367
 20
159.9824025984537
 10
237.934962229794
 20
160.0039175922151
 10
238.0093973077322
 20
160.0258290206363
 10
238.083954843079
 20
160.048128161641
 10
238.1586252624028
 20
160.0708062113969
 10
238.2333989809371
 20
160.0938542858667
 10
238.3082664056103
 20
160.1172634223557
 10
238.3832179380712
 20
160.1410245810608
 10
238.4582439777148
 20
160.1651286466203
 10
238.5333349247073
 20
160.1895664296644
 10
238.6084811829363
 20
160.2143286684083
 10
238.6836731628315
 20
160.2394060303259
 10
238.7589012841412
 20
160.2647891138454
 10
238.8341559787145
 20
160.290468450045
 10
238.9094276932761
 20
160.3164345043505
 10
238.9847068922072
 20
160.3426776782313
 10
239.0599840603245
 20
160.369188310897
 10
239.1352497056568
 20
160.3959566809939
 10
239.2104943622245
 20
160.422973008301
 10
239.2857085928188
 20
160.4502274554281
 10
239.3608829917781
 20
160.4777101295101
 10
239.4360081877704
 20
160.5054110839054
 10
239.5110748465679
 20
160.533320319891
 10
239.5860736738272
 20
160.5614277883603
 10
239.6609954178685
 20
160.5897233915182
 10
239.8105708795601
 20
160.6468383774628
 10
239.959728177046
 20
160.7045835860803
 10
240.1083951169903
 20
160.7628766549923
 10
240.2565004659488
 20
160.8216346017977
 10
240.4039740612784
 20
160.880773870256
 10
240.5507469245809
 20
160.9402103755368
 10
240.6238493777139
 20
160.9700136820741
 10
240.6967513751734
 20
160.9998595494628
 10
240.76944467826
 20
161.029737338579
 10
240.8419211435646
 20
161.0596363857457
 10
240.9141727265143
 20
161.0895460041446
 10
240.9861914849215
 20
161.1194554852302
 10
241.0579695825276
 20
161.1493541001449
 10
241.1294992925484
 20
161.1792311011312
 10
241.2007730012222
 20
161.2090757229458
 10
241.2717832113533
 20
161.2388771842746
 10
241.3425225458619
 20
161.2686246891447
 10
241.4129837512807
 20
161.2983074283536
 10
241.483159700486
 20
161.3279145811502
 10
241.5530433939343
 20
161.3574353174059
 10
241.622627960452
 20
161.3868587999286
 10
241.6919066580136
 20
161.4161741867838
 10
241.7608728745226
 20
161.4453706336125
 10
241.8295201285923
 20
161.4744372959522
 10
241.8978420703223
 20
161.5033633315539
 10
241.9658324820823
 20
161.5321379027042
 10
242.0334852792877
 20
161.5607501785422
 10
242.1007945111823
 20
161.5891893373803
 10
242.1677543616151
 20
161.617444569023
 10
242.2343591498228
 20
161.6455050770865
 10
242.3006033312095
 20
161.6733600813178
 10
242.366481498122
 20
161.7009988199142
 10
242.4319883806347
 20
161.7284105518422
 10
242.4971188473266
 20
161.7555845591581
 10
242.5618679060618
 20
161.7825101493252
 10
242.6262307047681
 20
161.8091766575358
 10
242.6902025322146
 20
161.8355734490285
 10
242.7537788184715
 20
161.861689921499
 10
242.8169551336985
 20
161.8875155079698
 10
242.8797271856459
 20
161.9130396800192
 10
242.942090817017
 20
161.9382519510497
 10
243.0040420028327
 20
161.963141879552
 10
243.0655768477959
 20
161.9876990723752
 10
243.1266915836586
 20
162.0119131879888
 10
243.1873825665833
 20
162.0357739397535
 10
243.2476462745094
 20
162.0592710991845
 10
243.3074793045164
 20
162.0823944992205
 10
243.3668783701916
 20
162.1051340374889
 10
243.4258402989895
 20
162.1274796795723
 10
243.4843620296015
 20
162.1494214622751
 10
243.5424406093188
 20
162.1709494968917
 10
243.6000731913957
 20
162.1920539724704
 10
243.6572570324141
 20
162.2127251590817
 10
243.7139894896514
 20
162.2329534110845
 10
243.7702680184405
 20
162.2527291703923
 10
243.8260901695393
 20
162.2720429697398
 10
243.8814535865019
 20
162.2908854359506
 10
243.9363560032727
 20
162.3092472932008
 10
243.9907952421921
 20
162.3271193662858
 10
244.0447692121291
 20
162.3444925838831
 10
244.0982759066251
 20
162.361357981817
 10
244.151313402026
 20
162.3777067063227
 10
244.2038798556231
 20
162.3935300173104
 10
244.2559735037932
 20
162.4088192916294
 10
244.3075926601313
 20
162.4235660263326
 10
244.358735713595
 20
162.4377618419405
 10
244.4094011266374
 20
162.451398485705
 10
244.4595874333463
 20
162.4644678348741
 10
244.509293237587
 20
162.4769618999563
 10
244.5585172111333
 20
162.4888728279834
 10
244.607258091809
 20
162.5001929057767
 10
244.6555146816287
 20
162.5109145632094
 10
244.7032858449294
 20
162.5210303764717
 10
244.7269890533256
 20
162.5258588124101
 10
244.7505705065155
 20
162.5305330713344
 10
244.7740300792406
 20
162.5350522678739
 10
244.7973676497912
 20
162.5394155264139
 10
244.8205830999428
 20
162.5436219811994
 10
244.8436763149028
 20
162.5476707764355
 10
244.8666471832474
 20
162.5515610663837
 10
244.8894955968644
 20
162.5552920154508
 10
244.9122214508873
 20
162.5588627982752
 10
244.934824643639
 20
162.5622725998124
 10
244.9573050765653
 20
162.5655206154216
 10
244.9796626541783
 20
162.5686060509518
 10
245.0018972839911
 20
162.5715281228292
 10
245.0240088764585
 20
162.5742860581412
 10
245.0459973449165
 20
162.5768790947247
 10
245.0678626055175
 20
162.5793064812511
 10
245.0896045771724
 20
162.5815674773127
 10
245.1112231814883
 20
162.5836613535101
 10
245.132718342706
 20
162.5855873915362
 10
245.1540899876398
 20
162.5873448842655
 10
245.1753380456149
 20
162.5889331358368
 10
245.1964624484078
 20
162.5903514617421
 10
245.2174631301839
 20
162.5915991889123
 10
245.238340027435
 20
162.5926756558022
 10
245.2590930789213
 20
162.5935802124781
 10
245.2797222256063
 20
162.5943122207036
 10
245.3002274105964
 20
162.5948710540258
 10
245.3206085790821
 20
162.5952560978616
 10
245.3408656782735
 20
162.5954667495831
 10
245.3609986573397
 20
162.5955024186062
 10
245.3810074673484
 20
162.5953625264734
 10
245.4008920612042
 20
162.595046506943
 10
245.4206523935857
 20
162.594553806074
 10
245.4402884208877
 20
162.5938838823124
 10
245.4598001011551
 20
162.593036206578
 10
245.4791873940257
 20
162.5920102623495
 10
245.4984502606652
 20
162.5908055457517
 10
245.5175886637106
 20
162.5894215656421
 10
245.5366025672026
 20
162.5878578436954
 10
245.5554919365309
 20
162.586113914492
 10
245.5742567383664
 20
162.5841893256026
 10
245.5928969406049
 20
162.5820836376744
 10
245.6114125123036
 20
162.5797964245186
 10
245.6298034236185
 20
162.577327273196
 10
245.6480696457468
 20
162.5746757841032
 10
245.6662111508542
 20
162.5718415710781
 10
245.6842279120061
 20
162.5688242615245
 10
245.7021199030872
 20
162.5656234965478
 10
245.7198870987254
 20
162.5622389310869
 10
245.7375294742185
 20
162.5586702340481
 10
245.7550470054533
 20
162.5549170884396
 10
245.7724396688314
 20
162.5509791915032
 10
245.7897074411919
 20
162.5468562548487
 10
245.8068502997366
 20
162.5425480045882
 10
245.8238682219507
 20
162.5380541814675
 10
245.840761185527
 20
162.5333745410016
 10
245.8575291682908
 20
162.5285088536071
 10
245.8741721481234
 20
162.5234569047355
 10
245.8906901028818
 20
162.5182184950082
 10
245.9070830103278
 20
162.5127934403475
 10
245.9233508480469
 20
162.5071815721122
 10
245.9394935933736
 20
162.5013827372303
 10
245.9555112233153
 20
162.4953967983324
 10
245.9714037144743
 20
162.4892236338849
 10
245.9871710429716
 20
162.4828631383237
 10
246.0028131843734
 20
162.476315222189
 10
246.0183301136077
 20
162.4695798122558
 10
246.0337218048963
 20
162.4626568516703
 10
246.048988231671
 20
162.4555463000821
 10
246.0641293665009
 20
162.4482481337772
 10
246.0791451810146
 20
162.4407623458124
 10
246.0940356458249
 20
162.4330889461482
 10
246.1088007304492
 20
162.4252279617832
 10
246.1234404032376
 20
162.4171794368856
 10
246.1379546312921
 20
162.4089434329289
 10
246.1523433803921
 20
162.4005200288235
 10
246.1666066149177
 20
162.3919093210525
 10
246.1807442977721
 20
162.3831114238021
 10
246.1947563903072
 20
162.3741264690977
 10
246.2086428522441
 20
162.3649546069358
 10
246.222403641599
 20
162.3555960054188
 10
246.2360387146061
 20
162.3460508508868
 10
246.24954802564
 20
162.3363193480525
 10
246.2629315271431
 20
162.326401720128
 10
246.2761891695814
 20
162.3162982088729
 10
246.2893209014584
 20
162.3060090745119
 10
246.3023266693349
 20
162.2955345956236
 10
246.3152064178539
 20
162.284875069024
 10
246.3279600897656
 20
162.2740308096554
 10
246.3405876259485
 20
162.2630021504705
 10
246.353088965434
 20
162.2517894423194
 10
246.3654640454287
 20
162.2403930538361
 10
246.3777128013404
 20
162.2288133713251
 10
246.3898351667995
 20
162.2170507986463
 10
246.4018310736825
 20
162.2051057571022
 10
246.4137004521374
 20
162.1929786853235
 10
246.4254432306038
 20
162.1806700391563
 10
246.4370593358407
 20
162.1681802915475
 10
246.4485486929457
 20
162.1555099324307
 10
246.4599112253809
 20
162.1426594686139
 10
246.4711468549983
 20
162.129629423664
 10
246.4822555020571
 20
162.1164203377938
 10
246.4932370852534
 20
162.1030327677488
 10
246.5040915217418
 20
162.0894672866925
 10
246.5148187271559
 20
162.0757244840927
 10
246.5254186156373
 20
162.0618049656079
 10
246.5358910998535
 20
162.0477093529744
 10
246.5462360910255
 20
162.033438283891
 10
246.5564534989494
 20
162.0189924119059
 10
246.5665432320198
 20
162.0043724063033
 10
246.5765051972536
 20
161.989578951989
 10
246.5863393003141
 20
161.9746127493771
 10
246.5960454455342
 20
161.9594745142757
 10
246.6056235359384
 20
161.9441649777737
 10
246.6150734732692
 20
161.9286848861265
 10
246.624395158008
 20
161.9130350006429
 10
246.633588489399
 20
161.8972160975704
 10
246.6426533654738
 20
161.8812289679819
 10
246.6515896830747
 20
161.8650744176625
 10
246.6603973378768
 20
161.8487532669946
 10
246.6690762244124
 20
161.8322663508447
 10
246.6776262360967
 20
161.8156145184497
 10
246.686047265246
 20
161.7987986333009
 10
246.6943392031245
 20
161.781819572994
 10
246.7025019399978
 20
161.7646782290269
 10
246.7105353652041
 20
161.7473755065814
 10
246.7184393672209
 20
161.7299123243079
 10
246.7262138337282
 20
161.7122896141058
 10
246.7338586516805
 20
161.6945083209089
 10
246.7413737073694
 20
161.6765694024656
 10
246.7487588864935
 20
161.6584738291236
 10
246.7560140742239
 20
161.6402225836124
 10
246.7631391552706
 20
161.621816660825
 10
246.7701340139498
 20
161.6032570676019
 10
246.776998534252
 20
161.5845448225133
 10
246.7837325999078
 20
161.5656809556418
 10
246.790336094454
 20
161.5466665083664
 10
246.7968089013014
 20
161.5275025331429
 10
246.8031509038028
 20
161.5081900932896
 10
246.8093619853164
 20
161.4887302627673
 10
246.8154420292783
 20
161.4691241259645
 10
246.8213909192632
 20
161.4493727774786
 10
246.8328947727127
 20
161.4094388735903
 10
246.8438726196427
 20
161.3689375038176
 10
246.8543235405708
 20
161.3278777703245
 10
246.8642466247022
 20
161.2862689177741
 10
246.8736409720635
 20
161.2441203263793
 10
246.8825056956466
 20
161.2014415049501
 10
246.8908399235477
 20
161.1582420839449
 10
246.8986428011068
 20
161.1145318085187
 10
246.905913493049
 20
161.0703205315743
 10
246.912651185625
 20
161.0256182068104
 10
246.9188550887094
 20
160.980434881867
 10
246.9245244376833
 20
160.9347806919917
 10
246.9296584951374
 20
160.8886658541327
 10
246.9342565525508
 20
160.8421006610799
 10
246.9383179319767
 20
160.7950954756066
 10
246.9418419877228
 20
160.7476607246085
 10
246.9448281080329
 20
160.6998068932455
 10
246.9472757167706
 20
160.651544519082
 10
246.9491842751004
 20
160.602884186228
 10
246.9505532831702
 20
160.5538365194802
 10
246.9513822817937
 20
160.504412178461
 10
246.9516708541315
 20
160.454621851761
 10
246.9514186273745
 20
160.4044762510792
 10
246.9506252744254
 20
160.3539861053638
 10
246.9492905155814
 20
160.3031621549519
 10
246.9474141202155
 20
160.252015145712
 10
246.9449959084591
 20
160.2005558231834
 10
246.9420357528847
 20
160.1487949267174
 10
246.9385335801873
 20
160.0967431836176
 10
246.934489372869
 20
160.0444113032751
 10
246.9299031709802
 20
159.9918099711691
 10
246.9247750739758
 20
159.9389498426013
 10
246.9191052426021
 20
159.8858415363368
 10
246.9128939007955
 20
159.8324956282472
 10
246.9061413375719
 20
159.7789226449519
 10
246.8988479089191
 20
159.7251330574588
 10
246.891014039692
 20
159.6711372748068
 10
246.8826402255028
 20
159.6169456377058
 10
246.873727034616
 20
159.5625684121792
 10
246.8642751098393
 20
159.5080157832056
 10
246.8542851704174
 20
159.4532978483588
 10
246.8437580139249
 20
159.398424611451
 10
246.8326945181575
 20
159.3434059761731
 10
246.8210956430282
 20
159.2882517397357
 10
246.8089624324549
 20
159.2329715865122
 10
246.7962960162585
 20
159.1775750816785
 10
246.7830976120528
 20
159.122071664856
 10
246.769368527137
 20
159.0664706437513
 10
246.755110160389
 20
159.0107811877991
 10
246.7403240041476
 20
158.9550123218315
 10
246.7250116460279
 20
158.8991729199076
 10
246.7091747706808
 20
158.843271699273
 10
246.6928151615537
 20
158.7873172143394
 10
246.6759347026402
 20
158.7313178506589
 10
246.6585353802401
 20
158.6752818189005
 10
246.6406192847145
 20
158.6192171488278
 10
246.6221886122391
 20
158.5631316832757
 10
246.6032456665621
 20
158.5070330721251
 10
246.5837928607577
 20
158.4509287662808
 10
246.5638327189861
 20
158.3948260116483
 10
246.5433678782428
 20
158.3387318431091
 10
246.5224010901199
 20
158.2826530784982
 10
246.5009352225589
 20
158.2265963125804
 10
246.4789732616064
 20
158.1705679110269
 10
246.4565183131715
 20
158.1145740043909
 10
246.4335736047791
 20
158.0586204820858
 10
246.4101424873277
 20
158.0027129863601
 10
246.3862284368433
 20
157.9468569062755
 10
246.3618350561873
 20
157.8910573718051
 10
246.3369660758125
 20
157.8353192503648
 10
246.3116253525057
 20
157.7796471484821
 10
246.2858168674668
 20
157.7240454151497
 10
246.2595447243764
 20
157.6685181452282
 10
246.2328131474578
 20
157.6130691828456
 10
246.2056264795396
 20
157.5577021247999
 10
246.1779891801208
 20
157.5024203239602
 10
246.1499058234342
 20
157.447226892668
 10
246.12138109651
 20
157.3921247061382
 10
246.0924197972395
 20
157.3371164058607
 10
246.0630268324385
 20
157.2822044030018
 10
246.0332072159115
 20
157.2273908818054
 10
246.0029660665135
 20
157.1726778029943
 10
245.9723086062181
 20
157.1180669071719
 10
245.9412401581755
 20
157.0635597182231
 10
245.9097661447804
 20
157.0091575467153
 10
245.8778920857342
 20
156.9548614933014
 10
245.8456235961087
 20
156.9006724521188
 10
245.8129663844087
 20
156.8465911141925
 10
245.7799262506405
 20
156.7926179708287
 10
245.7465090843877
 20
156.7387533169712
 10
245.7127208629013
 20
156.6849972545259
 10
245.6785676491891
 20
156.6313496956789
 10
245.6440555901062
 20
156.5778103662169
 10
245.6091909144454
 20
156.5243788088474
 10
245.573979931026
 20
156.4710543865174
 10
245.5384290267857
 20
156.4178362857349
 10
245.5025446648684
 20
156.3647235198866
 10
245.4663333827165
 20
156.3117149325587
 10
245.4298017901594
 20
156.2588092008568
 10
245.3929565675048
 20
156.206004838725
 10
245.355804463626
 20
156.1533002002662
 10
245.3183522940566
 20
156.1006934830614
 10
245.2806069390764
 20
156.0481827314897
 10
245.2425753418041
 20
155.9957658400482
 10
245.2042645062848
 20
155.9434405566705
 10
245.1656814955822
 20
155.8912044860491
 10
245.1268334298689
 20
155.8390550929518
 10
245.0877274845146
 20
155.7869897055442
 10
245.0483708881838
 20
155.7350055186998
 10
245.0087709209424
 20
155.6830995973014
 10
244.9689349123726
 20
155.6312688795333
 10
244.9288702396806
 20
155.5795101801764
 10
244.8885843258113
 20
155.527820193901
 10
244.8480846375612
 20
155.4761954985627
 10
244.8073786836882
 20
155.4246325584945
 10
244.7664740130256
 20
155.373127727802
 10
244.6840989057058
 20
155.270277279591
 10
244.6010204360161
 20
155.167612907388
 10
244.5173002447351
 20
155.0651018118225
 10
244.4330004325972
 20
154.9627097461027
 10
244.3481834998742
 20
154.8604011214222
 10
244.2629122859603
 20
154.7581391123781
 10
244.1772499086234
 20
154.655885762918
 10
244.0912597020096
 20
154.5536020943132
 10
244.0050051539133
 20
154.4512482143171
 10
243.9185498429988
 20
154.3487834264093
 10
243.8319573760165
 20
154.2461663390366
 10
243.7452913250278
 20
154.1433549748564
 10
243.6586151646209
 20
154.0403068799788
 10
243.5719922091303
 20
153.9369792332088
 10
243.4854855498611
 20
153.833328955289
 10
243.3991579923636
 20
153.7293128180414
 10
243.3130719950828
 20
153.6248875511838
 10
243.2272896112458
 20
153.5200099436567
 10
243.141872431922
 20
153.4146369429435
 10
243.056881529137
 20
153.3087257543189
 10
243.0145648605256
 20
153.2555550611035
 10
242.9723773989732
 20
153.2022339401011
 10
242.9303266071656
 20
153.1487571586725
 10
242.8884199046813
 20
153.0951195188999
 10
242.8466646662124
 20
153.0413158606884
 10
242.8050682197868
 20
152.987341064868
 10
242.7636378449918
 20
152.9331900562945
 10
242.7223807711952
 20
152.8788578069514
 10
242.6813041757661
 20
152.824339339052
 10
242.6404151822993
 20
152.7696297281397
 10
242.5997208588004
 20
152.7147241062517
 10
242.5592282156634
 20
152.6596176654382
 10
242.5189442034564
 20
152.6043056616
 10
242.4788757106934
 20
152.5487834183627
 10
242.4390295615994
 20
152.4930463309527
 10
242.39941251388
 20
152.4370898700693
 10
242.3600312564852
 20
152.3809095857619
 10
242.3208924073825
 20
152.3245011113035
 10
242.2820025113193
 20
152.2678601670652
 10
242.2433680375922
 20
152.2109825643909
 10
242.2049953778164
 20
152.153864209473
 10
242.1668908436908
 20
152.0965011072255
 10
242.1290606647663
 20
152.0388893651601
 10
242.0915109862133
 20
151.9810251972601
 10
242.0542478665904
 20
151.9229049278543
 10
242.0172772756103
 20
151.8645249954939
 10
241.9806050919074
 20
151.8058819568246
 10
241.9442371008066
 20
151.7469724904634
 10
241.9081789920903
 20
151.6877934008717
 10
241.8724363577832
 20
151.6283416222001
 10
241.8370146903235
 20
151.5686142214775
 10
241.8019193815872
 20
151.5086084003388
 10
241.7671557222143
 20
151.4483214962448
 10
241.7327289009408
 20
151.3877509836873
 10
241.6986440039329
 20
151.3268944753947
 10
241.6649060141185
 20
151.2657497235362
 10
241.6315198105227
 20
151.2043146209268
 10
241.5984901675982
 20
151.1425872022324
 10
241.565821754562
 20
151.0805656451752
 10
241.5335191347248
 20
151.0182482717375
 10
241.501586764827
 20
150.9556335493683
 10
241.47002899437
 20
150.8927200921858
 10
241.4388500649512
 20
150.8295066621849
 10
241.4080541095961
 20
150.7659921704408
 10
241.3776451520902
 20
150.7021756783137
 10
241.3476271063151
 20
150.6380563986547
 10
241.3180037755798
 20
150.57363369701
 10
241.2887788519538
 20
150.5089070928258
 10
241.259955915603
 20
150.4438762606518
 10
241.2315384342741
 20
150.3785410310841
 10
241.203529763733
 20
150.3129013900881
 10
241.1759331490433
 20
150.2469574768834
 10
241.1487517259553
 20
150.1807095816473
 10
241.121988522288
 20
150.1141581432199
 10
241.0956464593167
 20
150.0473037468094
 10
241.0697283531582
 20
149.9801471216975
 10
241.0442369161541
 20
149.9126891389433
 10
241.0191747582609
 20
149.8449308090882
 10
240.9945443884299
 20
149.7768732798625
 10
240.9703482159971
 20
149.7085178338872
 10
240.9465885520674
 20
149.639865886384
 10
240.9232676108971
 20
149.5709189828734
 10
240.9003875112859
 20
149.5016787968848
 10
240.8779502779547
 20
149.4321471276613
 10
240.8559578429368
 20
149.3623258978605
 10
240.8344120469625
 20
149.2922171512648
 10
240.8133146408403
 20
149.2218230504808
 10
240.7926672868492
 20
149.151145874649
 10
240.772471560112
 20
149.0801880171567
 10
240.7527289498562
 20
149.008951983562
 10
240.7334408603825
 20
148.9374403900045
 10
240.714608611943
 20
148.8656559617795
 10
240.6962334416063
 20
148.7936015319226
 10
240.6783165041336
 20
148.721280039791
 10
240.6608588728424
 20
148.6486945296472
 10
240.643861540484
 20
148.57584814924
 10
240.6273254201055
 20
148.5027441483881
 10
240.6112513459294
 20
148.4293858775624
 10
240.5956400742146
 20
148.3557767864679
 10
240.5804922841334
 20
148.2819204226267
 10
240.565808578639
 20
148.2078204299619
 10
240.5515894853365
 20
148.133480547378
 10
240.5378354573513
 20
148.0589046073436
 10
240.5245468742029
 20
147.9840965344752
 10
240.5117240426715
 20
147.9090603441193
 10
240.4993671976709
 20
147.8338001409345
 10
240.4874765031169
 20
147.7583201174744
 10
240.4760520527993
 20
147.682624552769
 10
240.4650938712658
 20
147.606717810884
 10
240.4546019148026
 20
147.5306043393122
 10
240.4445760724997
 20
147.4542886672276
 10
240.4350161673265
 20
147.3777754037113
 10
240.425921957209
 20
147.3010692359851
 10
240.4172931361055
 20
147.2241749276404
 10
240.4091293350835
 20
147.1470973168691
 10
240.4014301233941
 20
147.0698413146946
 10
240.3941950095509
 20
146.9924119032016
 10
240.3874234424046
 20
146.9148141337686
 10
240.3811148122195
 20
146.8370531252954
 10
240.375268451749
 20
146.7591340624352
 10
240.3698836373148
 20
146.6810621938251
 10
240.364959589879
 20
146.6028428303181
 10
240.3604954761234
 20
146.5244813432103
 10
240.3564904095248
 20
146.4459831624736
 10
240.3529434514309
 20
146.3673537749871
 10
240.3498536121364
 20
146.2885987227647
 10
240.3472198519613
 20
146.2097236011897
 10
240.3450410823233
 20
146.1307340572425
 10
240.343316166794
 20
146.0516357877713
 10
240.3420439221028
 20
145.9724345378428
 10
240.3412231191273
 20
145.8931360991193
 10
240.3408524838772
 20
145.8137463082431
 10
240.3409306984863
 20
145.734271045218
 10
240.3414564021933
 20
145.6547162317871
 10
240.3424281923358
 20
145.5750878298165
 10
240.3438446253335
 20
145.4953918396766
 10
240.3457042176759
 20
145.4156342986222
 10
240.348005446912
 20
145.3358212791744
 10
240.3507467526345
 20
145.2559588875014
 10
240.353926537469
 20
145.1760532617996
 10
240.3575431680611
 20
145.0961105706757
 10
240.3615949760639
 20
145.016137011527
 10
240.3660802591236
 20
144.9361388089231
 10
240.3709972818698
 20
144.856122212986
 10
240.3763442769003
 20
144.7760934977725
 10
240.3821194457689
 20
144.6960589596556
 10
240.3883209599734
 20
144.6160249157046
 10
240.3949469619452
 20
144.5359977020624
 10
240.4019955660556
 20
144.4559836722964
 10
240.4094648596327
 20
144.3759891957212
 10
240.4173529039868
 20
144.2960206557235
 10
240.4256577354324
 20
144.2160844480816
 10
240.4343773663071
 20
144.1361869792885
 10
240.4435097859948
 20
144.0563346648719
 10
240.4530529619502
 20
143.9765339277195
 10
240.4630048407172
 20
143.8967911963955
 10
240.4733633489522
 20
143.8171129034681
 10
240.4841263944459
 20
143.7375054838272
 10
240.4952918671471
 20
143.6579753730071
 10
240.5068576401808
 20
143.5785290055114
 10
240.5188215708741
 20
143.4991728131286
 10
240.5311815017745
 20
143.4199132232602
 10
240.5439352616754
 20
143.340756657239
 10
240.557080666635
 20
143.2617095286516
 10
240.5706155209997
 20
143.1827782416598
 10
240.5845376184267
 20
143.1039691893236
 10
240.5988447429039
 20
143.0252887519224
 10
240.6135346697718
 20
142.9467432952795
 10
240.6286051667346
 20
142.8683391690974
 10
240.6440539948762
 20
142.7900827052933
 10
240.6598789096705
 20
142.7119802163349
 10
240.6760776619934
 20
142.6340379935771
 10
240.6926479991359
 20
142.5562623055999
 10
240.709587665816
 20
142.4786593965432
 10
240.7268944051915
 20
142.4012354844437
 10
240.7445659598719
 20
142.3239967595731
 10
240.7626000729303
 20
142.2469493827709
 10
240.7809944889153
 20
142.1700994837845
 10
240.7997469548657
 20
142.0934531596043
 10
240.8188552213205
 20
142.0170164727994
 10
240.8383170433314
 20
141.9407954498562
 10
240.8581301814753
 20
141.8647960795119
 10
240.8782924028674
 20
141.7890243110935
 10
240.8988014821731
 20
141.7134860528539
 10
240.9196552026186
 20
141.6381871703066
 10
240.9408513570062
 20
141.5631334845647
 10
240.9623877487232
 20
141.4883307706771
 10
240.9842621927497
 20
141.4137847559771
 10
241.0064725166578
 20
141.3395011184411
 10
241.0290165616136
 20
141.2654854850458
 10
241.051892183377
 20
141.1917434301269
 10
241.0750972533009
 20
141.1182804737392
 10
241.0986296593342
 20
141.0451020800156
 10
241.1224873070187
 20
140.9722136555239
 10
241.1466681204915
 20
140.8996205476282
 10
241.1711700434862
 20
140.8273280428453
 10
241.1959910403303
 20
140.7553413652056
 10
241.2211290969486
 20
140.6836656746096
 10
241.2465822218601
 20
140.6123060651896
 10
241.2723484471825
 20
140.5412675636663
 10
241.2984258296297
 20
140.4705551277076
 10
241.3248124515117
 20
140.4001736442899
 10
241.351506421737
 20
140.3301279280529
 10
241.3785058768115
 20
140.2604227196625
 10
241.4058089818399
 20
140.1910626841668
 10
241.4334139315116
 20
140.1220524093788
 10
241.461318950801
 20
140.0533964047937
 10
241.489522294962
 20
139.9850991017971
 10
241.5180222492655
 20
139.9171648543534
 10
241.5468171287266
 20
139.8495979397097
 10
241.5759052778331
 20
139.7824025591033
 10
241.6052850702707
 20
139.7155828384662
 10
241.634954908652
 20
139.6491428291292
 10
241.6649132242438
 20
139.5830865085297
 10
241.6951584766923
 20
139.5174177809141
 10
241.725689153755
 20
139.4521404780464
 10
241.7565037710214
 20
139.3872583599103
 10
241.7876008716474
 20
139.3227751154166
 10
241.818979026077
 20
139.2586943631094
 10
241.8506368317731
 20
139.1950196518666
 10
241.8825729129431
 20
139.1317544616127
 10
241.9147859202673
 20
139.0689022040174
 10
241.947274530625
 20
139.006466223205
 10
241.9800374468231
 20
138.9444497964575
 10
242.0130733973226
 20
138.8828561349216
 10
242.0463811359683
 20
138.8216883843099
 10
242.0799594417239
 20
138.7609496255884
 10
242.1138071184238
 20
138.7006428756447
 10
242.1479229945141
 20
138.6407710879558
 10
242.1823059228072
 20
138.5813371532558
 10
242.2169547802224
 20
138.5223439002029
 10
242.2518684675409
 20
138.4637940960466
 10
242.2870459091475
 20
138.4056904472962
 10
242.322486052782
 20
138.3480356003867
 10
242.3581878692857
 20
138.2908321423462
 10
242.394150352348
 20
138.2340826014647
 10
242.4303725182566
 20
138.1777894479618
 10
242.4668534056434
 20
138.1219550946497
 10
242.5035920752326
 20
138.0665818976072
 10
242.5405876095883
 20
138.0116721568411
 10
242.5778391128633
 20
137.9572281169579
 10
242.6153457105444
 20
137.9032519678288
 10
242.6531065492039
 20
137.8497458452574
 10
242.6911207962439
 20
137.7967118316469
 10
242.7293876396441
 20
137.7441519566694
 10
242.7679062877103
 20
137.6920681979343
 10
242.8066759688162
 20
137.6404624816655
 10
242.8456959311406
 20
137.5893366833818
 10
242.8849654424127
 20
137.5386926285771
 10
242.9244837896496
 20
137.4885320933987
 10
242.9642502788986
 20
137.4388568053292
 10
243.0042642349769
 20
137.3896684438656
 10
243.0445250012134
 20
137.3409686411971
 10
243.0850319391873
 20
137.2927589828889
 10
243.1257844284715
 20
137.2450410085579
 10
243.1667818663711
 20
137.1978162125556
 10
243.2080236676652
 20
137.1510860446477
 10
243.2495092643472
 20
137.1048519106914
 10
243.2912381053646
 20
137.059115173318
 10
243.3332096563625
 20
137.0138771526109
 10
243.3754233994196
 20
136.9691391267872
 10
243.4178788327936
 20
136.9249023328762
 10
243.4605754706598
 20
136.8811679674004
 10
243.5035128428504
 20
136.8379371870524
 10
243.5466904945972
 20
136.7952111093793
 10
243.5901079862754
 20
136.7529908134546
 10
243.6337648931432
 20
136.7112773405535
 10
243.6776608050899
 20
136.6700716948268
 10
243.7217953263786
 20
136.6293748439712
 10
243.7661680753915
 20
136.5891877199052
 10
243.8107786843715
 20
136.5495112194403
 10
243.8556267991687
 20
136.5103462049553
 10
243.9007120789838
 20
136.4716935050677
 10
243.9460341961134
 20
136.4335539153093
 10
243.9915928356917
 20
136.3959281987948
 10
244.0373876954362
 20
136.3588170869009
 10
244.0834184853939
 20
136.3222212799336
 10
244.1296849276807
 20
136.2861414478047
 10
244.1761867562298
 20
136.2505782307036
 10
244.2229237165337
 20
136.2155322397707
 10
244.2698955653902
 20
136.1810040577697
 10
244.3171020706444
 20
136.1469942397619
 10
244.3645430109343
 20
136.1135033137782
 10
244.4122181754343
 20
136.0805317814913
 10
244.4601273636
 20
136.0480801188924
 10
244.5082703849101
 20
136.0161487769617
 10
244.5566470586105
 20
135.9847381823465
 10
244.6052572134564
 20
135.9538487380342
 10
244.6541006874563
 20
135.9234808240301
 10
244.7031773276136
 20
135.8936347980274
 10
244.7524869896712
 20
135.8643109960886
 10
244.8020295378519
 20
135.8355097333153
 10
244.8518048446047
 20
135.8072313045254
 10
244.9018127903437
 20
135.7794759849281
 10
244.9520532631953
 20
135.7522440307988
 10
245.0025261587388
 20
135.7255356801539
 10
245.0532313797479
 20
135.6993511534259
 10
245.1041688359374
 20
135.6736906541382
 10
245.1553384437031
 20
135.6485543695809
 10
245.2067401258657
 20
135.6239424714853
 10
245.2583738114149
 20
135.5998551166983
 10
245.3102394352497
 20
135.5762924478586
 10
245.3623369379231
 20
135.5532545940701
 10
245.4146662653859
 20
135.5307416715788
 10
245.4672273687288
 20
135.5087537844468
 10
245.5200202039251
 20
135.4872910252221
 10
245.5730447315779
 20
135.4663534756161
 10
245.6263009166594
 20
135.4459412071755
 10
245.6797887282608
 20
135.4260542819526
 10
245.7335081393288
 20
135.406692753183
 10
245.7874591264162
 20
135.3878566659554
 10
245.8416416694226
 20
135.3695460578863
 10
245.8960557513365
 20
135.3517609597914
 10
245.9507013579828
 20
135.3345013963626
 10
246.0055784777659
 20
135.3177673868356
 10
246.0606871014102
 20
135.3015589456677
 10
246.1160272217086
 20
135.2858760832089
 10
246.1715988332625
 20
135.2707188063755
 10
246.2274019322296
 20
135.2560871193231
 10
246.283436516064
 20
135.2419810241193
 10
246.3397025832612
 20
135.2284005214186
 10
246.3962001331023
 20
135.2153456111324
  0
LINE
  5
C4
330
70
100
AcDbEntity
  8
0
 62
    18
420
        0
370
    25
100
AcDbLine
 10
246.3962001331023
 20
135.2153456111324
 30
0.0
 11
296.3962001331028
 21
135.2153456111324
 31
0.0
  0
LWPOLYLINE
  5
C5
330
70
100
AcDbEntity
  8
0
 62
    18
420
        0
370
    25
100
AcDbPolyline
 90
     1942
 70
     0
 43
0.0
 10
296.3962001331028
 20
135.2153456111324
 10
296.4477236448029
 20
135.2323982242826
 10
296.4989715594533
 20
135.2495797028807
 10
296.5499438769918
 20
135.2668900468877
 10
296.600640597295
 20
135.284329256238
 10
296.6510617203072
 20
135.3018973308059
 10
296.7012072461675
 20
135.3195942703732
 10
296.7510771753369
 20
135.3374200745947
 10
296.8006715087251
 20
135.3553747429698
 10
296.8499902478171
 20
135.3734582748062
 10
296.899033394801
 20
135.3916706691887
 10
296.9478009526948
 20
135.4100119249483
 10
296.9962929254739
 20
135.4284820406263
 10
297.0445093181979
 20
135.4470810144446
 10
297.0924501371363
 20
135.4658088442727
 10
297.1401153898984
 20
135.4846655275946
 10
297.1875050855584
 20
135.5036510614763
 10
297.2346192347833
 20
135.5227654425337
 10
297.2814578499592
 20
135.5420086668991
 10
297.3280209453183
 20
135.5613807301904
 10
297.3743085370687
 20
135.580881627478
 10
297.4203206435167
 20
135.6005113532505
 10
297.4660572851979
 20
135.6202699013853
 10
297.5115184850038
 20
135.6401572651131
 10
297.5567042683058
 20
135.6601734369884
 10
297.6016146630859
 20
135.6803184088532
 10
297.6462497000621
 20
135.7005921718091
 10
297.6906094128159
 20
135.7209947161799
 10
297.7346938379189
 20
135.7415260314828
 10
297.7785030150611
 20
135.7621861063957
 10
297.8220369871763
 20
135.7829749287211
 10
297.8652958005691
 20
135.8038924853581
 10
297.9082795050455
 20
135.8249387622677
 10
297.9509881540341
 20
135.8461137444398
 10
297.9934218047153
 20
135.8674174158627
 10
298.0355805181385
 20
135.8888497594918
 10
298.0774643593438
 20
135.9104107572168
 10
298.1190733974838
 20
135.9321003898325
 10
298.1604077059419
 20
135.9539186370072
 10
298.2014673624555
 20
135.9758654772511
 10
298.242252449234
 20
135.9979408878846
 10
298.2827630530812
 20
136.0201448450102
 10
298.322999265515
 20
136.0424773234758
 10
298.3629611828891
 20
136.0649382968499
 10
298.4026489065104
 20
136.0875277373854
 10
298.4420625427636
 20
136.1102456159915
 10
298.4812022032306
 20
136.1330919022016
 10
298.5200680048084
 20
136.1560665641414
 10
298.5586600698338
 20
136.1791695684994
 10
298.5969785262004
 20
136.2024008804937
 10
298.6350235074813
 20
136.2257604638433
 10
298.6727951530495
 20
136.2492482807347
 10
298.7102936081975
 20
136.2728642917928
 10
298.7475190242581
 20
136.2966084560476
 10
298.7844715587262
 20
136.3204807309043
 10
298.821151375377
 20
136.3444810721126
 10
298.8575586443902
 20
136.3686094337354
 10
298.8936935424661
 20
136.3928657681162
 10
298.9295562529489
 20
136.4172500258492
 10
298.9651469659492
 20
136.4417621557481
 10
299.0004658784587
 20
136.4664021048161
 10
299.0355131944764
 20
136.4911698182113
 10
299.0702891251268
 20
136.5160652392194
 10
299.1047938887801
 20
136.5410883092215
 10
299.1390277111741
 20
136.5662389676596
 10
299.1729908255359
 20
136.591517152011
 10
299.2066834727139
 20
136.6169227977499
 10
299.2401059013075
 20
136.6424558383159
 10
299.2732583678019
 20
136.6681162050805
 10
299.3061411366995
 20
136.6939038273126
 10
299.3387544806532
 20
136.7198186321459
 10
299.3710986805989
 20
136.7458605445426
 10
299.4031740258862
 20
136.7720294872635
 10
299.4349808144152
 20
136.7983253808302
 10
299.4665193527644
 20
136.8247481434947
 10
299.4977899563257
 20
136.8512976912041
 10
299.5287929494377
 20
136.8779739375666
 10
299.5595286655161
 20
136.9047767938189
 10
299.5899974471874
 20
136.9317061687918
 10
299.6201996464226
 20
136.9587619688762
 10
299.6501356246672
 20
136.9859440979897
 10
299.6798057529765
 20
137.0132524575424
 10
299.7092104121457
 20
137.0406869464051
 10
299.738349992845
 20
137.0682474608728
 10
299.7672248957493
 20
137.095933894632
 10
299.7958355316744
 20
137.1237461387293
 10
299.8241823217058
 20
137.1516840815328
 10
299.8522656973341
 20
137.1797476087032
 10
299.8800861005852
 20
137.2079366031575
 10
299.9076439841555
 20
137.2362509450359
 10
299.9349398115422
 20
137.264690511668
 10
299.9619740571779
 20
137.2932551775381
 10
299.988747206561
 20
137.3219448142537
 10
300.0152597563904
 20
137.3507592905105
 10
300.0415122146961
 20
137.3796984720579
 10
300.0675051009737
 20
137.4087622216666
 10
300.0932389463134
 20
137.4379503990941
 10
300.1187142935219
 20
137.4672628610545
 10
300.1439316972319
 20
137.49669946119
 10
300.1688917240059
 20
137.5262600500404
 10
300.1935949524479
 20
137.5559444750186
 10
300.2180419733059
 20
137.585752580378
 10
300.2422333895828
 20
137.6156842071869
 10
300.2661698166423
 20
137.6457391932996
 10
300.2898518823141
 20
137.6759173733285
 10
300.3132802270045
 20
137.7062185786138
 10
300.336455503802
 20
137.7366426371982
 10
300.3593783785821
 20
137.7671893737945
 10
300.3820495301189
 20
137.7978586097626
 10
300.4044696501896
 20
137.8286501630764
 10
300.4266394436811
 20
137.8595638482976
 10
300.4485596286986
 20
137.8905994765472
 10
300.4702309366722
 20
137.9217568554773
 10
300.4916541124645
 20
137.9530357892425
 10
300.5128299144771
 20
137.9844360784703
 10
300.5337591147573
 20
138.0159575202367
 10
300.5544424991067
 20
138.0475999080321
 10
300.5748808671875
 20
138.0793630317378
 10
300.5950750326299
 20
138.111246677597
 10
300.6150258231389
 20
138.1432506281828
 10
300.6347340806013
 20
138.1753746623739
 10
300.6542006611937
 20
138.2076185553247
 10
300.6734264354886
 20
138.2399820784372
 10
300.6924122885631
 20
138.2724649993328
 10
300.711159120104
 20
138.3050670818232
 10
300.7296678445166
 20
138.3377880858823
 10
300.7479393910304
 20
138.3706277676188
 10
300.7659747038093
 20
138.403585879247
 10
300.7837747420682
 20
138.4366621690555
 10
300.8013404802305
 20
138.4698563813694
 10
300.8186729080982
 20
138.5031682565073
 10
300.8357730310166
 20
138.5365975307417
 10
300.8526418700503
 20
138.5701439362558
 10
300.8692804621496
 20
138.6038072011001
 10
300.8856898603189
 20
138.6375870491559
 10
300.9018711337899
 20
138.6714832000867
 10
300.9178253681902
 20
138.7054953693024
 10
300.9335536657105
 20
138.7396232679143
 10
300.9490571452789
 20
138.7738666026943
 10
300.9643369427263
 20
138.8082250760327
 10
300.9793942109583
 20
138.8426983858971
 10
300.994230120125
 20
138.8772862257902
 10
301.0088458577913
 20
138.9119882847088
 10
301.0232426291036
 20
138.9468042471005
 10
301.0374216569633
 20
138.9817337928237
 10
301.0513841821953
 20
139.0167765971047
 10
301.0651314637162
 20
139.051932330496
 10
301.0786647787059
 20
139.0872006588361
 10
301.0919854227765
 20
139.1225812432057
 10
301.105094710142
 20
139.1580737398865
 10
301.1179939737889
 20
139.1936778003211
 10
301.1306845656449
 20
139.229393071068
 10
301.1431678567494
 20
139.2652191937634
 10
301.155445237423
 20
139.3011558050778
 10
301.1675181174367
 20
139.3372025366729
 10
301.1793879261829
 20
139.3733590151626
 10
301.1910561128432
 20
139.4096248620695
 10
301.2025241465612
 20
139.4459996937841
 10
301.2137935166082
 20
139.482483121522
 10
301.2248657325452
 20
139.5190747512841
 10
301.2357423242968
 20
139.555774183839
 10
301.2464248421324
 20
139.5925810147149
 10
301.2569148566366
 20
139.6294948342069
 10
301.2672139586801
 20
139.6665152273724
 10
301.2773237593862
 20
139.7036417740367
 10
301.2872458901017
 20
139.740874048791
 10
301.296982002366
 20
139.7782116209956
 10
301.3065337678796
 20
139.8156540547791
 10
301.3159028784749
 20
139.8532009090387
 10
301.3250910460842
 20
139.8908517374459
 10
301.3341000027079
 20
139.9286060884409
 10
301.3429315003871
 20
139.9664635052399
 10
301.3515873111706
 20
140.0044235258304
 10
301.3600692270824
 20
140.0424856829766
 10
301.3683790600951
 20
140.0806495042193
 10
301.3765186420966
 20
140.1189145118751
 10
301.3844898248589
 20
140.1572802230399
 10
301.3922944800096
 20
140.1957461495873
 10
301.399934498999
 20
140.234311798172
 10
301.4074117930704
 20
140.2729766702305
 10
301.4147282932293
 20
140.3117402619808
 10
301.4218859502117
 20
140.3506020644234
 10
301.4288867344547
 20
140.3895615633438
 10
301.435732636066
 20
140.4286182393135
 10
301.442425664791
 20
140.467771567689
 10
301.448967849985
 20
140.5070210186142
 10
301.4553612405791
 20
140.5463660570226
 10
301.4616079050526
 20
140.585806142635
 10
301.4677099314008
 20
140.6253407299642
 10
301.4736694271038
 20
140.664969268313
 10
301.4794885190941
 20
140.7046912017783
 10
301.4851693536529
 20
140.7445059692661
 10
301.4907140961084
 20
140.7844130045496
 10
301.496124930453
 20
140.8244117363477
 10
301.5014040589503
 20
140.8645015884013
 10
301.5065537017508
 20
140.9046819795499
 10
301.5115760964986
 20
140.9449523238106
 10
301.5164734979459
 20
140.9853120304558
 10
301.5212481775622
 20
141.0257605040869
 10
301.5259024231458
 20
141.066297144718
 10
301.5304385384347
 20
141.1069213478468
 10
301.5348588427179
 20
141.1476325045367
 10
301.5391656704459
 20
141.1884300014909
 10
301.5433613708428
 20
141.2293132211345
 10
301.547448307516
 20
141.2702815416855
 10
301.5514288580682
 20
141.3113343372371
 10
301.5553054137094
 20
141.3524709778333
 10
301.5627561707875
 20
141.4349932545578
 10
301.5698199657616
 20
141.5178432541746
 10
301.5765163784481
 20
141.6010157991722
 10
301.5828651690189
 20
141.6845056546891
 10
301.5888862655587
 20
141.7683075309884
 10
301.5945997516141
 20
141.8524160859397
 10
301.6000258537492
 20
141.9368259274917
 10
301.6051849291045
 20
142.0215316161528
 10
301.6100974532581
 20
142.1065276673977
 10
301.6147840094337
 20
142.1918085537952
 10
301.6192652786031
 20
142.2773687069376
 10
301.6235620296591
 20
142.3632025193617
 10
301.6276951095903
 20
142.4493043464594
 10
301.6316854336533
 20
142.5356685084016
 10
301.6355539755516
 20
142.6222892920502
 10
301.6393217576054
 20
142.7091609528774
 10
301.6430098409281
 20
142.796277716881
 10
301.6466393156
 20
142.8836337825043
 10
301.6502312908439
 20
142.9712233225489
 10
301.653806885197
 20
143.0590404860954
 10
301.6573872166878
 20
143.1470794004175
 10
301.660993393008
 20
143.2353341729006
 10
301.6646465016898
 20
143.323798892959
 10
301.6683676002695
 20
143.4124676339533
 10
301.6721777062195
 20
143.5013344551583
 10
301.6760977862537
 20
143.5903934038632
 10
301.6801487453644
 20
143.6796385175268
 10
301.6843514158501
 20
143.7690638259341
 10
301.688726546346
 20
143.8586633533538
 10
301.6932947908494
 20
143.9484311206961
 10
301.6980766977493
 20
144.03836114767
 10
301.7030926988543
 20
144.1284474549379
 10
301.7083630984203
 20
144.2186840662776
 10
301.7139080621799
 20
144.3090650107356
 10
301.7197476063686
 20
144.3995843247862
 10
301.7259015867533
 20
144.4902360544893
 10
301.7323896876632
 20
144.5810142576456
 10
301.7392314110141
 20
144.671913005955
 10
301.7464460653377
 20
144.7629263871755
 10
301.7540527548268
 20
144.8540485072737
 10
301.7620703685906
 20
144.9452734925385
 10
301.7705175702797
 20
145.0365954916088
 10
301.7794127877983
 20
145.1280086774923
 10
301.7887742030238
 20
145.2195072495768
 10
301.7986197415225
 20
145.3110854356427
 10
301.808967062266
 20
145.4027374938775
 10
301.8143343339813
 20
145.4485894395509
 10
301.8198335473502
 20
145.494457714887
 10
301.8254668301866
 20
145.5403416116085
 10
301.831236291712
 20
145.5862404237136
 10
301.8371440222381
 20
145.6321534475433
 10
301.843192092844
 20
145.6780799818426
 10
301.8493825550531
 20
145.7240193278224
 10
301.8557174405147
 20
145.7699707892224
 10
301.86219876068
 20
145.8159336723758
 10
301.8688285064838
 20
145.8619072862714
 10
301.8756086480185
 20
145.9078909426158
 10
301.8825411342185
 20
145.9538839558972
 10
301.8896278925345
 20
145.9998856434475
 10
301.8968708286139
 20
146.0458953255059
 10
301.9042718259793
 20
146.0919123252812
 10
301.9118327457062
 20
146.1379359690159
 10
301.9195554261038
 20
146.1839655860484
 10
301.9274416823918
 20
146.2300005088745
 10
301.9354933063735
 20
146.2760400732137
 10
301.9437120660974
 20
146.3220836180749
 10
301.9520997055062
 20
146.3681304858244
 10
301.960657944093
 20
146.414180022254
 10
301.9693884765502
 20
146.4602315766486
 10
301.9782929724234
 20
146.5062845018555
 10
301.9873730757636
 20
146.5523381543512
 10
301.9966304047778
 20
146.5983918943111
 10
302.0060665514828
 20
146.6444450856755
 10
302.0156830813588
 20
146.6904970962193
 10
302.0254815329977
 20
146.7365472976197
 10
302.0354634177581
 20
146.7825950655235
 10
302.0456302194164
 20
146.8286397796175
 10
302.0559833938206
 20
146.8746808236935
 10
302.0665243685408
 20
146.9207175857182
 10
302.0772545425219
 20
146.9667494579006
 10
302.0881752857349
 20
147.0127758367613
 10
302.0992879388316
 20
147.0587961231998
 10
302.1105938127955
 20
147.1048097225619
 10
302.1220941885923
 20
147.1508160447077
 10
302.1337903168238
 20
147.1968145040826
 10
302.1456834173816
 20
147.2428045197819
 10
302.1577746790954
 20
147.2887855156196
 10
302.1700652593898
 20
147.3347569201986
 10
302.1825562839317
 20
147.3807181669758
 10
302.1952488462862
 20
147.4266686943335
 10
302.2081440075679
 20
147.4726079456441
 10
302.2212427960928
 20
147.5185353693408
 10
302.234546207029
 20
147.5644504189842
 10
302.2480552020518
 20
147.6103525533308
 10
302.2617707089938
 20
147.6562412364007
 10
302.2756936215011
 20
147.702115937548
 10
302.2898247987094
 20
147.7479761315189
 10
302.3041650649475
 20
147.7938212985134
 10
302.3187152094465
 20
147.8396509242426
 10
302.3334759860462
 20
147.8854644999847
 10
302.3484481129026
 20
147.9312615226412
 10
302.3636322721984
 20
147.9770414947979
 10
302.3790291098472
 20
148.0228039247767
 10
302.3946392352058
 20
148.0685483266977
 10
302.4104632207776
 20
148.1142742205348
 10
302.4265016019232
 20
148.1599811321712
 10
302.4427548765688
 20
148.2056685934587
 10
302.4592235049102
 20
148.2513361422749
 10
302.4759079091264
 20
148.2969833225787
 10
302.4928084730836
 20
148.3426096844697
 10
302.5099255420422
 20
148.3882147842424
 10
302.5272594223693
 20
148.4337981844481
 10
302.544810381242
 20
148.4793594539465
 10
302.5625786463577
 20
148.5248981679682
 10
302.580564405641
 20
148.5704139081677
 10
302.5987678069529
 20
148.6159062626833
 10
302.6171889577966
 20
148.6613748261936
 10
302.6358279250269
 20
148.706819199973
 10
302.6546847345588
 20
148.7522389919531
 10
302.6737593710723
 20
148.7976338167744
 10
302.6930517777245
 20
148.8430032958485
 10
302.7125618558542
 20
148.8883470574123
 10
302.7322894646906
 20
148.9336647365859
 10
302.7522344210626
 20
148.9789559754311
 10
302.7723964991042
 20
149.0242204230064
 10
302.7927754299649
 20
149.0694577354259
 10
302.8133709015202
 20
149.1146675759152
 10
302.8341825582073
 20
149.1598496148443
 10
302.8552100012469
 20
149.2050035296843
 10
302.8764527890369
 20
149.2501290049324
 10
302.8979104375639
 20
149.2952257320341
 10
302.9195824208051
 20
149.3402934093027
 10
302.9414681711413
 20
149.3853317418444
 10
302.9635670797566
 20
149.4303404414778
 10
302.9858784970521
 20
149.4753192266561
 10
303.0084017330485
 20
149.5202678223902
 10
303.031136057794
 20
149.5651859601695
 10
303.0540807017719
 20
149.610073377883
 10
303.0772348563062
 20
149.6549298197436
 10
303.1005976739717
 20
149.6997550362068
 10
303.1241682689952
 20
149.7445487838961
 10
303.1479457176696
 20
149.7893108255208
 10
303.1719290587529
 20
149.8340409298015
 10
303.1961172938831
 20
149.8787388713905
 10
303.2205093879774
 20
149.9234044307924
 10
303.2451042696467
 20
149.9680373942886
 10
303.2699008315956
 20
150.0126375538564
 10
303.2948979310339
 20
150.0572047070933
 10
303.3200943900812
 20
150.101738657137
 10
303.3454889961761
 20
150.1462392125878
 10
303.3710805024794
 20
150.1907061874319
 10
303.3968676282853
 20
150.2351394009599
 10
303.422849059424
 20
150.2795386776927
 10
303.4490234486733
 20
150.3239038473005
 10
303.4753894161607
 20
150.3682347445256
 10
303.5019455497737
 20
150.4125312091039
 10
303.5286904055662
 20
150.4567930856875
 10
303.555622508163
 20
150.501020223766
 10
303.5827403511686
 20
150.5452124775885
 10
303.6100423975501
 20
150.5893697060905
 10
303.6375270800045
 20
150.6334917728222
 10
303.6651928013172
 20
150.6775785458805
 10
303.6930379347266
 20
150.7216298978399
 10
303.7210608242802
 20
150.7656457056816
 10
303.749259785199
 20
150.8096258507266
 10
303.7776331042378
 20
150.8535702185643
 10
303.8061790400456
 20
150.897478698985
 10
303.8348958235247
 20
150.9413511859092
 10
303.863781658195
 20
150.9851875773196
 10
303.8928347205533
 20
151.0289877751901
 10
303.9220531604324
 20
151.0727516854189
 10
303.9514351013643
 20
151.1164792177573
 10
303.9809786409417
 20
151.160170285742
 10
304.0106818511762
 20
151.2038248066238
 10
304.0405427788602
 20
151.2474427013003
 10
304.0705594459283
 20
151.2910238942463
 10
304.1007298498193
 20
151.334568313443
 10
304.1310519638333
 20
151.3780758903113
 10
304.1615237374969
 20
151.4215465596396
 10
304.1921430969215
 20
151.4649802595178
 10
304.2229079451642
 20
151.5083769312652
 10
304.2538161625898
 20
151.5517365193622
 10
304.2848656072313
 20
151.5950589713825
 10
304.3160541151505
 20
151.6383442379214
 10
304.3473795007983
 20
151.6815922725285
 10
304.3788395573772
 20
151.7248030316368
 10
304.4104320572009
 20
151.7679764744956
 10
304.4421547520545
 20
151.8111125630989
 10
304.4740053735573
 20
151.8542112621178
 10
304.5059816335229
 20
151.8972725388302
 10
304.5703018192575
 20
151.9832827070645
 10
304.6350966216652
 20
152.0691428554794
 10
304.7003470601336
 20
152.1548528088805
 10
304.7660338731145
 20
152.2404124268764
 10
304.8321375302088
 20
152.3258216015552
 10
304.898638244257
 20
152.4110802551604
 10
304.9655159834191
 20
152.4961883377648
 10
305.0327504832649
 20
152.581145824948
 10
305.1003212588584
 20
152.6659527154722
 10
305.1682076168437
 20
152.7506090289559
 10
305.2363886675292
 20
152.835114803552
 10
305.3048433369777
 20
152.9194700936218
 10
305.3735503790869
 20
153.0036749674113
 10
305.4424883876791
 20
153.0877295047269
 10
305.5116358085868
 20
153.1716337946111
 10
305.5809709517362
 20
153.2553879330182
 10
305.6504720032031
 20
153.3389920204962
 10
305.7201170371196
 20
153.4224461599015
 10
305.789884027483
 20
153.5057504541323
 10
305.8597508599496
 20
153.5889050038668
 10
305.9296953436307
 20
153.6719099052992
 10
305.999695222892
 20
153.7547652478784
 10
306.0697281891499
 20
153.8374711120424
 10
306.1397718926644
 20
153.9200275669579
 10
306.2098039543403
 20
154.002434668256
 10
306.2798019775205
 20
154.0846924557691
 10
306.3497435597846
 20
154.1668009512688
 10
306.4196063047443
 20
154.2487601562014
 10
306.4893678338415
 20
154.3305700494274
 10
306.5590057981423
 20
154.412230584955
 10
306.6284978901354
 20
154.4937416896809
 10
306.6978218555311
 20
154.5751032611239
 10
306.7669555050994
 20
154.6563151651516
 10
306.8358767266323
 20
154.7373772336737
 10
306.9045634969639
 20
154.8182892623185
 10
306.9729938939825
 20
154.8990510081121
 10
307.0411461086543
 20
154.9796621871546
 10
307.1089984570416
 20
155.0601224722991
 10
307.1765293923178
 20
155.1404314908287
 10
307.2437175167909
 20
155.2205888221332
 10
307.310541593919
 20
155.3005939953889
 10
307.3769805603276
 20
155.3804464872339
 10
307.4430135378341
 20
155.4601457194466
 10
307.508619845459
 20
155.5396910566237
 10
307.5737790114507
 20
155.6190818038574
 10
307.6384707852993
 20
155.6983172044134
 10
307.6706351353408
 20
155.7378763957302
 10
307.7026751497603
 20
155.7773964374074
 10
307.7345883648205
 20
155.8168772164301
 10
307.7663723328619
 20
155.8563186154852
 10
307.798024622667
 20
155.8957205128924
 10
307.8295428198311
 20
155.935082782532
 10
307.8609245271224
 20
155.9744052937783
 10
307.8921673648541
 20
156.0136879114279
 10
307.9232689712456
 20
156.0529304956308
 10
307.9542270027916
 20
156.0921329018214
 10
307.985039134628
 20
156.1312949806478
 10
308.0157030608966
 20
156.1704165779029
 10
308.0462164951121
 20
156.2094975344545
 10
308.0765771705277
 20
156.248537686176
 10
308.1067828405032
 20
156.2875368638759
 10
308.1368312788672
 20
156.3264948932298
 10
308.166720280288
 20
156.3654115947091
 10
308.1964476606359
 20
156.4042867835128
 10
308.2260112573504
 20
156.4431202694963
 10
308.2554089298076
 20
156.481911857104
 10
308.2846385596846
 20
156.520661345297
 10
308.313698051327
 20
156.5593685274861
 10
308.3425853321142
 20
156.5980331914602
 10
308.3712983528248
 20
156.6366551193177
 10
308.3998350880049
 20
156.6752340873972
 10
308.4281935363321
 20
156.7137698662065
 10
308.4563717209829
 20
156.7522622203546
 10
308.4843676899983
 20
156.7907109084809
 10
308.5121795166492
 20
156.8291156831864
 10
308.539805299804
 20
156.867476290963
 10
308.5672431642943
 20
156.9057924721257
 10
308.5944912612807
 20
156.9440639607413
 10
308.6215477686181
 20
156.9822904845591
 10
308.6484108912235
 20
157.0204717649423
 10
308.6750788614452
 20
157.0586075167953
 10
308.7015499394476
 20
157.0966974484901
 10
308.7278224136035
 20
157.134741261785
 10
308.7538946008848
 20
157.1727386517492
 10
308.7797648472533
 20
157.2106893066826
 10
308.8054315280567
 20
157.2485929080376
 10
308.830893048415
 20
157.2864491303411
 10
308.8561478436174
 20
157.3242576411156
 10
308.8811943795105
 20
157.3620181008018
 10
308.9060311528932
 20
157.3997301626788
 10
308.9306566919047
 20
157.4373934727866
 10
308.9550695564212
 20
157.4750076698475
 10
308.9792683384437
 20
157.5125723851874
 10
309.0032516624917
 20
157.5500872426577
 10
309.0270181859949
 20
157.5875518585566
 10
309.0505665996855
 20
157.6249658415514
 10
309.0738956279893
 20
157.6623287925992
 10
309.0970040294174
 20
157.6996403048684
 10
309.1198905969603
 20
157.7368999636617
 10
309.142554158475
 20
157.7741073463356
 10
309.1649935770834
 20
157.8112620222241
 10
309.1872077515574
 20
157.8483635525587
 10
309.2091956167175
 20
157.8854114903901
 10
309.2309561438182
 20
157.9224053805117
 10
309.2524883409443
 20
157.9593447593782
 10
309.2737912534023
 20
157.9962291550294
 10
309.2948639641104
 20
158.0330580870113
 10
309.3157055939905
 20
158.0698310662968
 10
309.3363153023628
 20
158.1065475952083
 10
309.3566922873353
 20
158.1432071673392
 10
309.3768357861954
 20
158.1798092674747
 10
309.3967450757726
 20
158.216353371529
 10
309.4164194724958
 20
158.2528389466239
 10
309.4358583320478
 20
158.2892654513564
 10
309.4550610489534
 20
158.3256323361039
 10
309.4740270561535
 20
158.3619390433271
 10
309.4927558245903
 20
158.3981850078747
 10
309.5112468627852
 20
158.4343696572877
 10
309.5294997164219
 20
158.4704924121048
 10
309.5475139679248
 20
158.5065526861642
 10
309.5652892360413
 20
158.5425498869105
 10
309.5828251754211
 20
158.5784834156975
 10
309.6001214761982
 20
158.6143526680929
 10
309.6171778635706
 20
158.6501570341825
 10
309.6339940973825
 20
158.6858958988748
 10
309.6505699717017
 20
158.7215686422053
 10
309.6669053144047
 20
158.7571746396396
 10
309.6829999867535
 20
158.7927132623798
 10
309.698853882979
 20
158.8281838776673
 10
309.7144669298599
 20
158.8635858490872
 10
309.7298390863038
 20
158.898918536873
 10
309.7449703429284
 20
158.9341812982111
 10
309.7598607216419
 20
158.9693734875445
 10
309.7745102752249
 20
159.0044944568776
 10
309.7889190869068
 20
159.0395435560792
 10
309.8030872699527
 20
159.0745201331898
 10
309.8170149672389
 20
159.1094235347225
 10
309.8307023508362
 20
159.1442531059687
 10
309.8441496215894
 20
159.1790081913036
 10
309.8573570087001
 20
159.2136881344884
 10
309.8703247693046
 20
159.2482922789758
 10
309.8830531880548
 20
159.2828199682139
 10
309.895542576701
 20
159.3172705459514
 10
309.9077932736612
 20
159.3516433565484
 10
309.9198056435577
 20
159.3859377453144
 10
309.931580076738
 20
159.4201530588588
 10
309.9431169887914
 20
159.4542886454433
 10
309.9544168200697
 20
159.4883438553318
 10
309.9654800352035
 20
159.5223180411441
 10
309.976307122624
 20
159.5562105582061
 10
309.9868985940771
 20
159.590020764902
 10
309.9972549841444
 20
159.6237480230248
 10
310.0073768497621
 20
159.6573916981299
 10
310.0172647697397
 20
159.6909511598849
 10
310.026919344275
 20
159.7244257824226
 10
310.0363411944773
 20
159.7578149446905
 10
310.0455309618828
 20
159.7911180308052
 10
310.0544893079741
 20
159.8243344304021
 10
310.0632169136996
 20
159.8574635389876
 10
310.0717144789903
 20
159.8905047582895
 10
310.079982722278
 20
159.9234574966117
 10
310.0880223800165
 20
159.9563211691822
 10
310.0958342061976
 20
159.9890951985067
 10
310.1034189718715
 20
160.0217790147201
 10
310.1107774646615
 20
160.0543720559377
 10
310.1179104882879
 20
160.0868737686062
 10
310.124818862083
 20
160.1192836078571
 10
310.1315034205098
 20
160.1516010378565
 10
310.1379650126809
 20
160.1838255321576
 10
310.1442045018786
 20
160.2159565740516
 10
310.15022276507
 20
160.247993656921
 10
310.1560206924284
 20
160.2799362845888
 10
310.1615991868519
 20
160.3117839716716
 10
310.166959163479
 20
160.3435362439315
 10
310.1721015492125
 20
160.3751926386235
 10
310.1770272822705
 20
160.4067527048162
 10
310.1817373117827
 20
160.4382160036733
 10
310.1862325973866
 20
160.4695821087243
 10
310.1905141088355
 20
160.5008506061393
 10
310.1945828255964
 20
160.5320210950013
 10
310.1984397364519
 20
160.5630931875787
 10
310.2020858391047
 20
160.5940665095981
 10
310.205522139778
 20
160.6249407005176
 10
310.2087496528163
 20
160.6557154137992
 10
310.2117694002886
 20
160.6863903171827
 10
310.2145824115896
 20
160.7169650929561
 10
310.2171897230422
 20
160.7474394382312
 10
310.2195923774985
 20
160.7778130652151
 10
310.2217914239432
 20
160.8080857014823
 10
310.2237879170933
 20
160.8382570902494
 10
310.2255829170018
 20
160.8683269906462
 10
310.227177488658
 20
160.8982951779897
 10
310.2285727015906
 20
160.9281614440563
 10
310.2297696294688
 20
160.9579255973546
 10
310.2307693497057
 20
160.9875874633986
 10
310.2315729430574
 20
161.0171468849805
 10
310.2321814932271
 20
161.0466037224433
 10
310.2325960864669
 20
161.0759578539536
 10
310.2328178111766
 20
161.1052091757745
 10
310.2328477575113
 20
161.1343576025389
 10
310.2326870169771
 20
161.1634030675216
 10
310.2323366820379
 20
161.1923455229123
 10
310.231797845713
 20
161.2211849400888
 10
310.231071601183
 20
161.2499213098897
 10
310.2301590413891
 20
161.278554642887
 10
310.2290612586338
 20
161.3070849696597
 10
310.2277793441587
 20
161.3355123410951
 10
310.226314387618
 20
161.3638368287875
 10
310.2246674765092
 20
161.3920585254922
 10
310.2228396955927
 20
161.4201775455799
 10
310.2208321263186
 20
161.4481940254938
 10
310.218645846246
 20
161.4761081242041
 10
310.2162819284688
 20
161.5039200236667
 10
310.2137414410368
 20
161.5316299292758
 10
310.211025446382
 20
161.5592380703228
 10
310.2081350007375
 20
161.5867447004498
 10
310.2050711535641
 20
161.6141500981072
 10
310.2018349469719
 20
161.6414545670098
 10
310.1984274151431
 20
161.6686584365913
 10
310.1948495837553
 20
161.6957620624614
 10
310.1911024694061
 20
161.7227658268613
 10
310.1871870790348
 20
161.74967013912
 10
310.1831044093445
 20
161.7764754361099
 10
310.178855446228
 20
161.8031821827033
 10
310.1744411641889
 20
161.8297908722277
 10
310.1698625257648
 20
161.8563020269219
 10
310.1651204809511
 20
161.8827161983924
 10
310.1602159666236
 20
161.9090339680693
 10
310.1551499059624
 20
161.9352559476615
 10
310.1499232078739
 20
161.9613827796134
 10
310.144536766415
 20
161.9874151375607
 10
310.138991460216
 20
162.0133537267866
 10
310.1332881519021
 20
162.0391992846772
 10
310.1274276875187
 20
162.0649525811773
 10
310.1214108959537
 20
162.0906144192478
 10
310.1152385883608
 20
162.11618563532
 10
310.1089115575809
 20
162.1416670997517
 10
310.1024305775912
 20
162.1670597172627
 10
310.0957964031804
 20
162.1923644271222
 10
310.0890097699557
 20
162.2175822030061
 10
310.0820713944153
 20
162.242714052781
 10
310.0749819740191
 20
162.2677610182904
 10
310.0677421872645
 20
162.2927241751372
 10
310.0603526937558
 20
162.3176046324695
 10
310.052814134279
 20
162.3424035327658
 10
310.0451271308734
 20
162.3671220516186
 10
310.037292286906
 20
162.3917613975185
 10
310.0293101871419
 20
162.416322811641
 10
310.0211813978195
 20
162.4408075676288
 10
310.0129064667199
 20
162.4652169713775
 10
310.0044859232444
 20
162.4895523608202
 10
309.9959202784817
 20
162.5138151057115
 10
309.9872100252863
 20
162.5380066074132
 10
309.9783556383455
 20
162.5621282986781
 10
309.9693575742563
 20
162.5861816434344
 10
309.9602162715975
 20
162.6101681365708
 10
309.9509321510002
 20
162.6340893037216
 10
309.9415056152232
 20
162.6579467010495
 10
309.9319370492235
 20
162.6817419150329
 10
309.9222268202306
 20
162.7054765622476
 10
309.9123752778193
 20
162.7291522891534
 10
309.9023827539808
 20
162.7527707718787
 10
309.8922495631976
 20
162.7763337160035
 10
309.8819760025136
 20
162.7998428563458
 10
309.8715623516088
 20
162.8232999567451
 10
309.8610088728721
 20
162.8467068098476
 10
309.8503158114727
 20
162.8700652368902
 10
309.8394833954348
 20
162.8933770874856
 10
309.828511835709
 20
162.9166442394053
 10
309.8174013263395
 20
162.9398685982681
 10
309.806152044955
 20
162.9630520968916
 10
309.7947641534413
 20
162.9861966944517
 10
309.7832377986275
 20
163.0093043756307
 10
309.7715731129739
 20
163.0323771497667
 10
309.7597702152557
 20
163.0554170500004
 10
309.7478292112505
 20
163.0784261324234
 10
309.7357501944224
 20
163.1014064752272
 10
309.7235332466112
 20
163.1243601778504
 10
309.7111784387144
 20
163.1472893601273
 10
309.6986858313758
 20
163.1701961614355
 10
309.686055475672
 20
163.1930827398452
 10
309.6732874137946
 20
163.2159512712658
 10
309.6603816797416
 20
163.2388039485959
 10
309.6473382999986
 20
163.2616429808691
 10
309.634157294227
 20
163.2844705924042
 10
309.6208386759501
 20
163.3072890219517
 10
309.6073824532379
 20
163.330100521844
 10
309.5937886293946
 20
163.3529073571413
 10
309.5800572036422
 20
163.375711804781
 10
309.5661881718105
 20
163.3985161527251
 10
309.552181527018
 20
163.4213226991098
 10
309.5380372603616
 20
163.4441337513913
 10
309.5237553616017
 20
163.4669516254967
 10
309.5093358198468
 20
163.4897786449691
 10
309.4947786242414
 20
163.5126171401187
 10
309.4800837646509
 20
163.5354694471683
 10
309.4652512323471
 20
163.5583379074036
 10
309.450281020696
 20
163.5812248663203
 10
309.4351731258411
 20
163.6041326727718
 10
309.4199275473921
 20
163.6270636781179
 10
309.4045442891037
 20
163.650020235379
 10
309.3890233595009
 20
163.6730046984483
 10
309.3733647724186
 20
163.6960194213904
 10
309.3575685475307
 20
163.719066757761
 10
309.3416347108716
 20
163.7421490599197
 10
309.3255632953618
 20
163.7652686783513
 10
309.309354341332
 20
163.7884279609808
 10
309.2930078970508
 20
163.8116292524909
 10
309.2765240192445
 20
163.8348748936405
 10
309.2599027736267
 20
163.8581672205799
 10
309.2431442354195
 20
163.8815085641691
 10
309.2262484898809
 20
163.9049012492958
 10
309.2092156328275
 20
163.9283475941909
 10
309.1920457711593
 20
163.9518499097473
 10
309.1747390233865
 20
163.975410498836
 10
309.1572955201526
 20
163.9990316556241
 10
309.1397154047586
 20
164.0227156648907
 10
309.1219988336894
 20
164.0464648013469
 10
309.104145977137
 20
164.0702813289497
 10
309.0861570195274
 20
164.094167500221
 10
309.0680321600418
 20
164.1181255555652
 10
309.0497716131453
 20
164.1421577225854
 10
309.031375609108
 20
164.1662662154008
 10
309.0128443945327
 20
164.1904532339646
 10
308.9941782328787
 20
164.2147209633806
 10
308.9753774049849
 20
164.2390715732202
 10
308.9564422095969
 20
164.2635072168403
 10
308.9373729638911
 20
164.2880300307002
 10
308.9181700039978
 20
164.312642133679
 10
308.8988336855286
 20
164.3373456263929
 10
308.879364384099
 20
164.3621425905113
 10
308.859762495854
 20
164.3870350880753
 10
308.840028438
 20
164.4120251608065
 10
308.8201626493669
 20
164.4371148293845
 10
308.800165590978
 20
164.4623060927093
 10
308.7800377466343
 20
164.4876009271599
 10
308.7597796234837
 20
164.513001285856
 10
308.7393917526043
 20
164.5385090979161
 10
308.7188746895744
 20
164.5641262677182
 10
308.6982290150547
 20
164.5898546741599
 10
308.6774553353635
 20
164.6156961699178
 10
308.6565542830499
 20
164.6416525807082
 10
308.6355265174758
 20
164.667725704546
 10
308.6143727253886
 20
164.6939173110057
 10
308.5930936214987
 20
164.7202291404794
 10
308.5716899490585
 20
164.7466629034402
 10
308.5501624804355
 20
164.773220279698
 10
308.5285120176907
 20
164.799902917662
 10
308.5067393931558
 20
164.8267124336004
 10
308.4848454700091
 20
164.8536504108993
 10
308.4628311428515
 20
164.8807183993238
 10
308.4406973382844
 20
164.9079179142765
 10
308.4184450154859
 20
164.9352504360591
 10
308.3960751667867
 20
164.9627174091309
 10
308.3735888182487
 20
164.9903202413693
 10
308.3509870302391
 20
165.0180603033293
 10
308.3282708980079
 20
165.0459389275047
 10
308.3054415522661
 20
165.0739574075864
 10
308.2825001597612
 20
165.102116997723
 10
308.2594479238526
 20
165.1304189117805
 10
308.2362860850903
 20
165.1588643226034
 10
308.2130159217903
 20
165.1874543612724
 10
308.1896387506116
 20
165.2161901163661
 10
308.1661559271339
 20
165.2450726332201
 10
308.1425688464404
 20
165.2741029131828
 10
308.1188789437123
 20
165.303281912865
 10
308.0950876948214
 20
165.3326105433898
 10
308.0711966169296
 20
165.3620896696419
 10
308.0472072690819
 20
165.3917201095157
 10
308.0231212528008
 20
165.4215026331645
 10
307.9989402126845
 20
165.4514379622507
 10
307.9746658369994
 20
165.4815267691924
 10
307.9502998582785
 20
165.5117696764155
 10
307.9258440539139
 20
165.5421672556006
 10
307.9013002467543
 20
165.5727200269323
 10
307.8766703056996
 20
165.6034284583494
 10
307.8519561462956
 20
165.6342929647922
 10
307.8271597313311
 20
165.6653139074529
 10
307.8022830714319
 20
165.6964915930248
 10
307.777328225657
 20
165.7278262729493
 10
307.752297302093
 20
165.7593181426681
 10
307.7271924584508
 20
165.7909673408686
 10
307.7020159026598
 20
165.8227739487368
 10
307.6767698934645
 20
165.8547379892027
 10
307.6514567410189
 20
165.8868594261924
 10
307.6260788074823
 20
165.9191381638747
 10
307.6006385076153
 20
165.9515740459116
 10
307.5751383093737
 20
165.9841668547071
 10
307.549580734505
 20
166.0169163106559
 10
307.5239683591448
 20
166.0498220713927
 10
307.4983038144092
 20
166.0828837310408
 10
307.4725897869928
 20
166.1161008194619
 10
307.4468290197641
 20
166.1494728015044
 10
307.4210243123586
 20
166.1829990762533
 10
307.3951785217732
 20
166.216678976282
 10
307.3692945627095
 20
166.2505117671287
 10
307.343375406979
 20
166.2844966476315
 10
307.317424082343
 20
166.3186327507748
 10
307.2914436713165
 20
166.3529191445704
 10
307.2654373099705
 20
166.38735483294
 10
307.2394081867344
 20
166.4219387565959
 10
307.2133595411976
 20
166.4566697939241
 10
307.1872946629139
 20
166.4915467618645
 10
307.1612168902033
 20
166.5265684167937
 10
307.1351296089542
 20
166.5617334554073
 10
307.1090362514274
 20
166.5970405155999
 10
307.0829402950554
 20
166.632488177348
 10
307.0568452612496
 20
166.6680749635919
 10
307.0307547141983
 20
166.7037993411166
 10
307.0046722596728
 20
166.739659721434
 10
306.9786015438292
 20
166.7756544616659
 10
306.9525462520087
 20
166.8117818654227
 10
306.926510107543
 20
166.8480401836881
 10
306.9004968705549
 20
166.8844276156998
 10
306.8485543362827
 20
166.9575823644719
 10
306.7967494205178
 20
167.0312307042228
 10
306.7451134066214
 20
167.1053564559323
 10
306.6936780516751
 20
167.1799426972907
 10
306.6424755481624
 20
167.254971790914
 10
306.5915384856527
 20
167.3304254125624
 10
306.5408998124865
 20
167.4062845793571
 10
306.4905927975539
 20
167.4825296780618
 10
306.4655741367365
 20
167.5207906573685
 10
306.4406509922386
 20
167.5591404934814
 10
306.4158275958867
 20
167.5975765701101
 10
306.3911081924168
 20
167.636096236896
 10
306.3664970382796
 20
167.6746968103016
 10
306.3419984004585
 20
167.7133755744978
 10
306.3176165552797
 20
167.7521297822537
 10
306.293355787225
 20
167.7909566558244
 10
306.269220387745
 20
167.8298533878404
 10
306.2452146540694
 20
167.8688171421957
 10
306.2213428880235
 20
167.9078450549364
 10
306.1976093948356
 20
167.946934235149
 10
306.1740184819547
 20
167.9860817658497
 10
306.1505744578584
 20
168.0252847048734
 10
306.127281630868
 20
168.0645400857603
 10
306.1041443079608
 20
168.103844918647
 10
306.0811667935817
 20
168.1431961911528
 10
306.058353388457
 20
168.1825908692707
 10
306.0357083884052
 20
168.2220258982536
 10
306.013236083151
 20
168.2614982035045
 10
305.9909407551352
 20
168.3010046914644
 10
305.9688266783318
 20
168.3405422505019
 10
305.9468981170564
 20
168.3801077518004
 10
305.9251593247802
 20
168.4196980502472
 10
305.9036145429419
 20
168.459309985323
 10
305.8822679997614
 20
168.4989403819889
 10
305.861123909051
 20
168.5385860515762
 10
305.8401864690285
 20
168.5782437926755
 10
305.8194598611152
 20
168.6179103920319
 10
305.7989482486751
 20
168.6575826254744
 10
305.778655775724
 20
168.6972572588659
 10
305.7585865656302
 20
168.7369310490488
 10
305.73874471982
 20
168.7766007447994
 10
305.7191343164803
 20
168.8162630877741
 10
305.6997594092643
 20
168.8559148134602
 10
305.680624025991
 20
168.8955526521259
 10
305.6617321673529
 20
168.9351733297693
 10
305.6430878056167
 20
168.9747735690686
 10
305.6246948833294
 20
169.0143500903317
 10
305.6065573120193
 20
169.053899612445
 10
305.5886789709015
 20
169.093418853824
 10
305.5710637055816
 20
169.1329045333634
 10
305.5537153267577
 20
169.1723533713849
 10
305.5366376089255
 20
169.2117620905884
 10
305.5198342890803
 20
169.2511274170015
 10
305.5033090654222
 20
169.2904460809286
 10
305.4870655960598
 20
169.3297148179003
 10
305.4711074977124
 20
169.3689303696245
 10
305.4554383444143
 20
169.408089484935
 10
305.4400616662182
 20
169.4471889207403
 10
305.4249809478997
 20
169.486225442975
 10
305.4101996276595
 20
169.5251958275489
 10
305.3957210958287
 20
169.5640968612958
 10
305.3815486935699
 20
169.6029253429242
 10
305.3676857115838
 20
169.641678083966
 10
305.3541353888102
 20
169.6803519097272
 10
305.3409009111336
 20
169.7189436602369
 10
305.327985410085
 20
169.7574501911964
 10
305.3153919615468
 20
169.795868374931
 10
305.3031235844645
 20
169.834195101332
 10
305.2911832396491
 20
169.8724272787468
 10
305.2795738287334
 20
169.9105618347744
 10
305.2682981931531
 20
169.9485957170452
 10
305.2573591131391
 20
169.9865258939941
 10
305.2467593066982
 20
170.0243493556403
 10
305.2365014286043
 20
170.0620631143625
 10
305.2265880693839
 20
170.0996642056743
 10
305.2170217543002
 20
170.1371496890035
 10
305.207804942343
 20
170.1745166484666
 10
305.1989400252145
 20
170.2117621936456
 10
305.1904293263153
 20
170.2488834603659
 10
305.182275099731
 20
170.2858776114716
 10
305.1744795292188
 20
170.3227418376021
 10
305.1670447271956
 20
170.3594733579697
 10
305.1599727337231
 20
170.3960694211354
 10
305.1532655154935
 20
170.4325273057858
 10
305.1469249648195
 20
170.4688443215094
 10
305.1409528986187
 20
170.5050178095732
 10
305.1353510573989
 20
170.5410451437004
 10
305.1301211042485
 20
170.5769237308456
 10
305.1252646238193
 20
170.6126510119711
 10
305.1207831213154
 20
170.6482244628254
 10
305.1166780214799
 20
170.6836415947178
 10
305.1129506675794
 20
170.7188999552967
 10
305.1096023203948
 20
170.7539971293253
 10
305.1066341572019
 20
170.7889307394573
 10
305.1040472707647
 20
170.8236984470152
 10
305.1018426683165
 20
170.8582979527665
 10
305.1000212705497
 20
170.8927269976995
 10
305.0985839106015
 20
170.9269833637998
 10
305.0975313330397
 20
170.9610648748294
 10
305.0968641927548
 20
170.9949693971593
 10
305.0965830534743
 20
171.028694840837
 10
305.096688386039
 20
171.0622391608004
 10
305.0971805666612
 20
171.095600358103
 10
305.0980598751811
 20
171.1287764811382
 10
305.0993264933261
 20
171.1617656268637
 10
305.1009805029673
 20
171.1945659420274
 10
305.103021884379
 20
171.2271756243919
 10
305.1054505144941
 20
171.2595929239585
 10
305.1082661651642
 20
171.2918161441927
 10
305.1114685014155
 20
171.3238436432494
 10
305.1150570797086
 20
171.3556738351972
 10
305.1190313461945
 20
171.3873051912434
 10
305.1233906349725
 20
171.4187362409579
 10
305.12813416635
 20
171.4499655735002
 10
305.1332610450977
 20
171.480991838842
 10
305.138770258709
 20
171.5118137489933
 10
305.1446606756572
 20
171.5424300792266
 10
305.1509310436534
 20
171.5728396693017
 10
305.1575799879047
 20
171.603041424692
 10
305.1646060093713
 20
171.6330343178072
 10
305.1720074830237
 20
171.6628173892187
 10
305.1797826561033
 20
171.6923897488855
 10
305.1879296463771
 20
171.7217505773784
 10
305.1964464403963
 20
171.7508991271039
 10
305.205330891756
 20
171.779834723531
 10
305.2145807193495
 20
171.8085567664136
 10
305.2241935056295
 20
171.837064731018
 10
305.2341666948643
 20
171.8653581693451
 10
305.2444975913947
 20
171.8934367113571
 10
305.2551833578939
 20
171.9213000662018
 10
305.2662210137064
 20
171.9489480233863
 10
305.2776074342585
 20
171.9763804532906
 10
305.2893393521829
 20
172.0035973066257
 10
305.3014133588521
 20
172.0305986136382
 10
305.313825905923
 20
172.0573844833072
 10
305.3265733068771
 20
172.0839551025451
 10
305.3396517385658
 20
172.1103107353957
 10
305.3530572427515
 20
172.1364517222329
 10
305.3667857276504
 20
172.1623784789613
 10
305.3808329694762
 20
172.1880914962136
 10
305.3951946139815
 20
172.2135913385504
 10
305.4098661779999
 20
172.238878643659
 10
305.4248430509914
 20
172.2639541215527
 10
305.4401204965817
 20
172.2888185537692
 10
305.4556936541072
 20
172.3134727925707
 10
305.471557540157
 20
172.3379177601418
 10
305.4877070501152
 20
172.3621544477892
 10
305.5041369597041
 20
172.3861839151404
 10
305.5208419265255
 20
172.4100072893437
 10
305.5378164916061
 20
172.4336257642649
 10
305.5550550809363
 20
172.4570405996892
 10
305.5725520070172
 20
172.4802531205179
 10
305.5903014703992
 20
172.5032647159695
 10
305.608297561227
 20
172.5260768387763
 10
305.6265342607826
 20
172.5486910043862
 10
305.6450054430261
 20
172.5711087901588
 10
305.66370487614
 20
172.5933318345674
 10
305.6826262240695
 20
172.6153618363951
 10
305.7017630480701
 20
172.6372005539363
 10
305.7211088082436
 20
172.6588498041947
 10
305.7406568650858
 20
172.6803114620813
 10
305.7604004810302
 20
172.7015874596139
 10
305.7803328222087
 20
172.7226797849804
 10
305.80044696112
 20
172.7435904810442
 10
305.8207358798874
 20
172.7643216434899
 10
305.8411924735608
 20
172.7848754189352
 10
305.861809553422
 20
172.8052540030486
 10
305.8825798502883
 20
172.8254596386627
 10
305.903496017813
 20
172.8454946138888
 10
305.924550635793
 20
172.8653612602339
 10
305.94573621347
 20
172.8850619507135
 10
305.9670451928329
 20
172.9045990979668
 10
305.9884699519252
 20
172.9239751523727
 10
306.0100028081442
 20
172.9431926001644
 10
306.0316360215472
 20
172.9622539615432
 10
306.0533617981546
 20
172.9811617887945
 10
306.0751722932514
 20
172.9999186644026
 10
306.0970596146952
 20
173.0185271991657
 10
306.1190158262137
 20
173.0369900303099
 10
306.1410329507132
 20
173.055309819605
 10
306.1631029735805
 20
173.0734892514798
 10
306.1852178459854
 20
173.0915310311354
 10
306.2073694881855
 20
173.1094378826617
 10
306.2295497928286
 20
173.1272125471518
 10
306.2739638418124
 20
173.1623763531004
 10
306.3183947074725
 20
173.1970446461543
 10
306.3627768740226
 20
173.2312397748912
 10
306.4070447010664
 20
173.2649841789707
 10
306.4511325292984
 20
173.2983003288188
 10
306.4949747848164
 20
173.331210666158
 10
306.5385060757699
 20
173.3637375491986
 10
306.5601347466419
 20
173.3798641468909
 10
306.5816612828204
 20
173.395903201601
 10
306.6030776016984
 20
173.4118574619565
 10
306.6243756489232
 20
173.4277296618471
 10
306.6455474012026
 20
173.4435225188427
 10
306.6665848691123
 20
173.4592387326105
 10
306.6874800998994
 20
173.4748809833338
 10
306.7082251802881
 20
173.4904519301281
 10
306.7288122392871
 20
173.5059542094616
 10
306.7492334509961
 20
173.5213904335705
 10
306.7694810374086
 20
173.5367631888784
 10
306.7895472712189
 20
173.5520750344135
 10
306.8094244786291
 20
173.5673285002263
 10
306.8291050421545
 20
173.5825260858083
 10
306.8485814034267
 20
173.5976702585092
 10
306.8678460660035
 20
173.6127634519538
 10
306.8868915981718
 20
173.6278080644625
 10
306.9057106357549
 20
173.6428064574662
 10
306.9242958849167
 20
173.6577609539261
 10
306.9426401249682
 20
173.6726738367506
 10
306.9607362111753
 20
173.687547347214
 10
306.97857707756
 20
173.7023836833727
 10
306.9961557397109
 20
173.7171849984849
 10
307.0134652975872
 20
173.7319533994275
 10
307.0304989383213
 20
173.746690945114
 10
307.0472499390315
 20
173.7613996449129
 10
307.063711669621
 20
173.7760814570646
 10
307.0798775955985
 20
173.7907382870937
 10
307.0957412809427
 20
173.8053719861979
 10
307.1112963909978
 20
173.8199843496176
 10
307.1265366953744
 20
173.8345771150074
 10
307.1414560708479
 20
173.8491519608055
 10
307.1560485042582
 20
173.8637105046043
 10
307.1703080954098
 20
173.87825430152
 10
307.184229059969
 20
173.8927848425626
 10
307.1978057323663
 20
173.9073035530068
 10
307.2110325686939
 20
173.9218117907609
 10
307.2239041496066
 20
173.9363108447379
 10
307.2364151832177
 20
173.9508019332251
 10
307.2485605080036
 20
173.9652862022541
 10
307.2603350956986
 20
173.9797647239717
 10
307.2717340541971
 20
173.9942384950084
 10
307.282752630453
 20
174.00870843485
 10
307.293386213376
 20
174.0231753842076
 10
307.3036303367352
 20
174.0376401033864
 10
307.3134806820564
 20
174.0521032706564
 10
307.3229330815196
 20
174.0665654806238
 10
307.3319835208644
 20
174.081027242599
 10
307.3406281422813
 20
174.0954889789678
 10
307.3488632473182
 20
174.1099510235616
 10
307.3566852997749
 20
174.1244136200272
 10
307.364090928607
 20
174.138876920197
 10
307.3710769308211
 20
174.1533409824585
 10
307.3776402743758
 20
174.1678057701252
 10
307.3837781010813
 20
174.182271149806
 10
307.3894877295006
 20
174.1967368897768
 10
307.3947666578443
 20
174.2112026583478
 10
307.3996125668754
 20
174.2256680222365
 10
307.4040233226853
 20
174.2401324450109
 10
307.4079969777957
 20
174.2545952865956
 10
307.4115317694144
 20
174.2690558045675
 10
307.4146261169635
 20
174.2835131559142
 10
307.4172786195916
 20
174.2979663988007
 10
307.4194880536832
 20
174.3124144943349
 10
307.4212533703768
 20
174.3268563083347
 10
307.4225736930709
 20
174.3412906130947
 10
307.4234483149413
 20
174.355716089152
 10
307.4238766964512
 20
174.3701313270522
 10
307.4238584628662
 20
174.384534829118
 10
307.4233934017623
 20
174.3989250112132
 10
307.4224814605425
 20
174.4133002045103
 10
307.4211227439475
 20
174.4276586572561
 10
307.4193175115697
 20
174.4419985365405
 10
307.4170661753618
 20
174.4563179300592
 10
307.4143692971551
 20
174.4706148478833
 10
307.4112275861657
 20
174.4848872242247
 10
307.4076418965121
 20
174.4991329192016
 10
307.4036132247256
 20
174.5133497206064
 10
307.3991427072615
 20
174.5275353456714
 10
307.3942316180137
 20
174.5416874428352
 10
307.3888813658274
 20
174.5558035935091
 10
307.3830934920076
 20
174.5698813138441
 10
307.3768696678379
 20
174.583918056497
 10
307.3702116920872
 20
174.5979112123958
 10
307.3631214885249
 20
174.6118581125084
 10
307.3556011034344
 20
174.625756029607
 10
307.3476527031229
 20
174.6396021800356
 10
307.3392785714345
 20
174.6533937254759
 10
307.3304811072655
 20
174.6671277747137
 10
307.3212628220726
 20
174.6808013854068
 10
307.3116263373632
 20
174.6944115658699
 10
307.3015743820695
 20
174.7079552769554
 10
307.2911097898544
 20
174.7214294339953
 10
307.2802354964004
 20
174.7348309087479
 10
307.2689545367067
 20
174.7481565313453
 10
307.2572700423831
 20
174.7614030922421
 10
307.2451852389455
 20
174.7745673441611
 10
307.2327034431081
 20
174.7876460040419
 10
307.2198280600793
 20
174.800635754988
 10
307.2065625808575
 20
174.8135332482145
 10
307.192910579521
 20
174.826335104995
 10
307.1788757105273
 20
174.8390379186101
 10
307.1644617060049
 20
174.8516382562929
 10
307.149672373048
 20
174.8641326611795
 10
307.1345115910119
 20
174.8765176542529
 10
307.1189833088054
 20
174.8887897362933
 10
307.1030915421875
 20
174.9009453898246
 10
307.0868403710603
 20
174.9129810810609
 10
307.0702339367644
 20
174.9248932618556
 10
307.0532764393721
 20
174.9366783716476
 10
307.0359721349833
 20
174.9483328394093
 10
307.0183253330175
 20
174.9598530855944
 10
307.0003403935124
 20
174.9712355240841
 10
306.982021724413
 20
174.9824765641362
 10
306.9633737788698
 20
174.9935726123311
 10
306.9444010525328
 20
175.0045200745205
 10
306.9251080808446
 20
175.0153153577735
 10
306.9054994363346
 20
175.0259548723253
 10
306.885579725916
 20
175.036435033524
 10
306.8653535881764
 20
175.0467522637784
 10
306.8448256906762
 20
175.0569029945051
 10
306.8240007272615
 20
175.0668836680589
 10
306.8028834157115
 20
175.0766907394155
 10
306.7814784959521
 20
175.0863206774187
 10
306.7597907284205
 20
175.0957699659147
 10
306.7378248924374
 20
175.105035104884
 10
306.7155857845721
 20
175.114112611572
 10
306.693078217015
 20
175.1229990216204
 10
306.6703070159439
 20
175.1316908901993
 10
306.647277019895
 20
175.1401847931383
 10
306.6239930781319
 20
175.1484773280568
 10
306.6004600490128
 20
175.1565651154977
 10
306.5766827983603
 20
175.164444800056
 10
306.5526661978316
 20
175.1721130515122
 10
306.528415123286
 20
175.1795665659634
 10
306.5039344531548
 20
175.1868020669538
 10
306.4792290668105
 20
175.1938163066067
 10
306.4543038429342
 20
175.200606066756
 10
306.4291636578863
 20
175.2071681600775
 10
306.4038133840759
 20
175.2134994312197
 10
306.3782578883275
 20
175.2195967579357
 10
306.3525020302518
 20
175.2254570522153
 10
306.3265506606154
 20
175.2310772614151
 10
306.3004086197067
 20
175.2364543693897
 10
306.2740807357084
 20
175.2415853976253
 10
306.247571823065
 20
175.2464674063682
 10
306.220886680852
 20
175.2510974957584
 10
306.1940300911431
 20
175.2554728069596
 10
306.1670068173835
 20
175.2595905232916
 10
306.1398216027539
 20
175.263447871361
 10
306.1124791685439
 20
175.2670421221925
 10
306.0849842125181
 20
175.2703705923611
 10
306.0573414072874
 20
175.2734306451207
 10
306.0295553988873
 20
175.2762196913812
 10
306.0016308062954
 20
175.2787351899707
 10
305.9735722216296
 20
175.2809746473925
 10
305.945384210393
 20
175.2829356175408
 10
305.9170713117291
 20
175.2846157014136
 10
305.8886380386701
 20
175.286012546827
 10
305.8600888783895
 20
175.2871238481278
 10
305.8314282924527
 20
175.2879473459092
 10
305.8026607170662
 20
175.2884808267226
 10
305.7737905633322
 20
175.2887221227936
 10
305.7448222174971
 20
175.2886691117341
 10
305.7157600412009
 20
175.2883197162557
 10
305.686608371733
 20
175.2876719038862
 10
305.6573715222779
 20
175.2867236866802
 10
305.6280537821696
 20
175.285473120935
 10
305.5986594171415
 20
175.2839183069043
 10
305.5691926695784
 20
175.2820573885108
 10
305.5396577587635
 20
175.2798885530605
 10
305.5100588811356
 20
175.2774100309571
 10
305.4804002105352
 20
175.2746200954159
 10
305.4506858984575
 20
175.2715170621767
 10
305.420920074302
 20
175.2680992892179
 10
305.3911068456259
 20
175.2643651764709
 10
305.3612502983932
 20
175.2603131655327
 10
305.3313544972245
 20
175.2559417393815
 10
305.3014234856515
 20
175.2512494220891
 10
305.2714612863657
 20
175.246234778535
 10
305.2414719014685
 20
175.2408964141204
 10
305.2114593127245
 20
175.2352329744821
 10
305.1814274818101
 20
175.2292431452062
 10
305.1513803505666
 20
175.2229256515416
 10
305.1213218412425
 20
175.2162792581204
 10
305.0912558566026
 20
175.2093027687772
 10
305.0611862798111
 20
175.2019950265436
 10
305.0311169742466
 20
175.1943549136897
 10
305.0010517833115
 20
175.186381351771
 10
304.9709945302512
 20
175.1780733016713
 10
304.9409490179669
 20
175.1694297636454
 10
304.9109190288257
 20
175.1604497773661
 10
304.8809083244803
 20
175.1511324219654
 10
304.8509206456793
 20
175.1414768160806
 10
304.8209597120806
 20
175.1314821178981
 10
304.7910292220677
 20
175.1211475251967
 10
304.7611328525642
 20
175.1104722753923
 10
304.7312742588429
 20
175.0994556455823
 10
304.7014570743456
 20
175.0880969525893
 10
304.671684910493
 20
175.0763955530046
 10
304.6419613565009
 20
175.0643508432344
 10
304.612289979193
 20
175.0519622595414
 10
304.5826743228151
 20
175.0392292780905
 10
304.5531179088484
 20
175.026151414993
 10
304.5236242358252
 20
175.0127282263493
 10
304.4941967791413
 20
174.9989593082946
 10
304.4648389908705
 20
174.9848442970423
 10
304.4355542995782
 20
174.9703828689278
 10
304.4063461101355
 20
174.9555747404541
 10
304.3772178035333
 20
174.9404196683337
 10
304.3481727366962
 20
174.9249174495342
 10
304.319214242296
 20
174.9090679213224
 10
304.2903456285672
 20
174.8928709613083
 10
304.2615701791177
 20
174.8763264874885
 10
304.2328911527461
 20
174.8594344582908
 10
304.2043117832544
 20
174.8421948726193
 10
304.1758352792808
 20
174.8246077698823
 10
304.1474648242179
 20
174.8066732299592
 10
304.1192035761985
 20
174.7883913731142
 10
304.0910546680839
 20
174.7697623599104
 10
304.0630212074524
 20
174.7507863911217
 10
304.0351062765913
 20
174.7314637076431
 10
304.0073129324814
 20
174.7117945904042
 10
303.979644206791
 20
174.6917793602809
 10
303.9521031058625
 20
174.6714183780067
 10
303.9246926107044
 20
174.6507120440856
 10
303.897415676976
 20
174.6296607987042
 10
303.8702752349814
 20
174.6082651216421
 10
303.843274189656
 20
174.5865255321857
 10
303.816415420557
 20
174.5644425890393
 10
303.7897017818525
 20
174.5420168902368
 10
303.7631361023098
 20
174.5192490730553
 10
303.7367211852855
 20
174.4961398139249
 10
303.7104598087166
 20
174.4726898283419
 10
303.6843547251062
 20
174.448899870781
 10
303.6584086615149
 20
174.424770734606
 10
303.6326243195502
 20
174.4003032519843
 10
303.6070043753555
 20
174.3754982937952
 10
303.5815514795986
 20
174.3503567695458
 10
303.5562682574631
 20
174.3248796272801
 10
303.531157308634
 20
174.2990678534922
 10
303.5062212072917
 20
174.2729224730386
 10
303.4814625020971
 20
174.2464445490487
 10
303.4568837161842
 20
174.2196351828385
 10
303.432487347146
 20
174.1924955138223
 10
303.4082758670276
 20
174.1650267194235
 10
303.3842517223123
 20
174.1372300149877
 10
303.3604173339117
 20
174.109106653695
 10
303.3367750971285
 20
174.0806579264928
 10
303.3133273815841
 20
174.0518851620578
 10
303.2900765311252
 20
174.0227897267728
 10
303.2670248637421
 20
173.9933730246991
 10
303.2441746714733
 20
173.9636364975506
 10
303.2215282203225
 20
173.9335816246699
 10
303.199087750169
 20
173.9032099230003
 10
303.1768554746768
 20
173.872522947061
 10
303.1548335812106
 20
173.8415222889215
 10
303.1330242307432
 20
173.8102095781757
 10
303.111429557771
 20
173.7785864819153
 10
303.0900516702228
 20
173.7466547047057
 10
303.0688926493729
 20
173.7144159885582
 10
303.0479545497524
 20
173.6818721129061
 10
303.0272393990617
 20
173.649024894577
 10
303.0067491980791
 20
173.6158761877691
 10
302.9864859205786
 20
173.5824278840238
 10
302.9664515132343
 20
173.5486819122003
 10
302.9466478955375
 20
173.5146402384506
 10
302.9270769597066
 20
173.4803048661922
 10
302.9077405705973
 20
173.4456778360839
 10
302.8886405656173
 20
173.4107612259992
 10
302.8697787546349
 20
173.375557151
 10
302.8511569198937
 20
173.3400677633122
 10
302.832776815922
 20
173.3042952522987
 10
302.8146401694452
 20
173.2682418444344
 10
302.7967486792968
 20
173.2319098032796
 10
302.7791040163328
 20
173.195301429455
 10
302.7617078233386
 20
173.1584190606154
 10
302.744561714947
 20
173.1212650714245
 10
302.7276672775433
 20
173.0838418735272
 10
302.7110260691934
 20
173.0461519154708
 10
302.6946396196217
 20
173.0081976823501
 10
302.6785094302346
 20
172.9699816952534
 10
302.6626369741472
 20
172.9315065106868
 10
302.6470236962085
 20
172.8927747199999
 10
302.63167101303
 20
172.8537889488104
 10
302.6165803130103
 20
172.8145518564304
 10
302.6017529563641
 20
172.7750661352897
 10
302.5871902751462
 20
172.7353345103625
 10
302.5728935732815
 20
172.6953597385914
 10
302.5588641265882
 20
172.6551446083142
 10
302.5451031828058
 20
172.6146919386861
 10
302.5316119616227
 20
172.574004579109
 10
302.5183916547009
 20
172.5330854086521
 10
302.505443425705
 20
172.4919373354804
 10
302.4927684103263
 20
172.4505632962788
 10
302.4803677163126
 20
172.4089662556758
 10
302.4682424234905
 20
172.3671492056718
 10
302.4563935837961
 20
172.3251151650606
 10
302.4448222212994
 20
172.2828671788574
 10
302.4335293322311
 20
172.2404083177226
 10
302.4225158850122
 20
172.1977416773865
 10
302.4117828202751
 20
172.154870378076
 10
302.4013310508944
 20
172.1117975639379
 10
302.3911614620126
 20
172.0685264024663
 10
302.3812749110665
 20
172.0250600839248
 10
302.3716722278142
 20
171.9814018207742
 10
302.3623542143601
 20
171.9375548470966
 10
302.3533216451856
 20
171.89352241802
 10
302.3445752671693
 20
171.8493078091448
 10
302.3361157996206
 20
171.8049143159675
 10
302.3279439343013
 20
171.7603452533067
 10
302.3200603354494
 20
171.7156039547274
 10
302.3124656397884
 20
171.6706937719634
 10
302.3051604565408
 20
171.625618074341
 10
302.2981453674337
 20
171.5803802482012
 10
302.2914209267109
 20
171.5349836963224
 10
302.2849876611401
 20
171.4894318373426
 10
302.278846070024
 20
171.4437281051835
 10
302.2729966252064
 20
171.3978759484709
 10
302.2674397710872
 20
171.3518788299602
 10
302.2621759246255
 20
171.3057402259572
 10
302.2572054753526
 20
171.2594636257404
 10
302.252528785382
 20
171.2130525309857
 10
302.2481461894141
 20
171.1665104551871
 10
302.2440579947521
 20
171.1198409230811
 10
302.2402644813047
 20
171.0730474700676
 10
302.2367659016002
 20
171.0261336416339
 10
302.2335624807948
 20
170.9791029927768
 10
302.2306544166794
 20
170.9319590874255
 10
302.2280418796918
 20
170.884705497865
 10
302.2257250129252
 20
170.8373458041569
 10
302.2237039321368
 20
170.7898835935642
 10
302.2219787257581
 20
170.7423224599721
 10
302.2205494549037
 20
170.6946660033127
 10
302.2194161533803
 20
170.6469178289857
 10
302.2185788276966
 20
170.5990815472825
 10
302.2180374570725
 20
170.5511607728086
 10
302.2177919934479
 20
170.5031591239051
 10
302.2178423614932
 20
170.4550802220738
 10
302.218188458618
 20
170.4069276913974
 10
302.2188301549789
 20
170.3587051579632
 10
302.2197672934914
 20
170.3104162492869
 10
302.2209996898388
 20
170.2620645937352
 10
302.222527132489
 20
170.2136538199576
 10
302.2243493827157
 20
170.1651875563263
 10
302.2264661746195
 20
170.116669430373
 10
302.2288772151492
 20
170.0681030682279
 10
302.2315821841232
 20
170.0194920940587
 10
302.2345807342522
 20
169.9708401295078
 10
302.2378724911594
 20
169.9221507931329
 10
302.2414570534003
 20
169.8734276998435
 10
302.2453339924881
 20
169.8246744603408
 10
302.2495028529115
 20
169.7758946805553
 10
302.253963152159
 20
169.727091961086
 10
302.2587143807376
 20
169.6782698966392
 10
302.2637560021959
 20
169.6294320754653
 10
302.2690874531447
 20
169.5805820788001
 10
302.2747081432803
 20
169.5317234803001
 10
302.2806174554027
 20
169.4828598454838
 10
302.2868147454397
 20
169.4339947311695
 10
302.2932993424675
 20
169.385131684912
 10
302.3000705487313
 20
169.3362742444439
 10
302.3071276396689
 20
169.2874259371123
 10
302.3144698639284
 20
169.2385902793179
 10
302.3220964433938
 20
169.1897707759536
 10
302.3300065732039
 20
169.140970919843
 10
302.3381994217744
 20
169.0921941911782
 10
302.3466741308188
 20
169.0434440569598
 10
302.3554298153712
 20
168.994723970434
 10
302.3644655638057
 20
168.9460373705324
 10
302.3737804378596
 20
168.8973876813087
 10
302.3833734726542
 20
168.84877831138
 10
302.3932436767156
 20
168.800212653362
 10
302.4033900319969
 20
168.7516940833102
 10
302.4138114938922
 20
168.7032259601429
 10
302.424506991242
 20
168.6548116250484
 10
302.435475426333
 20
168.6064544008782
 10
302.4467156748988
 20
168.5581575915465
 10
302.4582265861188
 20
168.5099244814257
 10
302.4700069826231
 20
168.4617583347433
 10
302.4820556604865
 20
168.4136623949786
 10
302.4943713892352
 20
168.3656398842587
 10
302.506952911843
 20
168.3176940027574
 10
302.5197989447347
 20
168.2698279280888
 10
302.5329081777842
 20
168.2220448147064
 10
302.5462792743164
 20
168.174347793299
 10
302.5599108711076
 20
168.1267399701875
 10
302.5738015783854
 20
168.0792244267206
 10
302.5879499798303
 20
168.0318042186732
 10
302.6023546325741
 20
167.9844823756427
 10
302.6170140672031
 20
167.9372619004439
 10
302.6319267877551
 20
167.8901457685082
 10
302.6470912717254
 20
167.843136927279
 10
302.6625059700601
 20
167.7962382956084
 10
302.6781693071636
 20
167.7494527631542
 10
302.694079680893
 20
167.702783189776
 10
302.7102354625642
 20
167.6562324049336
 10
302.7266349969478
 20
167.609803207081
 10
302.7432766022714
 20
167.5634983630656
 10
302.760158570221
 20
167.5173206075237
 10
302.7772791659403
 20
167.4712726422773
 10
302.7946366280307
 20
167.4253571357307
 10
302.812229168554
 20
167.3795767222679
 10
302.8300549730308
 20
167.333934001648
 10
302.8481122004403
 20
167.2884315384031
 10
302.8663989832289
 20
167.2430718612446
 10
302.884913427329
 20
167.1978574625139
 10
302.9036536122013
 20
167.1527907976746
 10
302.9226175908785
 20
167.1078742848063
 10
302.9418033900023
 20
167.063110304099
 10
302.9612090098688
 20
167.0185011973465
 10
302.9808324244676
 20
166.9740492674412
 10
303.0006715815241
 20
166.9297567778682
 10
303.0207244025417
 20
166.8856259521997
 10
303.0409887828425
 20
166.8416589735891
 10
303.061462591609
 20
166.7978579842649
 10
303.0821436719258
 20
166.7542250850254
 10
303.1030298408201
 20
166.7107623347323
 10
303.1241188893058
 20
166.6674717498049
 10
303.1454085824208
 20
166.6243553037161
 10
303.1668966592728
 20
166.5814149264835
 10
303.1885808330792
 20
166.5386525041659
 10
303.2104587912075
 20
166.4960698783573
 10
303.2325281952178
 20
166.4536688456801
 10
303.2547866809047
 20
166.4114511572798
 10
303.2772318583377
 20
166.3694185183196
 10
303.2998613119039
 20
166.327572587474
 10
303.3226726003489
 20
166.2859149764239
 10
303.3456632568188
 20
166.2444472493493
 10
303.3688307888998
 20
166.2031709224248
 10
303.3921726786632
 20
166.1620874633135
 10
303.415686382704
 20
166.1211982906609
 10
303.4393693321822
 20
166.0805047735894
 10
303.4632189328677
 20
166.0400082311925
 10
303.4872325651783
 20
165.9997099320283
 10
303.5114075842222
 20
165.9596110936149
 10
303.5357413198387
 20
165.9197128819201
 10
303.5602310766092
 20
165.8800164107814
 10
303.5848741338082
 20
165.8405227411829
 10
303.6096677453404
 20
165.8012328804911
 10
303.6346091396725
 20
165.7621477816878
 10
303.6596955197691
 20
165.7232683426014
 10
303.6849240630279
 20
165.6845954051416
 10
303.7102919212113
 20
165.6461297545322
 10
303.7357962203827
 20
165.6078721185432
 10
303.7614340608384
 20
165.5698231667252
 10
303.7872025170461
 20
165.5319835096411
 10
303.8130986375753
 20
165.4943536981003
 10
303.8391194450316
 20
165.4569342223901
 10
303.8652619359947
 20
165.4197255115104
 10
303.8915230809475
 20
165.3827279324065
 10
303.9178998242154
 20
165.3459417892011
 10
303.9443890838965
 20
165.3093673224278
 10
303.9709877517982
 20
165.273004708265
 10
303.9976926933707
 20
165.2368540577672
 10
304.02450074764
 20
165.2009154160994
 10
304.0514087271465
 20
165.1651887617703
 10
304.078413417873
 20
165.1296740058637
 10
304.1055115791836
 20
165.0943709912736
 10
304.1326999437572
 20
165.0592794919349
 10
304.1599752175199
 20
165.0243992120594
 10
304.1873340795808
 20
164.9897297853655
 10
304.2147731821659
 20
164.9552707743137
 10
304.2422891505524
 20
164.921021669339
 10
304.2698785830031
 20
164.8869818880826
 10
304.2975380507
 20
164.8531507746273
 10
304.32526409768
 20
164.8195275987286
 10
304.3530532407672
 20
164.7861115550498
 10
304.3809019695681
 20
164.7529017625473
 10
304.4088067467811
 20
164.7198972646897
 10
304.4367640087684
 20
164.6870970303509
 10
304.4647701661517
 20
164.6544999547769
 10
304.4928216044098
 20
164.6221048605523
 10
304.5209146844777
 20
164.5899104985657
 10
304.5490457433434
 20
164.5579155489769
 10
304.5772110946448
 20
164.5261186221825
 10
304.6054070292687
 20
164.494518259784
 10
304.6336298159467
 20
164.4631129355524
 10
304.6618757018547
 20
164.4319010563942
 10
304.6901409132102
 20
164.4008809633206
 10
304.7184216558668
 20
164.3700509324102
 10
304.746714115917
 20
164.3394091757785
 10
304.7750144602866
 20
164.3089538425422
 10
304.8033188373316
 20
164.2786830197867
 10
304.831623377438
 20
164.2485947335324
 10
304.8599241936188
 20
164.2186869496997
 10
304.8882173821097
 20
164.1889575750773
 10
304.916499022971
 20
164.159404458288
 10
304.9447651806798
 20
164.1300253907538
 10
304.9730119047322
 20
164.1008181076637
 10
305.0012352302378
 20
164.0717802889406
 10
305.0294311785196
 20
164.0429095602054
 10
305.0575957577089
 20
164.0142034937455
 10
305.0857249633472
 20
163.9856596094794
 10
305.1138147789791
 20
163.9572753759254
 10
305.1418611767522
 20
163.9290482111658
 10
305.1698601180148
 20
163.9009754838141
 10
305.1978075539137
 20
163.8730545139817
 10
305.2256994259911
 20
163.8452825742435
 10
305.2535316667863
 20
163.817656890621
 10
305.2813002005416
 20
163.7901746438727
 10
305.3090009441034
 20
163.762832971415
 10
305.3366298078962
 20
163.7356289694519
 10
305.3641826968976
 20
163.7085596951056
 10
305.3916555116083
 20
163.6816221685486
 10
305.4190441490282
 20
163.6548133751354
 10
305.4463445036274
 20
163.6281302675359
 10
305.4735524683226
 20
163.6015697678658
 10
305.5006639354469
 20
163.5751287698199
 10
305.5276747977268
 20
163.5488041408028
 10
305.5545809492521
 20
163.5225927240632
 10
305.5813782864519
 20
163.4964913408229
 10
305.6080627090655
 20
163.4704967924119
 10
305.6346301211206
 20
163.4446058623982
 10
305.6610764318985
 20
163.4188153187212
 10
305.6873975569167
 20
163.3931219158221
 10
305.7135894188947
 20
163.3675223967787
 10
305.7396479487324
 20
163.3420134954348
 10
305.76556908648
 20
163.316591938533
 10
305.791348782314
 20
163.2912544478478
 10
305.8169829975089
 20
163.2659977423163
 10
305.8424677054117
 20
163.2408185401716
 10
305.8677988924137
 20
163.2157135610725
 10
305.8929725589252
 20
163.1906795282382
 10
305.9179847203497
 20
163.1657131705799
 10
305.9428314080537
 20
163.1408112248304
 10
305.9675086703449
 20
163.115970437679
 10
305.992012573442
 20
163.0911875679028
 10
306.0163392024475
 20
163.0664593884972
 10
306.040484662326
 20
163.0417826888108
 10
306.0644450788715
 20
163.0171542766733
 10
306.0882165996527
 20
162.9925709804156
 10
306.1117953947757
 20
162.9680296502397
 10
306.1351776575019
 20
162.9435271590512
 10
306.1583596048449
 20
162.9190604032303
 10
306.1813374781713
 20
162.8946263034059
 10
306.2041075438001
 20
162.8702218052246
 10
306.2266660936035
 20
162.8458438801255
 10
306.2490094456029
 20
162.8214895261099
 10
306.2711339445714
 20
162.797155768515
 10
306.2930359626335
 20
162.7728396607845
 10
306.3147118998605
 20
162.7485382852404
 10
306.3361581848761
 20
162.7242487538564
 10
306.3573712754506
 20
162.6999682090283
 10
306.3783476591021
 20
162.6756938243469
 10
306.3990838536974
 20
162.651422805369
 10
306.4195764080503
 20
162.6271523903903
 10
306.4398219025195
 20
162.6028798512168
 10
306.459816949611
 20
162.5786024939358
 10
306.4795581945757
 20
162.5543176596903
 10
306.4990423160088
 20
162.5300227254481
 10
306.5182660264515
 20
162.5057151047761
 10
306.5372260729855
 20
162.4813922486099
 10
306.5559192378388
 20
162.4570516460277
 10
306.5743423389811
 20
162.4326908250215
 10
306.5924922307234
 20
162.4083073532688
 10
306.6103658043189
 20
162.383898838904
 10
306.6279599885612
 20
162.3594629312917
 10
306.6452717503856
 20
162.3349973217982
 10
306.6622980954662
 20
162.3104997445619
 10
306.6790360688164
 20
162.2859679772678
 10
306.6954827553898
 20
162.2613998419173
 10
306.7116352806854
 20
162.2367932056372
 10
306.7274908115519
 20
162.2121459822174
 10
306.7430465573851
 20
162.1874561351948
 10
306.7582997714655
 20
162.1627216814485
 10
306.7732477522985
 20
162.1379406948106
 10
306.7878878449518
 20
162.1131113096751
 10
306.8022174423973
 20
162.0882317246089
 10
306.8162339868466
 20
162.0633002059596
 10
306.829934971094
 20
162.0383150914681
 10
306.8433179398541
 20
162.013274793876
 10
306.856380491101
 20
161.9881778045374
 10
306.8691202774079
 20
161.9630226970266
 10
306.8815350072861
 20
161.9378081307499
 10
306.893622446527
 20
161.9125328545548
 10
306.9053804195353
 20
161.8871957103395
 10
306.9168068106748
 20
161.861795636663
 10
306.9278995656044
 20
161.8363316723552
 10
306.9386566926175
 20
161.8108029601259
 10
306.949076263982
 20
161.7852087501762
 10
306.9591564172795
 20
161.7595484038067
 10
306.9688953567446
 20
161.733821397028
 10
306.9782913546034
 20
161.7080273241709
 10
306.9873427524149
 20
161.6821659014959
 10
306.9960479624076
 20
161.6562369708031
 10
307.0044054688212
 20
161.6302405030417
 10
307.012413829244
 20
161.6041766019206
 10
307.0200716759532
 20
161.5780455075181
 10
307.0273777172545
 20
161.5518475998909
 10
307.0343307388216
 20
161.5255834026844
 10
307.0409296050325
 20
161.4992535867433
 10
307.0471732603137
 20
161.4728589737203
 10
307.0530607304747
 20
161.4464005396825
 10
307.0585911238678
 20
161.4198794180091
 10
307.0637636314946
 20
161.3932968981468
 10
307.0685775262074
 20
161.3666544208094
 10
307.0730321618057
 20
161.3399535727656
 10
307.077126972139
 20
161.313196081627
 10
307.0808614701993
 20
161.2863838106358
 10
307.0842352472212
 20
161.2595187534522
 10
307.08724797178
 20
161.2326030289412
 10
307.0898993888882
 20
161.2056388759611
 10
307.0921893190954
 20
161.1786286481506
 10
307.0941176575831
 20
161.1515748087157
 10
307.0956843732649
 20
161.1244799252182
 10
307.0968895078834
 20
161.097346664363
 10
307.0977331751071
 20
161.0701777867845
 10
307.0982155596313
 20
161.0429761418353
 10
307.0983369162719
 20
161.0157446623739
 10
307.0980975690646
 20
160.9884863595504
 10
307.0974979103641
 20
160.9612043175961
 10
307.0965383999407
 20
160.9339016886102
 10
307.0952195640779
 20
160.9065816873462
 10
307.0935419946708
 20
160.8792475860012
 10
307.0915063483223
 20
160.8519027090028
 10
307.0891133454444
 20
160.8245504277953
 10
307.086363769352
 20
160.7971941556291
 10
307.0832584653623
 20
160.7698373423474
 10
307.079798339893
 20
160.7424834691728
 10
307.0759843595606
 20
160.7151360434965
 10
307.0718175502762
 20
160.6877985936646
 10
307.0672989963449
 20
160.6604746637663
 10
307.0624298395626
 20
160.63316780842
 10
307.0572112783149
 20
160.6058815875627
 10
307.0516445666684
 20
160.5786195612776
 10
307.0457310133633
 20
160.5513852854674
 10
307.0394719805777
 20
160.5241823093828
 10
307.0328688826176
 20
160.4970141737778
 10
307.025923184607
 20
160.4698844090863
 10
307.0186364011739
 20
160.4427965335959
 10
307.0110100951378
 20
160.4157540516244
 10
307.0030458761993
 20
160.3887604516936
 10
306.9947453996264
 20
160.3618192047071
 10
306.9861103649428
 20
160.3349337621224
 10
306.9771425146156
 20
160.3081075541285
 10
306.9678436327432
 20
160.2813439878204
 10
306.9582155437449
 20
160.2546464453744
 10
306.9482601110451
 20
160.2280182822233
 10
306.9379792357641
 20
160.2014628252316
 10
306.9273748554041
 20
160.1749833708713
 10
306.9164489425391
 20
160.1485831833968
 10
306.9052035035009
 20
160.1222654930194
 10
306.8936405770672
 20
160.0960334940844
 10
306.8817622331508
 20
160.0698903432447
 10
306.8695705714852
 20
160.0438391576365
 10
306.8570677203152
 20
160.0178830130556
 10
306.8442558350811
 20
159.9920249421309
 10
306.831137097111
 20
159.9662679325016
 10
306.8177137123044
 20
159.9406149249905
 10
306.803987909823
 20
159.9150688117805
 10
306.7899619407772
 20
159.8896324345905
 10
306.7756380769145
 20
159.8643085828487
 10
306.761018609305
 20
159.8390999918691
 10
306.7461058470349
 20
159.8140093410276
 10
306.7309021158877
 20
159.7890392519355
 10
306.7154097570361
 20
159.7641922866171
 10
306.699631125797
 20
159.7394709459217
 10
306.6835685907851
 20
159.7148776693621
 10
306.6672245334248
 20
159.6904148362132
 10
306.6506013475049
 20
159.6660847667607
 10
306.6337014387295
 20
159.6418897235511
 10
306.6165272242723
 20
159.6178319126404
 10
306.5990811323301
 20
159.5939134848445
 10
306.5813656016764
 20
159.5701365369876
 10
306.5633830812131
 20
159.5465031131524
 10
306.5451360295246
 20
159.5230152059303
 10
306.5266269144335
 20
159.4996747576684
 10
306.5078582125495
 20
159.4764836617223
 10
306.488832408826
 20
159.4534437637027
 10
306.4695519961114
 20
159.430556862727
 10
306.4500194747041
 20
159.4078247126671
 10
306.4302373519045
 20
159.3852490234004
 10
306.4102081415684
 20
159.3628314620578
 10
306.3899343636616
 20
159.3405736542743
 10
306.3694185438125
 20
159.3184771854385
 10
306.3486632128631
 20
159.2965436019408
 10
306.3276709064254
 20
159.2747744124248
 10
306.3064441644346
 20
159.2531710890348
 10
306.2849855307001
 20
159.2317350686669
 10
306.2632975524596
 20
159.2104677542178
 10
306.2413827799348
 20
159.1893705158338
 10
306.2192437658804
 20
159.1684446921617
 10
306.1968830651413
 20
159.1476915915961
 10
306.1743032342042
 20
159.1271124935317
 10
306.1515068307499
 20
159.10670864961
 10
306.1284964132088
 20
159.0864812849708
 10
306.1052745403115
 20
159.0664315995003
 10
306.0818437706424
 20
159.0465607690677
 10
306.0582066620902
 20
159.0268699464514
 10
306.0343657711049
 20
159.0073602615719
 10
306.0103236518707
 20
158.9880328214819
 10
305.986082855484
 20
158.9688887103476
 10
305.9616459291286
 20
158.9499289894315
 10
305.9370154152509
 20
158.9311546970736
 10
305.9121938507342
 20
158.9125668486729
 10
305.8871837660763
 20
158.8941664366713
 10
305.8619876845642
 20
158.8759544305337
 10
305.8366081214483
 20
158.8579317767298
 10
305.8110475831205
 20
158.8400993987178
 10
305.7853085662872
 20
158.822458196925
 10
305.759393557146
 20
158.8050090487295
 10
305.7333050305611
 20
158.7877528084438
 10
305.7070454492396
 20
158.7706903072951
 10
305.6806172629034
 20
158.7538223534069
 10
305.6540229074708
 20
158.7371497317839
 10
305.6272648042258
 20
158.7206732042897
 10
305.6003453589982
 20
158.7043935096327
 10
305.5732669613365
 20
158.6883113633453
 10
305.5460319836843
 20
158.6724274577676
 10
305.5186427805552
 20
158.6567424620272
 10
305.4911016877096
 20
158.6412570220244
 10
305.4634110213286
 20
158.6259717604112
 10
305.4355730771912
 20
158.6108872765741
 10
305.4075901298471
 20
158.596004146617
 10
305.3794644317968
 20
158.5813229233426
 10
305.3511982126607
 20
158.566844136233
 10
305.3227936783601
 20
158.5525682914338
 10
305.2942530102919
 20
158.5384958717351
 10
305.2655783645006
 20
158.5246273365535
 10
305.2367718708741
 20
158.5109631219524
 10
305.2078356324395
 20
158.4975036409052
 10
305.1787717247585
 20
158.4842492837751
 10
305.1495821953277
 20
158.4712004188245
 10
305.1202690629861
 20
158.4583573927238
 10
305.0908343173205
 20
158.4457205310573
 10
305.0612799180687
 20
158.433290138835
 10
305.0316077945245
 20
158.4210665009995
 10
305.0018198449416
 20
158.4090498829331
 10
304.9719179359409
 20
158.3972405309693
 10
304.9419039019123
 20
158.3856386728985
 10
304.9117795444211
 20
158.3742445184776
 10
304.8815466316128
 20
158.3630582599391
 10
304.8512068976166
 20
158.3520800724977
 10
304.8207620419502
 20
158.3413101148605
 10
304.7902137289272
 20
158.3307485297348
 10
304.7595635870572
 20
158.3203954443365
 10
304.7288132084547
 20
158.3102509708986
 10
304.6979641482419
 20
158.3003152071795
 10
304.6670179239538
 20
158.2905882369717
 10
304.6359760149413
 20
158.2810701306102
 10
304.6048398617798
 20
158.2717609454804
 10
304.5736108656691
 20
158.2626607265281
 10
304.5422903878415
 20
158.253769506766
 10
304.5108797489669
 20
158.2450873077831
 10
304.4793802285535
 20
158.2366141402535
 10
304.4477930643572
 20
158.2283500044438
 10
304.416119451783
 20
158.220294890723
 10
304.3843605432917
 20
158.2124487800695
 10
304.3525174478033
 20
158.2048116445805
 10
304.3205912301032
 20
158.1973834479799
 10
304.2885829102561
 20
158.1901641461219
 10
304.2564934632685
 20
158.183153687378
 10
304.2243238193236
 20
158.1763520127561
 10
304.19207486422
 20
158.1697590559189
 10
304.159747439821
 20
158.1633747432038
 10
304.1273423444999
 20
158.1571989936382
 10
304.0948603335881
 20
158.1512317189586
 10
304.0623021198207
 20
158.1454728236277
 10
304.0296683737872
 20
158.1399222048512
 10
303.9969597243745
 20
158.1345797525955
 10
303.9641767592166
 20
158.1294453496063
 10
303.9313200251411
 20
158.1245188714242
 10
303.8983900286169
 20
158.1198001864035
 10
303.8653872362006
 20
158.1152891557296
 10
303.8323120749829
 20
158.1109856334358
 10
303.7991649330377
 20
158.1068894664212
 10
303.7659461598689
 20
158.1030004944679
 10
303.7326560668558
 20
158.0993185502592
 10
303.6992949277024
 20
158.0958434593961
 10
303.6658629788817
 20
158.0925750404154
 10
303.632360420088
 20
158.0895131048065
 10
303.598787414678
 20
158.0866574570304
 10
303.5651440901219
 20
158.0840078945355
 10
303.5314305384496
 20
158.0815642077751
 10
303.497646816698
 20
158.0793261802262
 10
303.4637929473559
 20
158.0772935884066
 10
303.4298689188159
 20
158.0754662018915
 10
303.3958746858174
 20
158.0738437833308
 10
303.3618101698942
 20
158.0724260884681
 10
303.3276752598251
 20
158.0712128661576
 10
303.2934698120761
 20
158.0702038583801
 10
303.2591936512517
 20
158.0693988002631
 10
303.224846570536
 20
158.0687974201038
 10
303.1904283321219
 20
158.0683994394495
 10
303.1559386676154
 20
158.068204573224
 10
303.1213772784457
 20
158.0682125298622
 10
303.0867438362681
 20
158.0684230114439
 10
303.052037983372
 20
158.068835713828
 10
303.0172593330874
 20
158.0694503267856
 10
302.9824074701891
 20
158.070266534135
 10
302.9474819513045
 20
158.071284013876
 10
302.9124823053195
 20
158.0725024383226
 10
302.8774080337834
 20
158.0739214742371
 10
302.8422586113166
 20
158.0755407829658
 10
302.8070334860164
 20
158.0773600205708
 10
302.7717320798632
 20
158.079378837966
 10
302.7363537891256
 20
158.0815968810489
 10
302.7008979847663
 20
158.0840137908368
 10
302.6653640128524
 20
158.086629203599
 10
302.6297511949554
 20
158.0894427509924
 10
302.5940588285609
 20
158.0924540601934
 10
302.558286187475
 20
158.0956627540343
 10
302.5224325222297
 20
158.0990684511352
 10
302.4864970604883
 20
158.10267076604
 10
302.450479007452
 20
158.1064693093481
 10
302.4143775462667
 20
158.1104636878505
 10
302.3781918384287
 20
158.1146535046623
 10
302.3419210241905
 20
158.1190383593573
 10
302.3055642229683
 20
158.1236178481023
 10
302.2691205337446
 20
158.1283915637904
 10
302.2325890354801
 20
158.1333590961754
 10
302.1959687875143
 20
158.1385200320058
 10
302.1592588299754
 20
158.1438739551586
 10
302.1224581841837
 20
158.1494204467731
 10
302.0855658530634
 20
158.1551590853722
 10
302.048580821557
 20
158.1610894469589
 10
302.0115020570462
 20
158.1672111050984
 10
301.9743285097705
 20
158.1735236310049
 10
301.9370591132439
 20
158.180026593624
 10
301.8996927846785
 20
158.1867195597182
 10
301.8622284254005
 20
158.1936020939509
 10
301.8246649212704
 20
158.2006737589697
 10
301.7870011431026
 20
158.2079341154923
 10
301.7492359470826
 20
158.215382722389
 10
301.7113681751895
 20
158.2230191367687
 10
301.6733966556121
 20
158.2308429140621
 10
301.6353202031701
 20
158.2388536081064
 10
301.5971376197313
 20
158.247050771229
 10
301.5588476946329
 20
158.2554339543329
 10
301.5204492051
 20
158.2640027069801
 10
301.4819409166642
 20
158.2727565774753
 10
301.4433215835834
 20
158.2816951129517
 10
301.4045899492589
 20
158.2908178594547
 10
301.3657447466592
 20
158.3001243620257
 10
301.3267846987351
 20
158.3096141647861
 10
301.2877085188391
 20
158.3192868110232
 10
301.2485149111477
 20
158.3291418432725
 10
301.209202571076
 20
158.339178803404
 10
301.1697701857026
 20
158.3493972327039
 10
301.1302164341824
 20
158.3597966719617
 10
301.0905399881702
 20
158.3703766615523
 10
301.0507395122402
 20
158.3811367415215
 10
301.0108136643013
 20
158.3920764516699
 10
300.9707610960187
 20
158.4031953316369
 10
300.9305804532356
 20
158.4144929209857
 10
300.890270376386
 20
158.4259687592881
 10
300.8498295009168
 20
158.43762238622
 10
300.8092564576963
 20
158.4494533416673
 10
300.768549873433
 20
158.4614611658291
 10
300.7277083710822
 20
158.4736453993262
 10
300.6867305702659
 20
158.4860055833044
 10
300.64561508768
 20
158.4985412595418
 10
300.6043605375124
 20
158.5112519705541
 10
300.5629655318536
 20
158.5241372597003
 10
300.52142868111
 20
158.5371966712883
 10
300.4797485944175
 20
158.5504297506809
 10
300.437923880056
 20
158.5638360444018
 10
300.3959531458609
 20
158.57741510024
 10
300.3538349996357
 20
158.5911664673578
 10
300.3115680495676
 20
158.6050896963944
 10
300.2691509046395
 20
158.6191843395725
 10
300.2265821750425
 20
158.6334499508047
 10
300.1838604725902
 20
158.6478860857981
 10
300.1409844111326
 20
158.6624923021604
 10
300.0979526069656
 20
158.6772681595062
 10
300.0547636792506
 20
158.6922132195623
 10
300.01141625042
 20
158.7073270462732
 10
299.9679089465974
 20
158.7226092059072
 10
299.9242403980071
 20
158.7380592671617
 10
299.8804092393874
 20
158.7536768012704
 10
299.8364141104051
 20
158.7694613821066
 10
299.7922536560677
 20
158.7854125862912
 10
299.7479265271368
 20
158.8015299932971
 10
299.7034313805428
 20
158.8178131855552
 10
299.658766879796
 20
158.8342617485612
 10
299.6139316954
 20
158.8508752709791
 10
299.5689245052668
 20
158.8676533447494
 10
299.5237439951298
 20
158.8845955651907
 10
299.4783888589572
 20
158.9017015310988
 10
299.4328577993718
 20
158.9189708448429
 10
299.3871495280643
 20
158.9364031124614
 10
299.3412627662112
 20
158.9539979437578
 10
299.2951962448905
 20
158.9717549523971
 10
299.2489487054967
 20
158.9896737560031
 10
299.2025189001588
 20
159.0077539762521
 10
299.1559055921553
 20
159.0259952389704
 10
299.10910755633
 20
159.0443971742304
 10
299.0621235795105
 20
159.0629594164471
 10
299.0149524609218
 20
159.081681604473
 10
298.9675930126021
 20
159.1005633816954
 10
298.9200440598229
 20
159.1196043961314
 10
298.8723044415005
 20
159.138804300525
 10
298.8243730106152
 20
159.1581627524431
 10
298.7762486346259
 20
159.1776794143706
 10
298.7279301958866
 20
159.197353953808
 10
298.6794165920638
 20
159.2171860433661
 10
298.630706736551
 20
159.237175360863
 10
298.5817995588852
 20
159.2573215894203
 10
298.5326940051642
 20
159.2776244175586
 10
298.4833890384615
 20
159.2980835392936
 10
298.4338836392437
 20
159.3186986542329
 10
298.3841768057839
 20
159.3394694676713
 10
298.3342675545821
 20
159.3603956906881
 10
298.2841549207783
 20
159.3814770402413
 10
298.2338379585686
 20
159.4027132392659
 10
298.1833157416249
 20
159.4241040167681
 10
298.1325873635052
 20
159.4456491079229
 10
298.0816519380749
 20
159.4673482541693
 10
298.0305085999208
 20
159.4892012033064
 10
297.9791565047672
 20
159.5112077095945
 10
297.9275948298904
 20
159.5333675338536
 10
297.8758227745366
 20
159.5556804435681
 10
297.8238395603353
 20
159.578146212987
 10
297.771644431714
 20
159.6007646232262
 10
297.7192366563164
 20
159.6235354623702
 10
297.6666155254154
 20
159.6464585255751
 10
297.6137803543302
 20
159.6695336151692
 10
297.5607304828406
 20
159.6927605407547
 10
297.5074652756029
 20
159.7161391193115
 10
297.4539841225645
 20
159.7396691752963
 10
297.4002864393818
 20
159.7633505407471
 10
297.3463716678328
 20
159.787183055384
 10
297.2922392762341
 20
159.8111665667103
 10
297.2378887598553
 20
159.8353009301156
 10
297.1833196413352
 20
159.8595860089775
 10
297.1285314710989
 20
159.8840216747628
 10
297.0735238277688
 20
159.9086078071304
 10
297.0182963185842
 20
159.9333442940315
 10
296.9628485798152
 20
159.958231031814
 10
296.9071802771777
 20
159.9832679253221
 10
296.8512911062496
 20
160.0084548879995
 10
296.7951807928856
 20
160.0337918419908
 10
296.7388490936341
 20
160.0592787182431
 10
296.6822957961505
 20
160.0849154566086
 10
296.6255207196135
 20
160.1107020059461
 10
296.5685237151413
 20
160.1366383242229
 10
296.5113046662065
 20
160.1627243786173
 10
296.4538634890513
 20
160.1889601456189
 10
296.3962001331028
 20
160.2153456111323
  0
LINE
  5
C6
330
70
100
AcDbEntity
  8
0
 62
    18
420
        0
370
    25
100
AcDbLine
 10
296.3962001331028
 20
160.2153456111323
 30
0.0
 11
291.3962001331026
 21
180.2153456111321
 31
0.0
  0
LINE
  5
C7
330
70
100
AcDbEntity
  8
0
 62
    18
420
        0
370
    25
100
AcDbLine
 10
284.0686315566728
 20
67.80799442598818
 30
0.0
 11
284.0678742548289
 21
67.81892522167527
 31
0.0
  0
LINE
  5
C8
330
70
100
AcDbEntity
  8
0
 62
    18
420
        0
370
    25
100
AcDbLine
 10
256.4752771318985
 20
67.53185856347508
 30
0.0
 11
256.4826503045301
 21
67.56463053726597
 31
0.0
  0
LINE
  5
C9
330
70
100
AcDbEntity
  8
0
 62
    18
420
        0
370
    25
100
AcDbLine
 10
238.796185244467
 20
111.9013570081057
 30
0.0
 11
238.7608463487319
 21
111.9452238245722
 31
0.0
  0
ENDSEC
  0
SECTION
  2
OBJECTS
  0
DICTIONARY
  5
C
330
0
100
AcDbDictionary
281
     1
  3
ACAD_COLOR
350
63
  3
ACAD_DETAILVIEWSTYLE
350
6A
  3
ACAD_GROUP
350
D
  3
ACAD_LAYOUT
350
62
  3
ACAD_MATERIAL
350
10
  3
ACAD_MLEADERSTYLE
350
66
  3
ACAD_MLINESTYLE
350
5F
  3
ACAD_PLOTSETTINGS
350
61
  3
ACAD_PLOTSTYLENAME
350
E
  3
ACAD_SCALELIST
350
42
  3
ACAD_SECTIONVIEWSTYLE
350
68
  3
ACAD_TABLESTYLE
350
64
  3
ACAD_VISUALSTYLE
350
29
  3
ACDB_RECOMPOSE_DATA
350
D2
  3
AcDbVariableDictionary
350
CA
  0
DICTIONARY
  5
63
102
{ACAD_REACTORS
330
C
102
}
330
C
100
AcDbDictionary
281
     1
  0
DICTIONARY
  5
6A
102
{ACAD_REACTORS
330
C
102
}
330
C
100
AcDbDictionary
281
     1
  3
Imperial24
350
6B
  0
DICTIONARY
  5
D
102
{ACAD_REACTORS
330
C
102
}
330
C
100
AcDbDictionary
281
     1
  0
DICTIONARY
  5
62
102
{ACAD_REACTORS
330
C
102
}
330
C
100
AcDbDictionary
281
     1
  3
Layout1
350
6F
  3
Layout2
350
77
  3
Model
350
73
  0
DICTIONARY
  5
10
102
{ACAD_REACTORS
330
C
102
}
330
C
100
AcDbDictionary
281
     1
  3
ByBlock
350
19
  3
ByLayer
350
11
  3
Global
350
21
  0
DICTIONARY
  5
66
102
{ACAD_REACTORS
330
C
102
}
330
C
100
AcDbDictionary
281
     1
  3
Standard
350
67
  0
DICTIONARY
  5
5F
102
{ACAD_REACTORS
330
C
102
}
330
C
100
AcDbDictionary
281
     1
  3
Standard
350
60
  0
DICTIONARY
  5
61
102
{ACAD_REACTORS
330
C
102
}
330
C
100
AcDbDictionary
281
     1
  0
ACDBDICTIONARYWDFLT
  5
E
102
{ACAD_REACTORS
330
C
102
}
330
C
100
AcDbDictionary
281
     1
  3
Normal
350
F
100
AcDbDictionaryWithDefault
340
F
  0
DICTIONARY
  5
42
102
{ACAD_REACTORS
330
C
102
}
330
C
100
AcDbDictionary
281
     1
  3
A0
350
43
  3
A1
350
44
  3
A2
350
45
  3
A3
350
46
  3
A4
350
47
  3
A5
350
48
  3
A6
350
49
  3
A7
350
4A
  3
A8
350
4B
  3
A9
350
4C
  3
B0
350
4D
  3
B1
350
4E
  3
B2
350
4F
  3
B3
350
50
  3
B4
350
51
  3
B5
350
52
  3
B6
350
53
  0
DICTIONARY
  5
68
102
{ACAD_REACTORS
330
C
102
}
330
C
100
AcDbDictionary
281
     1
  3
Imperial24
350
69
  0
DICTIONARY
  5
64
102
{ACAD_REACTORS
330
C
102
}
330
C
100
AcDbDictionary
281
     1
  3
Standard
350
65
  0
DICTIONARY
  5
29
102
{ACAD_REACTORS
330
C
102
}
330
C
100
AcDbDictionary
281
     1
  3
2dWireframe
350
2F
  3
Basic
350
2E
  3
Brighten
350
35
  3
ColorChange
350
39
  3
Conceptual
350
32
  3
Dim
350
34
  3
EdgeColorOff
350
41
  3
Facepattern
350
38
  3
Flat
350
2A
  3
FlatWithEdges
350
2B
  3
Gouraud
350
2C
  3
GouraudWithEdges
350
2D
  3
Hidden
350
31
  3
JitterOff
350
3F
  3
Linepattern
350
37
  3
OverhangOff
350
40
  3
Realistic
350
33
  3
Shaded
350
3E
  3
Shaded with edges
350
3D
  3
Shades of Gray
350
3A
  3
Sketchy
350
3B
  3
Thicken
350
36
  3
Wireframe
350
30
  3
X-Ray
350
3C
  0
XRECORD
  5
D2
102
{ACAD_REACTORS
330
C
102
}
330
C
100
AcDbXrecord
280
     1
 90
        1
330
65
  0
DICTIONARY
  5
CA
102
{ACAD_REACTORS
330
C
102
}
330
C
100
AcDbDictionary
281
     1
  3
CANNOSCALE
350
CF
  3
CMLEADERSTYLE
350
CC
  3
CTABLESTYLE
350
CB
  3
CVIEWDETAILSTYLE
350
CD
  3
CVIEWSECTIONSTYLE
350
CE
  0
ACDBDETAILVIEWSTYLE
  5
6B
102
{ACAD_REACTORS
330
6A
102
}
330
6A
100
AcDbModelDocViewStyle
 70
     0
  3
Imperial24
290
     1
300
Imperial24
 90
        0
100
AcDbDetailViewStyle
 70
     0
 71
     0
 90
        3
 71
     1
340
55
 62
   256
 40
0.24
340
0
 62
   256
 40
0.24
300

 40
0.36
280
     3
 71
     2
340
5D
 90
       25
 62
   256
 71
     3
340
55
 62
   256
 40
0.24
 90
        1
 40
0.75
 90
        1
300
%<\AcVar ViewType \f "%tc1">% %<\AcVar ViewDetailId>%\PSCALE %<\AcVar ViewScale \f "%sn">%
 71
     4
340
5D
 90
       25
 62
   256
340
5D
 90
       25
 62
   256
280
     0
  0
LAYOUT
  5
6F
102
{ACAD_REACTORS
330
62
102
}
330
62
100
AcDbPlotSettings
  1

  2

  4

  6

 40
0.0
 41
0.0
 42
0.0
 43
0.0
 44
0.0
 45
0.0
 46
0.0
 47
0.0
 48
0.0
 49
0.0
140
0.0
141
0.0
142
1.0
143
1.0
 70
   688
 72
     0
 73
     0
 74
     5
  7

 75
    16
147
1.0
 76
     0
 77
     2
 78
   300
148
0.0
149
0.0
100
AcDbLayout
  1
Layout1
 70
     1
 71
     1
 10
0.0
 20
0.0
 11
12.0
 21
9.0
 12
0.0
 22
0.0
 32
0.0
 14
0.0
 24
0.0
 34
0.0
 15
0.0
 25
0.0
 35
0.0
146
0.0
 13
0.0
 23
0.0
 33
0.0
 16
1.0
 26
0.0
 36
0.0
 17
0.0
 27
1.0
 37
0.0
 76
     0
330
6C
  0
LAYOUT
  5
77
102
{ACAD_REACTORS
330
62
102
}
330
62
100
AcDbPlotSettings
  1

  2

  4

  6

 40
0.0
 41
0.0
 42
0.0
 43
0.0
 44
0.0
 45
0.0
 46
0.0
 47
0.0
 48
0.0
 49
0.0
140
0.0
141
0.0
142
1.0
143
1.0
 70
   688
 72
     0
 73
     0
 74
     5
  7

 75
    16
147
1.0
 76
     0
 77
     2
 78
   300
148
0.0
149
0.0
100
AcDbLayout
  1
Layout2
 70
     1
 71
     2
 10
0.0
 20
0.0
 11
12.0
 21
9.0
 12
0.0
 22
0.0
 32
0.0
 14
0.0
 24
0.0
 34
0.0
 15
0.0
 25
0.0
 35
0.0
146
0.0
 13
0.0
 23
0.0
 33
0.0
 16
1.0
 26
0.0
 36
0.0
 17
0.0
 27
1.0
 37
0.0
 76
     0
330
74
  0
LAYOUT
  5
73
102
{ACAD_REACTORS
330
62
102
}
330
62
100
AcDbPlotSettings
  1

  2

  4

  6

 40
0.0
 41
0.0
 42
0.0
 43
0.0
 44
0.0
 45
0.0
 46
0.0
 47
0.0
 48
0.0
 49
0.0
140
0.0
141
0.0
142
1.0
143
1.0
 70
  1712
 72
     0
 73
     0
 74
     0
  7

 75
     0
147
1.0
 76
     0
 77
     2
 78
   300
148
0.0
149
0.0
100
AcDbLayout
  1
Model
 70
     1
 71
     0
 10
0.0
 20
0.0
 11
12.0
 21
9.0
 12
0.0
 22
0.0
 32
0.0
 14
0.0
 24
0.0
 34
0.0
 15
0.0
 25
0.0
 35
0.0
146
0.0
 13
0.0
 23
0.0
 33
0.0
 16
1.0
 26
0.0
 36
0.0
 17
0.0
 27
1.0
 37
0.0
 76
     0
330
70
  0
MATERIAL
  5
19
102
{ACAD_XDICTIONARY
360
1A
102
}
102
{ACAD_REACTORS
330
10
102
}
330
10
100
AcDbMaterial
  1
ByBlock
 72
     0
 43
0.0208333333333333
 43
0.0
 43
0.0
 43
0.0
 43
0.0
 43
0.0208333333333333
 43
0.0
 43
0.0
 43
0.0
 43
0.0
 43
1.0
 43
0.0
 43
0.0
 43
0.0
 43
0.0
 43
1.0
 77
     0
 47
0.0208333333333333
 47
0.0
 47
0.0
 47
0.0
 47
0.0
 47
0.0208333333333333
 47
0.0
 47
0.0
 47
0.0
 47
0.0
 47
1.0
 47
0.0
 47
0.0
 47
0.0
 47
0.0
 47
1.0
171
     0
 49
0.0208333333333333
 49
0.0
 49
0.0
 49
0.0
 49
0.0
 49
0.0208333333333333
 49
0.0
 49
0.0
 49
0.0
 49
0.0
 49
1.0
 49
0.0
 49
0.0
 49
0.0
 49
0.0
 49
1.0
175
     0
142
0.0208333333333333
142
0.0
142
0.0
142
0.0
142
0.0
142
0.0208333333333333
142
0.0
142
0.0
142
0.0
142
0.0
142
1.0
142
0.0
142
0.0
142
0.0
142
0.0
142
1.0
179
     0
144
0.0208333333333333
144
0.0
144
0.0
144
0.0
144
0.0
144
0.0208333333333333
144
0.0
144
0.0
144
0.0
144
0.0
144
1.0
144
0.0
144
0.0
144
0.0
144
0.0
144
1.0
147
0.0208333333333333
147
0.0
147
0.0
147
0.0
147
0.0
147
0.0208333333333333
147
0.0
147
0.0
147
0.0
147
0.0
147
1.0
147
0.0
147
0.0
147
0.0
147
0.0
147
1.0
  0
MATERIAL
  5
11
102
{ACAD_XDICTIONARY
360
12
102
}
102
{ACAD_REACTORS
330
10
102
}
330
10
100
AcDbMaterial
  1
ByLayer
 72
     0
 43
0.0208333333333333
 43
0.0
 43
0.0
 43
0.0
 43
0.0
 43
0.0208333333333333
 43
0.0
 43
0.0
 43
0.0
 43
0.0
 43
1.0
 43
0.0
 43
0.0
 43
0.0
 43
0.0
 43
1.0
 77
     0
 47
0.0208333333333333
 47
0.0
 47
0.0
 47
0.0
 47
0.0
 47
0.0208333333333333
 47
0.0
 47
0.0
 47
0.0
 47
0.0
 47
1.0
 47
0.0
 47
0.0
 47
0.0
 47
0.0
 47
1.0
171
     0
 49
0.0208333333333333
 49
0.0
 49
0.0
 49
0.0
 49
0.0
 49
0.0208333333333333
 49
0.0
 49
0.0
 49
0.0
 49
0.0
 49
1.0
 49
0.0
 49
0.0
 49
0.0
 49
0.0
 49
1.0
175
     0
142
0.0208333333333333
142
0.0
142
0.0
142
0.0
142
0.0
142
0.0208333333333333
142
0.0
142
0.0
142
0.0
142
0.0
142
1.0
142
0.0
142
0.0
142
0.0
142
0.0
142
1.0
179
     0
144
0.0208333333333333
144
0.0
144
0.0
144
0.0
144
0.0
144
0.0208333333333333
144
0.0
144
0.0
144
0.0
144
0.0
144
1.0
144
0.0
144
0.0
144
0.0
144
0.0
144
1.0
147
0.0208333333333333
147
0.0
147
0.0
147
0.0
147
0.0
147
0.0208333333333333
147
0.0
147
0.0
147
0.0
147
0.0
147
1.0
147
0.0
147
0.0
147
0.0
147
0.0
147
1.0
  0
MATERIAL
  5
21
102
{ACAD_XDICTIONARY
360
22
102
}
102
{ACAD_REACTORS
330
10
102
}
330
10
100
AcDbMaterial
  1
Global
 72
     0
 43
0.0208333333333333
 43
0.0
 43
0.0
 43
0.0
 43
0.0
 43
0.0208333333333333
 43
0.0
 43
0.0
 43
0.0
 43
0.0
 43
1.0
 43
0.0
 43
0.0
 43
0.0
 43
0.0
 43
1.0
 77
     0
 47
0.0208333333333333
 47
0.0
 47
0.0
 47
0.0
 47
0.0
 47
0.0208333333333333
 47
0.0
 47
0.0
 47
0.0
 47
0.0
 47
1.0
 47
0.0
 47
0.0
 47
0.0
 47
0.0
 47
1.0
171
     0
 49
0.0208333333333333
 49
0.0
 49
0.0
 49
0.0
 49
0.0
 49
0.0208333333333333
 49
0.0
 49
0.0
 49
0.0
 49
0.0
 49
1.0
 49
0.0
 49
0.0
 49
0.0
 49
0.0
 49
1.0
175
     0
142
0.0208333333333333
142
0.0
142
0.0
142
0.0
142
0.0
142
0.0208333333333333
142
0.0
142
0.0
142
0.0
142
0.0
142
1.0
142
0.0
142
0.0
142
0.0
142
0.0
142
1.0
179
     0
144
0.0208333333333333
144
0.0
144
0.0
144
0.0
144
0.0
144
0.0208333333333333
144
0.0
144
0.0
144
0.0
144
0.0
144
1.0
144
0.0
144
0.0
144
0.0
144
0.0
144
1.0
147
0.0208333333333333
147
0.0
147
0.0
147
0.0
147
0.0
147
0.0208333333333333
147
0.0
147
0.0
147
0.0
147
0.0
147
1.0
147
0.0
147
0.0
147
0.0
147
0.0
147
1.0
  0
MLEADERSTYLE
  5
67
102
{ACAD_REACTORS
330
66
102
}
330
66
100
AcDbMLeaderStyle
179
     2
170
     2
171
     1
172
     0
 90
        2
 40
0.0
 41
0.0
173
     1
 91
-1056964608
340
5B
 92
       -2
290
     1
 42
0.09
291
     1
 43
0.36
  3
Standard
 44
0.18
300

342
55
174
     1
178
     6
175
     1
176
     0
 93
-1056964608
 45
0.18
292
     0
297
     0
 46
0.18
 94
-1056964608
 47
1.0
 49
1.0
140
1.0
293
     1
141
0.0
294
     1
177
     0
142
1.0
295
     1
296
     0
143
0.125
271
     0
272
     9
273
     9
298
     1
  0
MLINESTYLE
  5
60
102
{ACAD_REACTORS
330
5F
102
}
330
5F
100
AcDbMlineStyle
  2
STANDARD
 70
     0
  3

 62
   256
 51
90.0
 52
90.0
 71
     2
 49
0.5
 62
   256
  6
BYLAYER
 49
-0.5
 62
   256
  6
BYLAYER
  0
ACDBPLACEHOLDER
  5
F
102
{ACAD_REACTORS
330
E
102
}
330
E
  0
SCALE
  5
43
102
{ACAD_REACTORS
330
42
102
}
330
42
100
AcDbScale
 70
     0
300
1:1
140
1.0
141
1.0
290
     1
  0
SCALE
  5
44
102
{ACAD_REACTORS
330
42
102
}
330
42
100
AcDbScale
 70
     0
300
1/128" = 1'-0"
140
0.0078125
141
12.0
290
     0
  0
SCALE
  5
45
102
{ACAD_REACTORS
330
42
102
}
330
42
100
AcDbScale
 70
     0
300
1/64" = 1'-0"
140
0.015625
141
12.0
290
     0
  0
SCALE
  5
46
102
{ACAD_REACTORS
330
42
102
}
330
42
100
AcDbScale
 70
     0
300
1/32" = 1'-0"
140
0.03125
141
12.0
290
     0
  0
SCALE
  5
47
102
{ACAD_REACTORS
330
42
102
}
330
42
100
AcDbScale
 70
     0
300
1/16" = 1'-0"
140
0.0625
141
12.0
290
     0
  0
SCALE
  5
48
102
{ACAD_REACTORS
330
42
102
}
330
42
100
AcDbScale
 70
     0
300
3/32" = 1'-0"
140
0.09375
141
12.0
290
     0
  0
SCALE
  5
49
102
{ACAD_REACTORS
330
42
102
}
330
42
100
AcDbScale
 70
     0
300
1/8" = 1'-0"
140
0.125
141
12.0
290
     0
  0
SCALE
  5
4A
102
{ACAD_REACTORS
330
42
102
}
330
42
100
AcDbScale
 70
     0
300
3/16" = 1'-0"
140
0.1875
141
12.0
290
     0
  0
SCALE
  5
4B
102
{ACAD_REACTORS
330
42
102
}
330
42
100
AcDbScale
 70
     0
300
1/4" = 1'-0"
140
0.25
141
12.0
290
     0
  0
SCALE
  5
4C
102
{ACAD_REACTORS
330
42
102
}
330
42
100
AcDbScale
 70
     0
300
3/8" = 1'-0"
140
0.375
141
12.0
290
     0
  0
SCALE
  5
4D
102
{ACAD_REACTORS
330
42
102
}
330
42
100
AcDbScale
 70
     0
300
1/2" = 1'-0"
140
0.5
141
12.0
290
     0
  0
SCALE
  5
4E
102
{ACAD_REACTORS
330
42
102
}
330
42
100
AcDbScale
 70
     0
300
3/4" = 1'-0"
140
0.75
141
12.0
290
     0
  0
SCALE
  5
4F
102
{ACAD_REACTORS
330
42
102
}
330
42
100
AcDbScale
 70
     0
300
1" = 1'-0"
140
1.0
141
12.0
290
     0
  0
SCALE
  5
50
102
{ACAD_REACTORS
330
42
102
}
330
42
100
AcDbScale
 70
     0
300
1-1/2" = 1'-0"
140
1.5
141
12.0
290
     0
  0
SCALE
  5
51
102
{ACAD_REACTORS
330
42
102
}
330
42
100
AcDbScale
 70
     0
300
3" = 1'-0"
140
3.0
141
12.0
290
     0
  0
SCALE
  5
52
102
{ACAD_REACTORS
330
42
102
}
330
42
100
AcDbScale
 70
     0
300
6" = 1'-0"
140
6.0
141
12.0
290
     0
  0
SCALE
  5
53
102
{ACAD_REACTORS
330
42
102
}
330
42
100
AcDbScale
 70
     0
300
1'-0" = 1'-0"
140
12.0
141
12.0
290
     0
  0
ACDBSECTIONVIEWSTYLE
  5
69
102
{ACAD_REACTORS
330
68
102
}
330
68
100
AcDbModelDocViewStyle
 70
     0
  3
Imperial24
290
     1
300
Imperial24
 90
        0
100
AcDbSectionViewStyle
 70
     0
 71
     0
 90
       78
 71
     1
340
55
 62
   256
 40
0.24
340
0
340
0
 62
   256
 40
0.24
300
I, O, Q, S, X, Z
 40
0.48
 90
        3
 40
0.18
 90
        1
 71
     2
340
5D
 90
       25
 62
   256
340
5D
 90
       50
 62
   256
 40
0.24
 40
0.0
 40
0.24
 71
     3
340
55
 62
   256
 40
0.24
 90
        1
 40
0.75
 90
        1
300
%<\AcVar ViewType \f "%tc1">% %<\AcVar ViewSectionStartId>%-%<\AcVar ViewSectionEndId>%\PSCALE %<\AcVar ViewScale \f "%sn">%
 71
     4
 62
   256
 62
   257
300
ANSI31
 40
1.0
 90
        0
290
     0
290
     0
 90
        6
 40
0.0
 40
1.570796326794896
 40
0.2617993877991494
 40
1.308996938995747
 40
-0.2617993877991494
 40
1.832595714594046
  0
TABLESTYLE
  5
65
102
{ACAD_XDICTIONARY
360
D0
102
}
102
{ACAD_REACTORS
330
64
102
}
330
64
100
AcDbTableStyle
280
     0
  3
Standard
 70
     0
 71
     0
 40
0.06
 41
0.06
280
     0
281
     0
  7
Standard
140
0.18
170
     2
 62
     0
 63
     7
283
     0
 90
      512
 91
        0
  1

274
    -2
284
     1
 64
     0
275
    -2
285
     1
 65
     0
276
    -2
286
     1
 66
     0
277
    -2
287
     1
 67
     0
278
    -2
288
     1
 68
     0
279
    -2
289
     1
 69
     0
  7
Standard
140
0.25
170
     5
 62
     0
 63
     7
283
     0
 90
      512
 91
        0
  1

274
    -2
284
     1
 64
     0
275
    -2
285
     1
 65
     0
276
    -2
286
     1
 66
     0
277
    -2
287
     1
 67
     0
278
    -2
288
     1
 68
     0
279
    -2
289
     1
 69
     0
  7
Standard
140
0.18
170
     5
 62
     0
 63
     7
283
     0
 90
      512
 91
        0
  1

274
    -2
284
     1
 64
     0
275
    -2
285
     1
 65
     0
276
    -2
286
     1
 66
     0
277
    -2
287
     1
 67
     0
278
    -2
288
     1
 68
     0
279
    -2
289
     1
 69
     0
  0
VISUALSTYLE
  5
2F
102
{ACAD_REACTORS
330
29
102
}
330
29
100
AcDbVisualStyle
  2
2dWireframe
 70
     4
177
     3
291
     0
 70
    58
 90
        0
176
     1
 90
        2
176
     1
 90
        0
176
     1
 90
        0
176
     1
 40
0.6
176
     1
 40
30.0
176
     1
 62
     7
420
 16777215
176
     1
 90
        1
176
     1
 90
        4
176
     1
 62
     7
176
     1
 62
   257
176
     1
 90
        1
176
     1
 90
        1
176
     1
 40
1.0
176
     1
 90
        0
176
     1
 62
   257
176
     1
 40
1.0
176
     1
 90
        1
176
     1
 90
        6
176
     1
 90
        2
176
     1
 62
     7
176
     1
 90
        5
176
     1
 90
        0
176
     1
 90
        0
176
     1
290
     0
176
     1
 90
        1
176
     1
 40
0.0
176
     1
 90
        0
176
     1
290
     1
176
     1
290
     1
176
     1
290
     0
176
     1
290
     0
176
     1
290
     0
176
     1
290
     0
176
     1
290
     0
176
     1
290
     0
176
     1
290
     0
176
     1
 90
       50
176
     1
 40
0.0
176
     1
 40
1.0
176
     1
 90
        0
176
     1
 62
    18
420
        0
176
     1
 90
       50
176
     1
 90
        3
176
     1
 62
     5
420
      255
176
     1
290
     0
176
     1
 90
       50
176
     1
 90
       50
176
     1
 90
       50
176
     1
290
     0
176
     1
 90
       50
176
     1
 62
   256
176
     0
 40
1.0
176
     0
 90
        2
176
     1
  1
strokes_ogs.tif
176
     1
290
     0
176
     1
 40
1.0
176
     1
 40
1.0
176
     1
  0
VISUALSTYLE
  5
2E
102
{ACAD_REACTORS
330
29
102
}
330
29
100
AcDbVisualStyle
  2
Basic
 70
     7
177
     3
291
     1
 70
    58
 90
        1
176
     1
 90
        0
176
     1
 90
        1
176
     1
 90
        0
176
     1
 40
0.6
176
     1
 40
30.0
176
     1
 62
     7
420
 16777215
176
     1
 90
        0
176
     1
 90
        4
176
     1
 62
     7
176
     1
 62
   257
176
     1
 90
        1
176
     1
 90
        1
176
     1
 40
1.0
176
     1
 90
        8
176
     1
 62
     7
176
     1
 40
1.0
176
     1
 90
        1
176
     1
 90
        6
176
     1
 90
        2
176
     1
 62
     7
176
     1
 90
        5
176
     1
 90
        0
176
     1
 90
        0
176
     1
290
     0
176
     1
 90
        1
176
     1
 40
0.0
176
     1
 90
        0
176
     1
290
     0
176
     1
290
     1
176
     1
290
     1
176
     1
290
     0
176
     1
290
     0
176
     1
290
     0
176
     1
290
     0
176
     1
290
     0
176
     1
290
     0
176
     1
 90
       50
176
     1
 40
0.0
176
     1
 40
1.0
176
     1
 90
        0
176
     1
 62
    18
420
        0
176
     1
 90
       50
176
     1
 90
        3
176
     1
 62
     5
420
      255
176
     1
290
     0
176
     1
 90
       50
176
     1
 90
       50
176
     1
 90
       50
176
     1
290
     0
176
     1
 90
       50
176
     1
 62
   256
176
     0
 40
1.0
176
     0
 90
        2
176
     1
  1
strokes_ogs.tif
176
     1
290
     0
176
     1
 40
1.0
176
     1
 40
1.0
176
     1
  0
VISUALSTYLE
  5
35
102
{ACAD_REACTORS
330
29
102
}
330
29
100
AcDbVisualStyle
  2
Brighten
 70
    12
177
     3
291
     1
 70
    58
 90
        2
176
     1
 90
        2
176
     1
 90
        0
176
     1
 90
        0
176
     1
 40
0.6
176
     1
 40
30.0
176
     1
 62
     7
420
 16777215
176
     1
 90
        1
176
     1
 90
        4
176
     1
 62
     7
176
     1
 62
   257
176
     1
 90
        1
176
     1
 90
        1
176
     1
 40
1.0
176
     1
 90
        8
176
     1
 62
     7
176
     1
 40
1.0
176
     1
 90
        1
176
     1
 90
        6
176
     1
 90
        2
176
     1
 62
     7
176
     1
 90
        5
176
     1
 90
        0
176
     1
 90
        0
176
     1
290
     0
176
     1
 90
        1
176
     1
 40
50.0
176
     1
 90
        0
176
     1
290
     0
176
     1
290
     1
176
     1
290
     1
176
     1
290
     0
176
     1
290
     0
176
     1
290
     0
176
     1
290
     0
176
     1
290
     0
176
     1
290
     0
176
     1
 90
       50
176
     1
 40
0.0
176
     1
 40
1.0
176
     1
 90
        0
176
     1
 62
    18
420
        0
176
     1
 90
       50
176
     1
 90
        3
176
     1
 62
     5
420
      255
176
     1
290
     0
176
     1
 90
       50
176
     1
 90
       50
176
     1
 90
       50
176
     1
290
     0
176
     1
 90
       50
176
     1
 62
   256
176
     0
 40
1.0
176
     0
 90
        2
176
     1
  1
strokes_ogs.tif
176
     1
290
     0
176
     1
 40
1.0
176
     1
 40
1.0
176
     1
  0
VISUALSTYLE
  5
39
102
{ACAD_REACTORS
330
29
102
}
330
29
100
AcDbVisualStyle
  2
ColorChange
 70
    16
177
     3
291
     1
 70
    58
 90
        2
176
     1
 90
        2
176
     1
 90
        3
176
     1
 90
        0
176
     1
 40
0.6
176
     1
 40
30.0
176
     1
 62
     8
420
  8421504
176
     1
 90
        1
176
     1
 90
        4
176
     1
 62
     7
176
     1
 62
   257
176
     1
 90
        1
176
     1
 90
        1
176
     1
 40
1.0
176
     1
 90
        8
176
     1
 62
     8
420
  8421504
176
     1
 40
1.0
176
     1
 90
        1
176
     1
 90
        6
176
     1
 90
        2
176
     1
 62
     7
176
     1
 90
        5
176
     1
 90
        0
176
     1
 90
        0
176
     1
290
     0
176
     1
 90
        1
176
     1
 40
0.0
176
     1
 90
        0
176
     1
290
     0
176
     1
290
     1
176
     1
290
     1
176
     1
290
     0
176
     1
290
     0
176
     1
290
     0
176
     1
290
     0
176
     1
290
     0
176
     1
290
     0
176
     1
 90
       50
176
     1
 40
0.0
176
     1
 40
1.0
176
     1
 90
        0
176
     1
 62
    18
420
        0
176
     1
 90
       50
176
     1
 90
        3
176
     1
 62
     5
420
      255
176
     1
290
     0
176
     1
 90
       50
176
     1
 90
       50
176
     1
 90
       50
176
     1
290
     0
176
     1
 90
       50
176
     1
 62
   256
176
     0
 40
1.0
176
     0
 90
        2
176
     1
  1
strokes_ogs.tif
176
     1
290
     0
176
     1
 40
1.0
176
     1
 40
1.0
176
     1
  0
VISUALSTYLE
  5
32
102
{ACAD_REACTORS
330
29
102
}
330
29
100
AcDbVisualStyle
  2
Conceptual
 70
     9
177
     3
291
     0
 70
    58
 90
        3
176
     1
 90
        2
176
     1
 90
        0
176
     1
 90
        0
176
     1
 40
0.6
176
     1
 40
30.0
176
     1
 62
     7
420
 16777215
176
     1
 90
        2
176
     1
 90
        2
176
     1
 62
     7
176
     1
 62
   257
176
     1
 90
        1
176
     1
 90
        1
176
     1
 40
179.0
176
     1
 90
        8
176
     1
 62
     7
176
     1
 40
1.0
176
     1
 90
        1
176
     1
 90
        6
176
     1
 90
        2
176
     1
 62
     7
176
     1
 90
        3
176
     1
 90
        0
176
     1
 90
        0
176
     1
290
     0
176
     1
 90
        1
176
     1
 40
0.0
176
     1
 90
        0
176
     1
290
     0
176
     1
290
     1
176
     1
290
     1
176
     1
290
     0
176
     1
290
     0
176
     1
290
     0
176
     1
290
     0
176
     1
290
     0
176
     1
290
     0
176
     1
 90
       50
176
     1
 40
0.0
176
     1
 40
1.0
176
     1
 90
        0
176
     1
 62
    18
420
        0
176
     1
 90
       50
176
     1
 90
        3
176
     1
 62
     5
420
      255
176
     1
290
     0
176
     1
 90
       50
176
     1
 90
       50
176
     1
 90
       50
176
     1
290
     0
176
     1
 90
       50
176
     1
 62
   256
176
     0
 40
1.0
176
     0
 90
        2
176
     1
  1
strokes_ogs.tif
176
     1
290
     0
176
     1
 40
1.0
176
     1
 40
1.0
176
     1
  0
VISUALSTYLE
  5
34
102
{ACAD_REACTORS
330
29
102
}
330
29
100
AcDbVisualStyle
  2
Dim
 70
    11
177
     3
291
     1
 70
    58
 90
        2
176
     1
 90
        2
176
     1
 90
        0
176
     1
 90
        0
176
     1
 40
0.6
176
     1
 40
30.0
176
     1
 62
     7
420
 16777215
176
     1
 90
        1
176
     1
 90
        4
176
     1
 62
     7
176
     1
 62
   257
176
     1
 90
        1
176
     1
 90
        1
176
     1
 40
1.0
176
     1
 90
        8
176
     1
 62
     7
176
     1
 40
1.0
176
     1
 90
        1
176
     1
 90
        6
176
     1
 90
        2
176
     1
 62
     7
176
     1
 90
        5
176
     1
 90
        0
176
     1
 90
        0
176
     1
290
     0
176
     1
 90
        1
176
     1
 40
-50.0
176
     1
 90
        0
176
     1
290
     0
176
     1
290
     1
176
     1
290
     1
176
     1
290
     0
176
     1
290
     0
176
     1
290
     0
176
     1
290
     0
176
     1
290
     0
176
     1
290
     0
176
     1
 90
       50
176
     1
 40
0.0
176
     1
 40
1.0
176
     1
 90
        0
176
     1
 62
    18
420
        0
176
     1
 90
       50
176
     1
 90
        3
176
     1
 62
     5
420
      255
176
     1
290
     0
176
     1
 90
       50
176
     1
 90
       50
176
     1
 90
       50
176
     1
290
     0
176
     1
 90
       50
176
     1
 62
   256
176
     0
 40
1.0
176
     0
 90
        2
176
     1
  1
strokes_ogs.tif
176
     1
290
     0
176
     1
 40
1.0
176
     1
 40
1.0
176
     1
  0
VISUALSTYLE
  5
41
102
{ACAD_REACTORS
330
29
102
}
330
29
100
AcDbVisualStyle
  2
EdgeColorOff
 70
    22
177
     3
291
     1
 70
    58
 90
        2
176
     0
 90
        2
176
     0
 90
        0
176
     0
 90
        0
176
     0
 40
0.6
176
     0
 40
30.0
176
     0
 62
     7
420
 16777215
176
     0
 90
        1
176
     0
 90
        4
176
     0
 62
     7
176
     0
 62
   257
176
     0
 90
        1
176
     0
 90
        1
176
     0
 40
1.0
176
     0
 90
        8
176
     2
 62
     7
176
     0
 40
1.0
176
     0
 90
        1
176
     0
 90
        6
176
     0
 90
        2
176
     0
 62
     7
176
     0
 90
        5
176
     0
 90
        0
176
     0
 90
        0
176
     0
290
     0
176
     0
 90
        1
176
     0
 40
0.0
176
     0
 90
        0
176
     0
290
     0
176
     0
290
     1
176
     0
290
     1
176
     0
290
     0
176
     0
290
     0
176
     0
290
     0
176
     0
290
     0
176
     0
290
     0
176
     0
290
     0
176
     0
 90
       50
176
     0
 40
0.0
176
     0
 40
1.0
176
     0
 90
        0
176
     0
 62
    18
420
        0
176
     0
 90
       50
176
     0
 90
        3
176
     0
 62
     5
420
      255
176
     0
290
     0
176
     0
 90
       50
176
     0
 90
       50
176
     0
 90
       50
176
     0
290
     0
176
     0
 90
       50
176
     0
 62
   256
176
     0
 40
1.0
176
     0
 90
        2
176
     0
  1
strokes_ogs.tif
176
     0
290
     0
176
     0
 40
1.0
176
     0
 40
1.0
176
     0
  0
VISUALSTYLE
  5
38
102
{ACAD_REACTORS
330
29
102
}
330
29
100
AcDbVisualStyle
  2
Facepattern
 70
    15
177
     3
291
     1
 70
    58
 90
        2
176
     1
 90
        2
176
     1
 90
        0
176
     1
 90
        0
176
     1
 40
0.6
176
     1
 40
30.0
176
     1
 62
     7
420
 16777215
176
     1
 90
        1
176
     1
 90
        4
176
     1
 62
     7
176
     1
 62
   257
176
     1
 90
        1
176
     1
 90
        1
176
     1
 40
1.0
176
     1
 90
        8
176
     1
 62
     7
176
     1
 40
1.0
176
     1
 90
        1
176
     1
 90
        6
176
     1
 90
        2
176
     1
 62
     7
176
     1
 90
        5
176
     1
 90
        0
176
     1
 90
        0
176
     1
290
     0
176
     1
 90
        1
176
     1
 40
0.0
176
     1
 90
        0
176
     1
290
     0
176
     1
290
     1
176
     1
290
     1
176
     1
290
     0
176
     1
290
     0
176
     1
290
     0
176
     1
290
     0
176
     1
290
     0
176
     1
290
     0
176
     1
 90
       50
176
     1
 40
0.0
176
     1
 40
1.0
176
     1
 90
        0
176
     1
 62
    18
420
        0
176
     1
 90
       50
176
     1
 90
        3
176
     1
 62
     5
420
      255
176
     1
290
     0
176
     1
 90
       50
176
     1
 90
       50
176
     1
 90
       50
176
     1
290
     0
176
     1
 90
       50
176
     1
 62
   256
176
     0
 40
1.0
176
     0
 90
        2
176
     1
  1
strokes_ogs.tif
176
     1
290
     0
176
     1
 40
1.0
176
     1
 40
1.0
176
     1
  0
VISUALSTYLE
  5
2A
102
{ACAD_REACTORS
330
29
102
}
330
29
100
AcDbVisualStyle
  2
Flat
 70
     0
177
     3
291
     1
 70
    58
 90
        2
176
     1
 90
        1
176
     1
 90
        1
176
     1
 90
        2
176
     1
 40
0.6
176
     1
 40
30.0
176
     1
 62
     7
420
 16777215
176
     1
 90
        0
176
     1
 90
        0
176
     1
 62
     7
176
     1
 62
   257
176
     1
 90
        1
176
     1
 90
        1
176
     1
 40
1.0
176
     1
 90
        8
176
     1
 62
     7
176
     1
 40
1.0
176
     1
 90
        1
176
     1
 90
        6
176
     1
 90
        2
176
     1
 62
     7
176
     1
 90
        5
176
     1
 90
        0
176
     1
 90
        0
176
     1
290
     0
176
     1
 90
       13
176
     1
 40
0.0
176
     1
 90
        0
176
     1
290
     0
176
     1
290
     1
176
     1
290
     1
176
     1
290
     0
176
     1
290
     0
176
     1
290
     0
176
     1
290
     0
176
     1
290
     0
176
     1
290
     0
176
     1
 90
       50
176
     1
 40
0.0
176
     1
 40
1.0
176
     1
 90
        0
176
     1
 62
    18
420
        0
176
     1
 90
       50
176
     1
 90
        3
176
     1
 62
     5
420
      255
176
     1
290
     0
176
     1
 90
       50
176
     1
 90
       50
176
     1
 90
       50
176
     1
290
     0
176
     1
 90
       50
176
     1
 62
   256
176
     0
 40
1.0
176
     0
 90
        2
176
     1
  1
strokes_ogs.tif
176
     1
290
     0
176
     1
 40
1.0
176
     1
 40
1.0
176
     1
  0
VISUALSTYLE
  5
2B
102
{ACAD_REACTORS
330
29
102
}
330
29
100
AcDbVisualStyle
  2
FlatWithEdges
 70
     1
177
     3
291
     1
 70
    58
 90
        2
176
     1
 90
        1
176
     1
 90
        1
176
     1
 90
        2
176
     1
 40
0.6
176
     1
 40
30.0
176
     1
 62
     7
420
 16777215
176
     1
 90
        1
176
     1
 90
        0
176
     1
 62
     7
176
     1
 62
   257
176
     1
 90
        1
176
     1
 90
        1
176
     1
 40
1.0
176
     1
 90
        0
176
     1
 62
   257
176
     1
 40
1.0
176
     1
 90
        1
176
     1
 90
        6
176
     1
 90
        2
176
     1
 62
     7
176
     1
 90
        5
176
     1
 90
        0
176
     1
 90
        0
176
     1
290
     0
176
     1
 90
       13
176
     1
 40
0.0
176
     1
 90
        0
176
     1
290
     0
176
     1
290
     1
176
     1
290
     1
176
     1
290
     0
176
     1
290
     0
176
     1
290
     0
176
     1
290
     0
176
     1
290
     0
176
     1
290
     0
176
     1
 90
       50
176
     1
 40
0.0
176
     1
 40
1.0
176
     1
 90
        0
176
     1
 62
    18
420
        0
176
     1
 90
       50
176
     1
 90
        3
176
     1
 62
     5
420
      255
176
     1
290
     0
176
     1
 90
       50
176
     1
 90
       50
176
     1
 90
       50
176
     1
290
     0
176
     1
 90
       50
176
     1
 62
   256
176
     0
 40
1.0
176
     0
 90
        2
176
     1
  1
strokes_ogs.tif
176
     1
290
     0
176
     1
 40
1.0
176
     1
 40
1.0
176
     1
  0
VISUALSTYLE
  5
2C
102
{ACAD_REACTORS
330
29
102
}
330
29
100
AcDbVisualStyle
  2
Gouraud
 70
     2
177
     3
291
     1
 70
    58
 90
        2
176
     1
 90
        2
176
     1
 90
        1
176
     1
 90
        2
176
     1
 40
0.6
176
     1
 40
30.0
176
     1
 62
     7
420
 16777215
176
     1
 90
        0
176
     1
 90
        0
176
     1
 62
     7
176
     1
 62
   257
176
     1
 90
        1
176
     1
 90
        1
176
     1
 40
1.0
176
     1
 90
        0
176
     1
 62
     7
176
     1
 40
1.0
176
     1
 90
        1
176
     1
 90
        6
176
     1
 90
        2
176
     1
 62
     7
176
     1
 90
        5
176
     1
 90
        0
176
     1
 90
        0
176
     1
290
     0
176
     1
 90
       13
176
     1
 40
0.0
176
     1
 90
        0
176
     1
290
     0
176
     1
290
     1
176
     1
290
     1
176
     1
290
     0
176
     1
290
     0
176
     1
290
     0
176
     1
290
     0
176
     1
290
     0
176
     1
290
     0
176
     1
 90
       50
176
     1
 40
0.0
176
     1
 40
1.0
176
     1
 90
        0
176
     1
 62
    18
420
        0
176
     1
 90
       50
176
     1
 90
        3
176
     1
 62
     5
420
      255
176
     1
290
     0
176
     1
 90
       50
176
     1
 90
       50
176
     1
 90
       50
176
     1
290
     0
176
     1
 90
       50
176
     1
 62
   256
176
     0
 40
1.0
176
     0
 90
        2
176
     1
  1
strokes_ogs.tif
176
     1
290
     0
176
     1
 40
1.0
176
     1
 40
1.0
176
     1
  0
VISUALSTYLE
  5
2D
102
{ACAD_REACTORS
330
29
102
}
330
29
100
AcDbVisualStyle
  2
GouraudWithEdges
 70
     3
177
     3
291
     1
 70
    58
 90
        2
176
     1
 90
        2
176
     1
 90
        1
176
     1
 90
        2
176
     1
 40
0.6
176
     1
 40
30.0
176
     1
 62
     7
420
 16777215
176
     1
 90
        1
176
     1
 90
        0
176
     1
 62
     7
176
     1
 62
   257
176
     1
 90
        1
176
     1
 90
        1
176
     1
 40
1.0
176
     1
 90
        0
176
     1
 62
   257
176
     1
 40
1.0
176
     1
 90
        1
176
     1
 90
        6
176
     1
 90
        2
176
     1
 62
     7
176
     1
 90
        5
176
     1
 90
        0
176
     1
 90
        0
176
     1
290
     0
176
     1
 90
       13
176
     1
 40
0.0
176
     1
 90
        0
176
     1
290
     0
176
     1
290
     1
176
     1
290
     1
176
     1
290
     0
176
     1
290
     0
176
     1
290
     0
176
     1
290
     0
176
     1
290
     0
176
     1
290
     0
176
     1
 90
       50
176
     1
 40
0.0
176
     1
 40
1.0
176
     1
 90
        0
176
     1
 62
    18
420
        0
176
     1
 90
       50
176
     1
 90
        3
176
     1
 62
     5
420
      255
176
     1
290
     0
176
     1
 90
       50
176
     1
 90
       50
176
     1
 90
       50
176
     1
290
     0
176
     1
 90
       50
176
     1
 62
   256
176
     0
 40
1.0
176
     0
 90
        2
176
     1
  1
strokes_ogs.tif
176
     1
290
     0
176
     1
 40
1.0
176
     1
 40
1.0
176
     1
  0
VISUALSTYLE
  5
31
102
{ACAD_REACTORS
330
29
102
}
330
29
100
AcDbVisualStyle
  2
Hidden
 70
     6
177
     3
291
     0
 70
    58
 90
        1
176
     1
 90
        2
176
     1
 90
        2
176
     1
 90
        0
176
     1
 40
0.6
176
     1
 40
30.0
176
     1
 62
     7
420
 16777215
176
     1
 90
        2
176
     1
 90
        2
176
     1
 62
     7
176
     1
 62
   257
176
     1
 90
        2
176
     1
 90
        1
176
     1
 40
40.0
176
     1
 90
        0
176
     1
 62
   257
176
     1
 40
1.0
176
     1
 90
        1
176
     1
 90
        6
176
     1
 90
        2
176
     1
 62
     7
176
     1
 90
        3
176
     1
 90
        0
176
     1
 90
        0
176
     1
290
     0
176
     1
 90
        1
176
     1
 40
0.0
176
     1
 90
        0
176
     1
290
     0
176
     1
290
     1
176
     1
290
     1
176
     1
290
     0
176
     1
290
     0
176
     1
290
     0
176
     1
290
     0
176
     1
290
     0
176
     1
290
     0
176
     1
 90
       50
176
     1
 40
0.0
176
     1
 40
1.0
176
     1
 90
        0
176
     1
 62
    18
420
        0
176
     1
 90
       50
176
     1
 90
        3
176
     1
 62
     5
420
      255
176
     1
290
     0
176
     1
 90
       50
176
     1
 90
       50
176
     1
 90
       50
176
     1
290
     0
176
     1
 90
       50
176
     1
 62
   256
176
     0
 40
1.0
176
     0
 90
        2
176
     1
  1
strokes_ogs.tif
176
     1
290
     0
176
     1
 40
1.0
176
     1
 40
1.0
176
     1
  0
VISUALSTYLE
  5
3F
102
{ACAD_REACTORS
330
29
102
}
330
29
100
AcDbVisualStyle
  2
JitterOff
 70
    20
177
     3
291
     1
 70
    58
 90
        2
176
     0
 90
        2
176
     0
 90
        0
176
     0
 90
        0
176
     0
 40
0.6
176
     0
 40
30.0
176
     0
 62
     7
420
 16777215
176
     0
 90
        1
176
     0
 90
        4
176
     0
 62
     7
176
     0
 62
   257
176
     0
 90
        1
176
     0
 90
        1
176
     0
 40
1.0
176
     0
 90
       10
176
     2
 62
     7
176
     0
 40
1.0
176
     0
 90
        1
176
     0
 90
        6
176
     0
 90
        2
176
     0
 62
     7
176
     0
 90
        5
176
     0
 90
        0
176
     0
 90
        0
176
     0
290
     0
176
     0
 90
        1
176
     0
 40
0.0
176
     0
 90
        0
176
     0
290
     0
176
     0
290
     1
176
     0
290
     1
176
     0
290
     0
176
     0
290
     0
176
     0
290
     0
176
     0
290
     0
176
     0
290
     0
176
     0
290
     0
176
     0
 90
       50
176
     0
 40
0.0
176
     0
 40
1.0
176
     0
 90
        0
176
     0
 62
    18
420
        0
176
     0
 90
       50
176
     0
 90
        3
176
     0
 62
     5
420
      255
176
     0
290
     0
176
     0
 90
       50
176
     0
 90
       50
176
     0
 90
       50
176
     0
290
     0
176
     0
 90
       50
176
     0
 62
   256
176
     0
 40
1.0
176
     0
 90
        2
176
     0
  1
strokes_ogs.tif
176
     0
290
     0
176
     0
 40
1.0
176
     0
 40
1.0
176
     0
  0
VISUALSTYLE
  5
37
102
{ACAD_REACTORS
330
29
102
}
330
29
100
AcDbVisualStyle
  2
Linepattern
 70
    14
177
     3
291
     1
 70
    58
 90
        2
176
     1
 90
        2
176
     1
 90
        0
176
     1
 90
        0
176
     1
 40
0.6
176
     1
 40
30.0
176
     1
 62
     7
420
 16777215
176
     1
 90
        1
176
     1
 90
        4
176
     1
 62
     7
176
     1
 62
   257
176
     1
 90
        7
176
     1
 90
        7
176
     1
 40
1.0
176
     1
 90
        8
176
     1
 62
     7
176
     1
 40
1.0
176
     1
 90
        1
176
     1
 90
        6
176
     1
 90
        2
176
     1
 62
     7
176
     1
 90
        5
176
     1
 90
        0
176
     1
 90
        0
176
     1
290
     0
176
     1
 90
        1
176
     1
 40
0.0
176
     1
 90
        0
176
     1
290
     0
176
     1
290
     1
176
     1
290
     1
176
     1
290
     0
176
     1
290
     0
176
     1
290
     0
176
     1
290
     0
176
     1
290
     0
176
     1
290
     0
176
     1
 90
       50
176
     1
 40
0.0
176
     1
 40
1.0
176
     1
 90
        0
176
     1
 62
    18
420
        0
176
     1
 90
       50
176
     1
 90
        3
176
     1
 62
     5
420
      255
176
     1
290
     0
176
     1
 90
       50
176
     1
 90
       50
176
     1
 90
       50
176
     1
290
     0
176
     1
 90
       50
176
     1
 62
   256
176
     0
 40
1.0
176
     0
 90
        2
176
     1
  1
strokes_ogs.tif
176
     1
290
     0
176
     1
 40
1.0
176
     1
 40
1.0
176
     1
  0
VISUALSTYLE
  5
40
102
{ACAD_REACTORS
330
29
102
}
330
29
100
AcDbVisualStyle
  2
OverhangOff
 70
    21
177
     3
291
     1
 70
    58
 90
        2
176
     0
 90
        2
176
     0
 90
        0
176
     0
 90
        0
176
     0
 40
0.6
176
     0
 40
30.0
176
     0
 62
     7
420
 16777215
176
     0
 90
        1
176
     0
 90
        4
176
     0
 62
     7
176
     0
 62
   257
176
     0
 90
        1
176
     0
 90
        1
176
     0
 40
1.0
176
     0
 90
        9
176
     2
 62
     7
176
     0
 40
1.0
176
     0
 90
        1
176
     0
 90
        6
176
     0
 90
        2
176
     0
 62
     7
176
     0
 90
        5
176
     0
 90
        0
176
     0
 90
        0
176
     0
290
     0
176
     0
 90
        1
176
     0
 40
0.0
176
     0
 90
        0
176
     0
290
     0
176
     0
290
     1
176
     0
290
     1
176
     0
290
     0
176
     0
290
     0
176
     0
290
     0
176
     0
290
     0
176
     0
290
     0
176
     0
290
     0
176
     0
 90
       50
176
     0
 40
0.0
176
     0
 40
1.0
176
     0
 90
        0
176
     0
 62
    18
420
        0
176
     0
 90
       50
176
     0
 90
        3
176
     0
 62
     5
420
      255
176
     0
290
     0
176
     0
 90
       50
176
     0
 90
       50
176
     0
 90
       50
176
     0
290
     0
176
     0
 90
       50
176
     0
 62
   256
176
     0
 40
1.0
176
     0
 90
        2
176
     0
  1
strokes_ogs.tif
176
     0
290
     0
176
     0
 40
1.0
176
     0
 40
1.0
176
     0
  0
VISUALSTYLE
  5
33
102
{ACAD_REACTORS
330
29
102
}
330
29
100
AcDbVisualStyle
  2
Realistic
 70
     8
177
     3
291
     0
 70
    58
 90
        2
176
     1
 90
        3
176
     1
 90
        0
176
     1
 90
        2
176
     1
 40
0.6
176
     1
 40
30.0
176
     1
 62
     7
420
 16777215
176
     1
 90
        0
176
     1
 90
        0
176
     1
 62
     7
176
     1
 62
   257
176
     1
 90
        1
176
     1
 90
        1
176
     1
 40
1.0
176
     1
 90
        8
176
     1
 62
   257
176
     1
 40
1.0
176
     1
 90
        1
176
     1
 90
        6
176
     1
 90
        2
176
     1
 62
     7
176
     1
 90
        3
176
     1
 90
        0
176
     1
 90
        0
176
     1
290
     0
176
     1
 90
       13
176
     1
 40
0.0
176
     1
 90
        0
176
     1
290
     0
176
     1
290
     1
176
     1
290
     1
176
     1
290
     0
176
     1
290
     0
176
     1
290
     0
176
     1
290
     0
176
     1
290
     0
176
     1
290
     0
176
     1
 90
       50
176
     1
 40
0.0
176
     1
 40
1.0
176
     1
 90
        0
176
     1
 62
    18
420
        0
176
     1
 90
       50
176
     1
 90
        3
176
     1
 62
     5
420
      255
176
     1
290
     0
176
     1
 90
       50
176
     1
 90
       50
176
     1
 90
       50
176
     1
290
     0
176
     1
 90
       50
176
     1
 62
   256
176
     0
 40
1.0
176
     0
 90
        2
176
     1
  1
strokes_ogs.tif
176
     1
290
     0
176
     1
 40
1.0
176
     1
 40
1.0
176
     1
  0
VISUALSTYLE
  5
3E
102
{ACAD_REACTORS
330
29
102
}
330
29
100
AcDbVisualStyle
  2
Shaded
 70
    27
177
     3
291
     0
 70
    58
 90
        2
176
     1
 90
        2
176
     1
 90
        1
176
     1
 90
        2
176
     1
 40
0.6
176
     1
 40
30.0
176
     1
 62
     7
420
 16777215
176
     1
 90
        0
176
     1
 90
        4
176
     1
 62
     7
176
     1
 62
   257
176
     1
 90
        1
176
     1
 90
        1
176
     1
 40
1.0
176
     1
 90
        8
176
     1
 62
   257
176
     1
 40
1.0
176
     1
 90
        1
176
     1
 90
        6
176
     1
 90
        2
176
     1
 62
     8
420
  7895160
176
     1
 90
        3
176
     1
 90
        0
176
     1
 90
        0
176
     1
290
     0
176
     1
 90
        5
176
     1
 40
0.0
176
     1
 90
        0
176
     1
290
     0
176
     1
290
     1
176
     1
290
     1
176
     1
290
     0
176
     1
290
     0
176
     1
290
     0
176
     1
290
     0
176
     1
290
     0
176
     1
290
     0
176
     1
 90
       50
176
     1
 40
0.0
176
     1
 40
1.0
176
     1
 90
        0
176
     1
 62
    18
420
        0
176
     1
 90
       50
176
     1
 90
        3
176
     1
 62
     5
420
      255
176
     1
290
     0
176
     1
 90
       50
176
     1
 90
       50
176
     1
 90
       50
176
     1
290
     0
176
     1
 90
       50
176
     1
 62
   256
176
     0
 40
1.0
176
     0
 90
        2
176
     1
  1
strokes_ogs.tif
176
     1
290
     0
176
     1
 40
1.0
176
     1
 40
1.0
176
     1
  0
VISUALSTYLE
  5
3D
102
{ACAD_REACTORS
330
29
102
}
330
29
100
AcDbVisualStyle
  2
Shaded with edges
 70
    26
177
     3
291
     0
 70
    58
 90
        2
176
     1
 90
        2
176
     1
 90
        1
176
     1
 90
        2
176
     1
 40
0.6
176
     1
 40
30.0
176
     1
 62
     7
420
 16777215
176
     1
 90
        1
176
     1
 90
        2
176
     1
 62
     7
176
     1
 62
   257
176
     1
 90
        2
176
     1
 90
        1
176
     1
 40
1.0
176
     1
 90
        8
176
     1
 62
   257
176
     1
 40
1.0
176
     1
 90
        1
176
     1
 90
        6
176
     1
 90
        2
176
     1
 62
     7
176
     1
 90
        3
176
     1
 90
        0
176
     1
 90
        0
176
     1
290
     0
176
     1
 90
        5
176
     1
 40
0.0
176
     1
 90
        0
176
     1
290
     0
176
     1
290
     1
176
     1
290
     1
176
     1
290
     0
176
     1
290
     0
176
     1
290
     0
176
     1
290
     0
176
     1
290
     0
176
     1
290
     0
176
     1
 90
       50
176
     1
 40
0.0
176
     1
 40
1.0
176
     1
 90
        0
176
     1
 62
    18
420
        0
176
     1
 90
       50
176
     1
 90
        3
176
     1
 62
     5
420
      255
176
     1
290
     0
176
     1
 90
       50
176
     1
 90
       50
176
     1
 90
       50
176
     1
290
     0
176
     1
 90
       50
176
     1
 62
   256
176
     0
 40
1.0
176
     0
 90
        2
176
     1
  1
strokes_ogs.tif
176
     1
290
     0
176
     1
 40
1.0
176
     1
 40
1.0
176
     1
  0
VISUALSTYLE
  5
3A
102
{ACAD_REACTORS
330
29
102
}
330
29
100
AcDbVisualStyle
  2
Shades of Gray
 70
    23
177
     3
291
     0
 70
    58
 90
        2
176
     1
 90
        2
176
     1
 90
        3
176
     1
 90
        0
176
     1
 40
0.6
176
     1
 40
30.0
176
     1
 62
     7
420
 16777215
176
     1
 90
        2
176
     1
 90
        2
176
     1
 62
     7
176
     1
 62
     7
176
     1
 90
        1
176
     1
 90
        1
176
     1
 40
40.0
176
     1
 90
        8
176
     1
 62
     7
176
     1
 40
1.0
176
     1
 90
        1
176
     1
 90
        6
176
     1
 90
        2
176
     1
 62
     7
176
     1
 90
        3
176
     1
 90
        0
176
     1
 90
        0
176
     1
290
     0
176
     1
 90
        1
176
     1
 40
0.0
176
     1
 90
        0
176
     1
290
     0
176
     1
290
     1
176
     1
290
     1
176
     1
290
     0
176
     1
290
     0
176
     1
290
     0
176
     1
290
     0
176
     1
290
     0
176
     1
290
     0
176
     1
 90
       50
176
     1
 40
0.0
176
     1
 40
1.0
176
     1
 90
        0
176
     1
 62
    18
420
        0
176
     1
 90
       50
176
     1
 90
        3
176
     1
 62
     5
420
      255
176
     1
290
     0
176
     1
 90
       50
176
     1
 90
       50
176
     1
 90
       50
176
     1
290
     0
176
     1
 90
       50
176
     1
 62
   256
176
     0
 40
1.0
176
     0
 90
        2
176
     1
  1
strokes_ogs.tif
176
     1
290
     0
176
     1
 40
1.0
176
     1
 40
1.0
176
     1
  0
VISUALSTYLE
  5
3B
102
{ACAD_REACTORS
330
29
102
}
330
29
100
AcDbVisualStyle
  2
Sketchy
 70
    24
177
     3
291
     0
 70
    58
 90
        1
176
     1
 90
        2
176
     1
 90
        2
176
     1
 90
        0
176
     1
 40
0.6
176
     1
 40
30.0
176
     1
 62
     7
420
 16777215
176
     1
 90
        2
176
     1
 90
        2
176
     1
 62
     7
176
     1
 62
     7
176
     1
 90
        1
176
     1
 90
        1
176
     1
 40
40.0
176
     1
 90
       11
176
     1
 62
     7
176
     1
 40
1.0
176
     1
 90
        1
176
     1
 90
        6
176
     1
 90
        2
176
     1
 62
     7
176
     1
 90
        6
176
     1
 90
        0
176
     1
 90
        0
176
     1
290
     0
176
     1
 90
        1
176
     1
 40
0.0
176
     1
 90
        0
176
     1
290
     0
176
     1
290
     1
176
     1
290
     1
176
     1
290
     0
176
     1
290
     0
176
     1
290
     0
176
     1
290
     0
176
     1
290
     0
176
     1
290
     0
176
     1
 90
       50
176
     1
 40
0.0
176
     1
 40
1.0
176
     1
 90
        0
176
     1
 62
    18
420
        0
176
     1
 90
       50
176
     1
 90
        3
176
     1
 62
     5
420
      255
176
     1
290
     0
176
     1
 90
       50
176
     1
 90
       50
176
     1
 90
       50
176
     1
290
     0
176
     1
 90
       50
176
     1
 62
   256
176
     0
 40
1.0
176
     0
 90
        2
176
     1
  1
strokes_ogs.tif
176
     1
290
     0
176
     1
 40
1.0
176
     1
 40
1.0
176
     1
  0
VISUALSTYLE
  5
36
102
{ACAD_REACTORS
330
29
102
}
330
29
100
AcDbVisualStyle
  2
Thicken
 70
    13
177
     3
291
     1
 70
    58
 90
        2
176
     1
 90
        2
176
     1
 90
        0
176
     1
 90
        0
176
     1
 40
0.6
176
     1
 40
30.0
176
     1
 62
     7
420
 16777215
176
     1
 90
        1
176
     1
 90
        4
176
     1
 62
     7
176
     1
 62
   257
176
     1
 90
        1
176
     1
 90
        1
176
     1
 40
1.0
176
     1
 90
       12
176
     1
 62
     7
176
     1
 40
1.0
176
     1
 90
        1
176
     1
 90
        6
176
     1
 90
        2
176
     1
 62
     7
176
     1
 90
        5
176
     1
 90
        0
176
     1
 90
        0
176
     1
290
     0
176
     1
 90
        1
176
     1
 40
0.0
176
     1
 90
        0
176
     1
290
     0
176
     1
290
     1
176
     1
290
     1
176
     1
290
     0
176
     1
290
     0
176
     1
290
     0
176
     1
290
     0
176
     1
290
     0
176
     1
290
     0
176
     1
 90
       50
176
     1
 40
0.0
176
     1
 40
1.0
176
     1
 90
        0
176
     1
 62
    18
420
        0
176
     1
 90
       50
176
     1
 90
        3
176
     1
 62
     5
420
      255
176
     1
290
     0
176
     1
 90
       50
176
     1
 90
       50
176
     1
 90
       50
176
     1
290
     0
176
     1
 90
       50
176
     1
 62
   256
176
     0
 40
1.0
176
     0
 90
        2
176
     1
  1
strokes_ogs.tif
176
     1
290
     0
176
     1
 40
1.0
176
     1
 40
1.0
176
     1
  0
VISUALSTYLE
  5
30
102
{ACAD_REACTORS
330
29
102
}
330
29
100
AcDbVisualStyle
  2
Wireframe
 70
     5
177
     3
291
     0
 70
    58
 90
        0
176
     1
 90
        2
176
     1
 90
        0
176
     1
 90
        0
176
     1
 40
0.6
176
     1
 40
30.0
176
     1
 62
     7
420
 16777215
176
     1
 90
        1
176
     1
 90
        4
176
     1
 62
     7
176
     1
 62
   257
176
     1
 90
        1
176
     1
 90
        1
176
     1
 40
1.0
176
     1
 90
        0
176
     1
 62
   257
176
     1
 40
1.0
176
     1
 90
        1
176
     1
 90
        6
176
     1
 90
        2
176
     1
 62
     7
176
     1
 90
        3
176
     1
 90
        0
176
     1
 90
        0
176
     1
290
     0
176
     1
 90
        1
176
     1
 40
0.0
176
     1
 90
        0
176
     1
290
     0
176
     1
290
     1
176
     1
290
     1
176
     1
290
     0
176
     1
290
     0
176
     1
290
     0
176
     1
290
     0
176
     1
290
     0
176
     1
290
     0
176
     1
 90
       50
176
     1
 40
0.0
176
     1
 40
1.0
176
     1
 90
        0
176
     1
 62
    18
420
        0
176
     1
 90
       50
176
     1
 90
        3
176
     1
 62
     5
420
      255
176
     1
290
     0
176
     1
 90
       50
176
     1
 90
       50
176
     1
 90
       50
176
     1
290
     0
176
     1
 90
       50
176
     1
 62
   256
176
     0
 40
1.0
176
     0
 90
        2
176
     1
  1
strokes_ogs.tif
176
     1
290
     0
176
     1
 40
1.0
176
     1
 40
1.0
176
     1
  0
VISUALSTYLE
  5
3C
102
{ACAD_REACTORS
330
29
102
}
330
29
100
AcDbVisualStyle
  2
X-Ray
 70
    25
177
     3
291
     0
 70
    58
 90
        2
176
     1
 90
        2
176
     1
 90
        1
176
     1
 90
        1
176
     1
 40
0.5
176
     1
 40
30.0
176
     1
 62
     7
420
 16777215
176
     1
 90
        1
176
     1
 90
        0
176
     1
 62
     7
176
     1
 62
   257
176
     1
 90
        1
176
     1
 90
        1
176
     1
 40
1.0
176
     1
 90
        8
176
     1
 62
     7
176
     1
 40
1.0
176
     1
 90
        1
176
     1
 90
        6
176
     1
 90
        2
176
     1
 62
     7
176
     1
 90
        3
176
     1
 90
        0
176
     1
 90
        0
176
     1
290
     0
176
     1
 90
       13
176
     1
 40
0.0
176
     1
 90
        0
176
     1
290
     0
176
     1
290
     1
176
     1
290
     1
176
     1
290
     0
176
     1
290
     0
176
     1
290
     0
176
     1
290
     0
176
     1
290
     0
176
     1
290
     0
176
     1
 90
       50
176
     1
 40
0.0
176
     1
 40
1.0
176
     1
 90
        0
176
     1
 62
    18
420
        0
176
     1
 90
       50
176
     1
 90
        3
176
     1
 62
     5
420
      255
176
     1
290
     0
176
     1
 90
       50
176
     1
 90
       50
176
     1
 90
       50
176
     1
290
     0
176
     1
 90
       50
176
     1
 62
   256
176
     0
 40
1.0
176
     0
 90
        2
176
     1
  1
strokes_ogs.tif
176
     1
290
     0
176
     1
 40
1.0
176
     1
 40
1.0
176
     1
  0
DICTIONARYVAR
  5
CF
102
{ACAD_REACTORS
330
CA
102
}
330
CA
100
DictionaryVariables
280
     0
  1
1:1
  0
DICTIONARYVAR
  5
CC
102
{ACAD_REACTORS
330
CA
102
}
330
CA
100
DictionaryVariables
280
     0
  1
STANDARD
  0
DICTIONARYVAR
  5
CB
102
{ACAD_REACTORS
330
CA
102
}
330
CA
100
DictionaryVariables
280
     0
  1
STANDARD
  0
DICTIONARYVAR
  5
CD
102
{ACAD_REACTORS
330
CA
102
}
330
CA
100
DictionaryVariables
280
     0
  1
Imperial24
  0
DICTIONARYVAR
  5
CE
102
{ACAD_REACTORS
330
CA
102
}
330
CA
100
DictionaryVariables
280
     0
  1
Imperial24
  0
DICTIONARY
  5
1A
330
19
100
AcDbDictionary
280
     1
281
     1
  3
BUMPTILE
360
1C
  3
DIFFUSETILE
360
1B
  3
OPACITYTILE
360
1F
  3
REFLECTIONTILE
360
1E
  3
REFRACTIONTILE
360
20
  3
SPECULARTILE
360
1D
  0
DICTIONARY
  5
12
330
11
100
AcDbDictionary
280
     1
281
     1
  3
BUMPTILE
360
14
  3
DIFFUSETILE
360
13
  3
OPACITYTILE
360
17
  3
REFLECTIONTILE
360
16
  3
REFRACTIONTILE
360
18
  3
SPECULARTILE
360
15
  0
DICTIONARY
  5
22
330
21
100
AcDbDictionary
280
     1
281
     1
  3
BUMPTILE
360
24
  3
DIFFUSETILE
360
23
  3
OPACITYTILE
360
27
  3
REFLECTIONTILE
360
26
  3
REFRACTIONTILE
360
28
  3
SPECULARTILE
360
25
  0
DICTIONARY
  5
D0
330
65
100
AcDbDictionary
280
     1
281
     1
  3
ACAD_ROUNDTRIP_2008_TABLESTYLE_CELLSTYLEMAP
360
D1
  0
XRECORD
  5
1C
102
{ACAD_REACTORS
330
1A
102
}
330
1A
100
AcDbXrecord
280
     1
270
     1
271
     1
  0
XRECORD
  5
1B
102
{ACAD_REACTORS
330
1A
102
}
330
1A
100
AcDbXrecord
280
     1
270
     1
271
     1
  0
XRECORD
  5
1F
102
{ACAD_REACTORS
330
1A
102
}
330
1A
100
AcDbXrecord
280
     1
270
     1
271
     1
  0
XRECORD
  5
1E
102
{ACAD_REACTORS
330
1A
102
}
330
1A
100
AcDbXrecord
280
     1
270
     1
271
     1
  0
XRECORD
  5
20
102
{ACAD_REACTORS
330
1A
102
}
330
1A
100
AcDbXrecord
280
     1
270
     1
271
     1
  0
XRECORD
  5
1D
102
{ACAD_REACTORS
330
1A
102
}
330
1A
100
AcDbXrecord
280
     1
270
     1
271
     1
  0
XRECORD
  5
14
102
{ACAD_REACTORS
330
12
102
}
330
12
100
AcDbXrecord
280
     1
270
     1
271
     1
  0
XRECORD
  5
13
102
{ACAD_REACTORS
330
12
102
}
330
12
100
AcDbXrecord
280
     1
270
     1
271
     1
  0
XRECORD
  5
17
102
{ACAD_REACTORS
330
12
102
}
330
12
100
AcDbXrecord
280
     1
270
     1
271
     1
  0
XRECORD
  5
16
102
{ACAD_REACTORS
330
12
102
}
330
12
100
AcDbXrecord
280
     1
270
     1
271
     1
  0
XRECORD
  5
18
102
{ACAD_REACTORS
330
12
102
}
330
12
100
AcDbXrecord
280
     1
270
     1
271
     1
  0
XRECORD
  5
15
102
{ACAD_REACTORS
330
12
102
}
330
12
100
AcDbXrecord
280
     1
270
     1
271
     1
  0
XRECORD
  5
24
102
{ACAD_REACTORS
330
22
102
}
330
22
100
AcDbXrecord
280
     1
270
     1
271
     1
  0
XRECORD
  5
23
102
{ACAD_REACTORS
330
22
102
}
330
22
100
AcDbXrecord
280
     1
270
     1
271
     1
  0
XRECORD
  5
27
102
{ACAD_REACTORS
330
22
102
}
330
22
100
AcDbXrecord
280
     1
270
     1
271
     1
  0
XRECORD
  5
26
102
{ACAD_REACTORS
330
22
102
}
330
22
100
AcDbXrecord
280
     1
270
     1
271
     1
  0
XRECORD
  5
28
102
{ACAD_REACTORS
330
22
102
}
330
22
100
AcDbXrecord
280
     1
270
     1
271
     1
  0
XRECORD
  5
25
102
{ACAD_REACTORS
330
22
102
}
330
22
100
AcDbXrecord
280
     1
270
     1
271
     1
  0
CELLSTYLEMAP
  5
D1
102
{ACAD_REACTORS
330
D0
102
}
330
D0
100
AcDbCellStyleMap
 90
        3
300
CELLSTYLE
  1
TABLEFORMAT_BEGIN
 90
        5
170
     1
 91
        0
 92
    32768
 62
   257
 93
        1
300
CONTENTFORMAT
  1
CONTENTFORMAT_BEGIN
 90
        0
 91
        0
 92
      512
 93
        0
300

 40
0.0
140
1.0
 94
        5
 62
     0
340
55
144
0.25
309
CONTENTFORMAT_END
171
     0
 94
        0
309
TABLEFORMAT_END
  1
CELLSTYLE_BEGIN
 90
        1
 91
        1
300
_TITLE
309
CELLSTYLE_END
300
CELLSTYLE
  1
TABLEFORMAT_BEGIN
 90
        5
170
     1
 91
        0
 92
        0
 62
   257
 93
        1
300
CONTENTFORMAT
  1
CONTENTFORMAT_BEGIN
 90
        0
 91
        0
 92
      512
 93
        0
300

 40
0.0
140
1.0
 94
        5
 62
     0
340
55
144
0.18
309
CONTENTFORMAT_END
171
     0
 94
        0
309
TABLEFORMAT_END
  1
CELLSTYLE_BEGIN
 90
        2
 91
        1
300
_HEADER
309
CELLSTYLE_END
300
CELLSTYLE
  1
TABLEFORMAT_BEGIN
 90
        5
170
     1
 91
        0
 92
        0
 62
   257
 93
        1
300
CONTENTFORMAT
  1
CONTENTFORMAT_BEGIN
 90
        0
 91
        0
 92
      512
 93
        0
300

 40
0.0
140
1.0
 94
        2
 62
     0
340
55
144
0.18
309
CONTENTFORMAT_END
171
     0
 94
        0
309
TABLEFORMAT_END
  1
CELLSTYLE_BEGIN
 90
        3
 91
        2
300
_DATA
309
CELLSTYLE_END
  0
ENDSEC
  0
EOF
