  0
SECTION
  2
HEADER
  9
$ACADVER
  1
AC1032
  9
$ACADMAINTVER
 90
      329
  9
$DWGCODEPAGE
  3
ANSI_1252
  9
$REQUIREDVERSIONS
160
                 0
  9
$INSBASE
 10
0.0
 20
0.0
 30
0.0
  9
$EXTMIN
 10
1.000000000000000E+20
 20
1.000000000000000E+20
 30
1.000000000000000E+20
  9
$EXTMAX
 10
-1.000000000000000E+20
 20
-1.000000000000000E+20
 30
-1.000000000000000E+20
  9
$LIMMIN
 10
0.0
 20
0.0
  9
$LIMMAX
 10
12.0
 20
9.0
  9
$ORTHOMODE
 70
     0
  9
$REGENMODE
 70
     1
  9
$FILLMODE
 70
     1
  9
$QTEXTMODE
 70
     0
  9
$MIRRTEXT
 70
     0
  9
$LTSCALE
 40
1.0
  9
$ATTMODE
 70
     1
  9
$TEXTSIZE
 40
0.2
  9
$TRACEWID
 40
0.05
  9
$TEXTSTYLE
  7
Standard
  9
$CLAYER
  8
0
  9
$CELTYPE
  6
ByLayer
  9
$CECOLOR
 62
   256
  9
$CELTSCALE
 40
1.0
  9
$DISPSILH
 70
     0
  9
$DIMSCALE
 40
1.0
  9
$DIMASZ
 40
0.18
  9
$DIMEXO
 40
0.0625
  9
$DIMDLI
 40
0.38
  9
$DIMRND
 40
0.0
  9
$DIMDLE
 40
0.0
  9
$DIMEXE
 40
0.18
  9
$DIMTP
 40
0.0
  9
$DIMTM
 40
0.0
  9
$DIMTXT
 40
0.18
  9
$DIMCEN
 40
0.09
  9
$DIMTSZ
 40
0.0
  9
$DIMTOL
 70
     0
  9
$DIMLIM
 70
     0
  9
$DIMTIH
 70
     1
  9
$DIMTOH
 70
     1
  9
$DIMSE1
 70
     0
  9
$DIMSE2
 70
     0
  9
$DIMTAD
 70
     0
  9
$DIMZIN
 70
     0
  9
$DIMBLK
  1

  9
$DIMASO
 70
     1
  9
$DIMSHO
 70
     1
  9
$DIMPOST
  1

  9
$DIMAPOST
  1

  9
$DIMALT
 70
     0
  9
$DIMALTD
 70
     2
  9
$DIMALTF
 40
25.4
  9
$DIMLFAC
 40
1.0
  9
$DIMTOFL
 70
     0
  9
$DIMTVP
 40
0.0
  9
$DIMTIX
 70
     0
  9
$DIMSOXD
 70
     0
  9
$DIMSAH
 70
     0
  9
$DIMBLK1
  1

  9
$DIMBLK2
  1

  9
$DIMSTYLE
  2
Standard
  9
$DIMCLRD
 70
     0
  9
$DIMCLRE
 70
     0
  9
$DIMCLRT
 70
     0
  9
$DIMTFAC
 40
1.0
  9
$DIMGAP
 40
0.09
  9
$DIMJUST
 70
     0
  9
$DIMSD1
 70
     0
  9
$DIMSD2
 70
     0
  9
$DIMTOLJ
 70
     1
  9
$DIMTZIN
 70
     0
  9
$DIMALTZ
 70
     0
  9
$DIMALTTZ
 70
     0
  9
$DIMUPT
 70
     0
  9
$DIMDEC
 70
     4
  9
$DIMTDEC
 70
     4
  9
$DIMALTU
 70
     2
  9
$DIMALTTD
 70
     2
  9
$DIMTXSTY
  7
Standard
  9
$DIMAUNIT
 70
     0
  9
$DIMADEC
 70
     0
  9
$DIMALTRND
 40
0.0
  9
$DIMAZIN
 70
     0
  9
$DIMDSEP
 70
    46
  9
$DIMATFIT
 70
     3
  9
$DIMFRAC
 70
     0
  9
$DIMLDRBLK
  1

  9
$DIMLUNIT
 70
     2
  9
$DIMLWD
 70
    -2
  9
$DIMLWE
 70
    -2
  9
$DIMTMOVE
 70
     0
  9
$DIMFXL
 40
1.0
  9
$DIMFXLON
 70
     0
  9
$DIMJOGANG
 40
0.7853981633974483
  9
$DIMTFILL
 70
     0
  9
$DIMTFILLCLR
 70
     0
  9
$DIMARCSYM
 70
     0
  9
$DIMLTYPE
  6

  9
$DIMLTEX1
  6

  9
$DIMLTEX2
  6

  9
$DIMTXTDIRECTION
 70
     0
  9
$LUNITS
 70
     2
  9
$LUPREC
 70
     4
  9
$SKETCHINC
 40
0.1
  9
$FILLETRAD
 40
0.0
  9
$AUNITS
 70
     0
  9
$AUPREC
 70
     0
  9
$MENU
  1
.
  9
$ELEVATION
 40
0.0
  9
$PELEVATION
 40
0.0
  9
$THICKNESS
 40
0.0
  9
$LIMCHECK
 70
     0
  9
$CHAMFERA
 40
0.0
  9
$CHAMFERB
 40
0.0
  9
$CHAMFERC
 40
0.0
  9
$CHAMFERD
 40
0.0
  9
$SKPOLY
 70
     0
  9
$TDCREATE
 40
2460829.397719908
  9
$TDUCREATE
 40
2460829.064386574
  9
$TDUPDATE
 40
2460829.397719908
  9
$TDUUPDATE
 40
2460829.064386574
  9
$TDINDWG
 40
0.0000000000
  9
$TDUSRTIMER
 40
0.0000000000
  9
$USRTIMER
 70
     1
  9
$ANGBASE
 50
0.0
  9
$ANGDIR
 70
     0
  9
$PDMODE
 70
     0
  9
$PDSIZE
 40
0.0
  9
$PLINEWID
 40
0.0
  9
$SPLFRAME
 70
     0
  9
$SPLINETYPE
 70
     6
  9
$SPLINESEGS
 70
     8
  9
$HANDSEED
  5
97
  9
$SURFTAB1
 70
     6
  9
$SURFTAB2
 70
     6
  9
$SURFTYPE
 70
     6
  9
$SURFU
 70
     6
  9
$SURFV
 70
     6
  9
$UCSBASE
  2

  9
$UCSNAME
  2

  9
$UCSORG
 10
0.0
 20
0.0
 30
0.0
  9
$UCSXDIR
 10
1.0
 20
0.0
 30
0.0
  9
$UCSYDIR
 10
0.0
 20
1.0
 30
0.0
  9
$UCSORTHOREF
  2

  9
$UCSORTHOVIEW
 70
     0
  9
$UCSORGTOP
 10
0.0
 20
0.0
 30
0.0
  9
$UCSORGBOTTOM
 10
0.0
 20
0.0
 30
0.0
  9
$UCSORGLEFT
 10
0.0
 20
0.0
 30
0.0
  9
$UCSORGRIGHT
 10
0.0
 20
0.0
 30
0.0
  9
$UCSORGFRONT
 10
0.0
 20
0.0
 30
0.0
  9
$UCSORGBACK
 10
0.0
 20
0.0
 30
0.0
  9
$PUCSBASE
  2

  9
$PUCSNAME
  2

  9
$PUCSORG
 10
0.0
 20
0.0
 30
0.0
  9
$PUCSXDIR
 10
1.0
 20
0.0
 30
0.0
  9
$PUCSYDIR
 10
0.0
 20
1.0
 30
0.0
  9
$PUCSORTHOREF
  2

  9
$PUCSORTHOVIEW
 70
     0
  9
$PUCSORGTOP
 10
0.0
 20
0.0
 30
0.0
  9
$PUCSORGBOTTOM
 10
0.0
 20
0.0
 30
0.0
  9
$PUCSORGLEFT
 10
0.0
 20
0.0
 30
0.0
  9
$PUCSORGRIGHT
 10
0.0
 20
0.0
 30
0.0
  9
$PUCSORGFRONT
 10
0.0
 20
0.0
 30
0.0
  9
$PUCSORGBACK
 10
0.0
 20
0.0
 30
0.0
  9
$USERI1
 70
     0
  9
$USERI2
 70
     0
  9
$USERI3
 70
     0
  9
$USERI4
 70
     0
  9
$USERI5
 70
     0
  9
$USERR1
 40
0.0
  9
$USERR2
 40
0.0
  9
$USERR3
 40
0.0
  9
$USERR4
 40
0.0
  9
$USERR5
 40
0.0
  9
$WORLDVIEW
 70
     1
  9
$SHADEDGE
 70
     3
  9
$SHADEDIF
 70
    70
  9
$TILEMODE
 70
     1
  9
$MAXACTVP
 70
    64
  9
$PINSBASE
 10
0.0
 20
0.0
 30
0.0
  9
$PLIMCHECK
 70
     0
  9
$PEXTMIN
 10
1.000000000000000E+20
 20
1.000000000000000E+20
 30
1.000000000000000E+20
  9
$PEXTMAX
 10
-1.000000000000000E+20
 20
-1.000000000000000E+20
 30
-1.000000000000000E+20
  9
$PLIMMIN
 10
0.0
 20
0.0
  9
$PLIMMAX
 10
12.0
 20
9.0
  9
$UNITMODE
 70
     0
  9
$VISRETAIN
 70
     1
  9
$PLINEGEN
 70
     0
  9
$PSLTSCALE
 70
     1
  9
$TREEDEPTH
 70
  3020
  9
$CMLSTYLE
  2
Standard
  9
$CMLJUST
 70
     0
  9
$CMLSCALE
 40
1.0
  9
$PROXYGRAPHICS
 70
     1
  9
$MEASUREMENT
 70
     0
  9
$CELWEIGHT
370
    -1
  9
$ENDCAPS
280
     0
  9
$JOINSTYLE
280
     0
  9
$LWDISPLAY
290
     1
  9
$INSUNITS
 70
     4
  9
$HYPERLINKBASE
  1

  9
$STYLESHEET
  1

  9
$XEDIT
290
     1
  9
$CEPSNTYPE
380
     0
  9
$PSTYLEMODE
290
     1
  9
$FINGERPRINTGUID
  2
{9DF8F700-19F5-0143-A14E-106D0516358E}
  9
$VERSIONGUID
  2
{B79991B3-CA23-DF4B-9101-5E9D43234A83}
  9
$EXTNAMES
290
     1
  9
$PSVPSCALE
 40
0.0
  9
$OLESTARTUP
290
     0
  9
$SORTENTS
280
   127
  9
$INDEXCTL
280
     0
  9
$HIDETEXT
280
     1
  9
$XCLIPFRAME
280
     2
  9
$HALOGAP
280
     0
  9
$OBSCOLOR
 70
   257
  9
$OBSLTYPE
280
     0
  9
$INTERSECTIONDISPLAY
280
     0
  9
$INTERSECTIONCOLOR
 70
   257
  9
$DIMASSOC
280
     2
  9
$PROJECTNAME
  1

  9
$CAMERADISPLAY
290
     0
  9
$LENSLENGTH
 40
50.0
  9
$CAMERAHEIGHT
 40
0.0
  9
$STEPSPERSEC
 40
2.0
  9
$STEPSIZE
 40
6.0
  9
$3DDWFPREC
 40
2.0
  9
$PSOLWIDTH
 40
0.25
  9
$PSOLHEIGHT
 40
4.0
  9
$LOFTANG1
 40
1.570796326794896
  9
$LOFTANG2
 40
1.570796326794896
  9
$LOFTMAG1
 40
0.0
  9
$LOFTMAG2
 40
0.0
  9
$LOFTPARAM
 70
     7
  9
$LOFTNORMALS
280
     1
  9
$LATITUDE
 40
37.795
  9
$LONGITUDE
 40
-122.394
  9
$NORTHDIRECTION
 40
0.0
  9
$TIMEZONE
 70
 -8000
  9
$LIGHTGLYPHDISPLAY
280
     1
  9
$TILEMODELIGHTSYNCH
280
     1
  9
$CMATERIAL
347
11
  9
$SOLIDHIST
280
     0
  9
$SHOWHIST
280
     1
  9
$DWFFRAME
280
     2
  9
$DGNFRAME
280
     0
  9
$REALWORLDSCALE
290
     1
  9
$INTERFERECOLOR
 62
     1
  9
$INTERFEREOBJVS
345
33
  9
$INTERFEREVPVS
346
30
  9
$CSHADOW
280
     0
  9
$SHADOWPLANELOCATION
 40
0.0
  0
ENDSEC
  0
SECTION
  2
CLASSES
  0
CLASS
  1
ACDBDICTIONARYWDFLT
  2
AcDbDictionaryWithDefault
  3
ObjectDBX Classes
 90
        0
 91
        1
280
     0
281
     0
  0
CLASS
  1
MATERIAL
  2
AcDbMaterial
  3
ObjectDBX Classes
 90
     1153
 91
        3
280
     0
281
     0
  0
CLASS
  1
VISUALSTYLE
  2
AcDbVisualStyle
  3
ObjectDBX Classes
 90
     4095
 91
       24
280
     0
281
     0
  0
CLASS
  1
SCALE
  2
AcDbScale
  3
ObjectDBX Classes
 90
     1153
 91
       17
280
     0
281
     0
  0
CLASS
  1
TABLESTYLE
  2
AcDbTableStyle
  3
ObjectDBX Classes
 90
     4095
 91
        1
280
     0
281
     0
  0
CLASS
  1
MLEADERSTYLE
  2
AcDbMLeaderStyle
  3
ACDB_MLEADERSTYLE_CLASS
 90
     4095
 91
        1
280
     0
281
     0
  0
CLASS
  1
ACDBSECTIONVIEWSTYLE
  2
AcDbSectionViewStyle
  3
ObjectDBX Classes
 90
     1025
 91
        1
280
     0
281
     0
  0
CLASS
  1
ACDBDETAILVIEWSTYLE
  2
AcDbDetailViewStyle
  3
ObjectDBX Classes
 90
     1025
 91
        1
280
     0
281
     0
  0
CLASS
  1
DICTIONARYVAR
  2
AcDbDictionaryVar
  3
ObjectDBX Classes
 90
        0
 91
        5
280
     0
281
     0
  0
CLASS
  1
CELLSTYLEMAP
  2
AcDbCellStyleMap
  3
ObjectDBX Classes
 90
     1152
 91
        1
280
     0
281
     0
  0
ENDSEC
  0
SECTION
  2
TABLES
  0
TABLE
  2
VPORT
  5
8
330
0
100
AcDbSymbolTable
 70
     1
  0
VPORT
  5
57
330
8
100
AcDbSymbolTableRecord
100
AcDbViewportTableRecord
  2
*Active
 70
     0
 10
0.0
 20
0.0
 11
1.0
 21
1.0
 12
0.0
 22
0.0
 13
0.0
 23
0.0
 14
1.0
 24
1.0
 15
0.0
 25
0.0
 16
0.0
 26
0.0
 36
1.0
 17
224.9999999437495
 27
149.9999999624997
 37
0.0
 40
305.9999999234995
 41
1.499999999999999
 42
50.0
 43
0.0
 44
0.0
 50
0.0
 51
0.0
 71
     0
 72
   100
 73
     1
 74
     1
 75
     0
 76
     0
 77
     0
 78
     0
281
     0
 65
     1
110
0.0
120
0.0
130
0.0
111
1.0
121
0.0
131
0.0
112
0.0
122
1.0
132
0.0
 79
     0
146
0.0
 60
     3
 61
     5
292
     1
282
     1
141
0.0
142
0.0
 63
   250
421
  3355443
  0
ENDTAB
  0
TABLE
  2
LTYPE
  5
5
330
0
100
AcDbSymbolTable
 70
     1
  0
LTYPE
  5
5B
330
5
100
AcDbSymbolTableRecord
100
AcDbLinetypeTableRecord
  2
ByBlock
 70
     0
  3

 72
    65
 73
     0
 40
0.0
  0
LTYPE
  5
5C
330
5
100
AcDbSymbolTableRecord
100
AcDbLinetypeTableRecord
  2
ByLayer
 70
     0
  3

 72
    65
 73
     0
 40
0.0
  0
LTYPE
  5
5D
330
5
100
AcDbSymbolTableRecord
100
AcDbLinetypeTableRecord
  2
Continuous
 70
     0
  3
Solid line
 72
    65
 73
     0
 40
0.0
  0
ENDTAB
  0
TABLE
  2
LAYER
  5
2
330
0
100
AcDbSymbolTable
 70
     1
  0
LAYER
  5
54
330
2
100
AcDbSymbolTableRecord
100
AcDbLayerTableRecord
  2
0
 70
     0
 62
     7
  6
Continuous
370
     0
390
F
347
21
348
0
  0
ENDTAB
  0
TABLE
  2
STYLE
  5
3
330
0
100
AcDbSymbolTable
 70
     2
  0
STYLE
  5
55
330
3
100
AcDbSymbolTableRecord
100
AcDbTextStyleTableRecord
  2
Standard
 70
     0
 40
0.0
 41
1.0
 50
0.0
 71
     0
 42
0.2
  3
txt
  4

  0
STYLE
  5
5A
330
3
100
AcDbSymbolTableRecord
100
AcDbTextStyleTableRecord
  2
Annotative
 70
     0
 40
0.0
 41
1.0
 50
0.0
 71
     0
 42
0.2
  3
txt
  4

1001
AcadAnnotative
1000
AnnotativeData
1002
{
1070
     1
1070
     1
1002
}
  0
ENDTAB
  0
TABLE
  2
VIEW
  5
6
330
0
100
AcDbSymbolTable
 70
     0
  0
ENDTAB
  0
TABLE
  2
UCS
  5
7
330
0
100
AcDbSymbolTable
 70
     0
  0
ENDTAB
  0
TABLE
  2
APPID
  5
9
330
0
100
AcDbSymbolTable
 70
     2
  0
APPID
  5
56
330
9
100
AcDbSymbolTableRecord
100
AcDbRegAppTableRecord
  2
ACAD
 70
     0
  0
APPID
  5
5E
330
9
100
AcDbSymbolTableRecord
100
AcDbRegAppTableRecord
  2
AcadAnnotative
 70
     0
  0
ENDTAB
  0
TABLE
  2
DIMSTYLE
  5
A
330
0
100
AcDbSymbolTable
 70
     2
100
AcDbDimStyleTable
 71
     0
  0
DIMSTYLE
105
58
330
A
100
AcDbSymbolTableRecord
100
AcDbDimStyleTableRecord
  2
Standard
 70
     0
340
55
  0
DIMSTYLE
105
59
330
A
100
AcDbSymbolTableRecord
100
AcDbDimStyleTableRecord
  2
Annotative
 70
     0
340
55
1001
AcadAnnotative
1000
AnnotativeData
1002
{
1070
     1
1070
     1
1002
}
  0
ENDTAB
  0
TABLE
  2
BLOCK_RECORD
  5
1
330
0
100
AcDbSymbolTable
 70
     1
  0
BLOCK_RECORD
  5
70
330
1
100
AcDbSymbolTableRecord
100
AcDbBlockTableRecord
  2
*Model_Space
340
73
 70
     0
280
     1
281
     0
  0
BLOCK_RECORD
  5
6C
330
1
100
AcDbSymbolTableRecord
100
AcDbBlockTableRecord
  2
*Paper_Space
340
6F
 70
     0
280
     1
281
     0
  0
BLOCK_RECORD
  5
74
330
1
100
AcDbSymbolTableRecord
100
AcDbBlockTableRecord
  2
*Paper_Space0
340
77
 70
     0
280
     1
281
     0
  0
ENDTAB
  0
ENDSEC
  0
SECTION
  2
BLOCKS
  0
BLOCK
  5
71
330
70
100
AcDbEntity
  8
0
100
AcDbBlockBegin
  2
*Model_Space
 70
     0
 10
0.0
 20
0.0
 30
0.0
  3
*Model_Space
  1

  0
ENDBLK
  5
72
330
70
100
AcDbEntity
  8
0
100
AcDbBlockEnd
  0
BLOCK
  5
6D
330
6C
100
AcDbEntity
 67
     1
  8
0
100
AcDbBlockBegin
  2
*Paper_Space
 70
     0
 10
0.0
 20
0.0
 30
0.0
  3
*Paper_Space
  1

  0
ENDBLK
  5
6E
330
6C
100
AcDbEntity
 67
     1
  8
0
100
AcDbBlockEnd
  0
BLOCK
  5
75
330
74
100
AcDbEntity
 67
     1
  8
0
100
AcDbBlockBegin
  2
*Paper_Space0
 70
     0
 10
0.0
 20
0.0
 30
0.0
  3
*Paper_Space0
  1

  0
ENDBLK
  5
76
330
74
100
AcDbEntity
 67
     1
  8
0
100
AcDbBlockEnd
  0
ENDSEC
  0
SECTION
  2
ENTITIES
  0
SPLINE
  5
78
330
70
100
AcDbEntity
  8
0
 62
    18
420
        0
370
    25
100
AcDbSpline
210
0.0
220
0.0
230
1.0
 70
     9
 71
     3
 72
   260
 73
   256
 74
     0
 42
0.0000000001
 43
0.0000000001
 40
0.0
 40
0.0
 40
0.0
 40
0.0
 40
1.0
 40
1.0
 40
1.0
 40
2.0
 40
2.0
 40
2.0
 40
3.0
 40
3.0
 40
3.0
 40
4.0
 40
4.0
 40
4.0
 40
5.0
 40
5.0
 40
5.0
 40
6.0
 40
6.0
 40
6.0
 40
7.0
 40
7.0
 40
7.0
 40
8.0
 40
8.0
 40
8.0
 40
9.0
 40
9.0
 40
9.0
 40
10.0
 40
10.0
 40
10.0
 40
11.0
 40
11.0
 40
11.0
 40
12.0
 40
12.0
 40
12.0
 40
13.0
 40
13.0
 40
13.0
 40
14.0
 40
14.0
 40
14.0
 40
15.0
 40
15.0
 40
15.0
 40
16.0
 40
16.0
 40
16.0
 40
17.0
 40
17.0
 40
17.0
 40
18.0
 40
18.0
 40
18.0
 40
19.0
 40
19.0
 40
19.0
 40
20.0
 40
20.0
 40
20.0
 40
21.0
 40
21.0
 40
21.0
 40
22.0
 40
22.0
 40
22.0
 40
23.0
 40
23.0
 40
23.0
 40
24.0
 40
24.0
 40
24.0
 40
25.0
 40
25.0
 40
25.0
 40
26.0
 40
26.0
 40
26.0
 40
27.0
 40
27.0
 40
27.0
 40
28.0
 40
28.0
 40
28.0
 40
29.0
 40
29.0
 40
29.0
 40
30.0
 40
30.0
 40
30.0
 40
31.0
 40
31.0
 40
31.0
 40
32.0
 40
32.0
 40
32.0
 40
33.0
 40
33.0
 40
33.0
 40
34.0
 40
34.0
 40
34.0
 40
35.0
 40
35.0
 40
35.0
 40
36.0
 40
36.0
 40
36.0
 40
37.0
 40
37.0
 40
37.0
 40
38.0
 40
38.0
 40
38.0
 40
39.0
 40
39.0
 40
39.0
 40
40.0
 40
40.0
 40
40.0
 40
41.0
 40
41.0
 40
41.0
 40
42.0
 40
42.0
 40
42.0
 40
43.0
 40
43.0
 40
43.0
 40
44.0
 40
44.0
 40
44.0
 40
45.0
 40
45.0
 40
45.0
 40
46.0
 40
46.0
 40
46.0
 40
47.0
 40
47.0
 40
47.0
 40
48.0
 40
48.0
 40
48.0
 40
49.0
 40
49.0
 40
49.0
 40
50.0
 40
50.0
 40
50.0
 40
51.0
 40
51.0
 40
51.0
 40
52.0
 40
52.0
 40
52.0
 40
53.0
 40
53.0
 40
53.0
 40
54.0
 40
54.0
 40
54.0
 40
55.0
 40
55.0
 40
55.0
 40
56.0
 40
56.0
 40
56.0
 40
57.0
 40
57.0
 40
57.0
 40
58.0
 40
58.0
 40
58.0
 40
59.0
 40
59.0
 40
59.0
 40
60.0
 40
60.0
 40
60.0
 40
61.0
 40
61.0
 40
61.0
 40
62.0
 40
62.0
 40
62.0
 40
63.0
 40
63.0
 40
63.0
 40
64.0
 40
64.0
 40
64.0
 40
65.0
 40
65.0
 40
65.0
 40
66.0
 40
66.0
 40
66.0
 40
67.0
 40
67.0
 40
67.0
 40
68.0
 40
68.0
 40
68.0
 40
69.0
 40
69.0
 40
69.0
 40
70.0
 40
70.0
 40
70.0
 40
71.0
 40
71.0
 40
71.0
 40
72.0
 40
72.0
 40
72.0
 40
73.0
 40
73.0
 40
73.0
 40
74.0
 40
74.0
 40
74.0
 40
75.0
 40
75.0
 40
75.0
 40
76.0
 40
76.0
 40
76.0
 40
77.0
 40
77.0
 40
77.0
 40
78.0
 40
78.0
 40
78.0
 40
79.0
 40
79.0
 40
79.0
 40
80.0
 40
80.0
 40
80.0
 40
81.0
 40
81.0
 40
81.0
 40
82.0
 40
82.0
 40
82.0
 40
83.0
 40
83.0
 40
83.0
 40
84.0
 40
84.0
 40
84.0
 40
85.0
 40
85.0
 40
85.0
 40
85.0
 10
234.0826575230044
 20
68.26470623163453
 30
0.0
 10
234.1955161208911
 20
67.72407569071166
 30
0.0
 10
234.7252737384156
 20
67.37729801388794
 30
0.0
 10
235.2659042793386
 20
67.49015661177529
 30
0.0
 10
235.5342480673524
 20
67.54617435656516
 30
0.0
 10
235.7678301078779
 20
67.70989549329953
 30
0.0
 10
235.9120273662147
 20
67.94303392210375
 30
0.0
 10
237.9579925267741
 20
71.25095467192235
 30
0.0
 10
241.3256820715703
 20
73.5212831326905
 30
0.0
 10
245.1594884469076
 20
74.17721133129534
 30
0.0
 10
245.1594884469076
 20
74.17721133129534
 30
0.0
 10
245.1594884469076
 20
71.63347721582313
 30
0.0
 10
245.1594884469076
 20
71.63347721582313
 30
0.0
 10
244.1030251679066
 20
72.52243763154554
 30
0.0
 10
242.5259476613583
 20
72.38664973162619
 30
0.0
 10
241.6369872456359
 20
71.33018645262577
 30
0.0
 10
240.7480268299135
 20
70.27372317362534
 30
0.0
 10
240.8838147298328
 20
68.69664566707647
 30
0.0
 10
241.9402780088332
 20
67.80768525135406
 30
0.0
 10
242.1090602760525
 20
67.6656635101203
 30
0.0
 10
242.2958965598785
 20
67.54660444778584
 30
0.0
 10
242.4959203374486
 20
67.45360919458747
 30
0.0
 10
241.2439062520151
 20
66.87152156332015
 30
0.0
 10
240.7008235576014
 20
65.3846883505974
 30
0.0
 10
241.2829111888687
 20
64.13267426516454
 30
0.0
 10
241.8649988201366
 20
62.88066017973103
 30
0.0
 10
243.3518320328587
 20
62.33757748531726
 30
0.0
 10
244.6038461182922
 20
62.91966511658458
 30
0.0
 10
244.7375425928685
 20
62.98182341424336
 30
0.0
 10
244.865478255987
 20
63.05568710378375
 30
0.0
 10
244.9861571581036
 20
63.14039249833431
 30
0.0
 10
244.8642527912932
 20
61.76507267881923
 30
0.0
 10
245.8803467774945
 20
60.55133266274001
 30
0.0
 10
247.2556665970095
 20
60.42942829592956
 30
0.0
 10
248.6309864165246
 20
60.30752392911976
 30
0.0
 10
249.8447264326032
 20
61.32361791532042
 30
0.0
 10
249.9666307994136
 20
62.69893773483549
 30
0.0
 10
249.9796483718733
 20
62.84580142704482
 30
0.0
 10
249.9796483718733
 20
62.99352880612562
 30
0.0
 10
249.9666307994136
 20
63.14039249833431
 30
0.0
 10
251.0967405180367
 20
62.34716031008719
 30
0.0
 10
252.6559171986511
 20
62.62025350673009
 30
0.0
 10
253.4491493868983
 20
63.7503632253525
 30
0.0
 10
254.242381575146
 20
64.88047294397556
 30
0.0
 10
253.9692883785031
 20
66.43964962458999
 30
0.0
 10
252.8391786598801
 20
67.23288181283774
 30
0.0
 10
252.7184997577635
 20
67.31758720738766
 30
0.0
 10
252.5905640946456
 20
67.39145089692804
 30
0.0
 10
252.4568676200693
 20
67.45360919458683
 30
0.0
 10
253.7088817055028
 20
68.03569682585479
 30
0.0
 10
254.2519643999166
 20
69.5225300385769
 30
0.0
 10
253.6698767686492
 20
70.77454412401104
 30
0.0
 10
253.0877891373813
 20
72.02655820944454
 30
0.0
 10
251.6009559246586
 20
72.56964090385832
 30
0.0
 10
250.3489418392251
 20
71.98755327259036
 30
0.0
 10
250.2844232099627
 20
71.95755720743679
 30
0.0
 10
250.2212145336606
 20
71.92482048969485
 30
0.0
 10
250.1594884469071
 20
71.88943253043217
 30
0.0
 10
250.1594884469071
 20
71.88943253043217
 30
0.0
 10
250.1594884469071
 20
74.0973871829009
 30
0.0
 10
250.1594884469071
 20
74.0973871829009
 30
0.0
 10
253.8226893145117
 20
73.34956712551805
 30
0.0
 10
257.0147122728698
 20
71.12273753781622
 30
0.0
 10
258.9813745089612
 20
67.94303392210375
 30
0.0
 10
259.2718878178453
 20
67.4733313968213
 30
0.0
 10
259.8881645165605
 20
67.32806983587426
 30
0.0
 10
260.357867041843
 20
67.61858314475775
 30
0.0
 10
260.5910054706472
 20
67.76278040309517
 30
0.0
 10
260.7547266073822
 20
67.99636244362002
 30
0.0
 10
260.8107443521721
 20
68.26470623163453
 30
0.0
 10
262.0728510291217
 20
74.31062057254407
 30
0.0
 10
259.1187112866387
 20
80.45081579186861
 30
0.0
 10
253.606993083859
 20
83.23774168517116
 30
0.0
 10
253.606993083859
 20
83.23774168517116
 30
0.0
 10
271.5288907574173
 20
83.23774168517116
 30
0.0
 10
271.5288907574173
 20
83.23774168517116
 30
0.0
 10
266.0171725546383
 20
80.45081579186861
 30
0.0
 10
263.0630328121552
 20
74.31062057254407
 30
0.0
 10
264.3251394891042
 20
68.26470623163453
 30
0.0
 10
264.4379980869916
 20
67.72407569071166
 30
0.0
 10
264.9677557045155
 20
67.37729801388794
 30
0.0
 10
265.5083862454384
 20
67.49015661177463
 30
0.0
 10
265.7767300334523
 20
67.54617435656516
 30
0.0
 10
266.0103120739778
 20
67.70989549329953
 30
0.0
 10
266.1545093323145
 20
67.94303392210375
 30
0.0
 10
268.1211715684065
 20
71.12273753781686
 30
0.0
 10
271.3131945267646
 20
73.34956712551805
 30
0.0
 10
274.9763953943692
 20
74.0973871829009
 30
0.0
 10
274.9763953943692
 20
74.0973871829009
 30
0.0
 10
274.9763953943692
 20
71.8777053185578
 30
0.0
 10
274.9763953943692
 20
71.8777053185578
 30
0.0
 10
273.5329606541288
 20
71.6337208396651
 30
0.0
 10
272.4763943512876
 20
70.38357517800384
 30
0.0
 10
272.4763943512876
 20
68.9196652506954
 30
0.0
 10
272.4763943512876
 20
68.9196652506954
 30
0.0
 10
272.4763943512876
 20
62.40250781415847
 30
0.0
 10
272.4763943512876
 20
62.40250781415847
 30
0.0
 10
272.4763943512876
 20
62.29205086419227
 30
0.0
 10
272.5659374013214
 20
62.20250781415845
 30
0.0
 10
272.6763943512876
 20
62.20250781415845
 30
0.0
 10
272.7294376492553
 20
62.20250781415845
 30
0.0
 10
272.7803084318353
 20
62.22357918223135
 30
0.0
 10
272.8178157075248
 20
62.26108645792074
 30
0.0
 10
272.8178157075248
 20
62.26108645792074
 30
0.0
 10
273.4763943661892
 20
62.91966511658458
 30
0.0
 10
273.4763943661892
 20
62.91966511658458
 30
0.0
 10
273.4763943661892
 20
62.91966511658458
 30
0.0
 10
274.3349730248524
 20
62.06108645792074
 30
0.0
 10
274.3349730248524
 20
62.06108645792074
 30
0.0
 10
274.413077883203
 20
61.98298159957081
 30
0.0
 10
274.5397108789773
 20
61.98298159957081
 30
0.0
 10
274.6178157373273
 20
62.06108645792074
 30
0.0
 10
274.6178157373273
 20
62.06108645792074
 30
0.0
 10
275.4763943959911
 20
62.91966511658458
 30
0.0
 10
275.4763943959911
 20
62.91966511658458
 30
0.0
 10
275.4763943959911
 20
62.91966511658458
 30
0.0
 10
276.3349730546549
 20
62.06108645792074
 30
0.0
 10
276.3349730546549
 20
62.06108645792074
 30
0.0
 10
276.4130779130054
 20
61.98298159957081
 30
0.0
 10
276.5397109087792
 20
61.98298159957081
 30
0.0
 10
276.6178157671297
 20
62.06108645792074
 30
0.0
 10
276.6178157671297
 20
62.06108645792074
 30
0.0
 10
277.4763944257935
 20
62.91966511658458
 30
0.0
 10
277.4763944257935
 20
62.91966511658458
 30
0.0
 10
277.4763944257935
 20
62.91966511658458
 30
0.0
 10
278.3349730844574
 20
62.06108645792074
 30
0.0
 10
278.3349730844574
 20
62.06108645792074
 30
0.0
 10
278.413077942808
 20
61.98298159957081
 30
0.0
 10
278.5397109385816
 20
61.98298159957081
 30
0.0
 10
278.6178157969322
 20
62.06108645792074
 30
0.0
 10
278.6178157969322
 20
62.06108645792074
 30
0.0
 10
279.4763944555961
 20
62.91966511658458
 30
0.0
 10
279.4763944555961
 20
62.91966511658458
 30
0.0
 10
279.4763944555961
 20
62.91966511658458
 30
0.0
 10
280.3349731142599
 20
62.06108645792074
 30
0.0
 10
280.3349731142599
 20
62.06108645792074
 30
0.0
 10
280.4130779726098
 20
61.98298159957081
 30
0.0
 10
280.5397109683842
 20
61.98298159957081
 30
0.0
 10
280.6178158267341
 20
62.06108645792074
 30
0.0
 10
280.6178158267341
 20
62.06108645792074
 30
0.0
 10
281.4763944853979
 20
62.91966511658458
 30
0.0
 10
281.4763944853979
 20
62.91966511658458
 30
0.0
 10
281.4763944853979
 20
62.91966511658458
 30
0.0
 10
282.1349731440617
 20
62.26108645792074
 30
0.0
 10
282.1349731440617
 20
62.26108645792074
 30
0.0
 10
282.2130780024123
 20
62.18298159957083
 30
0.0
 10
282.3397109981867
 20
62.18298159957083
 30
0.0
 10
282.4178158565366
 20
62.26108645792074
 30
0.0
 10
282.4553231322266
 20
62.29859373361077
 30
0.0
 10
282.4763945002995
 20
62.34946451619016
 30
0.0
 10
282.4763945002995
 20
62.40250781415847
 30
0.0
 10
282.4763945002995
 20
62.40250781415847
 30
0.0
 10
282.4763945002995
 20
68.9196652506954
 30
0.0
 10
282.4763945002995
 20
68.9196652506954
 30
0.0
 10
282.4763945002995
 20
70.38357443541366
 30
0.0
 10
281.4198292426251
 20
71.63371969072094
 30
0.0
 10
279.9763953943688
 20
71.87770499111931
 30
0.0
 10
279.9763953943688
 20
71.87770499111931
 30
0.0
 10
279.9763953943694
 20
74.17721133129534
 30
0.0
 10
279.9763953943694
 20
74.17721133129534
 30
0.0
 10
283.8102017697066
 20
73.5212831326905
 30
0.0
 10
287.1778913145022
 20
71.25095467192235
 30
0.0
 10
289.2238564750616
 20
67.94303392210375
 30
0.0
 10
289.5143697839451
 20
67.4733313968213
 30
0.0
 10
290.1306464826604
 20
67.32806983587426
 30
0.0
 10
290.6003490079434
 20
67.61858314475775
 30
0.0
 10
290.8334874367477
 20
67.76278040309517
 30
0.0
 10
290.9972085734827
 20
67.99636244362002
 30
0.0
 10
291.0532263182726
 20
68.26470623163453
 30
0.0
 10
292.3153329952216
 20
74.31062057254407
 30
0.0
 10
289.3611932527386
 20
80.45081579186861
 30
0.0
 10
283.8494750499588
 20
83.23774168517116
 30
0.0
 10
283.8494750499588
 20
83.23774168517116
 30
0.0
 10
291.1763953943691
 20
83.23774168517116
 30
0.0
 10
291.1763953943691
 20
83.23774168517116
 30
0.0
 10
291.894365569149
 20
83.23774168517116
 30
0.0
 10
292.4763953943688
 20
83.81977151039098
 30
0.0
 10
292.4763953943688
 20
84.53774168517091
 30
0.0
 10
292.4763953943688
 20
84.53774168517091
 30
0.0
 10
292.4763953943688
 20
148.2377416851715
 30
0.0
 10
292.4763953943688
 20
148.2377416851715
 30
0.0
 10
292.4763953943688
 20
150.9991654343253
 30
0.0
 10
290.2378191435228
 20
153.2377416851714
 30
0.0
 10
287.4763953943693
 20
153.2377416851714
 30
0.0
 10
287.4763953943693
 20
153.2377416851714
 30
0.0
 10
282.4763953944724
 20
153.2377416851726
 30
0.0
 10
282.4763953944724
 20
153.2377416851726
 30
0.0
 10
279.7149716453189
 20
153.2377416851726
 30
0.0
 10
277.4763953944729
 20
150.9991654343266
 30
0.0
 10
277.4763953944729
 20
148.2377416851728
 30
0.0
 10
277.4763953944729
 20
148.2377416851728
 30
0.0
 10
277.4763953944729
 20
100.6693913947333
 30
0.0
 10
277.4763953944729
 20
100.6693913947333
 30
0.0
 10
277.4763953944729
 20
100.3848161566316
 30
0.0
 10
277.4395855486048
 20
100.1014362168082
 30
0.0
 10
277.3668820476339
 20
99.82630485347913
 30
0.0
 10
277.2249774787703
 20
99.2892963604506
 30
0.0
 10
276.9012025333212
 20
98.81813274996112
 30
0.0
 10
276.4507598418045
 20
98.49314596575498
 30
0.0
 10
275.3758409994095
 20
97.71761019960393
 30
0.0
 10
273.8757511485742
 20
97.96030813561955
 30
0.0
 10
273.1002153824225
 20
99.03522697801465
 30
0.0
 10
272.6946562522075
 20
99.59734567040818
 30
0.0
 10
272.47639539439
 20
100.272896528651
 30
0.0
 10
272.47639539439
 20
100.966045598071
 30
0.0
 10
272.47639539439
 20
100.966045598071
 30
0.0
 10
272.4763953943688
 20
150.2377416851713
 30
0.0
 10
272.4763953943688
 20
150.2377416851713
 30
0.0
 10
272.4763953943688
 20
152.9991654343251
 30
0.0
 10
270.2378191435228
 20
155.2377416851711
 30
0.0
 10
267.4763953943692
 20
155.2377416851711
 30
0.0
 10
267.4763953943692
 20
155.2377416851711
 30
0.0
 10
257.4763953943689
 20
155.2377416851711
 30
0.0
 10
257.4763953943689
 20
155.2377416851711
 30
0.0
 10
254.7149716452154
 20
155.2377416851711
 30
0.0
 10
252.4763953943687
 20
152.9991654343254
 30
0.0
 10
252.4763953943687
 20
150.2377416851713
 30
0.0
 10
252.4763953943687
 20
150.2377416851713
 30
0.0
 10
252.4763953943437
 20
100.966045598039
 30
0.0
 10
252.4763953943437
 20
100.966045598039
 30
0.0
 10
252.4763953943437
 20
100.2728965285875
 30
0.0
 10
252.2581345365087
 20
99.59734567031578
 30
0.0
 10
251.852575406265
 20
99.03522697790556
 30
0.0
 10
251.5275886220435
 20
98.58478428640044
 30
0.0
 10
251.0564250115418
 20
98.261009340968
 30
0.0
 10
250.5194165185074
 20
98.11910477212494
 30
0.0
 10
249.2379204290892
 20
97.78046925257187
 30
0.0
 10
247.9245442606547
 20
98.5448087641032
 30
0.0
 10
247.5859087411017
 20
99.82630485352149
 30
0.0
 10
247.5132052401474
 20
100.1014362168159
 30
0.0
 10
247.476395394287
 20
100.3848161566021
 30
0.0
 10
247.476395394287
 20
100.6693913946665
 30
0.0
 10
247.476395394287
 20
100.6693913946665
 30
0.0
 10
247.4763953943172
 20
148.2377416851728
 30
0.0
 10
247.4763953943172
 20
148.2377416851728
 30
0.0
 10
247.4763953943172
 20
150.9991654343266
 30
0.0
 10
245.2378191434712
 20
153.2377416851726
 30
0.0
 10
242.476395394317
 20
153.2377416851726
 30
0.0
 10
242.476395394317
 20
153.2377416851726
 30
0.0
 10
237.4763953943688
 20
153.2377416851714
 30
0.0
 10
237.4763953943688
 20
153.2377416851714
 30
0.0
 10
234.7149716452153
 20
153.2377416851714
 30
0.0
 10
232.4763953943693
 20
150.9991654343253
 30
0.0
 10
232.4763953943693
 20
148.2377416851715
 30
0.0
 10
232.4763953943693
 20
148.2377416851715
 30
0.0
 10
232.4763953943693
 20
84.53774168517091
 30
0.0
 10
232.4763953943693
 20
84.53774168517091
 30
0.0
 10
232.4763953943693
 20
83.81977151039098
 30
0.0
 10
233.0584252195891
 20
83.23774168517116
 30
0.0
 10
233.776395394369
 20
83.23774168517116
 30
0.0
 10
233.776395394369
 20
83.23774168517116
 30
0.0
 10
241.2864087913175
 20
83.23774168517116
 30
0.0
 10
241.2864087913175
 20
83.23774168517116
 30
0.0
 10
235.7746905885377
 20
80.45081579186861
 30
0.0
 10
232.8205508460554
 20
74.31062057254407
 30
0.0
 10
234.0826575230044
 20
68.26470623163453
 30
0.0
  0
SPLINE
  5
79
330
70
100
AcDbEntity
  8
0
 62
    18
420
        0
370
    25
100
AcDbSpline
210
0.0
220
0.0
230
1.0
 70
     8
 71
     3
 72
    11
 73
     7
 74
     0
 42
0.0000000001
 43
0.0000000001
 40
0.0
 40
0.0
 40
0.0
 40
0.0
 40
1.0
 40
1.0
 40
1.0
 40
2.0
 40
2.0
 40
2.0
 40
2.0
 10
282.4060738454768
 20
176.9748874316931
 30
0.0
 10
282.952835747809
 20
176.9748874316931
 30
0.0
 10
283.3960738454768
 20
177.4181255293606
 30
0.0
 10
283.3960738454768
 20
177.9648874316931
 30
0.0
 10
283.3960738454768
 20
178.281791393679
 30
0.0
 10
283.2443619360777
 20
178.5795427808762
 30
0.0
 10
282.9879812452459
 20
178.7658142561243
 30
0.0
  0
LINE
  5
7A
330
70
100
AcDbEntity
  8
0
 62
    18
420
        0
370
    25
100
AcDbLine
 10
282.9879812452459
 20
178.7658142561243
 30
0.0
 11
268.3517755822474
 21
189.399640118926
 31
0.0
  0
SPLINE
  5
7B
330
70
100
AcDbEntity
  8
0
 62
    18
420
        0
370
    25
100
AcDbSpline
210
0.0
220
0.0
230
1.0
 70
     8
 71
     3
 72
     8
 73
     4
 74
     0
 42
0.0000000001
 43
0.0000000001
 40
0.0
 40
0.0
 40
0.0
 40
0.0
 40
1.0
 40
1.0
 40
1.0
 40
1.0
 10
267.9921370308846
 20
190.5064937677884
 30
0.0
 10
267.8596014963998
 20
190.0985913352134
 30
0.0
 10
268.0047930482486
 20
189.651737686351
 30
0.0
 10
268.3517755822474
 20
189.399640118926
 30
0.0
  0
LINE
  5
7C
330
70
100
AcDbEntity
  8
0
 62
    18
420
        0
370
    25
100
AcDbLine
 10
267.9921370308846
 20
190.5064937677884
 30
0.0
 11
274.5242160789487
 21
210.610165917543
 31
0.0
  0
LWPOLYLINE
  5
7D
330
70
100
AcDbEntity
  8
0
 62
    18
420
        0
370
    25
100
AcDbPolyline
 90
     1572
 70
     0
 43
0.0
 10
274.5242160789487
 20
210.610165917543
 10
274.5332098924799
 20
210.6518048680139
 10
274.5421716567082
 20
210.6933050595391
 10
274.5511013750922
 20
210.7346665120058
 10
274.5599990534002
 20
210.7758892585782
 10
274.5688646996944
 20
210.8169733456118
 10
274.5776983243165
 20
210.857918832568
 10
274.5864999398689
 20
210.8987257919274
 10
274.595269561203
 20
210.9393943091044
 10
274.6040072053988
 20
210.9799244823618
 10
274.6127128917505
 20
211.0203164227244
 10
274.6213866417503
 20
211.0605702538928
 10
274.6300284790745
 20
211.1006861121591
 10
274.6386384295636
 20
211.1406641463192
 10
274.6472165212092
 20
211.1805045175884
 10
274.6557627841364
 20
211.2202073995155
 10
274.6642772505887
 20
211.2597729778955
 10
274.6727599549124
 20
211.2992014506859
 10
274.6812109335375
 20
211.3384930279187
 10
274.6896302249664
 20
211.3776479316165
 10
274.698017869754
 20
211.4166663957059
 10
274.7063739104937
 20
211.455548665931
 10
274.7146983918002
 20
211.494294999769
 10
274.7229913602941
 20
211.5329056663433
 10
274.7312528645862
 20
211.5713809463376
 10
274.7394829552604
 20
211.609721131911
 10
274.7476816848582
 20
211.6479265266113
 10
274.7558491078639
 20
211.6859974452897
 10
274.7639852806852
 20
211.7239342140153
 10
274.7720902616411
 20
211.7617371699871
 10
274.7801641109441
 20
211.7994066614524
 10
274.7882068906832
 20
211.8369430476159
 10
274.7962186648094
 20
211.8743466985584
 10
274.8041994991186
 20
211.9116179951478
 10
274.8121494612364
 20
211.9487573289549
 10
274.8200686206015
 20
211.9857651021671
 10
274.8279570484511
 20
212.0226417275029
 10
274.8358148178013
 20
212.0593876281252
 10
274.8436420034352
 20
212.0960032375569
 10
274.8514386818844
 20
212.1324889995936
 10
274.859204931413
 20
212.1688453682186
 10
274.8669408320032
 20
212.2050728075171
 10
274.8746464653385
 20
212.2411717915908
 10
274.8823219147855
 20
212.2771428044696
 10
274.8899672653814
 20
212.31298634003
 10
274.8975826038165
 20
212.3487029019055
 10
274.9051680184156
 20
212.3842930034025
 10
274.9127235991275
 20
212.4197571674145
 10
274.9202494375036
 20
212.4550959263358
 10
274.9277456266849
 20
212.4903098219757
 10
274.935212261384
 20
212.5253994054734
 10
274.9426494378728
 20
212.5603652372107
 10
274.9500572539604
 20
212.595207886728
 10
274.9574358089831
 20
212.6299279326372
 10
274.9647852037841
 20
212.6645259625362
 10
274.9721055407006
 20
212.6990025729235
 10
274.9793969235449
 20
212.7333583691118
 10
274.9866594575898
 20
212.7675939651419
 10
274.993893249554
 20
212.8017099836981
 10
275.0010984075828
 20
212.8357070560217
 10
275.0082750412338
 20
212.8695858218243
 10
275.0154232614633
 20
212.9033469292041
 10
275.0225431806045
 20
212.9369910345574
 10
275.0296349123563
 20
212.9705188024953
 10
275.0366985717671
 20
213.0039309057564
 10
275.0437342752152
 20
213.0372280251208
 10
275.0507421403959
 20
213.0704108493254
 10
275.0646748332193
 20
213.1364364064687
 10
275.0784976175117
 20
213.2020132429442
 10
275.0922114805787
 20
213.2671471463266
 10
275.1058174292542
 20
213.3318440233067
 10
275.1193164893968
 20
213.3961098970052
 10
275.1327097053905
 20
213.459950904289
 10
275.1459981396404
 20
213.5233732930871
 10
275.1591828720733
 20
213.586383419706
 10
275.1722649996366
 20
213.6489877461456
 10
275.1852456357938
 20
213.7111928374149
 10
275.1981259100253
 20
213.7730053588492
 10
275.2109069673272
 20
213.8344320734231
 10
275.2235899677078
 20
213.8954798390694
 10
275.2361760856867
 20
213.9561556059923
 10
275.2486665097945
 20
214.0164664139848
 10
275.2610624420697
 20
214.0764193897442
 10
275.2733650975583
 20
214.1360217441879
 10
275.2855757038101
 20
214.1952807697685
 10
275.2976955003811
 20
214.2542038377912
 10
275.309725738327
 20
214.3127983957274
 10
275.3216676797063
 20
214.3710719645325
 10
275.3335225970755
 20
214.4290321359605
 10
275.3452917729875
 20
214.4866865698809
 10
275.3569764994945
 20
214.5440429915932
 10
275.3685780776385
 20
214.6011091891435
 10
275.3800978169587
 20
214.6578930106405
 10
275.3915370349824
 20
214.7144023615704
 10
275.4028970567285
 20
214.7706452021134
 10
275.4141792142022
 20
214.8266295444601
 10
275.4253848458975
 20
214.882363450126
 10
275.4365152962912
 20
214.9378550272675
 10
275.4475719153447
 20
214.9931124279992
 10
275.4585560580006
 20
215.0481438457076
 10
275.4694690836828
 20
215.1029575123684
 10
275.4803123557926
 20
215.1575616958623
 10
275.49108724121
 20
215.2119646972893
 10
275.5017951097864
 20
215.2661748482778
 10
275.512437333839
 20
215.3202005082567
 10
275.5230152876329
 20
215.3740500617056
 10
275.5335303468671
 20
215.4277319154029
 10
275.5439838881578
 20
215.4812544956742
 10
275.5543772885252
 20
215.5346262456402
 10
275.5647119248763
 20
215.5878556224654
 10
275.5749891734906
 20
215.6409510946064
 10
275.5852104095061
 20
215.6939211390596
 10
275.5953770064014
 20
215.7467742386098
 10
275.6054903354815
 20
215.7995188790778
 10
275.6255626614624
 20
215.9047167247253
 10
275.6454382948471
 20
216.0095825187352
 10
275.6651280752858
 20
216.1141839763135
 10
275.6846427581881
 20
216.2185885970798
 10
275.7039929982409
 20
216.322863577013
 10
275.7231893329156
 20
216.4270757203941
 10
275.742242165982
 20
216.5312913517495
 10
275.7611617510199
 20
216.6355762277953
 10
275.77995817493
 20
216.7399954493795
 10
275.7986413414475
 20
216.8446133734271
 10
275.8172209546526
 20
216.9494935248819
 10
275.835706502486
 20
217.0546985086651
 10
275.8541072403975
 20
217.1602899223255
 10
275.8632786304845
 20
217.2132494932477
 10
275.8724321755116
 20
217.2663282713042
 10
275.8815689600169
 20
217.3195336353785
 10
275.8906900510778
 20
217.3728728856987
 10
275.8997964978243
 20
217.4263532412408
 10
275.9088893309532
 20
217.4799818371309
 10
275.9179695622436
 20
217.5337657220448
 10
275.9270381840723
 20
217.5877118556143
 10
275.9360961689276
 20
217.6418271058252
 10
275.945144468926
 20
217.6961182464227
 10
275.954184015325
 20
217.7505919543106
 10
275.9632157180383
 20
217.8052548069557
 10
275.9722404651518
 20
217.8601132797894
 10
275.9812591224387
 20
217.9151737436085
 10
275.9902725328721
 20
217.9704424619787
 10
275.9992815161417
 20
218.0259255886367
 10
276.0082868681694
 20
218.0816291648913
 10
276.0172893606218
 20
218.1375591170263
 10
276.0262897404258
 20
218.1937212537027
 10
276.0352887292861
 20
218.2501212633599
 10
276.0442870231967
 20
218.3067647116192
 10
276.0532852919565
 20
218.3636570386843
 10
276.0622841786859
 20
218.4208035567451
 10
276.0712842993391
 20
218.4782094473786
 10
276.0802862422218
 20
218.5358797589508
 10
276.0892905675046
 20
218.5938194040202
 10
276.0982978067357
 20
218.6520331567389
 10
276.1073084623616
 20
218.7105256502544
 10
276.1163230072343
 20
218.7693013741129
 10
276.1253418841337
 20
218.8283646716601
 10
276.1343655052771
 20
218.8877197374448
 10
276.1433942518312
 20
218.9473706145931
 10
276.1524284733839
 20
219.0073211919937
 10
276.1614684873742
 20
219.0675752012728
 10
276.1705145785194
 20
219.1281362137403
 10
276.1795669982366
 20
219.1890076373331
 10
276.1886259640707
 20
219.2501927135615
 10
276.1976916591177
 20
219.3116945144544
 10
276.2067642314503
 20
219.3735159395023
 10
276.2158437935418
 20
219.4356597126049
 10
276.2249304216912
 20
219.498128379014
 10
276.2340241554499
 20
219.5609243022795
 10
276.2431249970443
 20
219.6240496611939
 10
276.2522329108008
 20
219.6875064467377
 10
276.2613478225727
 20
219.751296459024
 10
276.2704696191632
 20
219.8154213042439
 10
276.2795981477515
 20
219.8798823916107
 10
276.2887332153146
 20
219.9446809303053
 10
276.2978745880585
 20
220.009817926422
 10
276.3070219908361
 20
220.0752941799118
 10
276.3161751065768
 20
220.141110281529
 10
276.3253335757091
 20
220.2072666097745
 10
276.3344969955854
 20
220.2737633278425
 10
276.3436649199098
 20
220.3406003805647
 10
276.3528368581592
 20
220.4077774913547
 10
276.3620122750097
 20
220.4752941591538
 10
276.3711905897628
 20
220.5431496553752
 10
276.3803711757674
 20
220.6113430208506
 10
276.3895533598476
 20
220.6798730627724
 10
276.3987364217259
 20
220.7487383516417
 10
276.4079195934484
 20
220.8179372182111
 10
276.4171020588097
 20
220.8874677504304
 10
276.426282952779
 20
220.957327790392
 10
276.4354613609218
 20
221.0275149312755
 10
276.4446363188279
 20
221.0980265142917
 10
276.4538068115797
 20
221.1688596258488
 10
276.4629717736641
 20
221.2400110969986
 10
276.4721300895067
 20
221.3114775059959
 10
276.4812805941162
 20
221.3832551814779
 10
276.4904220737396
 20
221.455340205657
 10
276.4995532665129
 20
221.52772841751
 10
276.5086728631126
 20
221.6004154159683
 10
276.5177795074086
 20
221.673396563109
 10
276.5268717971141
 20
221.746666987343
 10
276.535948284439
 20
221.8202215866074
 10
276.5450074767422
 20
221.8940550315546
 10
276.5540478371807
 20
221.9681617687429
 10
276.5630677853646
 20
222.0425360238257
 10
276.5720656980057
 20
222.1171718047433
 10
276.5810399095719
 20
222.1920629049123
 10
276.5899887129388
 20
222.2672029064146
 10
276.5989103600387
 20
222.3425851831899
 10
276.6078030625167
 20
222.4182029042241
 10
276.6166649923776
 20
222.4940490367406
 10
276.6254942826416
 20
222.5701163493893
 10
276.634289027996
 20
222.6463974154382
 10
276.6430472854432
 20
222.7228846159623
 10
276.6517670749563
 20
222.7995701430346
 10
276.6604463801293
 20
222.8764460029156
 10
276.6690831488294
 20
222.9535040192448
 10
276.6776752938481
 20
223.0307358362294
 10
276.6862206935541
 20
223.1081329218349
 10
276.6947171925431
 20
223.1856865709759
 10
276.7031626022927
 20
223.2633879087063
 10
276.7115547018109
 20
223.3412278934079
 10
276.7198912382898
 20
223.4191973199823
 10
276.7281699277564
 20
223.4972868230412
 10
276.7363884557268
 20
223.5754868800951
 10
276.7526356205832
 20
223.7321797998832
 10
276.7686136318388
 20
223.889196880447
 10
276.7843029446224
 20
224.0464566269917
 10
276.7996835949836
 20
224.203875370987
 10
276.8147352248486
 20
224.361367393258
 10
276.8294371069694
 20
224.5188450470796
 10
276.8437681698823
 20
224.6762188812677
 10
276.8507879713224
 20
224.7548384493899
 10
276.8577070228586
 20
224.8333977632729
 10
276.8645226048608
 20
224.9118851888292
 10
276.8712319808605
 20
224.9902890022732
 10
276.8778323983365
 20
225.0685973939669
 10
276.8843210894914
 20
225.1467984722672
 10
276.890695272033
 20
225.2248802673716
 10
276.8969521499534
 20
225.3028307351661
 10
276.9030889143095
 20
225.3806377610712
 10
276.9091027440004
 20
225.4582891638881
 10
276.914990806551
 20
225.5357726996463
 10
276.9207502588882
 20
225.6130760654495
 10
276.9263782481246
 20
225.6901869033229
 10
276.9318719123337
 20
225.767092804059
 10
276.9372283813331
 20
225.8437813110651
 10
276.9424447774639
 20
225.9202399242093
 10
276.9475182163684
 20
225.9964561036681
 10
276.9524458077727
 20
226.072417273772
 10
276.9572246562645
 20
226.1481108268519
 10
276.9618518620732
 20
226.2235241270877
 10
276.9663245218514
 20
226.2986445143523
 10
276.9706397294514
 20
226.3734593080556
 10
276.9747945766823
 20
226.4479558108645
 10
276.9787861540168
 20
226.5221213121644
 10
276.9826115512821
 20
226.5959430914254
 10
276.9862678583453
 20
226.6694084215688
 10
276.9897521658033
 20
226.7425045723294
 10
276.993061565673
 20
226.8152188136232
 10
276.9961931520788
 20
226.88753841891
 10
276.9991440219414
 20
226.9594506685605
 10
277.0019112756661
 20
227.0309428532182
 10
277.0032251414761
 20
227.0665274531389
 10
277.0044920178325
 20
227.1020022771677
 10
277.0057115435735
 20
227.1373657410229
 10
277.0068833578821
 20
227.1726162616968
 10
277.0080071003126
 20
227.2077522575586
 10
277.0090824108079
 20
227.2427721484624
 10
277.0101089297225
 20
227.2776743558496
 10
277.0110862978429
 20
227.3124573028559
 10
277.0120141564118
 20
227.3471194144159
 10
277.0128921471482
 20
227.3816591173679
 10
277.0137199122664
 20
227.4160748405589
 10
277.0144970945016
 20
227.4503650149513
 10
277.0152233371296
 20
227.484528073726
 10
277.0158982839888
 20
227.5185624523889
 10
277.0165215794988
 20
227.5524665888757
 10
277.0170928686874
 20
227.5862389236568
 10
277.0176117972082
 20
227.6198778998427
 10
277.0180780113613
 20
227.6533819632891
 10
277.0184911581197
 20
227.686749562702
 10
277.0188508851451
 20
227.7199791497432
 10
277.0191568408122
 20
227.7530691791347
 10
277.0194086742327
 20
227.7860181087646
 10
277.0196060352702
 20
227.818824399792
 10
277.0197485745693
 20
227.8514865167518
 10
277.019835943571
 20
227.8840029276607
 10
277.0198677945383
 20
227.9163721041214
 10
277.0198437805746
 20
227.948592521428
 10
277.0197635556488
 20
227.9806626586722
 10
277.0196267746129
 20
228.0125809988463
 10
277.0194330932259
 20
228.0443460289508
 10
277.0191821681765
 20
228.0759562400977
 10
277.0188736571003
 20
228.1074101276162
 10
277.0185072186056
 20
228.1387061911588
 10
277.0180825122935
 20
228.169842934805
 10
277.0175991987778
 20
228.2008188671675
 10
277.0170569397092
 20
228.231632501496
 10
277.0164553977959
 20
228.2622823557844
 10
277.0157942368229
 20
228.2927669528741
 10
277.0150731216777
 20
228.3230848205609
 10
277.0142917183679
 20
228.3532344916976
 10
277.0134496940451
 20
228.3832145043021
 10
277.0125467170253
 20
228.4130234016602
 10
277.011582456811
 20
228.4426597324325
 10
277.010556584113
 20
228.4721220507586
 10
277.0094687708704
 20
228.5014089163615
 10
277.0083186902737
 20
228.5305188946546
 10
277.0071060167863
 20
228.5594505568459
 10
277.005830426164
 20
228.5882024800425
 10
277.0044915954809
 20
228.6167732473574
 10
277.003089203145
 20
228.6451614480172
 10
277.0016229289304
 20
228.673365677485
 10
277.0000924539969
 20
228.7013845375896
 10
276.998497460921
 20
228.7292166366535
 10
276.9968376337177
 20
228.7568605896231
 10
276.99511265787
 20
228.784315018198
 10
276.9933222203525
 20
228.8115785509592
 10
276.9914660096601
 20
228.8386498234992
 10
276.9895437158311
 20
228.8655274785512
 10
276.987555030475
 20
228.8922101661169
 10
276.9854996467976
 20
228.9186965435977
 10
276.9833772596286
 20
228.9449852759228
 10
276.9811875654456
 20
228.9710750356783
 10
276.9789302624017
 20
228.9969645032364
 10
276.9766050503513
 20
229.0226523668851
 10
276.974211630876
 20
229.048137322957
 10
276.9717497073099
 20
229.0734180759585
 10
276.9692189847655
 20
229.0984933386992
 10
276.9666191701628
 20
229.1233618324204
 10
276.9639499722512
 20
229.1480222869258
 10
276.9612111016386
 20
229.1724734407088
 10
276.9584022708149
 20
229.1967140410828
 10
276.9555231941806
 20
229.2207428443105
 10
276.9525735880716
 20
229.2445586157325
 10
276.9495531707843
 20
229.2681601298971
 10
276.9464616626046
 20
229.2915461706883
 10
276.9432987858301
 20
229.314715531457
 10
276.9400642647984
 20
229.3376670151478
 10
276.9367578259135
 20
229.3603994344302
 10
276.9333791976712
 20
229.3829116118268
 10
276.9299281106843
 20
229.405202379843
 10
276.926404297711
 20
229.427270581095
 10
276.9228074936768
 20
229.4491150684404
 10
276.9191374357058
 20
229.4707347051072
 10
276.9153938631426
 20
229.4921283648218
 10
276.91157651758
 20
229.5132949319398
 10
276.9076851428864
 20
229.5342333015734
 10
276.9037194852275
 20
229.5549423797227
 10
276.8996792930983
 20
229.5754210834032
 10
276.8955643173439
 20
229.5956683407755
 10
276.8913743111885
 20
229.6156830912746
 10
276.8871090302604
 20
229.6354642857392
 10
276.8827682326184
 20
229.6550108865406
 10
276.878351678778
 20
229.6743218677118
 10
276.873859131737
 20
229.6933962150777
 10
276.8692903570023
 20
229.712232926382
 10
276.8646451226135
 20
229.7308310114196
 10
276.8599231991736
 20
229.7491894921621
 10
276.8551243598695
 20
229.767307402891
 10
276.8502483805032
 20
229.7851837903236
 10
276.8452950395145
 20
229.8028177137432
 10
276.8402641180072
 20
229.8202082451295
 10
276.8351553997779
 20
229.8373544692862
 10
276.8299686713381
 20
229.8542554839702
 10
276.824703721944
 20
229.8709104000223
 10
276.8193603436198
 20
229.8873183414954
 10
276.8139383311846
 20
229.9034784457831
 10
276.8084374822795
 20
229.91938986375
 10
276.8028575973923
 20
229.9350517598602
 10
276.7971984798842
 20
229.9504633123065
 10
276.7914599360159
 20
229.9656237131403
 10
276.7856417749724
 20
229.9805321684
 10
276.7797438088905
 20
229.9951878982406
 10
276.7737658528859
 20
230.0095901370618
 10
276.767707725076
 20
230.0237381336398
 10
276.7615692466083
 20
230.0376311512536
 10
276.755350241685
 20
230.0512684678158
 10
276.7490505375921
 20
230.0646493760007
 10
276.7426699647201
 20
230.0777731833704
 10
276.7362083565867
 20
230.0906392124666
 10
276.729665549852
 20
230.103246800883
 10
276.7230413843297
 20
230.1155953013322
 10
276.7163357030072
 20
230.1276840817129
 10
276.7095483520543
 20
230.1395125251783
 10
276.7026791808426
 20
230.1510800302032
 10
276.695728041957
 20
230.1623860106511
 10
276.6886947912117
 20
230.1734298958424
 10
276.6815792876656
 20
230.1842111306218
 10
276.6743813936341
 20
230.1947291754262
 10
276.6671009747069
 20
230.204983506351
 10
276.6597378997603
 20
230.2149736152197
 10
276.6522920409725
 20
230.2246990096495
 10
276.644763273839
 20
230.2341592131199
 10
276.637151477186
 20
230.2433537650402
 10
276.629456533186
 20
230.2522822208165
 10
276.6216783273713
 20
230.2609441519201
 10
276.6138167486499
 20
230.2693391459542
 10
276.6058716893194
 20
230.2774668067225
 10
276.5978430450807
 20
230.2853267542957
 10
276.5897307150544
 20
230.2929186250792
 10
276.5815346017938
 20
230.300242071882
 10
276.5732546113016
 20
230.3072967639821
 10
276.5648906530412
 20
230.3140823871956
 10
276.5564426399551
 20
230.3205986439444
 10
276.5479104884761
 20
230.3268452533221
 10
276.5392941185447
 20
230.3328219511641
 10
276.5305934536215
 20
230.3385284901122
 10
276.5218084207024
 20
230.3439646396851
 10
276.5129389503349
 20
230.3491301863436
 10
276.5039849766294
 20
230.3540249335591
 10
276.4949464372783
 20
230.358648701882
 10
276.4858232735654
 20
230.3630013290077
 10
276.4766154303848
 20
230.3670826698451
 10
276.4673228562523
 20
230.3708925965843
 10
276.4579455033236
 20
230.3744309987634
 10
276.4484833274048
 20
230.3776977833367
 10
276.43893628797
 20
230.3806928747416
 10
276.4293043481749
 20
230.3834162149672
 10
276.419587474871
 20
230.3858677636211
 10
276.4097856386213
 20
230.3880474979972
 10
276.3998988137134
 20
230.3899554131427
 10
276.3899269781749
 20
230.391591521927
 10
276.379870113788
 20
230.3929558551074
 10
276.3697282061054
 20
230.3940484613987
 10
276.3595012444621
 20
230.3948694075389
 10
276.3491892219921
 20
230.3954187783581
 10
276.3387921356419
 20
230.3956966768454
 10
276.3283099861868
 20
230.3957032242165
 10
276.3177427782419
 20
230.3954385599816
 10
276.3070905202823
 20
230.3949028420125
 10
276.2963532246514
 20
230.3940962466111
 10
276.2855309075805
 20
230.3930189685748
 10
276.2746235892016
 20
230.3916712212673
 10
276.2636312935605
 20
230.3900532366833
 10
276.2525540486333
 20
230.3881652655166
 10
276.2413918863413
 20
230.3860075772302
 10
276.2301448425645
 20
230.3835804601198
 10
276.218812957155
 20
230.3808842213845
 10
276.2073962739549
 20
230.3779191871931
 10
276.1958948408087
 20
230.3746857027521
 10
276.1843087095772
 20
230.3711841323723
 10
276.1726379361549
 20
230.3674148595376
 10
276.1608825804811
 20
230.3633782869719
 10
276.1490427065568
 20
230.3590748367072
 10
276.13711838246
 20
230.3545049501502
 10
276.125109680358
 20
230.3496690881507
 10
276.1130166765212
 20
230.3445677310612
 10
276.1008394513231
 20
230.3392013787246
 10
276.0885780892216
 20
230.3335705503553
 10
276.0762326787326
 20
230.3276757844066
 10
276.0638033124064
 20
230.321517638432
 10
276.0512900868066
 20
230.3150966889491
 10
276.0386931024835
 20
230.3084135313052
 10
276.0260124639527
 20
230.301468779538
 10
276.0132482796682
 20
230.294263066241
 10
276.0004006620019
 20
230.2867970424279
 10
275.9874697272175
 20
230.2790713773941
 10
275.9744555954479
 20
230.2710867585816
 10
275.9613583906702
 20
230.2628438914434
 10
275.9481782406845
 20
230.2543434993053
 10
275.9349152770873
 20
230.2455863232309
 10
275.9215696352474
 20
230.2365731218849
 10
275.9081414542866
 20
230.2273046713966
 10
275.8946308770495
 20
230.2177817652241
 10
275.8810380500849
 20
230.2080052140171
 10
275.8673631236197
 20
230.1979758454811
 10
275.8536062515352
 20
230.1876945042408
 10
275.8397675913441
 20
230.1771620517042
 10
275.8258473041656
 20
230.1663793659259
 10
275.8118455547018
 20
230.15534734147
 10
275.797762511216
 20
230.1440668892761
 10
275.7835983455057
 20
230.1325389365198
 10
275.7693532328806
 20
230.120764426479
 10
275.7550273521392
 20
230.1087443183957
 10
275.7406208855432
 20
230.0964795873412
 10
275.7261340187952
 20
230.0839712240785
 10
275.7115669410156
 20
230.0712202349266
 10
275.6969198447164
 20
230.058227641624
 10
275.6821929257797
 20
230.0449944811918
 10
275.6673863834318
 20
230.0315218057991
 10
275.6525004202217
 20
230.0178106826241
 10
275.6375352419957
 20
230.0038621937205
 10
275.6224910578737
 20
229.9896774358782
 10
275.6073680802268
 20
229.9752575204892
 10
275.5921665246516
 20
229.9606035734115
 10
275.5768866099479
 20
229.9457167348299
 10
275.5615285580938
 20
229.9305981591232
 10
275.5460925942218
 20
229.9152490147253
 10
275.5305789465972
 20
229.8996704839896
 10
275.5149878465916
 20
229.8838637630539
 10
275.4993195286606
 20
229.8678300617017
 10
275.4835742303201
 20
229.851570603228
 10
275.46775219212
 20
229.8350866243011
 10
275.451853657625
 20
229.8183793748285
 10
275.4358788733873
 20
229.8014501178178
 10
275.4198280889225
 20
229.7843001292431
 10
275.4037015566892
 20
229.7669306979066
 10
275.3874995320613
 20
229.7493431253031
 10
275.371222273307
 20
229.7315387254835
 10
275.354870041564
 20
229.7135188249188
 10
275.3384431008143
 20
229.6952847623634
 10
275.3219417178644
 20
229.6768378887182
 10
275.3053661623156
 20
229.6581795668962
 10
275.2887167065461
 20
229.6393111716832
 10
275.271993625683
 20
229.6202340896039
 10
275.2551971975822
 20
229.6009497187847
 10
275.2383277027994
 20
229.5814594688172
 10
275.2213854245724
 20
229.5617647606228
 10
275.2043706487929
 20
229.5418670263136
 10
275.187283663984
 20
229.52176770906
 10
275.1701247612763
 20
229.5014682629516
 10
275.1528942343858
 20
229.4809701528612
 10
275.1355923795874
 20
229.4602748543097
 10
275.1182194956921
 20
229.4393838533283
 10
275.1007758840252
 20
229.4182986463232
 10
275.083261848401
 20
229.3970207399474
 10
275.065677695105
 20
229.3755516509873
 10
275.0480237328785
 20
229.3538929062591
 10
275.0303002728967
 20
229.3320460425
 10
275.0125076287567
 20
229.3100126062637
 10
274.9946461164549
 20
229.2877941538149
 10
274.9767160543708
 20
229.2653922510218
 10
274.9587177632507
 20
229.2428084732518
 10
274.9406515661901
 20
229.2200444052638
 10
274.9225177886137
 20
229.1971016411039
 10
274.9043167582603
 20
229.1739817839979
 10
274.8860488051649
 20
229.1506864462464
 10
274.8677142616395
 20
229.1272172491185
 10
274.8493134622571
 20
229.1035758227457
 10
274.8308467438339
 20
229.0797638060158
 10
274.8123144454098
 20
229.055782846467
 10
274.7937169082343
 20
229.0316346001824
 10
274.7750544757457
 20
229.0073207316834
 10
274.7563274935557
 20
228.9828429138236
 10
274.7375363094296
 20
228.9582028276842
 10
274.7186812732708
 20
228.9334021624658
 10
274.6997627371028
 20
228.9084426153843
 10
274.6807810550503
 20
228.8833258915639
 10
274.6617365833231
 20
228.8580537039313
 10
274.6426296801977
 20
228.8326277731105
 10
274.6234607059997
 20
228.8070498273152
 10
274.604230023087
 20
228.7813216022443
 10
274.5849379958303
 20
228.7554448409759
 10
274.5655849905988
 20
228.7294212938597
 10
274.5461713757393
 20
228.703252718413
 10
274.5266975215595
 20
228.6769408792129
 10
274.5071638003117
 20
228.650487547793
 10
274.487570586175
 20
228.6238945025337
 10
274.4679182552352
 20
228.5971635285595
 10
274.4482071854703
 20
228.5702964176309
 10
274.4284377567316
 20
228.5432949680399
 10
274.4086103507265
 20
228.5161609845026
 10
274.3887253509986
 20
228.4888962780549
 10
274.3687831429139
 20
228.4615026659446
 10
274.3487841136421
 20
228.4339819715272
 10
274.3287286521357
 20
228.4063360241585
 10
274.3086171491174
 20
228.3785666590892
 10
274.2884499970581
 20
228.3506757173599
 10
274.2682275901632
 20
228.3226650456931
 10
274.2479503243519
 20
228.2945364963889
 10
274.2276185972409
 20
228.2662919272174
 10
274.2072328081268
 20
228.2379332013154
 10
274.1867933579688
 20
228.209462187077
 10
274.1663006493701
 20
228.1808807580507
 10
274.145755086562
 20
228.1521907928313
 10
274.1251570753833
 20
228.1233941749545
 10
274.1045070232659
 20
228.0944927927917
 10
274.0630524337985
 20
228.0363833126324
 10
274.0213946087802
 20
227.9778775519972
 10
273.9795368631769
 20
227.9189907811074
 10
273.9374825357347
 20
227.8597383373729
 10
273.8952349884162
 20
227.8001356219983
 10
273.852797605838
 20
227.7401980965925
 10
273.8101737947083
 20
227.6799412797774
 10
273.767366983262
 20
227.6193807437961
 10
273.7243806206987
 20
227.5585321111166
 10
273.6812181765954
 20
227.4974110510032
 10
273.6378831403015
 20
227.436033276039
 10
273.5943790203298
 20
227.3744145386481
 10
273.5507093437435
 20
227.3125706276124
 10
273.5068776555457
 20
227.2505173645894
 10
273.4628875180719
 20
227.1882706006323
 10
273.4187425103769
 20
227.1258462127079
 10
273.3744462276243
 20
227.0632601002154
 10
273.3300022804769
 20
227.0005281815036
 10
273.2854142944868
 20
226.9376663903924
 10
273.2406859094833
 20
226.8746906726876
 10
273.1958207789638
 20
226.8116169827028
 10
273.1508225694818
 20
226.7484612797756
 10
273.1056949600376
 20
226.6852395247878
 10
273.060441641468
 20
226.6219676766827
 10
273.0150663158361
 20
226.5586616889845
 10
272.9695726958174
 20
226.495337506316
 10
272.878245472742
 20
226.3686982691689
 10
272.7864898627619
 20
226.2421772119137
 10
272.7404607897605
 20
226.1790006685107
 10
272.6943358871636
 20
226.1159012159968
 10
272.64811892486
 20
226.0528946392092
 10
272.6018136784694
 20
225.9899966862314
 10
272.5554239287311
 20
225.9272230649135
 10
272.5089534608958
 20
225.8645894393903
 10
272.4624060641147
 20
225.8021114265996
 10
272.4157855308251
 20
225.7398045928015
 10
272.3690956561451
 20
225.6776844500953
 10
272.3223402372612
 20
225.61576645294
 10
272.2755230728162
 20
225.5540659946721
 10
272.2286479623011
 20
225.4925984040233
 10
272.1817187054418
 20
225.4313789416233
 10
272.1347391015786
 20
225.3704227962957
 10
272.0877129490223
 20
225.3097450810356
 10
272.0406440444149
 20
225.2493608289154
 10
271.9935361820797
 20
225.1892849889882
 10
271.9463931533833
 20
225.1295324221919
 10
271.8992187460852
 20
225.0701178972531
 10
271.852016743698
 20
225.0110560865918
 10
271.8047909248403
 20
224.9523615622239
 10
271.7575450625939
 20
224.8940487916659
 10
271.7102829238593
 20
224.8361321338391
 10
271.6630082687105
 20
224.7786258349735
 10
271.6157248497522
 20
224.7215440245104
 10
271.5684364114747
 20
224.6649007110089
 10
271.5211466896085
 20
224.6087097780467
 10
271.4975025121926
 20
224.5807882577038
 10
271.4738594104826
 20
224.5529849801266
 10
271.4502178486943
 20
224.5253016437874
 10
271.426578290377
 20
224.4977399385794
 10
271.402941198389
 20
224.4703015456893
 10
271.3793070348818
 20
224.4429881374677
 10
271.3556762612781
 20
224.4158013773027
 10
271.3320493382504
 20
224.3887429194903
 10
271.3084267257045
 20
224.3618144091076
 10
271.2848088827561
 20
224.3350174818849
 10
271.2611962677111
 20
224.3083537640767
 10
271.2375893380472
 20
224.2818248723346
 10
271.2139885503921
 20
224.255432413578
 10
271.1903943605043
 20
224.2291779848684
 10
271.1668072232521
 20
224.203063173279
 10
271.1432275925941
 20
224.1770895557685
 10
271.1196559215593
 20
224.1512586990514
 10
271.0960926622255
 20
224.1255721594717
 10
271.0725382657027
 20
224.1000314828736
 10
271.0489931821078
 20
224.0746382044745
 10
271.025457860549
 20
224.0493938487362
 10
271.001932749102
 20
224.024299929237
 10
270.9784182947938
 20
223.9993579485445
 10
270.9549149435801
 20
223.9745693980865
 10
270.931423140324
 20
223.9499357580237
 10
270.9079433287788
 20
223.9254584971217
 10
270.8844759515662
 20
223.9011390726221
 10
270.8610214501565
 20
223.8769789301161
 10
270.8375802648488
 20
223.8529795034152
 10
270.814152834749
 20
223.8291422144229
 10
270.790739597753
 20
223.805468473009
 10
270.7673409905229
 20
223.7819596768781
 10
270.7439574484709
 20
223.758617211445
 10
270.720589405735
 20
223.7354424497044
 10
270.6972372951619
 20
223.7124367521039
 10
270.6739015482846
 20
223.6896014664159
 10
270.6505825953052
 20
223.6669379276089
 10
270.6272808650717
 20
223.644447457721
 10
270.6039967850598
 20
223.6221313657321
 10
270.5807307813543
 20
223.5999909474636
 10
270.5574832786342
 20
223.5780274855141
 10
270.5342547001596
 20
223.5562422492024
 10
270.5110454677568
 20
223.5346364945152
 10
270.4878560018039
 20
223.5132114640494
 10
270.4646867212168
 20
223.4919683869577
 10
270.4415380434368
 20
223.4709084788926
 10
270.418410384414
 20
223.4500329419533
 10
270.3953041585946
 20
223.4293429646275
 10
270.3722197789062
 20
223.4088397217379
 10
270.3491576567455
 20
223.388524374387
 10
270.326118201961
 20
223.3683980699014
 10
270.303101822842
 20
223.3484619417756
 10
270.2801089261033
 20
223.328717109619
 10
270.2571399168692
 20
223.3091646790982
 10
270.234195198664
 20
223.2898057418831
 10
270.2112751733927
 20
223.2706413755914
 10
270.1883802413317
 20
223.2516726437337
 10
270.1655108011109
 20
223.2329005956574
 10
270.1426672497008
 20
223.2143262664919
 10
270.1198499824002
 20
223.1959506770931
 10
270.0970593928194
 20
223.1777748339885
 10
270.0742958728686
 20
223.1597997293218
 10
270.0515598127405
 20
223.1420263407973
 10
270.0288516009011
 20
223.1244556316255
 10
270.0061716240697
 20
223.1070885504661
 10
269.9835202672113
 20
223.0899260313753
 10
269.9608979135169
 20
223.0729689937479
 10
269.9383049443913
 20
223.0562183422639
 10
269.9157417394406
 20
223.0396749668316
 10
269.8932086764574
 20
223.0233397425349
 10
269.8707061314042
 20
223.0072135295749
 10
269.8482344784036
 20
222.9912971732169
 10
269.8257940897196
 20
222.9755915037342
 10
269.8033853357471
 20
222.9600973363528
 10
269.7810085849978
 20
222.9448154711966
 10
269.7586642040814
 20
222.9297466932323
 10
269.7363525576994
 20
222.9148917722123
 10
269.7140740086228
 20
222.900251462622
 10
269.6918289176834
 20
222.885826503623
 10
269.669617643759
 20
222.8716176189985
 10
269.6474405437564
 20
222.857625517097
 10
269.6252979726017
 20
222.8438508907787
 10
269.6031902832213
 20
222.8302944173581
 10
269.5811178265326
 20
222.816956758551
 10
269.5590809514267
 20
222.8038385604176
 10
269.5370800047548
 20
222.7909404533074
 10
269.515115331316
 20
222.7782630518053
 10
269.4931872738404
 20
222.7658069546746
 10
269.4712961729785
 20
222.7535727448025
 10
269.4494423672823
 20
222.7415609891448
 10
269.4276261931959
 20
222.729772238671
 10
269.4058479850394
 20
222.718207028308
 10
269.3841080749934
 20
222.7068658768863
 10
269.3624067930894
 20
222.6957492870827
 10
269.340744467189
 20
222.6848577453679
 10
269.3191214229768
 20
222.6741917219477
 10
269.297537983941
 20
222.6637516707115
 10
269.2759944713629
 20
222.6535380291732
 10
269.2544912042998
 20
222.6435512184198
 10
269.2330284995726
 20
222.6337916430525
 10
269.2116066717539
 20
222.6242596911339
 10
269.1902260331476
 20
222.6149557341322
 10
269.1688868937827
 20
222.6058801268651
 10
269.1475895613921
 20
222.5970332074459
 10
269.1263343414037
 20
222.588415297226
 10
269.1051215369236
 20
222.5800267007429
 10
269.0839514487225
 20
222.5718677056633
 10
269.0628243752264
 20
222.563938582769
 10
269.0417406125119
 20
222.55623958604
 10
269.0207004543118
 20
222.5487709527729
 10
268.9997041920106
 20
222.541532903705
 10
268.9787521146521
 20
222.5345256431343
 10
268.9578445089357
 20
222.5277493590438
 10
268.9369816592216
 20
222.5212042232206
 10
268.9161638475293
 20
222.5148903913809
 10
268.8953913535414
 20
222.5088080032901
 10
268.8746644546021
 20
222.5029571828851
 10
268.8539834257227
 20
222.4973380383964
 10
268.8333485395788
 20
222.4919506624714
 10
268.8127600665144
 20
222.4867951322933
 10
268.7922182745424
 20
222.4818715097062
 10
268.771723429347
 20
222.4771798413361
 10
268.7512757942825
 20
222.4727201587117
 10
268.730875630377
 20
222.468492478388
 10
268.7105231963343
 20
222.464496802068
 10
268.6902187485335
 20
222.4607331167231
 10
268.6699625410304
 20
222.457201394718
 10
268.6497548255603
 20
222.4539015939295
 10
268.6295958515389
 20
222.4508336578716
 10
268.6094858660637
 20
222.4479975158148
 10
268.5894251139149
 20
222.4453930829095
 10
268.5694138375571
 20
222.4430202603081
 10
268.549452277141
 20
222.4408789352863
 10
268.5295406705041
 20
222.4389689813656
 10
268.5096792531729
 20
222.4372902584351
 10
268.4898682583647
 20
222.4358426128734
 10
268.4701079169871
 20
222.4346258776713
 10
268.4503984576411
 20
222.433639872552
 10
268.4307401066223
 20
222.4328844040961
 10
268.4111330879216
 20
222.4323592658601
 10
268.3915776232274
 20
222.432064238501
 10
268.3720739319256
 20
222.4319990898976
 10
268.3526222311032
 20
222.4321635752715
 10
268.3332227355482
 20
222.4325574373108
 10
268.3138756577517
 20
222.4331804062904
 10
268.2945812079073
 20
222.4340322001952
 10
268.2753395939164
 20
222.435112524842
 10
268.256151021386
 20
222.4364210740007
 10
268.2370156936318
 20
222.4379575295169
 10
268.2179338116783
 20
222.439721561434
 10
268.1989055742637
 20
222.4417128281146
 10
268.1799311778362
 20
222.4439309763631
 10
268.1610108165587
 20
222.4463756415477
 10
268.1421446823101
 20
222.4490464477216
 10
268.1233329646854
 20
222.4519430077464
 10
268.1045758509986
 20
222.4550649234123
 10
268.0858735262823
 20
222.4584117855619
 10
268.0672261732911
 20
222.4619831742108
 10
268.0486339725009
 20
222.4657786586702
 10
268.0300971021129
 20
222.4697977976691
 10
268.011615738052
 20
222.4740401394762
 10
267.9931900539703
 20
222.4785052220212
 10
267.974820221249
 20
222.4831925730173
 10
267.9565064089964
 20
222.4881017100845
 10
267.9382487840541
 20
222.4932321408687
 10
267.9200475109941
 20
222.4985833631658
 10
267.9019027521241
 20
222.5041548650438
 10
267.8838146674837
 20
222.5099461249641
 10
267.8657834148527
 20
222.5159566119031
 10
267.8478091497455
 20
222.5221857854747
 10
267.8298920254178
 20
222.5286330960529
 10
267.8120321928659
 20
222.5352979848932
 10
267.7942298008272
 20
222.5421798842538
 10
267.7764849957825
 20
222.5492782175191
 10
267.7587979219593
 20
222.5565923993208
 10
267.7411687213291
 20
222.5641218356555
 10
267.723597533609
 20
222.571865923984
 10
267.70608449626
 20
222.5798240533173
 10
267.6886297444834
 20
222.5879956043035
 10
267.6712334112202
 20
222.5963799493129
 10
267.6538956271477
 20
222.6049764525238
 10
267.6366165206797
 20
222.6137844700081
 10
267.619396217962
 20
222.622803349818
 10
267.6022348428714
 20
222.6320324320708
 10
267.5851325170149
 20
222.6414710490348
 10
267.5680893597249
 20
222.6511185252162
 10
267.5511054880594
 20
222.6609741774433
 10
267.534181016801
 20
222.6710373149533
 10
267.5173160584513
 20
222.6813072394779
 10
267.5005107232308
 20
222.6917832453288
 10
267.483765119078
 20
222.7024646194844
 10
267.4670793516467
 20
222.7133506416737
 10
267.4504535243017
 20
222.7244405844645
 10
267.4338877381202
 20
222.7357337133475
 10
267.4173820918881
 20
222.7472292868221
 10
267.4009366820981
 20
222.7589265564839
 10
267.3845516029465
 20
222.770824767108
 10
267.3682269463344
 20
222.782923156737
 10
267.3519628018615
 20
222.7952209567649
 10
267.3357592568291
 20
222.8077173920251
 10
267.3196163962326
 20
222.8204116808738
 10
267.3035343027635
 20
222.8333030352775
 10
267.2875130568048
 20
222.846390660898
 10
267.2715527364319
 20
222.8596737571786
 10
267.2556534174078
 20
222.8731515174298
 10
267.2398151731826
 20
222.8868231289143
 10
267.2240380748899
 20
222.9006877729343
 10
267.2083221913474
 20
222.9147446249165
 10
267.1926675890525
 20
222.9289928544969
 10
267.1770743321822
 20
222.9434316256086
 10
267.1615424825878
 20
222.9580600965662
 10
267.146072099798
 20
222.9728774201516
 10
267.1306632410118
 20
222.9878827437007
 10
267.1153159611002
 20
223.0030752091883
 10
267.1000303126012
 20
223.0184539533145
 10
267.0848063457205
 20
223.0340181075895
 10
267.0696441083283
 20
223.0497667984208
 10
267.0545436459557
 20
223.0656991471983
 10
267.0395050017954
 20
223.0818142703797
 10
267.0245282166994
 20
223.098111279577
 10
267.0096133291733
 20
223.1145892816418
 10
266.9947603753802
 20
223.1312473787513
 10
266.9799693891338
 20
223.1480846684939
 10
266.9652404018971
 20
223.1651002439553
 10
266.9505734427834
 20
223.1822931938042
 10
266.9359685385523
 20
223.199662602378
 10
266.9214257136056
 20
223.2172075497686
 10
266.9069449899889
 20
223.2349271119077
 10
266.8925263873875
 20
223.2528203606545
 10
266.8781699231254
 20
223.2708863638784
 10
266.8638756121627
 20
223.2891241855476
 10
266.8496434670931
 20
223.3075328858134
 10
266.8354734981423
 20
223.3261115210962
 10
266.8213657131665
 20
223.3448591441719
 10
266.807320117651
 20
223.363774804257
 10
266.7933367147055
 20
223.3828575470947
 10
266.779415505064
 20
223.4021064150404
 10
266.7655564870837
 20
223.4215204471481
 10
266.7517596567408
 20
223.4410986792559
 10
266.7380250076296
 20
223.4608401440709
 10
266.7243525309609
 20
223.4807438712564
 10
266.7107422155593
 20
223.5008088875175
 10
266.6971940478608
 20
223.5210342166858
 10
266.683708011912
 20
223.5414188798068
 10
266.6702840893674
 20
223.5619618952317
 10
266.6569222594905
 20
223.5826622787148
 10
266.6436224991492
 20
223.603519043514
 10
266.6303847828201
 20
223.6245312004858
 10
266.6172090825835
 20
223.645697758188
 10
266.6040953681228
 20
223.6670177229759
 10
266.5910436067283
 20
223.6884900991016
 10
266.5780537632899
 20
223.7101138888128
 10
266.5651258003003
 20
223.7318880924519
 10
266.5522596778542
 20
223.7538117085536
 10
266.5394553536444
 20
223.7758837339445
 10
266.5267127829649
 20
223.7981031638415
 10
266.5140319187074
 20
223.8204689919507
 10
266.5014127113622
 20
223.8429802105649
 10
266.4888551090153
 20
223.8656358106648
 10
266.4763590573487
 20
223.8884347820144
 10
266.4639244996414
 20
223.9113761132628
 10
266.451551376764
 20
223.9344587920405
 10
266.439239627184
 20
223.9576818050601
 10
266.4269891869586
 20
223.981044138213
 10
266.4147999897387
 20
224.0045447766694
 10
266.4026719667651
 20
224.0281827049765
 10
266.3906050468706
 20
224.0519569071574
 10
266.3785991564763
 20
224.0758663668096
 10
266.3666542195914
 20
224.099910067204
 10
266.3547701578137
 20
224.1240869913831
 10
266.3429468903278
 20
224.1483961222598
 10
266.3311843339045
 20
224.172836442717
 10
266.3194824028996
 20
224.197406935704
 10
266.3078410092533
 20
224.2221065843381
 10
266.2962600624906
 20
224.2469343720014
 10
266.2847394697171
 20
224.2718892824393
 10
266.2732791356226
 20
224.2969702998609
 10
266.261878962477
 20
224.3221764090358
 10
266.2505388501303
 20
224.3475065953937
 10
266.2392586960127
 20
224.3729598451234
 10
266.2280383951332
 20
224.3985351452708
 10
266.2168778400779
 20
224.4242314838374
 10
266.2057769210103
 20
224.4500478498804
 10
266.1947355256702
 20
224.4759832336091
 10
266.1837535393721
 20
224.5020366264862
 10
266.1728308450064
 20
224.5282070213238
 10
266.1619673230362
 20
224.5544934123849
 10
266.1511628514975
 20
224.5808947954795
 10
266.1404173059989
 20
224.607410168065
 10
266.1297305597197
 20
224.6340385293438
 10
266.1191024834092
 20
224.6607788803632
 10
266.1085329453884
 20
224.6876302241127
 10
266.0980218115447
 20
224.7145915656233
 10
266.0875689453342
 20
224.7416619120668
 10
266.0771742077809
 20
224.7688402728534
 10
266.0668374574736
 20
224.7961256597313
 10
266.0565585505678
 20
224.8235170868842
 10
266.0463373407836
 20
224.8510135710319
 10
266.0361736794035
 20
224.8786141315268
 10
266.0260674152746
 20
224.9063177904544
 10
266.0060264619661
 20
224.9620305062003
 10
265.9862132228566
 20
225.0181439533474
 10
265.9666264009004
 20
225.0746504170048
 10
265.9472646599805
 20
225.1315422354731
 10
265.9281266248795
 20
225.1888118034007
 10
265.9092108812579
 20
225.2464515749398
 10
265.8905159756683
 20
225.3044540665806
 10
265.8720404158259
 20
225.3628118581587
 10
265.8537826710899
 20
225.4215175923376
 10
265.8357411729605
 20
225.4805639739262
 10
265.8179143155864
 20
225.5399437691899
 10
265.8003004562637
 20
225.5996498051673
 10
265.7828979159406
 20
225.6596749689824
 10
265.7657049797176
 20
225.7200122071592
 10
265.7487198973508
 20
225.7806545249366
 10
265.7319408837535
 20
225.8415949855813
 10
265.7153661194998
 20
225.9028267097033
 10
265.698993751325
 20
225.9643428745684
 10
265.6828218926301
 20
226.0261367134135
 10
265.6668486239821
 20
226.0882015147596
 10
265.651071993617
 20
226.150530621728
 10
265.6354900179435
 20
226.2131174313515
 10
265.6201006820414
 20
226.2759553938907
 10
265.6049019401683
 20
226.3390380121476
 10
265.5898917162598
 20
226.4023588407785
 10
265.5750679044309
 20
226.4659114856105
 10
265.5604283694808
 20
226.529689602953
 10
265.5459709473923
 20
226.5936868989136
 10
265.531693445836
 20
226.6578971287111
 10
265.517593644673
 20
226.7223140959905
 10
265.5036692964539
 20
226.7869316521361
 10
265.4899181269261
 20
226.8517436955872
 10
265.4763378355311
 20
226.9167441711503
 10
265.4629260959103
 20
226.9819270693141
 10
265.4496805564055
 20
227.0472864255641
 10
265.4365988405627
 20
227.1128163196956
 10
265.4236785476317
 20
227.178510875129
 10
265.4109172530707
 20
227.2443642582222
 10
265.3983125090489
 20
227.3103706775868
 10
265.3858618449459
 20
227.3765243834009
 10
265.373562767858
 20
227.4428196667306
 10
265.361412763093
 20
227.5092508589049
 10
265.3494092946742
 20
227.5758123309506
 10
265.3375498058327
 20
227.6424984930322
 10
265.325831719509
 20
227.7093037938962
 10
265.3142524388485
 20
227.776222720311
 10
265.3028093477001
 20
227.84324979651
 10
265.2914998111139
 20
227.9103795836341
 10
265.280321175839
 20
227.9776066791724
 10
265.2692707708212
 20
228.0449257164057
 10
265.2583459076995
 20
228.1123313638476
 10
265.2475438813063
 20
228.1798183246866
 10
265.2368619701638
 20
228.247381336229
 10
265.2262974369809
 20
228.3150151693396
 10
265.2158475291519
 20
228.3827146278845
 10
265.2055094792546
 20
228.4504745481739
 10
265.1952805055466
 20
228.5182897984026
 10
265.1751385911242
 20
228.6540659175371
 10
265.1553992644797
 20
228.7900025473521
 10
265.1360398069528
 20
228.9260597243695
 10
265.1170373185604
 20
229.0621979417122
 10
265.0983687339182
 20
229.1983781312506
 10
265.0800108381742
 20
229.3345616457481
 10
265.0619402829298
 20
229.4707102410061
 10
265.0441336021726
 20
229.6067860580102
 10
265.0265672282022
 20
229.7427516050728
 10
265.0092175075683
 20
229.8785697398058
 10
264.992060717074
 20
230.014203650246
 10
264.9750730798184
 20
230.1496168353541
 10
264.9582307812458
 20
230.2847730854569
 10
264.9415099851958
 20
230.4196364626878
 10
264.9248868499529
 20
230.5541712814284
 10
264.9083375442911
 20
230.6883420887491
 10
264.8918382635298
 20
230.8221136448495
 10
264.8753652455762
 20
230.9554509035005
 10
264.8671311750948
 20
231.0219457674519
 10
264.8588947869795
 20
231.0883189924847
 10
264.8506531300947
 20
231.1545662435519
 10
264.8424032589758
 20
231.2206831940376
 10
264.8341422343305
 20
231.2866655251459
 10
264.8258671235406
 20
231.3525089252889
 10
264.817575001164
 20
231.4182090894758
 10
264.809262949435
 20
231.483761718702
 10
264.8009280587686
 20
231.5491625193379
 10
264.7925674282573
 20
231.6144072025171
 10
264.7841781661776
 20
231.6794914835258
 10
264.7757573904879
 20
231.744411081191
 10
264.7673022293339
 20
231.8091617172699
 10
264.7588098215447
 20
231.8737391158383
 10
264.750277317139
 20
231.9381390026794
 10
264.7417018778249
 20
232.0023571046732
 10
264.7330806774969
 20
232.0663891491989
 10
264.7244109027283
 20
232.130230863558
 10
264.7156897532605
 20
232.193877974402
 10
264.7069144424938
 20
232.2573262071621
 10
264.6980821979763
 20
232.3205712854772
 10
264.6891902618949
 20
232.3836089306241
 10
264.6802358915636
 20
232.4464348609447
 10
264.6712163599143
 20
232.5090447912759
 10
264.6621289559872
 20
232.5714344323774
 10
264.6529709854205
 20
232.6335994903615
 10
264.643739770939
 20
232.6955356661216
 10
264.6344326528455
 20
232.7572386547606
 10
264.6250469895099
 20
232.81870414502
 10
264.6155801578586
 20
232.8799278187086
 10
264.6060295538665
 20
232.9409053501316
 10
264.5963925930452
 20
233.0016324055188
 10
264.5866667109312
 20
233.0621046424542
 10
264.5768493635804
 20
233.1223177093036
 10
264.5669380280536
 20
233.182267244645
 10
264.5569302029092
 20
233.2419488766956
 10
264.5468234086901
 20
233.3013582227423
 10
264.5366151884172
 20
233.3604908885695
 10
264.5263031080773
 20
233.4193424678876
 10
264.5158847571134
 20
233.4779085417629
 10
264.5053577489131
 20
233.5361846780456
 10
264.4947197213008
 20
233.5941664307986
 10
264.483968337027
 20
233.651849339727
 10
264.4731012842566
 20
233.7092289296057
 10
264.4621162770602
 20
233.7663007097092
 10
264.4510110559049
 20
233.8230601732401
 10
264.4397833881414
 20
233.8795027967576
 10
264.4284310684972
 20
233.9356240396074
 10
264.4169519195629
 20
233.9914193433482
 10
264.4053437922859
 20
234.0468841311825
 10
264.3936045664688
 20
234.1020138073687
 10
264.3817321512959
 20
234.156803756602
 10
264.3697244858631
 20
234.2112493433864
 10
264.357579539713
 20
234.2653459114018
 10
264.3452953133665
 20
234.3190887828766
 10
264.3328698388546
 20
234.372473257955
 10
264.3203011802526
 20
234.4254946140684
 10
264.3075874342127
 20
234.478148105304
 10
264.2947267304953
 20
234.5304289617752
 10
264.2817172325026
 20
234.5823323889914
 10
264.2685571378116
 20
234.6338535672272
 10
264.2552446787065
 20
234.684987650893
 10
264.2417781227109
 20
234.7357297679034
 10
264.2281557731211
 20
234.7860750190486
 10
264.2143759695382
 20
234.8360184773627
 10
264.2004370884016
 20
234.8855551874946
 10
264.1863375435217
 20
234.9346801650765
 10
264.1720757866103
 20
234.9833883960948
 10
264.1576503078174
 20
235.0316748362596
 10
264.1430596362592
 20
235.0795344103737
 10
264.1283023405553
 20
235.1269620117029
 10
264.1208607722739
 20
235.1505122179404
 10
264.1133770293574
 20
235.1739525013464
 10
264.1058509442308
 20
235.1972822144284
 10
264.0982823518856
 20
235.220500707605
 10
264.0906710899014
 20
235.2436073291858
 10
264.0830169984585
 20
235.2666014253521
 10
264.0753199203548
 20
235.2894823401361
 10
264.067579701025
 20
235.3122494154028
 10
264.0597961885562
 20
235.3349019908292
 10
264.0519692337023
 20
235.3574394038844
 10
264.044098689903
 20
235.3798609898115
 10
264.0361844133009
 20
235.4021660816056
 10
264.0282262627569
 20
235.4243540099955
 10
264.0202240998648
 20
235.4464241034251
 10
264.012177788974
 20
235.4683756880304
 10
264.0040871971988
 20
235.4902080876239
 10
263.9959521944413
 20
235.511920623671
 10
263.987772653403
 20
235.5335126152732
 10
263.9795484496065
 20
235.5549833791467
 10
263.9712794614069
 20
235.5763322296042
 10
263.9629655700122
 20
235.5975584785336
 10
263.9546066594989
 20
235.6186614353791
 10
263.9462026168284
 20
235.6396404071215
 10
263.9377533318627
 20
235.6604946982592
 10
263.9292586973836
 20
235.6812236107864
 10
263.920718609102
 20
235.7018264441823
 10
263.9121329656567
 20
235.7223024954139
 10
263.9035016686024
 20
235.7426510589526
 10
263.8948246224012
 20
235.7628714267889
 10
263.886101734411
 20
235.7829628884485
 10
263.8773329148722
 20
235.8029247310069
 10
263.8685180769012
 20
235.8227562391058
 10
263.8596571364761
 20
235.842456694968
 10
263.8507500124276
 20
235.8620253784141
 10
263.841796626428
 20
235.8814615668762
 10
263.8327969029794
 20
235.9007645354146
 10
263.8237507694051
 20
235.9199335567335
 10
263.8146581558355
 20
235.9389679011954
 10
263.8055189952008
 20
235.9578668368382
 10
263.7963332232182
 20
235.9766296293893
 10
263.7871007783809
 20
235.9952555422815
 10
263.7778216019484
 20
236.0137438366696
 10
263.7684956379349
 20
236.0320937714436
 10
263.7591228331001
 20
236.050304603247
 10
263.7497031369345
 20
236.0683755864902
 10
263.740236501654
 20
236.0863059733671
 10
263.7307228821843
 20
236.1040950138699
 10
263.7211622361529
 20
236.1217419558053
 10
263.7115545238776
 20
236.1392460448102
 10
263.7018997083555
 20
236.1566065243656
 10
263.6921977552519
 20
236.1738226358144
 10
263.6824486328905
 20
236.1908936183755
 10
263.6726523122417
 20
236.2078187091589
 10
263.6628087669123
 20
236.2245971431829
 10
263.6529179731336
 20
236.2412281533882
 10
263.6429799097535
 20
236.2577109706542
 10
263.6329945582224
 20
236.2740448238136
 10
263.6229619025824
 20
236.2902289396689
 10
263.6128819294606
 20
236.3062625430083
 10
263.6027546280533
 20
236.3221448566187
 10
263.5925799901191
 20
236.3378751013042
 10
263.5823580099649
 20
236.3534524959008
 10
263.5720886844369
 20
236.3688762572902
 10
263.5617720129111
 20
236.3841456004178
 10
263.5514079972788
 20
236.3992597383069
 10
263.5409966419388
 20
236.4142178820734
 10
263.530537953786
 20
236.4290192409434
 10
263.5200319422003
 20
236.4436630222673
 10
263.5094786190351
 20
236.4581484315355
 10
263.498877998608
 20
236.4724746723946
 10
263.4882300976885
 20
236.4866409466611
 10
263.4775349354891
 20
236.5006464543402
 10
263.4667925336517
 20
236.5144903936375
 10
263.45600291624
 20
236.5281719609772
 10
263.4451661097261
 20
236.5416903510168
 10
263.4342821429813
 20
236.555044756662
 10
263.423351047264
 20
236.568234369084
 10
263.4123728562107
 20
236.5812583777324
 10
263.4013476058228
 20
236.5941159703536
 10
263.3902753344591
 20
236.6068063330033
 10
263.37915608282
 20
236.6193286500652
 10
263.3679898939429
 20
236.6316821042632
 10
263.356776813187
 20
236.6438658766807
 10
263.3455168882222
 20
236.6558791467722
 10
263.3342101690227
 20
236.6677210923817
 10
263.3228567078511
 20
236.6793908897566
 10
263.3114565592505
 20
236.6908877135645
 10
263.300009780033
 20
236.7022107369078
 10
263.2885164292698
 20
236.713359131339
 10
263.2769765682787
 20
236.7243320668771
 10
263.2653902606134
 20
236.7351287120226
 10
263.2537575720554
 20
236.7457482337736
 10
263.2420785705993
 20
236.7561897976397
 10
263.230353326445
 20
236.76645256766
 10
263.2185819119844
 20
236.7765357064176
 10
263.2067644017915
 20
236.7864383750577
 10
263.1949008726069
 20
236.7961597333045
 10
263.1829914033307
 20
236.805698939478
 10
263.1710360750064
 20
236.8150551505115
 10
263.1590349708109
 20
236.8242275219688
 10
263.1469881760422
 20
236.8332152080613
 10
263.1348957781073
 20
236.8420173616641
 10
263.1227578665117
 20
236.8506331343354
 10
263.1105745328438
 20
236.8590616763319
 10
263.0983458707679
 20
236.8673021366254
 10
263.0860719760081
 20
236.875353662922
 10
263.0737529463384
 20
236.883215401678
 10
263.0613888815698
 20
236.8908864981163
 10
263.0489798835405
 20
236.8983660962454
 10
263.0365260561006
 20
236.9056533388751
 10
263.0240275051029
 20
236.9127473676339
 10
263.01148433839
 20
236.919647322987
 10
262.9988966657809
 20
236.9263523442518
 10
262.9862645990623
 20
236.9328615696165
 10
262.9735882519747
 20
236.939174136157
 10
262.9608677401989
 20
236.9452891798534
 10
262.9481031813483
 20
236.9512058356075
 10
262.935294694952
 20
236.9569232372597
 10
262.9224424024467
 20
236.9624405176077
 10
262.9095464271628
 20
236.9677568084201
 10
262.8966068943132
 20
236.9728712404582
 10
262.8836239309819
 20
236.9777829434885
 10
262.87059766611
 20
236.9824910463036
 10
262.8575282304855
 20
236.9869946767373
 10
262.844415756732
 20
236.9912929616822
 10
262.8312603792938
 20
236.9953850271064
 10
262.8180622344276
 20
236.9992699980716
 10
262.8048214601882
 20
237.00294699875
 10
262.7915381964168
 20
237.0064151524408
 10
262.7782125847299
 20
237.0096735815873
 10
262.7648447685068
 20
237.0127214077952
 10
262.7514348928774
 20
237.0155577518489
 10
262.7379831047117
 20
237.0181817337281
 10
262.7244895526063
 20
237.0205924726262
 10
262.7109543868712
 20
237.0227890869668
 10
262.6973777595225
 20
237.0247706944202
 10
262.6837598242657
 20
237.0265364119219
 10
262.6701007364857
 20
237.0280853556885
 10
262.6564006532364
 20
237.0294166412358
 10
262.6426597332247
 20
237.0305293833955
 10
262.6288781368028
 20
237.0314226963318
 10
262.6150560259536
 20
237.0320956935598
 10
262.60119356428
 20
237.0325474879612
 10
262.5872909169929
 20
237.0327771918026
 10
262.5733482508985
 20
237.0327839167524
 10
262.5593657343864
 20
237.032566773897
 10
262.5453435374182
 20
237.0321248737593
 10
262.531281831517
 20
237.0314573263151
 10
262.5171807897515
 20
237.0305632410103
 10
262.5030405867274
 20
237.0294417267778
 10
262.4888613985757
 20
237.0280918920555
 10
262.4746434029379
 20
237.0265128448021
 10
262.4603867789558
 20
237.0247036925162
 10
262.4460917072614
 20
237.022663542251
 10
262.4317583699598
 20
237.0203915006332
 10
262.4173869506238
 20
237.0178866738798
 10
262.402977634277
 20
237.0151481678148
 10
262.3885306073831
 20
237.0121750878866
 10
262.3740460578354
 20
237.0089665391856
 10
262.3595241749435
 20
237.0055216264598
 10
262.3449651494215
 20
237.001839454134
 10
262.3303691733763
 20
236.997919126326
 10
262.3157364402961
 20
236.9937597468628
 10
262.3010671450386
 20
236.9893604192983
 10
262.2863614838199
 20
236.9847202469296
 10
262.2716196542033
 20
236.9798383328136
 10
262.2568418550876
 20
236.9747137797833
 10
262.2420282866967
 20
236.9693456904658
 10
262.2271791505663
 20
236.9637331672967
 10
262.2122946495355
 20
236.9578753125391
 10
262.1973749877314
 20
236.951771228298
 10
262.1824203705632
 20
236.9454200165385
 10
262.1674310047052
 20
236.9388207791021
 10
262.1524070980907
 20
236.931972617723
 10
262.1373488598954
 20
236.9248746340454
 10
262.1222565005306
 20
236.9175259296385
 10
262.1071302316305
 20
236.9099256060154
 10
262.0919702660383
 20
236.9020727646484
 10
262.0767768177992
 20
236.8939665069854
 10
262.0615501021455
 20
236.8856059344674
 10
262.0462903354882
 20
236.8769901485443
 10
262.0309977354025
 20
236.8681182506926
 10
262.0156725206192
 20
236.8589893424305
 10
262.0003149110119
 20
236.8496025253365
 10
261.9849251275862
 20
236.8399569010641
 10
261.9695033924684
 20
236.8300515713595
 10
261.9540499288937
 20
236.8198856380779
 10
261.9385649611954
 20
236.8094582032008
 10
261.9230487147936
 20
236.7987683688511
 10
261.9075014161832
 20
236.787815237312
 10
261.8919232929242
 20
236.7765979110409
 10
261.876314573627
 20
236.7651154926885
 10
261.860675487946
 20
236.7533670851143
 10
261.8450062665637
 20
236.7413517914031
 10
261.8293071411816
 20
236.7290687148815
 10
261.8135783445093
 20
236.7165169591357
 10
261.7978201102509
 20
236.7036956280266
 10
261.782032673097
 20
236.690603825708
 10
261.7662162687111
 20
236.6772406566417
 10
261.7503711337175
 20
236.6636052256153
 10
261.7344975056919
 20
236.6496966377579
 10
261.7185956231501
 20
236.6355139985571
 10
261.7026657255349
 20
236.6210564138768
 10
261.6867080532069
 20
236.6063229899718
 10
261.6707228474309
 20
236.5913128335052
 10
261.6547103503673
 20
236.5760250515663
 10
261.6386708050579
 20
236.5604587516853
 10
261.6226044554161
 20
236.544613041851
 10
261.6065115462161
 20
236.5284870305272
 10
261.5903923230806
 20
236.5120798266699
 10
261.57424703247
 20
236.4953905397426
 10
261.5580759216702
 20
236.4784182797339
 10
261.5418792387818
 20
236.4611621571743
 10
261.525657232711
 20
236.4436212831525
 10
261.5094101531524
 20
236.4257947693319
 10
261.4931382505856
 20
236.407681727967
 10
261.476841776257
 20
236.3892812719209
 10
261.4605209821712
 20
236.3705925146811
 10
261.4441761210816
 20
236.3516145703769
 10
261.4278074464758
 20
236.3323465537949
 10
261.4114152125647
 20
236.3127875803972
 10
261.3949996742751
 20
236.2929367663364
 10
261.3785610872321
 20
236.2727932284732
 10
261.3620997077527
 20
236.2523560843929
 10
261.3456157928324
 20
236.2316244524221
 10
261.3291096001357
 20
236.2105974516451
 10
261.3125813879812
 20
236.1892742019202
 10
261.2960314153335
 20
236.1676538238976
 10
261.2794599417914
 20
236.1457354390342
 10
261.2628672275748
 20
236.1235181696122
 10
261.2462535335156
 20
236.1010011387537
 10
261.2296191210441
 20
236.0781834704406
 10
261.2129642521807
 20
236.0550642895284
 10
261.1962891895194
 20
236.0316427217651
 10
261.1795941962218
 20
236.0079178938092
 10
261.1628795360025
 20
235.9838889332443
 10
261.1461454731168
 20
235.9595549685984
 10
261.1293922723531
 20
235.93491512936
 10
261.1126201990172
 20
235.9099685459954
 10
261.0958295189226
 20
235.8847143499653
 10
261.079020498381
 20
235.8591516737433
 10
261.0621934041863
 20
235.833279650831
 10
261.0453485036069
 20
235.8070974157772
 10
261.0284860643744
 20
235.7806041041931
 10
261.0116063546683
 20
235.7537988527705
 10
260.9947096431083
 20
235.7266807992996
 10
260.9777961987414
 20
235.6992490826836
 10
260.9608662910313
 20
235.6715028429579
 10
260.9439201898444
 20
235.6434412213076
 10
260.926958165442
 20
235.6150633600823
 10
260.9099804884656
 20
235.5863684028157
 10
260.8929874299267
 20
235.5573554942409
 10
260.8759792611972
 20
235.5280237803079
 10
260.8589562539943
 20
235.4983724082018
 10
260.8419186803714
 20
235.4684005263582
 10
260.8248668127061
 20
235.438107284482
 10
260.8078009236883
 20
235.4074918335625
 10
260.7907212863104
 20
235.3765533258927
 10
260.7736281738532
 20
235.3452909150852
 10
260.7565218598763
 20
235.3137037560888
 10
260.7394026182062
 20
235.2817910052067
 10
260.7222707229247
 20
235.2495518201136
 10
260.7051264483575
 20
235.2169853598711
 10
260.6879700690627
 20
235.184090784947
 10
260.6708018598189
 20
235.1508672572311
 10
260.6536220956153
 20
235.1173139400533
 10
260.6364310516369
 20
235.0834299981988
 10
260.6192290032587
 20
235.0492145979274
 10
260.6020162260273
 20
235.014666906989
 10
260.584792995654
 20
234.9797860946419
 10
260.5675595880038
 20
234.9445713316691
 10
260.55031627908
 20
234.9090217903956
 10
260.5330633450164
 20
234.8731366447051
 10
260.5158010620633
 20
234.8369150700584
 10
260.4985297065791
 20
234.8003562435092
 10
260.4812495550157
 20
234.7634593437212
 10
260.4639608839081
 20
234.7262235509863
 10
260.4466639698637
 20
234.6886480472401
 10
260.42935908955
 20
234.6507320160813
 10
260.4120465196828
 20
234.6124746427863
 10
260.3947265370162
 20
234.5738751143276
 10
260.3773994183296
 20
234.5349326193912
 10
260.3600654404174
 20
234.4956463483924
 10
260.3427248800758
 20
234.4560154934946
 10
260.3253780140946
 20
234.4160392486247
 10
260.3080251192413
 20
234.3757168094915
 10
260.2906664722529
 20
234.3350473736023
 10
260.2733023498238
 20
234.29403014028
 10
260.2559330285941
 20
234.2526643106798
 10
260.2385587851369
 20
234.2109490878068
 10
260.2211798959493
 20
234.1688836765339
 10
260.2037966374388
 20
234.1264672836161
 10
260.1864092859125
 20
234.0836991177119
 10
260.1690181175661
 20
234.040578389396
 10
260.1516234084727
 20
233.9971043111792
 10
260.1342254345698
 20
233.9532760975249
 10
260.1168244716482
 20
233.9090929648658
 10
260.099420795342
 20
233.8645541316203
 10
260.0820146811166
 20
233.8196588182125
 10
260.0646064042556
 20
233.7744062470853
 10
260.0471962398523
 20
233.7287956427216
 10
260.0297844627946
 20
233.6828262316583
 10
260.0123713477571
 20
233.6364972425072
 10
259.9949571691888
 20
233.5898079059682
 10
259.9775422012993
 20
233.5427574548502
 10
259.9601267180509
 20
233.4953451240866
 10
259.9427109931452
 20
233.4475701507527
 10
259.9252953000119
 20
233.3994317740839
 10
259.9078799117979
 20
233.3509292354915
 10
259.8904651013556
 20
233.302061778582
 10
259.8730511412307
 20
233.2528286491724
 10
259.8556383036536
 20
233.2032290953093
 10
259.8382268605238
 20
233.153262367285
 10
259.8208170834019
 20
233.1029277176551
 10
259.8034092434976
 20
233.0522244012565
 10
259.7860036116572
 20
233.0011516752229
 10
259.7686004583518
 20
232.9497087990053
 10
259.751200053668
 20
232.8978950343855
 10
259.7338026672951
 20
232.8457096454966
 10
259.7164085685146
 20
232.7931518988385
 10
259.6990180261873
 20
232.7402210632952
 10
259.6816313087431
 20
232.6869164101542
 10
259.6642486841696
 20
232.6332372131208
 10
259.6468704200001
 20
232.5791827483375
 10
259.6294967833021
 20
232.5247522944009
 10
259.6121280406674
 20
232.4699451323784
 10
259.5947644581984
 20
232.4147605458265
 10
259.5774063014996
 20
232.359197820807
 10
259.5600538356625
 20
232.3032562459052
 10
259.5427073252583
 20
232.2469351122467
 10
259.5253670343225
 20
232.1902337135156
 10
259.5080332263469
 20
232.1331513459702
 10
259.4907061642666
 20
232.0756873084619
 10
259.4733861104477
 20
232.0178409024516
 10
259.4560733266779
 20
231.9596114320276
 10
259.4387680741543
 20
231.9009982039225
 10
259.4214706134716
 20
231.8420005275303
 10
259.4041812046115
 20
231.7826177149246
 10
259.386900106929
 20
231.7228490808751
 10
259.3696275791448
 20
231.6626939428652
 10
259.3523638793318
 20
231.6021516211094
 10
259.3351092649028
 20
231.5412214385704
 10
259.3178639926007
 20
231.4799027209768
 10
259.3006283184862
 20
231.4181947968399
 10
259.2834024979268
 20
231.3560969974712
 10
259.2661867855858
 20
231.2936086570007
 10
259.2489814354106
 20
231.230729112392
 10
259.2317867006206
 20
231.1674577034619
 10
259.2146028336957
 20
231.1037937728961
 10
259.1974300863678
 20
231.0397366662683
 10
259.1802687096042
 20
230.975285732055
 10
259.1631189536015
 20
230.910440321655
 10
259.1459810677713
 20
230.8451997894059
 10
259.1288553007286
 20
230.7795634926017
 10
259.1117419002824
 20
230.713530791509
 10
259.094641113423
 20
230.6471010493861
 10
259.0775531863087
 20
230.5802736324991
 10
259.0604783642595
 20
230.5130479101391
 10
259.0434168917398
 20
230.4454232546405
 10
259.0263690123521
 20
230.3773990413981
 10
259.0093349688222
 20
230.3089746488832
 10
258.9923150029885
 20
230.2401494586622
 10
258.9753093557923
 20
230.1709228554135
 10
258.9583182672643
 20
230.101294226945
 10
258.9413419765144
 20
230.0312629642114
 10
258.9243807217195
 20
229.9608284613305
 10
258.9074347401133
 20
229.8899901156027
 10
258.890504267973
 20
229.8187473275262
 10
258.8735895406105
 20
229.7470995008167
 10
258.8566907923574
 20
229.6750460424243
 10
258.8398082565573
 20
229.6025863625507
 10
258.822942165551
 20
229.5297198746686
 10
258.8060927506664
 20
229.4564459955389
 10
258.7892602422079
 20
229.3827641452274
 10
258.7724448694426
 20
229.3086737471242
 10
258.75564686059
 20
229.2341742279607
 10
258.7388664428121
 20
229.1592650178279
 10
258.7221038421995
 20
229.0839455501934
 10
258.7053592837601
 20
229.0082152619203
 10
258.6886329914084
 20
228.9320735932841
 10
258.6719251879543
 20
228.8555199879906
 10
258.655236095091
 20
228.7785538931953
 10
258.6385659333831
 20
228.7011747595182
 10
258.6219149222557
 20
228.6233820410648
 10
258.6052832799829
 20
228.5451751954415
 10
258.5886712236757
 20
228.4665536837753
 10
258.5720789692705
 20
228.3875169707302
 10
258.5555067315194
 20
228.3080645245254
 10
258.5389547239754
 20
228.2281958169543
 10
258.5224231589838
 20
228.1479103233996
 10
258.5059122476694
 20
228.0672075228545
 10
258.4894221999249
 20
227.9860868979378
 10
258.4729532243999
 20
227.9045479349136
 10
258.456505528489
 20
227.8225901237076
 10
258.4400793183202
 20
227.7402129579261
 10
258.4236747987436
 20
227.6574159348727
 10
258.4072921733208
 20
227.5741985555681
 10
258.390931644311
 20
227.4905603247652
 10
258.3745934126616
 20
227.4065007509694
 10
258.3582776779962
 20
227.3220193464539
 10
258.3419846386029
 20
227.2371156272811
 10
258.3257144914218
 20
227.1517891133168
 10
258.3094674320356
 20
227.0660393282495
 10
258.293243654656
 20
226.9798657996089
 10
258.2770433521147
 20
226.8932680587829
 10
258.2608667158478
 20
226.8062456410352
 10
258.2447139358889
 20
226.7187980855243
 10
258.2285852008542
 20
226.6309249353199
 10
258.2124806979333
 20
226.5426257374213
 10
258.1964006128757
 20
226.4539000427759
 10
258.1803451299804
 20
226.3647474062962
 10
258.1643144320842
 20
226.2751673868773
 10
258.1483087005505
 20
226.185159547416
 10
258.1323281152572
 20
226.0947234548273
 10
258.1163728545844
 20
226.0038586800636
 10
258.1004430954055
 20
225.9125647981311
 10
258.0845390130738
 20
225.820841388108
 10
258.0686607814102
 20
225.7286880331633
 10
258.0528085726941
 20
225.6361043205737
 10
258.0369825576489
 20
225.5430898417413
 10
258.021182905433
 20
225.4496441922125
 10
258.0054097836286
 20
225.3557669716938
 10
257.9896633582266
 20
225.2614577840728
 10
257.9739437936187
 20
225.166716237432
 10
257.9582512525846
 20
225.0715419440703
 10
257.9425858962808
 20
224.9759345205188
 10
257.9269478842271
 20
224.8798935875592
 10
257.9113373743001
 20
224.7834187702411
 10
257.8957545227145
 20
224.6865096979008
 10
257.8801994840176
 20
224.5891660041781
 10
257.8646724110756
 20
224.4913873270349
 10
257.8491734550607
 20
224.393173308773
 10
257.8337027654437
 20
224.2945235960514
 10
257.818260489976
 20
224.1954378399039
 10
257.8028467746849
 20
224.0959156957578
 10
257.7874617638581
 20
223.9959568234517
 10
257.7721056000321
 20
223.8955608872534
 10
257.7567784239823
 20
223.7947275558787
 10
257.7414803747096
 20
223.6934565025088
 10
257.7262115894305
 20
223.5917474048098
 10
257.7109722035646
 20
223.4895999449507
 10
257.6957623507222
 20
223.3870138096209
 10
257.6805821626932
 20
223.2839886900497
 10
257.6654317694373
 20
223.1805242820242
 10
257.6503112990689
 20
223.0766202859071
 10
257.6352208778482
 20
222.9722764066556
 10
257.6201606301685
 20
222.8674923538403
 10
257.6051306785444
 20
222.7622678416618
 10
257.5901311436003
 20
222.6566025889705
 10
257.5751621440596
 20
222.5504963192851
 10
257.5602237967322
 20
222.4439487608094
 10
257.5453162165033
 20
222.3369596464521
 10
257.5304395163196
 20
222.2295287138448
 10
257.5155938071822
 20
222.1216557053597
 10
257.5007791981307
 20
222.0133403681288
 10
257.4859957962329
 20
221.9045824540614
 10
257.471243706575
 20
221.7953817198631
 10
257.4565230322478
 20
221.6857379270538
 10
257.4418338743336
 20
221.5756508419863
 10
257.4271763318999
 20
221.4651202358642
 10
257.4125505019825
 20
221.3541458847605
 10
257.3979564795759
 20
221.2427275696363
 10
257.3833943576218
 20
221.130865076358
 10
257.3688642269971
 20
221.0185581957172
 10
257.3543661765033
 20
220.9058067234474
 10
257.3399002928526
 20
220.7926104602442
 10
257.3254666606587
 20
220.6789692117815
 10
257.3110653624235
 20
220.5648827887316
 10
257.2966964785264
 20
220.4503510067823
 10
257.2823600872122
 20
220.3353736866563
 10
257.2680562645788
 20
220.2199506541288
 10
257.2537850845672
 20
220.1040817400462
 10
257.2395466189495
 20
219.987766780344
 10
257.2253409373147
 20
219.8710056160653
 10
257.2111681070613
 20
219.7537980933798
 10
257.1970281933825
 20
219.6361440636013
 10
257.1829212592553
 20
219.5180433832057
 10
257.1688473654295
 20
219.3994959138509
 10
257.1548065704151
 20
219.2805015223939
 10
257.1407989304718
 20
219.1610600809091
 10
257.1268244995967
 20
219.0411714667071
 10
257.1128833295126
 20
218.9208355623529
 10
257.0989754696553
 20
218.8000522556842
 10
257.0851009671655
 20
218.6788214398296
 10
257.0712598668727
 20
218.5571430132276
 10
257.057452211287
 20
218.4350168796437
 10
257.0436780405853
 20
218.3124429481896
 10
257.0299373926013
 20
218.189421133342
 10
257.0162303028115
 20
218.0659513549592
 10
257.0025568043262
 20
217.9420335383014
 10
256.9889169278771
 20
217.8176676140482
 10
256.9753107018041
 20
217.6928535183164
 10
256.9617381520465
 20
217.5675911926791
 10
256.9481993021287
 20
217.4418805841838
 10
256.9346941731488
 20
217.3157216453703
 10
256.9212227837695
 20
217.1891143342898
 10
256.9077851502032
 20
217.0620586145235
 10
256.8943812862028
 20
216.934554455199
 10
256.8810112030488
 20
216.8066018310103
 10
256.8676749095384
 20
216.6782007222368
 10
256.8543724119727
 20
216.5493511147592
 10
256.8411037141459
 20
216.4200530000801
  0
LWPOLYLINE
  5
7E
330
70
100
AcDbEntity
  8
0
 62
    18
420
        0
370
    25
100
AcDbPolyline
 90
     1555
 70
     0
 43
0.0
 10
256.8411037141459
 20
216.4200530000801
 10
256.8278677129063
 20
216.5491080880291
 10
256.8146080669123
 20
216.6777685029118
 10
256.8013247784875
 20
216.8060342450794
 10
256.7880178514903
 20
216.9339053151249
 10
256.7746872913079
 20
217.0613817138935
 10
256.7613331048487
 20
217.188463442493
 10
256.7479553005364
 20
217.3151505023017
 10
256.7345538883013
 20
217.4414428949795
 10
256.7211288795758
 20
217.5673406224774
 10
256.7076802872838
 20
217.6928436870459
 10
256.6942081258378
 20
217.8179520912463
 10
256.6807124111283
 20
217.9426658379592
 10
256.6671931605196
 20
218.0669849303943
 10
256.6536503928404
 20
218.1909093721007
 10
256.64008412838
 20
218.3144391669755
 10
256.6264943888772
 20
218.437574319274
 10
256.6128811975159
 20
218.56031483362
 10
256.5992445789196
 20
218.6826607150141
 10
256.5855845591397
 20
218.8046119688438
 10
256.5719011656526
 20
218.9261686008932
 10
256.5581944273522
 20
219.047330617354
 10
256.54446437454
 20
219.1680980248327
 10
256.5307110389217
 20
219.2884708303609
 10
256.5169344535989
 20
219.4084490414073
 10
256.5031346530608
 20
219.5280326658831
 10
256.4893116731785
 20
219.6472217121559
 10
256.4754655511993
 20
219.7660161890567
 10
256.4615963257356
 20
219.8844161058903
 10
256.4477040367627
 20
220.0024214724446
 10
256.4337887256091
 20
220.1200322990005
 10
256.4198504349493
 20
220.2372485963425
 10
256.4058892087984
 20
220.3540703757659
 10
256.3919050925043
 20
220.4704976490889
 10
256.3778981327402
 20
220.5865304286612
 10
256.3638683774981
 20
220.7021687273735
 10
256.3498158760817
 20
220.8174125586669
 10
256.3357406790999
 20
220.9322619365436
 10
256.3216428384584
 20
221.0467168755758
 10
256.3075224073553
 20
221.1607773909148
 10
256.2933794402724
 20
221.2744434983012
 10
256.2792139929659
 20
221.387715214076
 10
256.2650261224638
 20
221.5005925551869
 10
256.2508158870574
 20
221.6130755392013
 10
256.2365833462931
 20
221.7251641843133
 10
256.2223285609655
 20
221.8368585093552
 10
256.2080515931116
 20
221.9481585338064
 10
256.1937525060041
 20
222.059064277803
 10
256.1794313641414
 20
222.1695757621469
 10
256.1650882332457
 20
222.279693008317
 10
256.1507231802508
 20
222.3894160384773
 10
256.1363362732973
 20
222.4987448754867
 10
256.121927581728
 20
222.6076795429101
 10
256.1074971760764
 20
222.7162200650258
 10
256.0930451280627
 20
222.8243664668371
 10
256.0785715105859
 20
222.9321187740806
 10
256.0640763977171
 20
223.0394770132365
 10
256.0495598646912
 20
223.1464412115382
 10
256.0350219879037
 20
223.2530113969817
 10
256.0204628448982
 20
223.3591875983354
 10
256.0058825143637
 20
223.4649698451495
 10
255.9912810761256
 20
223.5703581677658
 10
255.9766586111399
 20
223.6753525973276
 10
255.9620152014858
 20
223.7799531657886
 10
255.9473509303564
 20
223.8841599059241
 10
255.9326658820561
 20
223.9879728513378
 10
255.9179601419907
 20
224.0913920364744
 10
255.903233796661
 20
224.1944174966281
 10
255.8884869336546
 20
224.2970492679515
 10
255.8737196416414
 20
224.3992873874657
 10
255.8589320103657
 20
224.5011318930706
 10
255.8441241306374
 20
224.6025828235543
 10
255.8292960943286
 20
224.7036402186026
 10
255.8144479943618
 20
224.8043041188098
 10
255.7995799247087
 20
224.9045745656874
 10
255.7846919803792
 20
225.0044516016747
 10
255.7697842574153
 20
225.1039352701493
 10
255.7548568528853
 20
225.2030256154358
 10
255.7399098648769
 20
225.301722682817
 10
255.7249433924869
 20
225.4000265185426
 10
255.7099575358212
 20
225.4979371698393
 10
255.6949523959794
 20
225.5954546849221
 10
255.679928075055
 20
225.6925791130024
 10
255.6648846761244
 20
225.7893105042989
 10
255.6498223032414
 20
225.8856489100473
 10
255.6347410614312
 20
225.9815943825101
 10
255.6196410566811
 20
226.0771469749874
 10
255.6045223959348
 20
226.1723067418247
 10
255.5893851870864
 20
226.2670737384249
 10
255.5742295389731
 20
226.3614480212582
 10
255.5590555613665
 20
226.4554296478697
 10
255.543863364968
 20
226.5490186768922
 10
255.5286530614012
 20
226.6422151680541
 10
255.5134247632035
 20
226.7350191821905
 10
255.4981785838219
 20
226.8274307812524
 10
255.4829146376036
 20
226.9194500283167
 10
255.4676330397906
 20
227.0110769875969
 10
255.4523339065118
 20
227.1023117244514
 10
255.4370173547771
 20
227.1931543053951
 10
255.4216835024699
 20
227.2836047981087
 10
255.4063324683405
 20
227.3736632714478
 10
255.3909643719983
 20
227.4633297954548
 10
255.3755793339063
 20
227.5526044413659
 10
255.3601774753719
 20
227.6414872816243
 10
255.3447589185438
 20
227.7299783898872
 10
255.3293237864011
 20
227.8180778410382
 10
255.3138722027487
 20
227.9057857111942
 10
255.2984042922103
 20
227.9931020777192
 10
255.2829201802194
 20
228.0800270192312
 10
255.2674199930156
 20
228.1665606156124
 10
255.2519038576356
 20
228.2527029480208
 10
255.2363719019061
 20
228.3384540988986
 10
255.220824254438
 20
228.4238141519828
 10
255.2052610446189
 20
228.5087831923146
 10
255.1896824026071
 20
228.5933613062499
 10
255.1740884593229
 20
228.6775485814688
 10
255.1584793464428
 20
228.761345106986
 10
255.1428551963929
 20
228.8447509731595
 10
255.1272161423419
 20
228.9277662717024
 10
255.1115623181918
 20
229.0103910956909
 10
255.0958938585756
 20
229.0926255395758
 10
255.0802108988468
 20
229.1744696991913
 10
255.0645135750739
 20
229.2559236717656
 10
255.0488020240312
 20
229.3369875559303
 10
255.0330763831968
 20
229.4176614517303
 10
255.0173367907403
 20
229.497945460635
 10
255.0015833855194
 20
229.5778396855462
 10
254.9858163070723
 20
229.6573442308093
 10
254.9700356956082
 20
229.7364592022229
 10
254.9542416920052
 20
229.8151847070485
 10
254.9384344377996
 20
229.8935208540215
 10
254.9226140751791
 20
229.9714677533594
 10
254.9067807469787
 20
230.0490255167727
 10
254.890934596671
 20
230.1261942574747
 10
254.8750757683603
 20
230.2029740901917
 10
254.8592044067759
 20
230.2793651311724
 10
254.8433206572648
 20
230.3553674981977
 10
254.8274246657852
 20
230.4309813105921
 10
254.8115165788991
 20
230.5062066892304
 10
254.7955965437657
 20
230.5810437565522
 10
254.7796647081347
 20
230.6554926365679
 10
254.7637212203388
 20
230.7295534548712
 10
254.747766229288
 20
230.8032263386491
 10
254.7317998844617
 20
230.8765114166906
 10
254.7158223359025
 20
230.9494088193996
 10
254.699833734209
 20
231.0219186788023
 10
254.6838342305287
 20
231.0940411285584
 10
254.6678239765518
 20
231.1657763039719
 10
254.6518031245051
 20
231.2371243420008
 10
254.635771827142
 20
231.308085381267
 10
254.6197302377394
 20
231.3786595620669
 10
254.6036785100893
 20
231.4488470263807
 10
254.5876167984916
 20
231.5186479178845
 10
254.5715452577471
 20
231.5880623819584
 10
254.5554640431516
 20
231.6570905656974
 10
254.5393733104889
 20
231.7257326179223
 10
254.5232732160238
 20
231.7939886891892
 10
254.5071639164937
 20
231.8618589317989
 10
254.4910455691049
 20
231.929343499809
 10
254.4749183315224
 20
231.9964425490425
 10
254.458782361867
 20
232.0631562370986
 10
254.4426378187042
 20
232.1294847233624
 10
254.4264848610395
 20
232.1954281690162
 10
254.4103236483126
 20
232.2609867370477
 10
254.394154340388
 20
232.3261605922626
 10
254.3779770975506
 20
232.3909499012927
 10
254.3617920804966
 20
232.4553548326075
 10
254.3455994503291
 20
232.5193755565239
 10
254.3293993685489
 20
232.5830122452152
 10
254.3131919970497
 20
232.6462650727236
 10
254.2969774981094
 20
232.7091342149683
 10
254.2807560343846
 20
232.7716198497571
 10
254.2645277689028
 20
232.8337221567959
 10
254.248292865058
 20
232.8954413176984
 10
254.2320514865988
 20
232.9567775159972
 10
254.2158037976276
 20
233.0177309371538
 10
254.1995499625894
 20
233.0783017685686
 10
254.1832901462662
 20
233.1384901995905
 10
254.1670245137715
 20
233.198296421528
 10
254.1507532305412
 20
233.2577206276592
 10
254.134476462328
 20
233.316763013242
 10
254.118194375196
 20
233.3754237755226
 10
254.1019071355107
 20
233.4337031137494
 10
254.0856149099337
 20
233.4916012291786
 10
254.0693178654169
 20
233.5491183250888
 10
254.0530161691936
 20
233.6062546067873
 10
254.0367099887749
 20
233.6630102816235
 10
254.0203994919374
 20
233.7193855589965
 10
254.004084846723
 20
233.7753806503665
 10
253.9877662214266
 20
233.8309957692661
 10
253.971443784592
 20
233.8862311313075
 10
253.955117705004
 20
233.9410869541956
 10
253.9387881516828
 20
233.9955634577368
 10
253.9224552938765
 20
234.0496608638491
 10
253.9061193010534
 20
234.1033793965722
 10
253.8897803428961
 20
234.1567192820792
 10
253.8734385892937
 20
234.2096807486843
 10
253.8570942103383
 20
234.2622640268554
 10
253.8407473763115
 20
234.3144693492224
 10
253.8243982576854
 20
234.3662969505881
 10
253.8080470251108
 20
234.4177470679386
 10
253.7916938494099
 20
234.4688199404538
 10
253.775338901573
 20
234.5195158095159
 10
253.758982352749
 20
234.569834918722
 10
253.7426243742401
 20
234.6197775138922
 10
253.7262651374929
 20
234.6693438430806
 10
253.7099048140937
 20
234.7185341565857
 10
253.6935435757601
 20
234.76734870696
 10
253.6771815943364
 20
234.8157877490224
 10
253.6608190417839
 20
234.8638515398658
 10
253.6444560901742
 20
234.9115403388709
 10
253.6280929116866
 20
234.9588544077144
 10
253.6117296785943
 20
235.0057940103815
 10
253.5953665632647
 20
235.0523594131752
 10
253.5790037381473
 20
235.0985508847279
 10
253.5626413757681
 20
235.1443686960112
 10
253.5462796487248
 20
235.1898131203476
 10
253.5299187296788
 20
235.2348844334198
 10
253.5135587913453
 20
235.2795829132832
 10
253.4972000064922
 20
235.323908840374
 10
253.4808425479282
 20
235.367862497523
 10
253.464486588499
 20
235.4114441699632
 10
253.4481323010783
 20
235.4546541453427
 10
253.4317798585622
 20
235.4974927137342
 10
253.4154294338636
 20
235.5399601676456
 10
253.399081199901
 20
235.5820568020314
 10
253.3827353295972
 20
235.6237829143029
 10
253.3663919958681
 20
235.6651388043392
 10
253.3500513716175
 20
235.706124774497
 10
253.3337136297314
 20
235.7467411296217
 10
253.3173789430688
 20
235.7869881770591
 10
253.3010474844558
 20
235.8268662266644
 10
253.2847194266797
 20
235.8663755908139
 10
253.2683949424799
 20
235.9055165844144
 10
253.2520742045448
 20
235.9442895249163
 10
253.2357573855004
 20
235.982694732322
 10
253.2194446579066
 20
236.0207325291966
 10
253.2031361942483
 20
236.058403240681
 10
253.1868321669319
 20
236.0957071944985
 10
253.1705327482737
 20
236.1326447209702
 10
253.1542381104961
 20
236.169216153021
 10
253.1379484257212
 20
236.2054218261942
 10
253.1216638659617
 20
236.241262078659
 10
253.1053846031153
 20
236.276737251224
 10
253.0891108089577
 20
236.3118476873451
 10
253.0728426551363
 20
236.3465937331385
 10
253.056580313162
 20
236.3809757373898
 10
253.0403239544043
 20
236.4149940515651
 10
253.0240737500814
 20
236.4486490298221
 10
253.007829871256
 20
236.4819410290202
 10
252.991592488828
 20
236.5148704087311
 10
252.975361773528
 20
236.5474375312509
 10
252.9591378959073
 20
236.5796427616076
 10
252.942921026335
 20
236.6114864675757
 10
252.9267113349904
 20
236.6429690196832
 10
252.9105089918532
 20
236.6740907912251
 10
252.8943141666996
 20
236.7048521582721
 10
252.8781270290946
 20
236.7352534996827
 10
252.8619477483861
 20
236.7652951971128
 10
252.8457764936955
 20
236.7949776350267
 10
252.8296134339129
 20
236.824301200708
 10
252.8134587376892
 20
236.8532662842699
 10
252.7973125734316
 20
236.8818732786662
 10
252.7811751092918
 20
236.9101225797014
 10
252.7650465131652
 20
236.9380145860418
 10
252.7489269526795
 20
236.9655496992265
 10
252.7328165951886
 20
236.9927283236773
 10
252.7167156077684
 20
237.0195508667095
 10
252.7006241572076
 20
237.0460177385429
 10
252.6845424099999
 20
237.0721293523124
 10
252.6684705323391
 20
237.0978861240781
 10
252.6524086901133
 20
237.1232884728372
 10
252.6363570488936
 20
237.1483368205329
 10
252.6203157739325
 20
237.1730315920666
 10
252.6042850301529
 20
237.197373215308
 10
252.5882649821436
 20
237.2213621211052
 10
252.5722557941513
 20
237.2449987432968
 10
252.5562576300755
 20
237.2682835187209
 10
252.5402706534585
 20
237.2912168872273
 10
252.5242950274823
 20
237.3137992916884
 10
252.5083309149588
 20
237.3360311780088
 10
252.4923784783245
 20
237.357912995137
 10
252.4764378796341
 20
237.3794451950757
 10
252.4605092805515
 20
237.4006282328927
 10
252.4445928423459
 20
237.4214625667327
 10
252.4286887258828
 20
237.4419486578263
 10
252.4127970916173
 20
237.4620869705017
 10
252.3969180995897
 20
237.4818779721962
 10
252.3810519094149
 20
237.5013221334656
 10
252.3651986802793
 20
237.5204199279959
 10
252.3493585709302
 20
237.539171832614
 10
252.3335317396727
 20
237.5575783272981
 10
252.3177183443611
 20
237.5756398951887
 10
252.3019185423913
 20
237.5933570226001
 10
252.2861324906946
 20
237.6107301990292
 10
252.2703603457338
 20
237.6277599171692
 10
252.2546022634901
 20
237.6444466729171
 10
252.2388583994625
 20
237.660790965388
 10
252.2231289086573
 20
237.6767932969226
 10
252.2074139455833
 20
237.6924541731
 10
252.1917136642426
 20
237.7077741027484
 10
252.1760282181264
 20
237.7227535979547
 10
252.1603577602074
 20
237.7373931740766
 10
252.1447024429308
 20
237.7516933497525
 10
252.1290624182118
 20
237.7656546469127
 10
252.1134378374247
 20
237.77927759079
 10
252.0978288513975
 20
237.7925627099315
 10
252.0822356104061
 20
237.8055105362069
 10
252.0666582641663
 20
237.8181216048222
 10
252.0510969618278
 20
237.8303964543284
 10
252.0355518519656
 20
237.8423356266338
 10
252.0200230825767
 20
237.8539396670134
 10
252.0045108010684
 20
237.8652091241206
 10
251.9890151542562
 20
237.8761445499977
 10
251.9735362883546
 20
237.8867465000872
 10
251.9580743489701
 20
237.8970155332408
 10
251.9426294810954
 20
237.9069522117333
 10
251.9272018291017
 20
237.9165571012701
 10
251.9117915367322
 20
237.9258307710002
 10
251.8963987470961
 20
237.9347737935264
 10
251.8810236026608
 20
237.9433867449155
 10
251.8656662452451
 20
237.95167020471
 10
251.8503268160118
 20
237.959624755938
 10
251.8350054554641
 20
237.967250985125
 10
251.819702303434
 20
237.9745494823037
 10
251.8044174990791
 20
237.981520841025
 10
251.7891511808742
 20
237.9881656583698
 10
251.7739034866055
 20
237.9944845349587
 10
251.7586745533612
 20
238.0004780749626
 10
251.7434645175292
 20
238.0061468861148
 10
251.7282735147866
 20
238.0114915797199
 10
251.7131016800929
 20
238.0165127706669
 10
251.6979491476857
 20
238.021211077438
 10
251.6828160510725
 20
238.0255871221204
 10
251.6677025230228
 20
238.0296415304164
 10
251.6526086955629
 20
238.0333749316555
 10
251.6375346999683
 20
238.0367879588034
 10
251.6224806667581
 20
238.0398812484744
 10
251.6074467256859
 20
238.0426554409412
 10
251.5924330057337
 20
238.0451111801459
 10
251.5774396351084
 20
238.0472491137114
 10
251.5624667412291
 20
238.0490698929506
 10
251.5475144507262
 20
238.0505741728793
 10
251.5325828894283
 20
238.0517626122259
 10
251.517672182363
 20
238.0526358734428
 10
251.5027824537419
 20
238.0531946227181
 10
251.4879138269586
 20
238.0534395299886
 10
251.4730664245802
 20
238.0533712689504
 10
251.4582403683403
 20
238.0529905170715
 10
251.4434357791317
 20
238.0522979556035
 10
251.4286527769991
 20
238.0512942695937
 10
251.4138914811328
 20
238.049980147896
 10
251.3991520098602
 20
238.0483562831843
 10
251.3844344806411
 20
238.0464233719634
 10
251.3697390100582
 20
238.0441821145806
 10
251.3550657138117
 20
238.0416332152393
 10
251.3404147067105
 20
238.0387773820084
 10
251.3257861026678
 20
238.0356153268361
 10
251.3111800146905
 20
238.0321477655612
 10
251.2965965548754
 20
238.0283754179245
 10
251.2820358344004
 20
238.0242990075815
 10
251.2674979635172
 20
238.0199192621139
 10
251.2529830515457
 20
238.0152369130411
 10
251.2384912068649
 20
238.0102526958327
 10
251.2240225369075
 20
238.0049673499204
 10
251.2095771481531
 20
237.9993816187091
 10
251.1951551461184
 20
237.9934962495898
 10
251.1807566353533
 20
237.9873119939502
 10
251.166381719432
 20
237.9808296071884
 10
251.1520305009466
 20
237.9740498487233
 10
251.1377030814994
 20
237.9669734820068
 10
251.1233995616973
 20
237.9596012745361
 10
251.1091200411427
 20
237.951933997865
 10
251.094864618427
 20
237.943972427616
 10
251.0806333911257
 20
237.9357173434932
 10
251.0664264557875
 20
237.927169529292
 10
251.0522439079307
 20
237.9183297729134
 10
251.0380858420337
 20
237.9091988663732
 10
251.0239523515294
 20
237.8997776058175
 10
251.0098435287972
 20
237.8900667915307
 10
250.9957594651575
 20
237.8800672279496
 10
250.981700250862
 20
237.8697797236758
 10
250.967665975089
 20
237.8592050914855
 10
250.9536567259345
 20
237.8483441483426
 10
250.9396725904074
 20
237.8371977154118
 10
250.9257136544189
 20
237.8257666180676
 10
250.9117800027803
 20
237.8140516859084
 10
250.8978717191906
 20
237.8020537527679
 10
250.8839888862337
 20
237.7897736567269
 10
250.870131585369
 20
237.7772122401247
 10
250.8562998969248
 20
237.7643703495716
 10
250.8424939000914
 20
237.7512488359609
 10
250.8287136729141
 20
237.7378485544803
 10
250.8149592922864
 20
237.7241703646238
 10
250.8012308339417
 20
237.7102151302033
 10
250.7875283724479
 20
237.6959837193623
 10
250.7738519811981
 20
237.6814770045849
 10
250.7602017324059
 20
237.6666958627104
 10
250.7465776970977
 20
237.6516411749429
 10
250.7329799451046
 20
237.6363138268651
 10
250.7194085450555
 20
237.6207147084488
 10
250.7058635643707
 20
237.6048447140678
 10
250.6923450692561
 20
237.5887047425089
 10
250.678853124692
 20
237.572295696984
 10
250.6653877944307
 20
237.5556184851434
 10
250.6519491409858
 20
237.5386740190849
 10
250.6385372256281
 20
237.5214632153682
 10
250.6251521083762
 20
237.5039869950253
 10
250.6117938479906
 20
237.4862462835732
 10
250.5984625019655
 20
237.4682420110256
 10
250.5851581265242
 20
237.4499751119047
 10
250.5718807766081
 20
237.4314465252523
 10
250.558630505875
 20
237.4126571946427
 10
250.5454073666867
 20
237.393608068192
 10
250.5322114101059
 20
237.3743000985695
 10
250.5190426858906
 20
237.3547342430077
 10
250.5059012424825
 20
237.3349114633129
 10
250.4927871270055
 20
237.3148327258765
 10
250.4797003852558
 20
237.2944990016855
 10
250.4666410616974
 20
237.2739112663316
 10
250.4536091994535
 20
237.2530705000234
 10
250.4406048403009
 20
237.2319776875968
 10
250.4276280246633
 20
237.2106338185248
 10
250.4146787916042
 20
237.1890398869284
 10
250.4017571788202
 20
237.1671968915878
 10
250.3888632226346
 20
237.1451058359522
 10
250.3759969579925
 20
237.1227677281506
 10
250.3631584184496
 20
237.1001835810023
 10
250.3503476361697
 20
237.0773544120284
 10
250.3375646419165
 20
237.0542812434605
 10
250.3248094650473
 20
237.0309651022529
 10
250.3120821335053
 20
237.0074070200934
 10
250.2993826738139
 20
236.9836080334116
 10
250.2867111110706
 20
236.9595691833927
 10
250.2740674689394
 20
236.9352915159847
 10
250.2614517696422
 20
236.9107760819123
 10
250.2488640339567
 20
236.8860239366849
 10
250.2363042812064
 20
236.8610361406083
 10
250.2237725292541
 20
236.8358137587954
 10
250.2112687944973
 20
236.8103578611764
 10
250.1987930918581
 20
236.7846695225094
 10
250.1863454347799
 20
236.7587498223912
 10
250.1739258352197
 20
236.7325998452677
 10
250.1615343036395
 20
236.7062206804448
 10
250.1491708490028
 20
236.6796134220982
 10
250.1368354787655
 20
236.6527791692849
 10
250.1245281988701
 20
236.6257190259533
 10
250.1122490137388
 20
236.5984341009537
 10
250.0999979262676
 20
236.57092550805
 10
250.0877749378187
 20
236.5431943659274
 10
250.0755800482143
 20
236.515241798207
 10
250.0634132557297
 20
236.4870689334529
 10
250.0512745570864
 20
236.4586769051848
 10
250.0391639474459
 20
236.4300668518878
 10
250.0270814204041
 20
236.4012399170233
 10
250.0150269679808
 20
236.3721972490388
 10
250.003000580618
 20
236.3429400013801
 10
249.9910022471699
 20
236.3134693325004
 10
249.9790319548976
 20
236.2837864058711
 10
249.9670896894603
 20
236.2538923899925
 10
249.9551754349138
 20
236.2237884584059
 10
249.943289173696
 20
236.1934757897008
 10
249.9314308866291
 20
236.1629555675291
 10
249.9196005529042
 20
236.1322289806138
 10
249.9077981500821
 20
236.1012972227589
 10
249.8960236540814
 20
236.0701614928617
 10
249.8842770391744
 20
236.0388229949229
 10
249.872558277981
 20
236.0072829380561
 10
249.8608673414579
 20
235.9755425365001
 10
249.8492041988986
 20
235.9436030096273
 10
249.8375688179197
 20
235.911465581957
 10
249.8259611644591
 20
235.8791314831638
 10
249.8143812027686
 20
235.8466019480885
 10
249.8028288954043
 20
235.8138782167498
 10
249.7913042032237
 20
235.7809615343541
 10
249.7798070853765
 20
235.7478531513055
 10
249.7683374992986
 20
235.7145543232178
 10
249.7568954007071
 20
235.6810663109238
 10
249.7454807435897
 20
235.647390380487
 10
249.7340934802031
 20
235.6135278032098
 10
249.7227335610666
 20
235.5794798556288
 10
249.7114009349715
 20
235.5452478194758
 10
249.7000955489903
 20
235.5108329816302
 10
249.6888173484818
 20
235.4762366340716
 10
249.6775662771073
 20
235.4414600738323
 10
249.6663422768341
 20
235.4065046029492
 10
249.6551452879452
 20
235.3713715284149
 10
249.6439752490529
 20
235.3360621621324
 10
249.6328320971033
 20
235.300577820865
 10
249.6217157673868
 20
235.2649198261893
 10
249.6106261935493
 20
235.2290895044483
 10
249.599563307598
 20
235.1930881867015
 10
249.5885270399146
 20
235.15691720868
 10
249.5775173192602
 20
235.120577910736
 10
249.566534072789
 20
235.0840716377963
 10
249.5555772260537
 20
235.0473997393145
 10
249.5446467030168
 20
235.0105635692234
 10
249.5337424260584
 20
234.9735644858864
 10
249.5228643159878
 20
234.9364038520505
 10
249.5120122920502
 20
234.8990830347978
 10
249.5011862719376
 20
234.8616034054983
 10
249.4903861717965
 20
234.8239663397625
 10
249.4796119062387
 20
234.7861732173921
 10
249.4688633883498
 20
234.7482254223336
 10
249.4581405296979
 20
234.7101243426302
 10
249.4474432403432
 20
234.6718713703738
 10
249.4367714288479
 20
234.6334679016568
 10
249.4261250022852
 20
234.5949153365256
 10
249.415503866247
 20
234.5562150789317
 10
249.4049079248545
 20
234.5173685366835
 10
249.3943370807688
 20
234.4783771214006
 10
249.3837912351968
 20
234.4392422484631
 10
249.3732702879023
 20
234.3999653369669
 10
249.3627741372165
 20
234.3605478096733
 10
249.3523026800435
 20
234.3209910929623
 10
249.3418558118741
 20
234.2812966167857
 10
249.3314334267902
 20
234.2414658146175
 10
249.3210354174798
 20
234.2015001234072
 10
249.3106616752398
 20
234.161400983532
 10
249.3003120899904
 20
234.1211698387489
 10
249.2899865502808
 20
234.0808081361466
 10
249.279684943301
 20
234.0403173260982
 10
249.2694071548901
 20
233.9996988622128
 10
249.2591530695441
 20
233.9589542012886
 10
249.2489225704278
 20
233.9180848032644
 10
249.2387155393811
 20
233.8770921311718
 10
249.2285318569306
 20
233.8359776510876
 10
249.2183714022977
 20
233.7947428320861
 10
249.2082340534081
 20
233.7533891461921
 10
249.1880281781377
 20
233.6703310762823
 10
249.1679132289588
 20
233.5868152747273
 10
249.1478881835684
 20
233.5028536190326
 10
249.1279519998165
 20
233.4184580293095
 10
249.1081036159993
 20
233.3336404667474
 10
249.0883419511554
 20
233.248412932084
 10
249.0686659053619
 20
233.1627874640752
 10
249.0490743600259
 20
233.0767761379675
 10
249.0295661781836
 20
232.9903910639673
 10
249.0101402047928
 20
232.903644385713
 10
248.9907952670228
 20
232.8165482787645
 10
248.9715301745346
 20
232.7291149491454
 10
248.9523437197535
 20
232.6413566319079
 10
248.9332346781429
 20
232.5532855897004
 10
248.9142018084742
 20
232.4649141113324
 10
248.8952438531038
 20
232.376254510344
 10
248.8763595382425
 20
232.2873191235697
 10
248.8575475742311
 20
232.1981203097068
 10
248.8388066558101
 20
232.1086704478815
 10
248.8201354623976
 20
232.0189819362155
 10
248.8015326583554
 20
231.9290671903931
 10
248.7829968932683
 20
231.8389386422268
 10
248.7645268022135
 20
231.7486087382253
 10
248.7461210060349
 20
231.6580899381595
 10
248.7277781116128
 20
231.5673947136283
 10
248.7094967121433
 20
231.4765355466276
 10
248.6912753874039
 20
231.3855249281143
 10
248.6731127040323
 20
231.2943753565745
 10
248.655007215794
 20
231.2030993365899
 10
248.6369574638614
 20
231.1117093774049
 10
248.601019272245
 20
230.9286376931174
 10
248.565286216987
 20
230.7452604164391
 10
248.5297462018088
 20
230.5616776429571
 10
248.4943869550867
 20
230.377989405252
 10
248.4591960385806
 20
230.1942956270314
 10
248.4241608561691
 20
230.010696077262
 10
248.3892686625804
 20
229.8272903243032
 10
248.3545065721424
 20
229.6441776899001
 10
248.3198615676762
 20
229.4614572019437
 10
248.3025788710869
 20
229.3702748667628
 10
248.2853205095682
 20
229.2792275457401
 10
248.2680848230297
 20
229.1883275129734
 10
248.2508701448683
 20
229.0975870150248
 10
248.2336748022488
 20
229.0070182693907
 10
248.2164971163923
 20
228.9166334629704
 10
248.1993354028574
 20
228.8264447505351
 10
248.182187971824
 20
228.736464253197
 10
248.1650531283833
 20
228.6467040568789
 10
248.1479291728139
 20
228.5571762107821
 10
248.130814400874
 20
228.4678927258565
 10
248.1137071040812
 20
228.3788655732688
 10
248.0966055699973
 20
228.2901066828731
 10
248.079508082515
 20
228.2016279416772
 10
248.0624129221395
 20
228.1134411923143
 10
248.0453183662752
 20
228.0255582315116
 10
248.0282226895085
 20
227.9379908085574
 10
248.0111241638932
 20
227.8507506237727
 10
247.9940210592348
 20
227.763849326978
 10
247.9769116433746
 20
227.6772985159647
 10
247.9597941824732
 20
227.5911097349619
 10
247.9426669412969
 20
227.505294473107
 10
247.9255281835005
 20
227.4198641629137
 10
247.9083761719128
 20
227.3348301787418
 10
247.8912091688206
 20
227.2502038352662
 10
247.874025436252
 20
227.1659963859455
 10
247.8568232362634
 20
227.0822190214907
 10
247.8396008312202
 20
226.9988828683362
 10
247.8223564840851
 20
226.9159989871058
 10
247.8050884587001
 20
226.833578371085
 10
247.7964450244244
 20
226.7925452041423
 10
247.7877950200689
 20
226.7516319447051
 10
247.7791382289862
 20
226.7108399473339
 10
247.7704744346331
 20
226.6701705621116
 10
247.7618034205832
 20
226.6296251345993
 10
247.7531249705332
 20
226.5892050057949
 10
247.74443886831
 20
226.5489115120896
 10
247.7357448978806
 20
226.5087459852252
 10
247.7270428433601
 20
226.4687097522522
 10
247.7183324890188
 20
226.4288041354866
 10
247.7096136192922
 20
226.3890304524672
 10
247.70088601879
 20
226.3493900159138
 10
247.6921494723005
 20
226.3098841336828
 10
247.6834037648039
 20
226.2705141087263
 10
247.6746486814754
 20
226.2312812390485
 10
247.6658840076987
 20
226.192186817664
 10
247.6571095290712
 20
226.1532321325538
 10
247.6483250314118
 20
226.1144184666231
 10
247.6395303007716
 20
226.0757470976599
 10
247.6307251234412
 20
226.0372192982903
 10
247.6219092859573
 20
225.9988363359378
 10
247.6130825751142
 20
225.9605994727786
 10
247.6042447779692
 20
225.9225099657013
 10
247.5953956818523
 20
225.8845690662621
 10
247.5865350743746
 20
225.8467780206441
 10
247.5776627434367
 20
225.8091380696122
 10
247.5687784772354
 20
225.7716504484732
 10
247.5598820642745
 20
225.7343163870313
 10
247.5509732933709
 20
225.6971371095461
 10
247.5420519536634
 20
225.6601138346896
 10
247.5331178346235
 20
225.6232477755044
 10
247.5241707260602
 20
225.5865401393599
 10
247.5152104181294
 20
225.54999212791
 10
247.5062367013427
 20
225.5136049370517
 10
247.4972493665769
 20
225.4773797568803
 10
247.4882482050795
 20
225.4413177716483
 10
247.4792330084788
 20
225.4054201597222
 10
247.4702035687915
 20
225.3696880935403
 10
247.4611596784328
 20
225.3341227395694
 10
247.4521011302222
 20
225.2987252582624
 10
247.4430277173928
 20
225.2634968040159
 10
247.4339392335998
 20
225.2284385251275
 10
247.4248354729299
 20
225.1935515637523
 10
247.4157162299063
 20
225.1588370558621
 10
247.4065812995
 20
225.1242961312005
 10
247.3974304771384
 20
225.089929913242
 10
247.3882635587106
 20
225.0557395191486
 10
247.3790803405791
 20
225.0217260597275
 10
247.3698806195854
 20
224.9878906393875
 10
247.3606641930596
 20
224.9542343560982
 10
247.3514308588294
 20
224.920758301345
 10
247.3421804152266
 20
224.8874635600884
 10
247.3329126610967
 20
224.8543512107208
 10
247.3236273958072
 20
224.8214223250228
 10
247.3143244192546
 20
224.7886779681223
 10
247.3050035318744
 20
224.756119198451
 10
247.2956645346493
 20
224.7237470677009
 10
247.286307229116
 20
224.6915626207832
 10
247.2769314173744
 20
224.6595668957846
 10
247.2675369020958
 20
224.6277609239252
 10
247.2581234865326
 20
224.5961457295156
 10
247.2486909745232
 20
224.5647223299144
 10
247.2392391705034
 20
224.5334917354846
 10
247.2297678795154
 20
224.5024549495535
 10
247.2202769072116
 20
224.4716129683666
 10
247.2107660598671
 20
224.4409667810475
 10
247.2012351443867
 20
224.4105173695547
 10
247.1916839683129
 20
224.3802657086374
 10
247.1821123398353
 20
224.3502127657923
 10
247.1725200677995
 20
224.3203595012067
 10
247.1629069617152
 20
224.2907068677048
 10
247.1532728317685
 20
224.2612558106906
 10
247.1436174888314
 20
224.232007268092
 10
247.1339407444684
 20
224.2029621703036
 10
247.124242410949
 20
224.1741214401332
 10
247.1145223012573
 20
224.1454859927417
 10
247.104780229099
 20
224.1170567355909
 10
247.0950160089145
 20
224.0888345683845
 10
247.0852294558857
 20
224.0608203830134
 10
247.0754203859468
 20
224.0330150634992
 10
247.0655886157954
 20
224.0054194859369
 10
247.0557339628987
 20
223.9780345184406
 10
247.0458562455066
 20
223.9508610210869
 10
247.0359552826585
 20
223.9238998458569
 10
247.0260308941956
 20
223.8971518365827
 10
247.0160829007673
 20
223.8706178288893
 10
247.0061111238448
 20
223.8442986501393
 10
246.9961153857281
 20
223.8181951193765
 10
246.9860955095546
 20
223.7923080472696
 10
246.9760513193122
 20
223.7666382360562
 10
246.9659826398458
 20
223.7411864794867
 10
246.9558892968686
 20
223.7159535627679
 10
246.9457711169712
 20
223.6909402625073
 10
246.9356279276321
 20
223.6661473466561
 10
246.9254595572258
 20
223.6415755744535
 10
246.9152658350319
 20
223.6172256963713
 10
246.9050465912487
 20
223.5930984540561
 10
246.8948016569988
 20
223.5691945802745
 10
246.8845308643388
 20
223.5455147988561
 10
246.8742340462729
 20
223.5220598246383
 10
246.8639110367576
 20
223.4988303634086
 10
246.853561670714
 20
223.47582711185
 10
246.8431857840382
 20
223.4530507574837
 10
246.8327832136081
 20
223.4305019786137
 10
246.8223537972956
 20
223.4081814442707
 10
246.811897373976
 20
223.3860898141543
 10
246.8014137835351
 20
223.3642277385794
 10
246.7909028668809
 20
223.3425958584175
 10
246.7803644659551
 20
223.321194805043
 10
246.7697984237388
 20
223.3000252002752
 10
246.7592045842641
 20
223.2790876563218
 10
246.7485827926231
 20
223.2583827757251
 10
246.7379328949801
 20
223.2379111513035
 10
246.7272547385765
 20
223.2176733660965
 10
246.7165481717444
 20
223.1976699933077
 10
246.7058130439153
 20
223.1779015962496
 10
246.6950492056293
 20
223.1583687282869
 10
246.6842565085429
 20
223.1390719327807
 10
246.6734348054426
 20
223.1200117430314
 10
246.662583950252
 20
223.1011886822231
 10
246.6517037980409
 20
223.0826032633685
 10
246.6407942050366
 20
223.0642559892506
 10
246.629855028633
 20
223.0461473523681
 10
246.6188861274003
 20
223.0282778348787
 10
246.6078873610926
 20
223.0106479085434
 10
246.5968585906614
 20
222.9932580346692
 10
246.5857996782621
 20
222.9761086640546
 10
246.5747104872654
 20
222.9592002369313
 10
246.5635908822644
 20
222.9425331829102
 10
246.5524407290882
 20
222.9261079209236
 10
246.5412598948089
 20
222.9099248591706
 10
246.5300482477499
 20
222.8939843950589
 10
246.5188056575005
 20
222.8782869151503
 10
246.5075319949188
 20
222.8628327951045
 10
246.4962271321476
 20
222.8476223996207
 10
246.48489094262
 20
222.8326560823853
 10
246.4735233010701
 20
222.817934186018
 10
246.4621240835401
 20
222.8034570420423
 10
246.450693167386
 20
222.7892249708679
 10
246.4392304312824
 20
222.7752382817711
 10
246.4277357552316
 20
222.7614972728776
 10
246.4162090205654
 20
222.7480022311444
 10
246.4046501099543
 20
222.7347534323421
 10
246.3930589074124
 20
222.7217511410368
 10
246.3814352983017
 20
222.7089956105711
 10
246.3697791693403
 20
222.6964870830479
 10
246.3580904086075
 20
222.6842257893111
 10
246.3463689055496
 20
222.6722119489285
 10
246.3346145509853
 20
222.6604457701723
 10
246.322827237113
 20
222.6489274500035
 10
246.3110068575153
 20
222.637657174052
 10
246.2991533071646
 20
222.6266351165991
 10
246.2872664824324
 20
222.6158614405592
 10
246.2753462810902
 20
222.6053362974639
 10
246.2633926023187
 20
222.5950598274407
 10
246.2514053467131
 20
222.5850321591973
 10
246.2393844162889
 20
222.575253410003
 10
246.2273297144873
 20
222.5657236856713
 10
246.2152411461821
 20
222.5564430805405
 10
246.2031186176852
 20
222.547411677457
 10
246.1909620367512
 20
222.5386295477566
 10
246.1787713125854
 20
222.5300967512476
 10
246.1665463558485
 20
222.5218133361915
 10
246.1542870786631
 20
222.5137793392851
 10
246.1419933946193
 20
222.505994785644
 10
246.1296652187804
 20
222.4984596887829
 10
246.117302467689
 20
222.4911740505984
 10
246.1049050593727
 20
222.4841378613514
 10
246.0924729133513
 20
222.4773510996484
 10
246.0800059506407
 20
222.4708137324234
 10
246.0675040937597
 20
222.464525714921
 10
246.0549672667368
 20
222.458486990677
 10
246.042395395115
 20
222.4526974915019
 10
246.0297884059577
 20
222.4471571374616
 10
246.0171462278545
 20
222.4418658368604
 10
246.0044687909289
 20
222.4368234862221
 10
245.9917560268425
 20
222.4320299702733
 10
245.9790078687997
 20
222.427485161924
 10
245.9662242515569
 20
222.4231889222505
 10
245.9534051114268
 20
222.419141100477
 10
245.9405503862827
 20
222.4153415339582
 10
245.9276600155668
 20
222.4117900481607
 10
245.9147339402953
 20
222.4084864566452
 10
245.9017721030645
 20
222.4054305610488
 10
245.8887744480556
 20
222.4026221510665
 10
245.8757409210424
 20
222.4000610044339
 10
245.8626714693952
 20
222.397746886908
 10
245.8495660420882
 20
222.3956795522515
 10
245.8364245897059
 20
222.3938587422117
 10
245.8232470644471
 20
222.3922841865058
 10
245.8100334201317
 20
222.3909556028002
 10
245.7967836122072
 20
222.389872696694
 10
245.7834975977551
 20
222.3890351617006
 10
245.7701753354927
 20
222.3884426792299
 10
245.7568167857861
 20
222.3880949185703
 10
245.7434219106495
 20
222.38799153687
 10
245.7299906737548
 20
222.3881321791205
 10
245.7165230404357
 20
222.3885164781372
 10
245.7030189776959
 20
222.3891440545422
 10
245.6894784542121
 20
222.3900145167458
 10
245.6759014403417
 20
222.3911274609294
 10
245.6622879081292
 20
222.3924824710264
 10
245.6486378313098
 20
222.394079118705
 10
245.6349511853173
 20
222.3959169633501
 10
245.6212279472899
 20
222.3979955520512
 10
245.6074680960688
 20
222.4003144196371
 10
245.5936716121945
 20
222.4028730887467
 10
245.5798384779062
 20
222.4056710699104
 10
245.565968677133
 20
222.4087078616291
 10
245.5520621954932
 20
222.4119829504512
 10
245.5381190202895
 20
222.4154958110545
 10
245.5241391405034
 20
222.4192459063242
 10
245.5101225467922
 20
222.4232326874314
 10
245.4960692314839
 20
222.4274555939134
 10
245.4819791885766
 20
222.4319140537524
 10
245.467852413728
 20
222.4366074834541
 10
245.4536889042583
 20
222.441535288128
 10
245.4394886591408
 20
222.4466968615661
 10
245.4252516789993
 20
222.4520915863207
 10
245.410977966106
 20
222.4577188337863
 10
245.3966675243745
 20
222.463577964276
 10
245.382320359357
 20
222.4696683271027
 10
245.3679364782411
 20
222.4759892606572
 10
245.353515889843
 20
222.4825400924876
 10
245.3390586046064
 20
222.489320139378
 10
245.324564634596
 20
222.4963287074288
 10
245.3100339934952
 20
222.5035650921354
 10
245.295466696601
 20
222.5110285784661
 10
245.2808627608188
 20
222.5187184409436
 10
245.2662222046605
 20
222.5266339437215
 10
245.25154504824
 20
222.5347743406657
 10
245.2368313132674
 20
222.5431388754327
 10
245.2220810230459
 20
222.5517267815484
 10
245.2072942024683
 20
222.5605372824879
 10
245.1924708780118
 20
222.569569591754
 10
245.177611077734
 20
222.5788229129574
 10
245.1627148312699
 20
222.5882964398943
 10
245.1477821698259
 20
222.597989356627
 10
245.1328131261774
 20
222.6079008375628
 10
245.117807734665
 20
222.618030047532
 10
245.1027660311873
 20
222.6283761418686
 10
245.0876880532002
 20
222.6389382664886
 10
245.0725738397106
 20
222.6497155579696
 10
245.057423431274
 20
222.6607071436288
 10
245.0422368699896
 20
222.6719121416046
 10
245.0270141994944
 20
222.6833296609327
 10
245.0117554649619
 20
222.6949588016275
 10
244.9964607130969
 20
222.706798654761
 10
244.9811299921316
 20
222.7188483025404
 10
244.9657633518199
 20
222.7311068183893
 10
244.9503608434349
 20
222.7435732670258
 10
244.9349225197649
 20
222.756246704541
 10
244.9194484351088
 20
222.7691261784802
 10
244.9039386452704
 20
222.7822107279196
 10
244.8883932075584
 20
222.7954993835473
 10
244.8728121807774
 20
222.8089911677425
 10
244.8571956252267
 20
222.8226850946522
 10
244.8415436026961
 20
222.8365801702735
 10
244.8258561764603
 20
222.8506753925313
 10
244.8101334112763
 20
222.8649697513575
 10
244.7943753733786
 20
222.8794622287698
 10
244.7785821304745
 20
222.8941517989516
 10
244.7627537517412
 20
222.9090374283309
 10
244.7468903078208
 20
222.9241180756593
 10
244.7309918708165
 20
222.9393926920913
 10
244.7150585142876
 20
222.9548602212635
 10
244.6990903132479
 20
222.9705195993736
 10
244.683087344158
 20
222.9863697552595
 10
244.6670496849246
 20
223.0024096104788
 10
244.650977414893
 20
223.0186380793882
 10
244.6348706148462
 20
223.0350540692212
 10
244.6187293669986
 20
223.0516564801691
 10
244.6025537549938
 20
223.0684442054587
 10
244.5863438638979
 20
223.0854161314249
 10
244.570099780203
 20
223.102571137574
 10
244.5538215918201
 20
223.1199080966441
 10
244.5375093880817
 20
223.1374258746677
 10
244.5211632597372
 20
223.1551233310309
 10
244.5047832989544
 20
223.1729993185342
 10
244.4883695993153
 20
223.1910526834557
 10
244.4719222558159
 20
223.2092822656094
 10
244.4554413648639
 20
223.2276868984079
 10
244.438927024277
 20
223.2462654089222
 10
244.422379333284
 20
223.2650166179431
 10
244.4057983925192
 20
223.2839393400432
 10
244.3891843040237
 20
223.3030323836354
 10
244.372537171242
 20
223.3222945510366
 10
244.3558570990224
 20
223.3417246385261
 10
244.3391441936138
 20
223.3613214364088
 10
244.3223985626643
 20
223.3810837290744
 10
244.3056203152217
 20
223.4010102950593
 10
244.2888095617282
 20
223.4210999071075
 10
244.2719664140222
 20
223.4413513322304
 10
244.2550909853362
 20
223.4617633317702
 10
244.2381833902928
 20
223.4823346614578
 10
244.2212437449063
 20
223.5030640714757
 10
244.2042721665792
 20
223.5239503065192
 10
244.1872687741004
 20
223.5449921058556
 10
244.1702336876466
 20
223.5661882033865
 10
244.1531670287754
 20
223.587537327709
 10
244.1360689204306
 20
223.6090382021747
 10
244.1189394869338
 20
223.6306895449533
 10
244.101778853988
 20
223.6524900690917
 10
244.0845871486727
 20
223.6744384825753
 10
244.0673644994445
 20
223.6965334883893
 10
244.0501110361345
 20
223.7187737845792
 10
244.032826889947
 20
223.7411580643124
 10
244.0155121934585
 20
223.7636850159381
 10
243.9981670806132
 20
223.7863533230499
 10
243.9807916867276
 20
223.8091616645441
 10
243.9633861484816
 20
223.8321087146839
 10
243.9459506039226
 20
223.8551931431574
 10
243.9284851924604
 20
223.8784136151406
 10
243.9109900548691
 20
223.9017687913574
 10
243.8934653332816
 20
223.9252573281402
 10
243.8759111711904
 20
223.9488778774922
 10
243.8583277134461
 20
223.9726290871467
 10
243.8407151062547
 20
223.9965096006292
 10
243.8230734971774
 20
224.0205180573178
 10
243.8054030351277
 20
224.0446530925043
 10
243.7877038703708
 20
224.0689133374555
 10
243.7699761545216
 20
224.093297419473
 10
243.7522200405433
 20
224.1178039619562
 10
243.7344356827458
 20
224.1424315844603
 10
243.7166232367841
 20
224.1671789027602
 10
243.698782859657
 20
224.1920445289097
 10
243.6630189466086
 20
224.2421251347347
 10
243.6271452264016
 20
224.2926622262685
 10
243.5911630032349
 20
224.3436445722128
 10
243.5550736026554
 20
224.3950608875902
 10
243.5188783715076
 20
224.4468998356923
 10
243.4825786778846
 20
224.499150030031
 10
243.446175911078
 20
224.5518000362876
 10
243.4096714815257
 20
224.604838374265
 10
243.3730668207524
 20
224.6582535198672
 10
243.3363633812696
 20
224.712033907155
 10
243.299562636465
 20
224.7661679304288
 10
243.2626660804938
 20
224.8206439463141
 10
243.2256752281675
 20
224.8754502758465
 10
243.1885916148427
 20
224.9305752065572
 10
243.1514167963098
 20
224.9860069945563
 10
243.1141523486838
 20
225.04173386662
 10
243.0767998682928
 20
225.0977440222741
 10
243.039360971568
 20
225.1540256358792
 10
243.0018372949309
 20
225.2105668587161
 10
242.9642304946864
 20
225.2673558210713
 10
242.9265422469075
 20
225.32438063432
 10
242.8887742473282
 20
225.3816293930129
 10
242.8509282112324
 20
225.4390901769614
 10
242.8130058733412
 20
225.4967510533213
 10
242.7750089877036
 20
225.5546000786778
 10
242.7369393275863
 20
225.6126253011319
 10
242.6987986853619
 20
225.6708147623845
 10
242.6605888723991
 20
225.7291564998211
 10
242.6223117189507
 20
225.7876385485972
 10
242.5839690740455
 20
225.8462489437232
 10
242.5455628053742
 20
225.9049757221494
 10
242.4685669601537
 20
226.022730598915
 10
242.3913394938889
 20
226.1408075925245
 10
242.3138960087129
 20
226.2591112810886
 10
242.236252394752
 20
226.3775464739148
 10
242.1584248265844
 20
226.4960182782286
 10
242.0804297597181
 20
226.6144321659218
 10
242.0022839277744
 20
226.7326940412146
 10
241.9240043416955
 20
226.8507103109556
 10
241.8456082898552
 20
226.9683879561052
 10
241.8063720677924
 20
227.0270709005972
 10
241.7671133382218
 20
227.0856346032732
 10
241.7278343402894
 20
227.1440676300791
 10
241.6885373305098
 20
227.2023585962553
 10
241.6492245827705
 20
227.2604961685739
 10
241.6098983883383
 20
227.3184690675726
 10
241.5705610558652
 20
227.3762660697913
 10
241.5312149113897
 20
227.4338760100071
 10
241.4918622983453
 20
227.4912877834709
 10
241.4525055775634
 20
227.5484903481415
 10
241.4131471272786
 20
227.6054727269215
 10
241.373789343134
 20
227.6622240098944
 10
241.3344346381867
 20
227.7187333565581
 10
241.2950854429103
 20
227.774989998061
 10
241.2557442052026
 20
227.8309832394386
 10
241.2164133903877
 20
227.8867024618478
 10
241.1770954812244
 20
227.9421371248028
 10
241.1377929779081
 20
227.9972767684115
 10
241.0985083980776
 20
228.0521110156096
 10
241.0592442768176
 20
228.1066295743973
 10
241.0200031666663
 20
228.1608222400743
 10
240.9807876376188
 20
228.2146788974754
 10
240.9416002771326
 20
228.2681895232061
 10
240.902443690133
 20
228.3213441878791
 10
240.8633204990149
 20
228.3741330583473
 10
240.8242333436532
 20
228.4265463999425
 10
240.785184881401
 20
228.4785745787052
 10
240.746177787018
 20
228.5302080634055
 10
240.7072147522544
 20
228.5814374266413
 10
240.6682984852175
 20
228.6322533453392
 10
240.6294317097158
 20
228.6826466012092
 10
240.5906171646085
 20
228.7326080811948
 10
240.5518576031517
 20
228.7821287779277
 10
240.5131557923432
 20
228.8311997901791
 10
240.4745145122736
 20
228.8798123233138
 10
240.4359365554682
 20
228.9279576897413
 10
240.4166721991936
 20
228.9518524999498
 10
240.3974247262371
 20
228.9756273093703
 10
240.3781944888714
 20
228.999281062362
 10
240.3589818400233
 20
229.0228127100594
 10
240.339787133255
 20
229.046221210387
 10
240.3206107227444
 20
229.0695055280718
 10
240.3014529632599
 20
229.0926646346592
 10
240.2823142101446
 20
229.1156975085261
 10
240.2631948192953
 20
229.1386031348956
 10
240.2440951471402
 20
229.1613805058506
 10
240.225015550619
 20
229.1840286203489
 10
240.205956387164
 20
229.2065464842357
 10
240.1869180146784
 20
229.2289331102593
 10
240.1679007915162
 20
229.2511875180848
 10
240.1489050764613
 20
229.2733087343084
 10
240.1299312287076
 20
229.2952957924704
 10
240.1109796078392
 20
229.317147733071
 10
240.0920505738086
 20
229.3388636035832
 10
240.0731444869177
 20
229.3604424584677
 10
240.0542617077955
 20
229.3818833591871
 10
240.0354025973811
 20
229.403185374219
 10
240.0165675168985
 20
229.4243475790717
 10
239.997756827841
 20
229.4453690562966
 10
239.978970891946
 20
229.4662488955036
 10
239.9602100711799
 20
229.4869861933756
 10
239.9414747277138
 20
229.5075800536808
 10
239.9227652239035
 20
229.5280295872893
 10
239.9040819222705
 20
229.5483339121845
 10
239.8854251854813
 20
229.56849215348
 10
239.8667953763263
 20
229.5885034434319
 10
239.848192857699
 20
229.6083669214534
 10
239.8296179925778
 20
229.6280817341288
 10
239.8110711440019
 20
229.647647035229
 10
239.7925526750551
 20
229.6670619857229
 10
239.7740629488421
 20
229.6863257537946
 10
239.7556023284701
 20
229.7054375148557
 10
239.7371711770279
 20
229.7243964515591
 10
239.7187698575632
 20
229.7432017538152
 10
239.7003987330671
 20
229.7618526188038
 10
239.6820581664487
 20
229.7803482509899
 10
239.6637485205175
 20
229.7986878621364
 10
239.6454701579624
 20
229.8168706713201
 10
239.6272234413308
 20
229.8348959049434
 10
239.6090087330084
 20
229.8527627967507
 10
239.5908263951999
 20
229.8704705878418
 10
239.5726767899075
 20
229.8880185266851
 10
239.554560278909
 20
229.9054058691332
 10
239.5364772237408
 20
229.9226318784362
 10
239.5184279856756
 20
229.9396958252562
 10
239.5004129257006
 20
229.9565969876806
 10
239.4824324045
 20
229.9733346512313
 10
239.464486782429
 20
229.9899081088645
 10
239.4465764194935
 20
230.0063166609684
 10
239.4287016753279
 20
230.0225596153605
 10
239.4108629091721
 20
230.0386362872851
 10
239.3930604798482
 20
230.0545459994106
 10
239.3752947457393
 20
230.0702880818285
 10
239.3575660647671
 20
230.0858618720484
 10
239.3398747943689
 20
230.1012667149977
 10
239.322221291475
 20
230.1165019630178
 10
239.3046059124864
 20
230.1315669758628
 10
239.2870290132534
 20
230.1464611206955
 10
239.2694909490521
 20
230.1611837720865
 10
239.2519920745617
 20
230.1757343120108
 10
239.2345327438428
 20
230.1901121298453
 10
239.2171133103157
 20
230.2043166223668
 10
239.1997341267352
 20
230.218347193749
 10
239.1823955451715
 20
230.2322032555606
 10
239.1650979169861
 20
230.2458842267621
 10
239.1478415928085
 20
230.2593895337041
 10
239.1306269225168
 20
230.2727186101243
 10
239.1134542552107
 20
230.2858708971457
 10
239.0963239391942
 20
230.298845843272
 10
239.0792363219486
 20
230.3116429043888
 10
239.0621917501132
 20
230.3242615437578
 10
239.0451905694619
 20
230.3367012320155
 10
239.0282331248802
 20
230.3489614471714
 10
239.0113197603433
 20
230.3610416746042
 10
238.9944508188938
 20
230.3729414070613
 10
238.9776266426189
 20
230.3846601446533
 10
238.9608475726278
 20
230.3961973948545
 10
238.9441139490301
 20
230.407552672499
 10
238.927426110913
 20
230.4187254997779
 10
238.9107843963183
 20
230.4297154062382
 10
238.8941891422203
 20
230.4405219287788
 10
238.8776406845047
 20
230.4511446116486
 10
238.8611393579434
 20
230.4615830064447
 10
238.8446854961743
 20
230.4718366721088
 10
238.8282794316783
 20
230.4819051749255
 10
238.8119214957571
 20
230.4917880885196
 10
238.7956120185101
 20
230.5014849938533
 10
238.7793513288114
 20
230.5109954792247
 10
238.7631397542899
 20
230.5203191402637
 10
238.746977621305
 20
230.5294555799311
 10
238.7308652549232
 20
230.5384044085152
 10
238.7148029788986
 20
230.5471652436303
 10
238.698791115647
 20
230.555737710212
 10
238.6828299862264
 20
230.5641214405184
 10
238.666919910314
 20
230.572316074123
 10
238.6510612061816
 20
230.5803212579169
 10
238.6352541906759
 20
230.588136646103
 10
238.6194991791944
 20
230.5957619001945
 10
238.6037964856634
 20
230.6031966890133
 10
238.5881464225171
 20
230.6104406886863
 10
238.5725493006723
 20
230.6174935826434
 10
238.5570054295074
 20
230.6243550616149
 10
238.5415151168404
 20
230.63102482363
 10
238.5260786689066
 20
230.637502574012
 10
238.5106963903348
 20
230.6437880253789
 10
238.4953685841262
 20
230.6498808976381
 10
238.4800955516317
 20
230.6557809179856
 10
238.4648775925287
 20
230.6614878209035
 10
238.449715004799
 20
230.6670013481559
 10
238.4346080847073
 20
230.6723212487892
 10
238.4195571267782
 20
230.6774472791264
 10
238.4045624237727
 20
230.6823792027676
 10
238.389624266668
 20
230.6871167905852
 10
238.3747429446322
 20
230.6916598207228
 10
238.3599187450041
 20
230.6960080785958
 10
238.3451519532646
 20
230.7001613568971
 10
238.3304428530108
 20
230.7041194556105
 10
238.3157917259273
 20
230.7078821820206
 10
238.3011988517622
 20
230.7114493507248
 10
238.2866645082948
 20
230.7148207836432
 10
238.2721889713125
 20
230.7179963100326
 10
238.2577725145829
 20
230.720975766494
 10
238.2434154098244
 20
230.7237589969876
 10
238.2291179266795
 20
230.7263458528415
 10
238.2148803326906
 20
230.7287361927639
 10
238.2007028932688
 20
230.7309298828541
 10
238.1865858716681
 20
230.7329267966145
 10
238.1725295289578
 20
230.7347268149605
 10
238.1585341239969
 20
230.7363298262334
 10
238.1445999134051
 20
230.7377357262102
 10
238.1307271515342
 20
230.7389444181155
 10
238.1169160904453
 20
230.739955812633
 10
238.1031669798762
 20
230.7407698279166
 10
238.089480067218
 20
230.7413863896009
 10
238.075855597486
 20
230.7418054308139
 10
238.0622938132938
 20
230.7420268921871
 10
238.0487949548231
 20
230.7420507218667
 10
238.0353592597994
 20
230.741876875526
 10
238.0219869634653
 20
230.7415053163757
 10
238.0086782985488
 20
230.7409360151752
 10
237.995433495241
 20
230.7401689502443
 10
237.9822527811646
 20
230.7392041074744
 10
237.9691363813507
 20
230.7380414803391
 10
237.9560845182083
 20
230.7366810699067
 10
237.9430974114989
 20
230.7351228848497
 10
237.9301752783073
 20
230.7333669414576
 10
237.9173183330166
 20
230.731413263648
 10
237.9045267872793
 20
230.7292618829773
 10
237.8918008499908
 20
230.7269128386516
 10
237.8791407272617
 20
230.7243661775389
 10
237.8665466223898
 20
230.7216219541803
 10
237.8540187358356
 20
230.7186802308006
 10
237.8415572651909
 20
230.7155410773197
 10
237.8291624051558
 20
230.7122045713642
 10
237.8168343475076
 20
230.708670798279
 10
237.804573281076
 20
230.7049398511377
 10
237.7923793917149
 20
230.7010118307538
 10
237.7802528622746
 20
230.6968868456931
 10
237.7681938725758
 20
230.6925650122839
 10
237.7562025993829
 20
230.6880464546289
 10
237.7442792163723
 20
230.6833313046156
 10
237.7324238941116
 20
230.678419701929
 10
237.720636800027
 20
230.673311794061
 10
237.7089180983782
 20
230.6680077363238
 10
237.6972679502315
 20
230.662507691859
 10
237.685686513432
 20
230.6568118316505
 10
237.6741739425755
 20
230.6509203345347
 10
237.6627303889834
 20
230.6448333872127
 10
237.6513560006713
 20
230.6385511842604
 10
237.6400509223278
 20
230.6320739281417
 10
237.6288152952811
 20
230.6254018292166
 10
237.6176492574753
 20
230.6185351057559
 10
237.6065529434428
 20
230.6114739839502
 10
237.5955264842755
 20
230.6042186979223
 10
237.584570007599
 20
230.5967694897376
 10
237.5736836375456
 20
230.5891266094158
 10
237.5628674947239
 20
230.5812903149426
 10
237.5521216961951
 20
230.5732608722799
 10
237.5414463554456
 20
230.5650385553783
 10
237.5308415823569
 20
230.5566236461868
 10
237.5203074831801
 20
230.5480164346665
 10
237.5098441605081
 20
230.5392172187987
 10
237.4994517132544
 20
230.530226304593
 10
237.4891302366471
 20
230.5210440060645
 10
237.47887982224
 20
230.5116706451907
 10
237.4687005579259
 20
230.5021065518692
 10
237.4585925279503
 20
230.4923520638721
 10
237.4485558129216
 20
230.4824075268017
 10
237.4385904898243
 20
230.4722732940473
 10
237.4286966320322
 20
230.4619497267402
 10
237.4188743093192
 20
230.4514371937106
 10
237.4091235878741
 20
230.4407360714413
 10
237.3994445303105
 20
230.4298467440261
 10
237.3898371956808
 20
230.4187696031238
 10
237.3803016394883
 20
230.4075050479147
 10
237.3708379137001
 20
230.3960534850562
 10
237.3614460667581
 20
230.3844153286388
 10
237.3521261435929
 20
230.3725910001423
 10
237.3428781856365
 20
230.3605809283901
 10
237.3337022308323
 20
230.3483855495076
 10
237.3245983136506
 20
230.3360053068751
 10
237.315566465099
 20
230.3234406510853
 10
237.3066067127352
 20
230.3106920398996
 10
237.29771908068
 20
230.2977599382027
 10
237.2889035896302
 20
230.2846448179586
 10
237.2801602568686
 20
230.2713471581668
 10
237.2714890962803
 20
230.2578674448187
 10
237.2628901183609
 20
230.2442061708512
 10
237.2543633302321
 20
230.230363836106
 10
237.2459087356535
 20
230.2163409472817
 10
237.2375263350326
 20
230.2021380178925
 10
237.229216125442
 20
230.1877555682223
 10
237.2209781006263
 20
230.1731941252814
 10
237.2128122510193
 20
230.1584542227621
 10
237.2047185637541
 20
230.143536400994
 10
237.196697022674
 20
230.1284412069006
 10
237.1887476083497
 20
230.1131691939552
 10
237.1808702980862
 20
230.0977209221353
 10
237.1730650659402
 20
230.0820969578801
 10
237.1653318827287
 20
230.0662978740455
 10
237.1576707160437
 20
230.0503242498601
 10
237.1500815302628
 20
230.0341766708805
 10
237.1425642865637
 20
230.0178557289483
 10
237.1351189429358
 20
230.0013620221446
 10
237.1277454541923
 20
229.9846961547471
 10
237.1204437719822
 20
229.9678587371844
 10
237.1132138448043
 20
229.9508503859936
 10
237.1060556180182
 20
229.9336717237741
 10
237.098969033858
 20
229.916323379145
 10
237.0919540314425
 20
229.8988059867004
 10
237.0850105467899
 20
229.8811201869658
 10
237.078138512831
 20
229.8632666263521
 10
237.0713378594173
 20
229.8452459571138
 10
237.0646085133386
 20
229.8270588373028
 10
237.0579503983321
 20
229.8087059307258
 10
237.0513634350955
 20
229.790187906899
 10
237.0448475412999
 20
229.7715054410043
 10
237.0384026316033
 20
229.7526592138452
 10
237.0320286176605
 20
229.7336499118031
 10
237.0257254081376
 20
229.7144782267915
 10
237.0194929087224
 20
229.6951448562137
 10
237.0133310221409
 20
229.675650502918
 10
237.0072396481637
 20
229.6559958751522
 10
237.001218683624
 20
229.6361816865216
 10
236.9952680224272
 20
229.6162086559434
 10
236.9893875555635
 20
229.5960775076029
 10
236.9835771711218
 20
229.5757889709095
 10
236.9778367542989
 20
229.5553437804516
 10
236.9721661874168
 20
229.534742675954
 10
236.9665653499312
 20
229.5139864022325
 10
236.9610341184452
 20
229.4930757091497
 10
236.9555723667275
 20
229.4720113515637
 10
236.9501799657346
 20
229.4507940892739
 10
236.9448567836337
 20
229.4294246869605
 10
236.9396026858247
 20
229.4079039141297
 10
236.934417534966
 20
229.3862325450541
 10
236.9293011909959
 20
229.3644113587149
 10
236.9242535111575
 20
229.342441138746
 10
236.9192743500193
 20
229.3203226733745
 10
236.9143635595017
 20
229.2980567553638
 10
236.9095209888971
 20
229.2756441819562
 10
236.9047464848958
 20
229.2530857548149
 10
236.9000398916081
 20
229.230382279966
 10
236.8954010505874
 20
229.2075345677421
 10
236.8908298008535
 20
229.1845434327226
 10
236.886325978916
 20
229.1614096936783
 10
236.8818894187983
 20
229.1381341735116
 10
236.8775199520607
 20
229.1147176992004
 10
236.8732174078207
 20
229.0911611017399
 10
236.8689816127819
 20
229.0674652160849
 10
236.8648123912513
 20
229.043630881092
 10
236.8607095651679
 20
229.0196589394624
 10
236.8566729541218
 20
228.9955502376831
 10
236.8527023753788
 20
228.9713056259717
 10
236.8487976439052
 20
228.9469259582154
 10
236.8449585723895
 20
228.9224120919158
 10
236.8411849712656
 20
228.8977648881305
 10
236.8374766487367
 20
228.8729852114157
 10
236.8338334107978
 20
228.8480739297672
 10
236.8302550612612
 20
228.8230319145649
 10
236.8267414017755
 20
228.7978600405131
 10
236.8232922318531
 20
228.7725591855849
 10
236.8199073488913
 20
228.7471302309624
 10
236.8165865481973
 20
228.7215740609799
 10
236.8133296230073
 20
228.6958915630671
 10
236.8101363645156
 20
228.6700836276905
 10
236.8070065618939
 20
228.6441511482958
 10
236.8039400023151
 20
228.6180950212501
 10
236.8009364709774
 20
228.591916145785
 10
236.7979957511276
 20
228.5656154239381
 10
236.795117624084
 20
228.5391937604953
 10
236.7923018692584
 20
228.5126520629347
 10
236.7895482641828
 20
228.4859912413668
 10
236.7868565845289
 20
228.4592122084775
 10
236.784226604133
 20
228.4323158794717
 10
236.7816580950201
 20
228.4053031720139
 10
236.7791508274258
 20
228.3781750061717
 10
236.7767045698201
 20
228.3509323043573
 10
236.7743190889306
 20
228.3235759912704
 10
236.7719941497653
 20
228.2961069938409
 10
236.7697295156372
 20
228.2685262411698
 10
236.7675249481866
 20
228.2408346644732
 10
236.7653802074046
 20
228.2130331970234
 10
236.7632950516549
 20
228.1851227740922
 10
236.7612692376996
 20
228.1571043328926
 10
236.7593025207215
 20
228.128978812521
 10
236.7573946543473
 20
228.1007471539002
 10
236.7555453906689
 20
228.0724102997211
 10
236.7520216722486
 20
228.0154247839484
 10
236.7487293524309
 20
227.958029839907
 10
236.7456663951457
 20
227.9002330669049
 10
236.7428307420299
 20
227.8420420870077
 10
236.7402203131687
 20
227.7834645431942
 10
236.7378330078416
 20
227.7245080975131
 10
236.7356667052294
 20
227.665180429288
 10
236.7337192650477
 20
227.6054892334316
 10
236.7319885281505
 20
227.5454422187956
 10
236.73047231714
 20
227.4850471065245
 10
236.7291684369679
 20
227.4243116284059
 10
236.7280746755417
 20
227.3632435252235
 10
236.727188804331
 20
227.3018505451094
 10
236.726508578973
 20
227.2401404418954
 10
236.7260317398752
 20
227.1781209734662
 10
236.7257560128244
 20
227.1157999001104
 10
236.7256791095882
 20
227.0531849828731
 10
236.7257987285239
 20
226.9902839819084
 10
236.7261125551815
 20
226.927104654831
 10
236.7266182629085
 20
226.8636547550681
 10
236.7273135134583
 20
226.7999420302114
 10
236.7281959575912
 20
226.7359742203711
 10
236.7292632356836
 20
226.6717590565253
 10
236.7305129783316
 20
226.6073042588737
 10
236.7319428069553
 20
226.5426175351889
 10
236.733550334406
 20
226.4777065791698
 10
236.7353331655702
 20
226.412579068792
 10
236.7372888979756
 20
226.3472426646613
 10
236.7394151223964
 20
226.2817050083649
 10
236.7417094234577
 20
226.215973720824
 10
236.7441693802418
 20
226.1500564006456
 10
236.7467925668929
 20
226.0839606224748
 10
236.749576553223
 20
226.0176939353473
 10
236.7525189053163
 20
225.9512638610403
 10
236.7556171861354
 20
225.8846778924257
 10
236.7588689561257
 20
225.817943491822
 10
236.7622717738223
 20
225.751068089346
 10
236.7658231964532
 20
225.6840590812657
 10
236.7695207805453
 20
225.6169238283512
 10
236.7733620825317
 20
225.5496696542266
 10
236.7773446593719
 20
225.4823038436857
 10
236.7814660692237
 20
225.414833640903
 10
236.7857238721384
 20
225.3472662476025
 10
236.7901156307479
 20
225.2796088212203
 10
236.7946389109645
 20
225.2118684730701
 10
236.799291282672
 20
225.1440522665074
 10
236.8040703204182
 20
225.0761672150936
 10
236.8089736041095
 20
225.0082202807607
 10
236.8139987197048
 20
224.9402183719761
 10
236.8191432599089
 20
224.8721683419065
 10
236.8297810228487
 20
224.7359510430632
 10
236.8408677958271
 20
224.5996220338048
 10
236.852384634058
 20
224.4632339614205
 10
236.8643127672598
 20
224.32683841218
 10
236.8766336218517
 20
224.1904858525938
 10
236.8893288431427
 20
224.0542255706765
 10
236.9023803175271
 20
223.9181056172088
 10
236.9157701946754
 20
223.7821727469997
 10
236.9294809097266
 20
223.6464723601489
 10
236.9434952054827
 20
223.5110484433091
 10
236.9577961545981
 20
223.3759435109482
 10
236.9723671817754
 20
223.241198546613
 10
236.9797488965621
 20
223.1739734268
 10
236.987192085776
 20
223.1068529446912
 10
236.9946947860511
 20
223.0398417674756
 10
237.0022550598309
 20
222.9729444566333
 10
237.0098709959349
 20
222.9061654664496
 10
237.017540710128
 20
222.8395091425327
 10
237.0252623456862
 20
222.7729797203303
 10
237.033034073963
 20
222.7065813236446
 10
237.0408540949565
 20
222.6403179631513
 10
237.0487206378797
 20
222.5741935349133
 10
237.056631961723
 20
222.5082118188993
 10
237.0645863558243
 20
222.4423764774989
 10
237.0725821404339
 20
222.3766910540403
 10
237.0806176672836
 20
222.3111589713047
 10
237.0886913201536
 20
222.2457835300459
 10
237.0968015154379
 20
222.1805679075037
 10
237.1049467027126
 20
222.1155151559223
 10
237.1131253653027
 20
222.0506282010657
 10
237.1213360208496
 20
221.9859098407348
 10
237.1295772218772
 20
221.9213627432842
 10
237.1378475563595
 20
221.8569894461377
 10
237.146145648289
 20
221.7927923543045
 10
237.1544701582402
 20
221.7287737388975
 10
237.1628197839408
 20
221.6649357356486
 10
237.1711932608369
 20
221.6012803434241
 10
237.1795893626589
 20
221.5378094227435
 10
237.1880069019909
 20
221.4745246942938
 10
237.1964447308358
 20
221.411427737448
 10
237.2049017411828
 20
221.3485199887791
 10
237.2133768655772
 20
221.2858027405796
 10
237.2218690776829
 20
221.2232771393747
 10
237.2303773928519
 20
221.1609441844414
 10
237.238900868692
 20
221.0988047263239
 10
237.247438605631
 20
221.0368594653532
 10
237.2559897473774
 20
220.9751089505079
 10
237.2645534808478
 20
220.9135535799536
 10
237.2731290357094
 20
220.8521936028164
 10
237.2817156838785
 20
220.791029121078
 10
237.2903127390268
 20
220.7300600914694
 10
237.2989195560828
 20
220.6692863273636
 10
237.3075355307328
 20
220.6087075006688
 10
237.3161600989251
 20
220.5483231437238
 10
237.3247927363719
 20
220.4881326511902
 10
237.3334329580512
 20
220.4281352819459
 10
237.3420803177103
 20
220.3683301609785
 10
237.3507344073677
 20
220.3087162812809
 10
237.3593948568164
 20
220.2492925057416
 10
237.3680613331249
 20
220.1900575690415
 10
237.3767335401408
 20
220.1310100795447
 10
237.3854112179921
 20
220.0721485211947
 10
237.3940941425928
 20
220.0134712554048
 10
237.4027821251411
 20
219.9549765229558
 10
237.4114750116253
 20
219.8966624458847
 10
237.420172682323
 20
219.8385270293831
 10
237.4288750513088
 20
219.7805681636872
 10
237.4375820659499
 20
219.7227836259732
 10
237.4462937064145
 20
219.6651710822495
 10
237.4550099851723
 20
219.6077280892522
 10
237.4637309464951
 20
219.5504520963374
 10
237.4724566659612
 20
219.4933404473744
 10
237.481187249959
 20
219.4363903826399
 10
237.4899228351865
 20
219.3795990407119
 10
237.4986635881562
 20
219.3229634603624
 10
237.5074097046962
 20
219.2664805824523
 10
237.5161614094543
 20
219.2101472518228
 10
237.5249189553972
 20
219.1539602191914
 10
237.5336826233183
 20
219.0979161430437
 10
237.5424527213341
 20
219.0420115915276
 10
237.5512295843977
 20
218.9862430443281
 10
237.560013573843
 20
218.9306068944134
 10
237.5688050769699
 20
218.8750994496652
 10
237.5776045066304
 20
218.8197169344924
 10
237.5952289222674
 20
218.7093111828149
 10
237.6128906190124
 20
218.5993578264735
 10
237.6305937776445
 20
218.4898238202264
 10
237.6483429482865
 20
218.3806749381195
 10
237.666143037241
 20
218.2718758251093
 10
237.683999293814
 20
218.1633900486841
 10
237.7019172971475
 20
218.0551801504861
 10
237.7199029430471
 20
217.9472076979355
 10
237.7379624308118
 20
217.839433335851
 10
237.7561022500629
 20
217.7318168380723
 10
237.7743291675733
 20
217.6243171590829
 10
237.7926502140971
 20
217.5168924856317
 10
237.8296040580792
 20
217.3020973734055
 10
237.8482521184126
 20
217.1946399340576
 10
237.8670248071478
 20
217.0870836024128
 10
237.8859302770354
 20
216.9793835020222
 10
237.9049768646549
 20
216.8714943021657
 10
237.9241730763012
 20
216.7633702725685
 10
237.9435275738821
 20
216.6549653381234
 10
237.9630491608019
 20
216.5462331336148
 10
237.9827467678551
 20
216.4371270584419
 10
237.9926644011664
 20
216.3824192057728
 10
238.0026294391164
 20
216.3276003313431
 10
238.0126430276005
 20
216.2726645682447
 10
238.0227063178281
 20
216.2176060451186
 10
238.0328204658862
 20
216.1624188878654
 10
238.0429866322938
 20
216.1070972213545
 10
238.0532059815653
 20
216.0516351711351
 10
238.0634796817655
 20
215.9960268651457
 10
238.0738089040724
 20
215.940266435425
 10
238.0841948223341
 20
215.8843480198211
 10
238.0946386126287
 20
215.8282657637017
 10
238.1051414528223
 20
215.7720138216646
 10
238.1157045221285
 20
215.7155863592485
 10
238.1263290006693
 20
215.6589775546414
 10
238.1370160690314
 20
215.6021816003919
 10
238.1477669078264
 20
215.5451927051188
 10
238.158582697251
 20
215.4880050952223
 10
238.1694646166435
 20
215.4306130165926
 10
238.1804138440466
 20
215.3730107363205
 10
238.1914315557612
 20
215.3151925444084
 10
238.2025189259119
 20
215.2571527554776
 10
238.2136771260055
 20
215.1988857104655
 10
238.2249073245056
 20
215.1403857782995
 10
238.2362106864017
 20
215.0816473575665
 10
238.247588372785
 20
215.0226648781826
 10
238.2590415404173
 20
214.9634328030636
 10
238.2705713413057
 20
214.9039456297941
 10
238.2821789222729
 20
214.8441978922971
 10
238.2938654245311
 20
214.784184162504
 10
238.3056319832537
 20
214.7238990520238
 10
238.3174797271482
 20
214.6633372138145
 10
238.3294097780272
 20
214.6024933438495
 10
238.3414232503813
 20
214.5413621827917
 10
238.353521250952
 20
214.4799385176588
 10
238.3657048783037
 20
214.4182171834966
 10
238.3779752223951
 20
214.356193065046
 10
238.3903333641519
 20
214.2938610984148
 10
238.4027803750411
 20
214.2312162727459
 10
238.41531731664
 20
214.1682536318882
 10
238.4279452402102
 20
214.1049682760652
 10
238.4406651862704
 20
214.0413553635452
 10
238.4534781841677
 20
213.9774101123115
 10
238.4663852516501
 20
213.9131278017315
 10
238.479387394439
 20
213.8485037742261
 10
238.4924856058018
 20
213.7835334369408
 10
238.5056808661238
 20
213.7182122634139
 10
238.5189741424799
 20
213.6525357952465
 10
238.532366388208
 20
213.586499643773
 10
238.5458585424812
 20
213.5200994917308
 10
238.5594515298775
 20
213.4533310949282
 10
238.573146259958
 20
213.3861902839163
 10
238.5869436268326
 20
213.318672965658
 10
238.6008445087358
 20
213.2507751251971
 10
238.6148497675983
 20
213.1824928273289
 10
238.62896024862
 20
213.1138222182694
 10
238.6431767798383
 20
213.0447595273389
 10
238.6575001716897
 20
212.9753010686611
 10
238.6719312165743
 20
212.9054432428776
 10
238.6864706884145
 20
212.8351825388538
 10
238.7011193422192
 20
212.7645155353905
 10
238.7158779136406
 20
212.6934389029333
 10
238.7307471185408
 20
212.6219494052829
 10
238.7457276525491
 20
212.5500439013036
 10
238.7608201906258
 20
212.4777193466351
 10
238.7760253866212
 20
212.4049727954004
 10
238.7913438728392
 20
212.3318014019164
 10
238.8067762595983
 20
212.2582024224041
 10
238.8223231347906
 20
212.1841732166975
 10
238.8379850634468
 20
212.1097112499544
 10
238.8537625872938
 20
212.0348140943655
 10
238.8696562243194
 20
211.9594794308639
 10
238.8856664683307
 20
211.8837050508367
 10
238.9017937885178
 20
211.8074888578316
 10
238.9180386290132
 20
211.7308288692706
 10
238.9344014084551
 20
211.6537232181568
 10
238.9508825195472
 20
211.5761701547847
 10
238.9674823286195
 20
211.4981680484521
 10
238.9842011751922
 20
211.4197153891663
 10
239.0010393715342
 20
211.3408107893582
 10
239.0179972022262
 20
211.261452985588
 10
239.0350749237219
 20
211.1816408402575
 10
239.0522727639085
 20
211.1013733433196
 10
239.0695909216677
 20
211.0206496139875
 10
239.0870295664397
 20
210.9394689024441
 10
239.1045888377804
 20
210.8578305915535
 10
239.1222688449262
 20
210.7757341985692
 10
239.1400696663545
 20
210.6931793768449
 10
239.157991349343
 20
210.610165917543
  0
LINE
  5
7F
330
70
100
AcDbEntity
  8
0
 62
    18
420
        0
370
    25
100
AcDbLine
 10
239.157991349343
 20
210.610165917543
 30
0.0
 11
245.6900703974076
 21
190.5064937677884
 31
0.0
  0
SPLINE
  5
80
330
70
100
AcDbEntity
  8
0
 62
    18
420
        0
370
    25
100
AcDbSpline
210
0.0
220
0.0
230
1.0
 70
     8
 71
     3
 72
     8
 73
     4
 74
     0
 42
0.0000000001
 43
0.0000000001
 40
0.0
 40
0.0
 40
0.0
 40
0.0
 40
1.0
 40
1.0
 40
1.0
 40
1.0
 10
245.330431846045
 20
189.399640118926
 30
0.0
 10
245.677414380043
 20
189.651737686351
 30
0.0
 10
245.8226059318918
 20
190.0985913352134
 30
0.0
 10
245.690070397407
 20
190.5064937677884
 30
0.0
  0
LINE
  5
81
330
70
100
AcDbEntity
  8
0
 62
    18
420
        0
370
    25
100
AcDbLine
 10
245.330431846045
 20
189.399640118926
 30
0.0
 11
230.6942261830464
 21
178.7658142561243
 31
0.0
  0
SPLINE
  5
82
330
70
100
AcDbEntity
  8
0
 62
    18
420
        0
370
    25
100
AcDbSpline
210
0.0
220
0.0
230
1.0
 70
     8
 71
     3
 72
    11
 73
     7
 74
     0
 42
0.0000000001
 43
0.0000000001
 40
0.0
 40
0.0
 40
0.0
 40
0.0
 40
1.0
 40
1.0
 40
1.0
 40
2.0
 40
2.0
 40
2.0
 40
2.0
 10
230.6942261830464
 20
178.7658142561243
 30
0.0
 10
230.2518865121824
 20
178.444435673418
 30
0.0
 10
230.153828175678
 20
177.8253197027874
 30
0.0
 10
230.4752067583849
 20
177.3829800319237
 30
0.0
 10
230.6614782336333
 20
177.1265993410925
 30
0.0
 10
230.9592296208299
 20
176.9748874316931
 30
0.0
 10
231.2761335828161
 20
176.9748874316931
 30
0.0
  0
LINE
  5
83
330
70
100
AcDbEntity
  8
0
 62
    18
420
        0
370
    25
100
AcDbLine
 10
231.2761335828161
 20
176.9748874316931
 30
0.0
 11
249.3674787149494
 21
176.9748874316928
 31
0.0
  0
SPLINE
  5
84
330
70
100
AcDbEntity
  8
0
 62
    18
420
        0
370
    25
100
AcDbSpline
210
0.0
220
0.0
230
1.0
 70
     8
 71
     3
 72
     8
 73
     4
 74
     0
 42
0.0000000001
 43
0.0000000001
 40
0.0
 40
0.0
 40
0.0
 40
0.0
 40
1.0
 40
1.0
 40
1.0
 40
1.0
 10
250.3090246660818
 20
176.290814256124
 30
0.0
 10
250.176489131597
 20
176.6987166886989
 30
0.0
 10
249.7963727139772
 20
176.9748874316928
 30
0.0
 10
249.3674787149494
 20
176.9748874316928
 30
0.0
  0
LINE
  5
85
330
70
100
AcDbEntity
  8
0
 62
    18
420
        0
370
    25
100
AcDbLine
 10
250.3090246660818
 20
176.290814256124
 30
0.0
 11
255.8995577630147
 21
159.0849225796607
 31
0.0
  0
SPLINE
  5
86
330
70
100
AcDbEntity
  8
0
 62
    18
420
        0
370
    25
100
AcDbSpline
210
0.0
220
0.0
230
1.0
 70
     8
 71
     3
 72
    11
 73
     7
 74
     0
 42
0.0000000001
 43
0.0000000001
 40
0.0
 40
0.0
 40
0.0
 40
0.0
 40
1.0
 40
1.0
 40
1.0
 40
2.0
 40
2.0
 40
2.0
 40
2.0
 10
255.8995577630147
 20
159.0849225796607
 30
0.0
 10
256.068516482712
 20
158.5649211095855
 30
0.0
 10
256.6270290685029
 20
158.2803447332622
 30
0.0
 10
257.1470305385779
 20
158.4493034529598
 30
0.0
 10
257.4484241166646
 20
158.5472321627982
 30
0.0
 10
257.6847209554405
 20
158.7835290015744
 30
0.0
 10
257.7826496652789
 20
159.0849225796607
 30
0.0
  0
LINE
  5
87
330
70
100
AcDbEntity
  8
0
 62
    18
420
        0
370
    25
100
AcDbLine
 10
257.7826496652789
 20
159.0849225796607
 30
0.0
 11
263.3731827622105
 21
176.290814256124
 31
0.0
  0
SPLINE
  5
88
330
70
100
AcDbEntity
  8
0
 62
    18
420
        0
370
    25
100
AcDbSpline
210
0.0
220
0.0
230
1.0
 70
     8
 71
     3
 72
     8
 73
     4
 74
     0
 42
0.0000000001
 43
0.0000000001
 40
0.0
 40
0.0
 40
0.0
 40
0.0
 40
1.0
 40
1.0
 40
1.0
 40
1.0
 10
264.3147287133422
 20
176.9748874316928
 30
0.0
 10
263.8858347143151
 20
176.9748874316928
 30
0.0
 10
263.5057182966953
 20
176.6987166886989
 30
0.0
 10
263.3731827622105
 20
176.290814256124
 30
0.0
  0
LINE
  5
89
330
70
100
AcDbEntity
  8
0
 62
    18
420
        0
370
    25
100
AcDbLine
 10
264.3147287133422
 20
176.9748874316928
 30
0.0
 11
282.4060738454768
 21
176.9748874316931
 31
0.0
  0
SPLINE
  5
8A
330
70
100
AcDbEntity
  8
0
 62
    18
420
        0
370
    25
100
AcDbSpline
210
0.0
220
0.0
230
1.0
 70
     9
 71
     3
 72
    35
 73
    31
 74
     0
 42
0.0000000001
 43
0.0000000001
 40
0.0
 40
0.0
 40
0.0
 40
0.0
 40
1.0
 40
1.0
 40
1.0
 40
2.0
 40
2.0
 40
2.0
 40
3.0
 40
3.0
 40
3.0
 40
4.0
 40
4.0
 40
4.0
 40
5.0
 40
5.0
 40
5.0
 40
6.0
 40
6.0
 40
6.0
 40
7.0
 40
7.0
 40
7.0
 40
8.0
 40
8.0
 40
8.0
 40
9.0
 40
9.0
 40
9.0
 40
10.0
 40
10.0
 40
10.0
 40
10.0
 10
191.7860792194312
 20
201.0788651397655
 30
0.0
 10
190.6868021147763
 20
201.9671891321271
 30
0.0
 10
189.1165969991584
 20
201.9677763591873
 30
0.0
 10
188.0166557692957
 20
201.0802748329511
 30
0.0
 10
188.0166557692957
 20
201.0802748329511
 30
0.0
 10
182.274405566628
 20
196.4470674573767
 30
0.0
 10
182.274405566628
 20
196.4470674573767
 30
0.0
 10
180.9849476640825
 20
195.406652001117
 30
0.0
 10
180.7830588717961
 20
193.517916463843
 30
0.0
 10
181.8234743280558
 20
192.2284585612975
 30
0.0
 10
181.9562523599753
 20
192.0638976817826
 30
0.0
 10
182.1060562352983
 20
191.9138356450026
 30
0.0
 10
182.2703882477216
 20
191.7807744616321
 30
0.0
 10
182.2703882477216
 20
191.7807744616321
 30
0.0
 10
188.0126353770639
 20
187.1312226976856
 30
0.0
 10
188.0126353770639
 20
187.1312226976856
 30
0.0
 10
189.1140587136325
 20
186.2393898137916
 30
0.0
 10
190.6893368385074
 20
186.2399793717735
 30
0.0
 10
191.7900923182222
 20
187.1326364352702
 30
0.0
 10
191.7900923182222
 20
187.1326364352702
 30
0.0
 10
197.5235621222186
 20
191.7821906852374
 30
0.0
 10
197.5235621222186
 20
191.7821906852374
 30
0.0
 10
198.810445893757
 20
192.8257883867546
 30
0.0
 10
199.0076682210717
 20
194.7150168980316
 30
0.0
 10
197.9640705195545
 20
196.0019006695697
 30
0.0
 10
197.83183156428
 20
196.1649674962413
 30
0.0
 10
197.6828403026538
 20
196.3137023566339
 30
0.0
 10
197.5195459501021
 20
196.4456602502118
 30
0.0
 10
197.5195459501021
 20
196.4456602502118
 30
0.0
 10
191.7860792194312
 20
201.0788651397655
 30
0.0
 10
191.7860792194312
 20
201.0788651397655
 30
0.0
  0
SPLINE
  5
8B
330
70
100
AcDbEntity
  8
0
 62
    18
420
        0
370
    25
100
AcDbSpline
210
0.0
220
0.0
230
1.0
 70
     9
 71
     3
 72
    68
 73
    64
 74
     0
 42
0.0000000001
 43
0.0000000001
 40
0.0
 40
0.0
 40
0.0
 40
0.0
 40
1.0
 40
1.0
 40
1.0
 40
2.0
 40
2.0
 40
2.0
 40
3.0
 40
3.0
 40
3.0
 40
4.0
 40
4.0
 40
4.0
 40
5.0
 40
5.0
 40
5.0
 40
6.0
 40
6.0
 40
6.0
 40
7.0
 40
7.0
 40
7.0
 40
8.0
 40
8.0
 40
8.0
 40
9.0
 40
9.0
 40
9.0
 40
10.0
 40
10.0
 40
10.0
 40
11.0
 40
11.0
 40
11.0
 40
12.0
 40
12.0
 40
12.0
 40
13.0
 40
13.0
 40
13.0
 40
14.0
 40
14.0
 40
14.0
 40
15.0
 40
15.0
 40
15.0
 40
16.0
 40
16.0
 40
16.0
 40
17.0
 40
17.0
 40
17.0
 40
18.0
 40
18.0
 40
18.0
 40
19.0
 40
19.0
 40
19.0
 40
20.0
 40
20.0
 40
20.0
 40
21.0
 40
21.0
 40
21.0
 40
21.0
 10
197.0255034537498
 20
216.6192384096108
 30
0.0
 10
196.2396765165441
 20
215.2660734922938
 30
0.0
 10
195.6704234427246
 20
213.7982805372966
 30
0.0
 10
195.3383992738847
 20
212.2691176224957
 30
0.0
 10
195.2454554943168
 20
215.2715894699308
 30
0.0
 10
192.736125330401
 20
217.6302279932258
 30
0.0
 10
189.7336534829663
 20
217.5372842136582
 30
0.0
 10
186.8617582288489
 20
217.448382530977
 30
0.0
 10
184.5543924053195
 20
215.1410196148762
 30
0.0
 10
184.4654871038641
 20
212.2691244727828
 30
0.0
 10
184.1334632985326
 20
213.79828571122
 30
0.0
 10
183.5642111060324
 20
215.2660771347649
 30
0.0
 10
182.7783854912436
 20
216.6192408364604
 30
0.0
 10
182.7783854912436
 20
216.6192408364604
 30
0.0
 10
182.717005925485
 20
216.7239563620198
 30
0.0
 10
182.717005925485
 20
216.7239563620198
 30
0.0
 10
178.498880470661
 20
223.8539330628466
 30
0.0
 10
169.2994260277861
 20
226.2144548941286
 30
0.0
 10
162.1694493269593
 20
221.9963294393045
 30
0.0
 10
155.0394726261325
 20
217.7782039844808
 30
0.0
 10
152.6789507948502
 20
208.5787495416059
 30
0.0
 10
156.8970762496742
 20
201.4487728407788
 30
0.0
 10
159.2455619399281
 20
197.4790833583134
 30
0.0
 10
163.289766625588
 20
194.810547523927
 30
0.0
 10
167.8632303818351
 20
194.2128445083586
 30
0.0
 10
159.6488089820674
 20
193.1393166686959
 30
0.0
 10
153.8599709819711
 20
185.6099461427766
 30
0.0
 10
154.9334988216338
 20
177.3955247430086
 30
0.0
 10
156.0070266612968
 20
169.1811033432408
 30
0.0
 10
163.5363971872157
 20
163.3922653431445
 30
0.0
 10
171.7508185869839
 20
164.4657931828072
 30
0.0
 10
178.0284085669489
 20
165.2862000357687
 30
0.0
 10
183.1150219900004
 20
169.9596329816225
 30
0.0
 10
184.4630519487549
 20
176.1454246521561
 30
0.0
 10
184.4384203460166
 20
173.1416115789768
 30
0.0
 10
186.8535241086073
 20
170.6865720977716
 30
0.0
 10
189.8573371817869
 20
170.6619404950333
 30
0.0
 10
192.8611502549662
 20
170.637308892295
 30
0.0
 10
195.3161897361714
 20
173.0524126548858
 30
0.0
 10
195.3408213389097
 20
176.0562257280654
 30
0.0
 10
195.3410651490401
 20
176.085958265768
 30
0.0
 10
195.3410651485251
 20
176.1156923029006
 30
0.0
 10
195.3408213373645
 20
176.1454248405949
 30
0.0
 10
197.1047589551197
 20
168.0511261033109
 30
0.0
 10
205.0964385321417
 20
162.9193544707255
 30
0.0
 10
213.1907372694256
 20
164.6832920884807
 30
0.0
 10
221.2850360067095
 20
166.4472297062359
 30
0.0
 10
226.416807639295
 20
174.4389092832581
 30
0.0
 10
224.6528700215401
 20
182.533208020542
 30
0.0
 10
223.3048419295722
 20
188.718994849288
 30
0.0
 10
218.2182351839826
 20
193.3924259102028
 30
0.0
 10
211.9406509296833
 20
194.2128370008148
 30
0.0
 10
220.1550696187771
 20
195.2863712116301
 30
0.0
 10
225.9439002565983
 20
202.8157447049531
 30
0.0
 10
224.8703660457831
 20
211.0301633940471
 30
0.0
 10
223.7968318349679
 20
219.2445820831408
 30
0.0
 10
216.2674583416451
 20
225.0334127209621
 30
0.0
 10
208.0530396525511
 20
223.9598785101469
 30
0.0
 10
203.4795756928607
 20
223.362177052687
 30
0.0
 10
199.4353700982462
 20
220.6936425961837
 30
0.0
 10
197.0868830556944
 20
216.7239539139565
 30
0.0
 10
197.0868830556944
 20
216.7239539139565
 30
0.0
 10
197.0255034537498
 20
216.6192384096108
 30
0.0
 10
197.0255034537498
 20
216.6192384096108
 30
0.0
  0
SPLINE
  5
8C
330
70
100
AcDbEntity
  8
0
 62
    18
420
        0
370
    25
100
AcDbSpline
210
0.0
220
0.0
230
1.0
 70
     9
 71
     3
 72
    35
 73
    31
 74
     0
 42
0.0000000001
 43
0.0000000001
 40
0.0
 40
0.0
 40
0.0
 40
0.0
 40
1.0
 40
1.0
 40
1.0
 40
2.0
 40
2.0
 40
2.0
 40
3.0
 40
3.0
 40
3.0
 40
4.0
 40
4.0
 40
4.0
 40
5.0
 40
5.0
 40
5.0
 40
6.0
 40
6.0
 40
6.0
 40
7.0
 40
7.0
 40
7.0
 40
8.0
 40
8.0
 40
8.0
 40
9.0
 40
9.0
 40
9.0
 40
10.0
 40
10.0
 40
10.0
 40
10.0
 10
180.6417874721038
 20
116.1250166227772
 30
0.0
 10
180.6417874721038
 20
116.1250166227772
 30
0.0
 10
176.7598214608537
 20
123.8889486452774
 30
0.0
 10
176.7598214608537
 20
123.8889486452774
 30
0.0
 10
176.6190577155203
 20
124.1704761359442
 30
0.0
 10
176.6190577155203
 20
124.5018483456101
 30
0.0
 10
176.7598214608537
 20
124.783375836277
 30
0.0
 10
176.7598214608537
 20
124.783375836277
 30
0.0
 10
180.6417874721038
 20
132.5473078587771
 30
0.0
 10
180.6417874721038
 20
132.5473078587771
 30
0.0
 10
180.738551173268
 20
132.7408352611062
 30
0.0
 10
180.8954736652751
 20
132.897757753113
 30
0.0
 10
181.0890010676039
 20
132.9945214542775
 30
0.0
 10
181.5829795650271
 20
133.241510702989
 30
0.0
 10
182.183652605392
 20
133.0412863562007
 30
0.0
 10
182.4306418541035
 20
132.5473078587771
 30
0.0
 10
182.4306418541035
 20
132.5473078587771
 30
0.0
 10
186.3126078653536
 20
124.783375836277
 30
0.0
 10
186.3126078653536
 20
124.783375836277
 30
0.0
 10
186.453371610687
 20
124.5018483456101
 30
0.0
 10
186.453371610687
 20
124.1704761359442
 30
0.0
 10
186.3126078653536
 20
123.8889486452774
 30
0.0
 10
186.3126078653536
 20
123.8889486452774
 30
0.0
 10
182.4306418541038
 20
116.1250166227772
 30
0.0
 10
182.4306418541038
 20
116.1250166227772
 30
0.0
 10
182.3338781529393
 20
115.9314892204481
 30
0.0
 10
182.1769556609322
 20
115.7745667284414
 30
0.0
 10
181.9834282586037
 20
115.6778030272768
 30
0.0
 10
181.4894497611805
 20
115.4308137785653
 30
0.0
 10
180.8887767208153
 20
115.6310381253536
 30
0.0
 10
180.6417874721038
 20
116.1250166227772
 30
0.0
  0
LWPOLYLINE
  5
8D
330
70
100
AcDbEntity
  8
0
 62
    18
420
        0
370
    25
100
AcDbPolyline
 90
       24
 70
     1
 43
0.0
 10
141.5362132474933
 20
96.3361611529924
 10
174.4907592684333
 20
102.9270710201127
 10
173.5362137243307
 20
94.33616112318988
 10
177.5362137839351
 20
84.33616097417866
 10
186.5362139180457
 20
84.33616097417866
 10
189.5362139627491
 20
94.33616112318988
 10
188.5183023852133
 20
102.9397444986767
 10
221.5362144395862
 20
96.3361611529924
 10
221.5362144395862
 20
113.336161406312
 10
201.5362141415631
 20
119.3361614957188
 10
201.5362141415631
 20
129.3361616447307
 10
221.5362144395862
 20
135.3361617341376
 10
221.5362144395862
 20
152.3361619874575
 10
187.5589412060128
 20
145.5407073407428
 10
188.5362139478479
 20
154.3361620172597
 10
183.5362138733422
 20
164.3361621662712
 10
179.4907593429389
 20
164.3361621662712
 10
174.4907592684333
 20
154.3361620172597
 10
175.4669989541138
 20
145.5500048461334
 10
141.5362132474933
 20
152.3361619874575
 10
141.5362132474933
 20
136.0028293793138
 10
161.5362146631039
 20
129.3361622407774
 10
161.5362146631039
 20
119.336162240777
 10
141.5362132474933
 20
112.6694951022406
  0
ENDSEC
  0
SECTION
  2
OBJECTS
  0
DICTIONARY
  5
C
330
0
100
AcDbDictionary
281
     1
  3
ACAD_COLOR
350
63
  3
ACAD_DETAILVIEWSTYLE
350
6A
  3
ACAD_GROUP
350
D
  3
ACAD_LAYOUT
350
62
  3
ACAD_MATERIAL
350
10
  3
ACAD_MLEADERSTYLE
350
66
  3
ACAD_MLINESTYLE
350
5F
  3
ACAD_PLOTSETTINGS
350
61
  3
ACAD_PLOTSTYLENAME
350
E
  3
ACAD_SCALELIST
350
42
  3
ACAD_SECTIONVIEWSTYLE
350
68
  3
ACAD_TABLESTYLE
350
64
  3
ACAD_VISUALSTYLE
350
29
  3
ACDB_RECOMPOSE_DATA
350
96
  3
AcDbVariableDictionary
350
8E
  0
DICTIONARY
  5
63
102
{ACAD_REACTORS
330
C
102
}
330
C
100
AcDbDictionary
281
     1
  0
DICTIONARY
  5
6A
102
{ACAD_REACTORS
330
C
102
}
330
C
100
AcDbDictionary
281
     1
  3
Imperial24
350
6B
  0
DICTIONARY
  5
D
102
{ACAD_REACTORS
330
C
102
}
330
C
100
AcDbDictionary
281
     1
  0
DICTIONARY
  5
62
102
{ACAD_REACTORS
330
C
102
}
330
C
100
AcDbDictionary
281
     1
  3
Layout1
350
6F
  3
Layout2
350
77
  3
Model
350
73
  0
DICTIONARY
  5
10
102
{ACAD_REACTORS
330
C
102
}
330
C
100
AcDbDictionary
281
     1
  3
ByBlock
350
19
  3
ByLayer
350
11
  3
Global
350
21
  0
DICTIONARY
  5
66
102
{ACAD_REACTORS
330
C
102
}
330
C
100
AcDbDictionary
281
     1
  3
Standard
350
67
  0
DICTIONARY
  5
5F
102
{ACAD_REACTORS
330
C
102
}
330
C
100
AcDbDictionary
281
     1
  3
Standard
350
60
  0
DICTIONARY
  5
61
102
{ACAD_REACTORS
330
C
102
}
330
C
100
AcDbDictionary
281
     1
  0
ACDBDICTIONARYWDFLT
  5
E
102
{ACAD_REACTORS
330
C
102
}
330
C
100
AcDbDictionary
281
     1
  3
Normal
350
F
100
AcDbDictionaryWithDefault
340
F
  0
DICTIONARY
  5
42
102
{ACAD_REACTORS
330
C
102
}
330
C
100
AcDbDictionary
281
     1
  3
A0
350
43
  3
A1
350
44
  3
A2
350
45
  3
A3
350
46
  3
A4
350
47
  3
A5
350
48
  3
A6
350
49
  3
A7
350
4A
  3
A8
350
4B
  3
A9
350
4C
  3
B0
350
4D
  3
B1
350
4E
  3
B2
350
4F
  3
B3
350
50
  3
B4
350
51
  3
B5
350
52
  3
B6
350
53
  0
DICTIONARY
  5
68
102
{ACAD_REACTORS
330
C
102
}
330
C
100
AcDbDictionary
281
     1
  3
Imperial24
350
69
  0
DICTIONARY
  5
64
102
{ACAD_REACTORS
330
C
102
}
330
C
100
AcDbDictionary
281
     1
  3
Standard
350
65
  0
DICTIONARY
  5
29
102
{ACAD_REACTORS
330
C
102
}
330
C
100
AcDbDictionary
281
     1
  3
2dWireframe
350
2F
  3
Basic
350
2E
  3
Brighten
350
35
  3
ColorChange
350
39
  3
Conceptual
350
32
  3
Dim
350
34
  3
EdgeColorOff
350
41
  3
Facepattern
350
38
  3
Flat
350
2A
  3
FlatWithEdges
350
2B
  3
Gouraud
350
2C
  3
GouraudWithEdges
350
2D
  3
Hidden
350
31
  3
JitterOff
350
3F
  3
Linepattern
350
37
  3
OverhangOff
350
40
  3
Realistic
350
33
  3
Shaded
350
3E
  3
Shaded with edges
350
3D
  3
Shades of Gray
350
3A
  3
Sketchy
350
3B
  3
Thicken
350
36
  3
Wireframe
350
30
  3
X-Ray
350
3C
  0
XRECORD
  5
96
102
{ACAD_REACTORS
330
C
102
}
330
C
100
AcDbXrecord
280
     1
 90
        1
330
65
  0
DICTIONARY
  5
8E
102
{ACAD_REACTORS
330
C
102
}
330
C
100
AcDbDictionary
281
     1
  3
CANNOSCALE
350
93
  3
CMLEADERSTYLE
350
90
  3
CTABLESTYLE
350
8F
  3
CVIEWDETAILSTYLE
350
91
  3
CVIEWSECTIONSTYLE
350
92
  0
ACDBDETAILVIEWSTYLE
  5
6B
102
{ACAD_REACTORS
330
6A
102
}
330
6A
100
AcDbModelDocViewStyle
 70
     0
  3
Imperial24
290
     1
300
Imperial24
 90
        0
100
AcDbDetailViewStyle
 70
     0
 71
     0
 90
        3
 71
     1
340
55
 62
   256
 40
0.24
340
0
 62
   256
 40
0.24
300

 40
0.36
280
     3
 71
     2
340
5D
 90
       25
 62
   256
 71
     3
340
55
 62
   256
 40
0.24
 90
        1
 40
0.75
 90
        1
300
%<\AcVar ViewType \f "%tc1">% %<\AcVar ViewDetailId>%\PSCALE %<\AcVar ViewScale \f "%sn">%
 71
     4
340
5D
 90
       25
 62
   256
340
5D
 90
       25
 62
   256
280
     0
  0
LAYOUT
  5
6F
102
{ACAD_REACTORS
330
62
102
}
330
62
100
AcDbPlotSettings
  1

  2

  4

  6

 40
0.0
 41
0.0
 42
0.0
 43
0.0
 44
0.0
 45
0.0
 46
0.0
 47
0.0
 48
0.0
 49
0.0
140
0.0
141
0.0
142
1.0
143
1.0
 70
   688
 72
     0
 73
     0
 74
     5
  7

 75
    16
147
1.0
 76
     0
 77
     2
 78
   300
148
0.0
149
0.0
100
AcDbLayout
  1
Layout1
 70
     1
 71
     1
 10
0.0
 20
0.0
 11
12.0
 21
9.0
 12
0.0
 22
0.0
 32
0.0
 14
0.0
 24
0.0
 34
0.0
 15
0.0
 25
0.0
 35
0.0
146
0.0
 13
0.0
 23
0.0
 33
0.0
 16
1.0
 26
0.0
 36
0.0
 17
0.0
 27
1.0
 37
0.0
 76
     0
330
6C
  0
LAYOUT
  5
77
102
{ACAD_REACTORS
330
62
102
}
330
62
100
AcDbPlotSettings
  1

  2

  4

  6

 40
0.0
 41
0.0
 42
0.0
 43
0.0
 44
0.0
 45
0.0
 46
0.0
 47
0.0
 48
0.0
 49
0.0
140
0.0
141
0.0
142
1.0
143
1.0
 70
   688
 72
     0
 73
     0
 74
     5
  7

 75
    16
147
1.0
 76
     0
 77
     2
 78
   300
148
0.0
149
0.0
100
AcDbLayout
  1
Layout2
 70
     1
 71
     2
 10
0.0
 20
0.0
 11
12.0
 21
9.0
 12
0.0
 22
0.0
 32
0.0
 14
0.0
 24
0.0
 34
0.0
 15
0.0
 25
0.0
 35
0.0
146
0.0
 13
0.0
 23
0.0
 33
0.0
 16
1.0
 26
0.0
 36
0.0
 17
0.0
 27
1.0
 37
0.0
 76
     0
330
74
  0
LAYOUT
  5
73
102
{ACAD_REACTORS
330
62
102
}
330
62
100
AcDbPlotSettings
  1

  2

  4

  6

 40
0.0
 41
0.0
 42
0.0
 43
0.0
 44
0.0
 45
0.0
 46
0.0
 47
0.0
 48
0.0
 49
0.0
140
0.0
141
0.0
142
1.0
143
1.0
 70
  1712
 72
     0
 73
     0
 74
     0
  7

 75
     0
147
1.0
 76
     0
 77
     2
 78
   300
148
0.0
149
0.0
100
AcDbLayout
  1
Model
 70
     1
 71
     0
 10
0.0
 20
0.0
 11
12.0
 21
9.0
 12
0.0
 22
0.0
 32
0.0
 14
0.0
 24
0.0
 34
0.0
 15
0.0
 25
0.0
 35
0.0
146
0.0
 13
0.0
 23
0.0
 33
0.0
 16
1.0
 26
0.0
 36
0.0
 17
0.0
 27
1.0
 37
0.0
 76
     0
330
70
  0
MATERIAL
  5
19
102
{ACAD_XDICTIONARY
360
1A
102
}
102
{ACAD_REACTORS
330
10
102
}
330
10
100
AcDbMaterial
  1
ByBlock
 72
     0
 43
0.0208333333333333
 43
0.0
 43
0.0
 43
0.0
 43
0.0
 43
0.0208333333333333
 43
0.0
 43
0.0
 43
0.0
 43
0.0
 43
1.0
 43
0.0
 43
0.0
 43
0.0
 43
0.0
 43
1.0
 77
     0
 47
0.0208333333333333
 47
0.0
 47
0.0
 47
0.0
 47
0.0
 47
0.0208333333333333
 47
0.0
 47
0.0
 47
0.0
 47
0.0
 47
1.0
 47
0.0
 47
0.0
 47
0.0
 47
0.0
 47
1.0
171
     0
 49
0.0208333333333333
 49
0.0
 49
0.0
 49
0.0
 49
0.0
 49
0.0208333333333333
 49
0.0
 49
0.0
 49
0.0
 49
0.0
 49
1.0
 49
0.0
 49
0.0
 49
0.0
 49
0.0
 49
1.0
175
     0
142
0.0208333333333333
142
0.0
142
0.0
142
0.0
142
0.0
142
0.0208333333333333
142
0.0
142
0.0
142
0.0
142
0.0
142
1.0
142
0.0
142
0.0
142
0.0
142
0.0
142
1.0
179
     0
144
0.0208333333333333
144
0.0
144
0.0
144
0.0
144
0.0
144
0.0208333333333333
144
0.0
144
0.0
144
0.0
144
0.0
144
1.0
144
0.0
144
0.0
144
0.0
144
0.0
144
1.0
147
0.0208333333333333
147
0.0
147
0.0
147
0.0
147
0.0
147
0.0208333333333333
147
0.0
147
0.0
147
0.0
147
0.0
147
1.0
147
0.0
147
0.0
147
0.0
147
0.0
147
1.0
  0
MATERIAL
  5
11
102
{ACAD_XDICTIONARY
360
12
102
}
102
{ACAD_REACTORS
330
10
102
}
330
10
100
AcDbMaterial
  1
ByLayer
 72
     0
 43
0.0208333333333333
 43
0.0
 43
0.0
 43
0.0
 43
0.0
 43
0.0208333333333333
 43
0.0
 43
0.0
 43
0.0
 43
0.0
 43
1.0
 43
0.0
 43
0.0
 43
0.0
 43
0.0
 43
1.0
 77
     0
 47
0.0208333333333333
 47
0.0
 47
0.0
 47
0.0
 47
0.0
 47
0.0208333333333333
 47
0.0
 47
0.0
 47
0.0
 47
0.0
 47
1.0
 47
0.0
 47
0.0
 47
0.0
 47
0.0
 47
1.0
171
     0
 49
0.0208333333333333
 49
0.0
 49
0.0
 49
0.0
 49
0.0
 49
0.0208333333333333
 49
0.0
 49
0.0
 49
0.0
 49
0.0
 49
1.0
 49
0.0
 49
0.0
 49
0.0
 49
0.0
 49
1.0
175
     0
142
0.0208333333333333
142
0.0
142
0.0
142
0.0
142
0.0
142
0.0208333333333333
142
0.0
142
0.0
142
0.0
142
0.0
142
1.0
142
0.0
142
0.0
142
0.0
142
0.0
142
1.0
179
     0
144
0.0208333333333333
144
0.0
144
0.0
144
0.0
144
0.0
144
0.0208333333333333
144
0.0
144
0.0
144
0.0
144
0.0
144
1.0
144
0.0
144
0.0
144
0.0
144
0.0
144
1.0
147
0.0208333333333333
147
0.0
147
0.0
147
0.0
147
0.0
147
0.0208333333333333
147
0.0
147
0.0
147
0.0
147
0.0
147
1.0
147
0.0
147
0.0
147
0.0
147
0.0
147
1.0
  0
MATERIAL
  5
21
102
{ACAD_XDICTIONARY
360
22
102
}
102
{ACAD_REACTORS
330
10
102
}
330
10
100
AcDbMaterial
  1
Global
 72
     0
 43
0.0208333333333333
 43
0.0
 43
0.0
 43
0.0
 43
0.0
 43
0.0208333333333333
 43
0.0
 43
0.0
 43
0.0
 43
0.0
 43
1.0
 43
0.0
 43
0.0
 43
0.0
 43
0.0
 43
1.0
 77
     0
 47
0.0208333333333333
 47
0.0
 47
0.0
 47
0.0
 47
0.0
 47
0.0208333333333333
 47
0.0
 47
0.0
 47
0.0
 47
0.0
 47
1.0
 47
0.0
 47
0.0
 47
0.0
 47
0.0
 47
1.0
171
     0
 49
0.0208333333333333
 49
0.0
 49
0.0
 49
0.0
 49
0.0
 49
0.0208333333333333
 49
0.0
 49
0.0
 49
0.0
 49
0.0
 49
1.0
 49
0.0
 49
0.0
 49
0.0
 49
0.0
 49
1.0
175
     0
142
0.0208333333333333
142
0.0
142
0.0
142
0.0
142
0.0
142
0.0208333333333333
142
0.0
142
0.0
142
0.0
142
0.0
142
1.0
142
0.0
142
0.0
142
0.0
142
0.0
142
1.0
179
     0
144
0.0208333333333333
144
0.0
144
0.0
144
0.0
144
0.0
144
0.0208333333333333
144
0.0
144
0.0
144
0.0
144
0.0
144
1.0
144
0.0
144
0.0
144
0.0
144
0.0
144
1.0
147
0.0208333333333333
147
0.0
147
0.0
147
0.0
147
0.0
147
0.0208333333333333
147
0.0
147
0.0
147
0.0
147
0.0
147
1.0
147
0.0
147
0.0
147
0.0
147
0.0
147
1.0
  0
MLEADERSTYLE
  5
67
102
{ACAD_REACTORS
330
66
102
}
330
66
100
AcDbMLeaderStyle
179
     2
170
     2
171
     1
172
     0
 90
        2
 40
0.0
 41
0.0
173
     1
 91
-1056964608
340
5B
 92
       -2
290
     1
 42
0.09
291
     1
 43
0.36
  3
Standard
 44
0.18
300

342
55
174
     1
178
     6
175
     1
176
     0
 93
-1056964608
 45
0.18
292
     0
297
     0
 46
0.18
 94
-1056964608
 47
1.0
 49
1.0
140
1.0
293
     1
141
0.0
294
     1
177
     0
142
1.0
295
     1
296
     0
143
0.125
271
     0
272
     9
273
     9
298
     1
  0
MLINESTYLE
  5
60
102
{ACAD_REACTORS
330
5F
102
}
330
5F
100
AcDbMlineStyle
  2
STANDARD
 70
     0
  3

 62
   256
 51
90.0
 52
90.0
 71
     2
 49
0.5
 62
   256
  6
BYLAYER
 49
-0.5
 62
   256
  6
BYLAYER
  0
ACDBPLACEHOLDER
  5
F
102
{ACAD_REACTORS
330
E
102
}
330
E
  0
SCALE
  5
43
102
{ACAD_REACTORS
330
42
102
}
330
42
100
AcDbScale
 70
     0
300
1:1
140
1.0
141
1.0
290
     1
  0
SCALE
  5
44
102
{ACAD_REACTORS
330
42
102
}
330
42
100
AcDbScale
 70
     0
300
1/128" = 1'-0"
140
0.0078125
141
12.0
290
     0
  0
SCALE
  5
45
102
{ACAD_REACTORS
330
42
102
}
330
42
100
AcDbScale
 70
     0
300
1/64" = 1'-0"
140
0.015625
141
12.0
290
     0
  0
SCALE
  5
46
102
{ACAD_REACTORS
330
42
102
}
330
42
100
AcDbScale
 70
     0
300
1/32" = 1'-0"
140
0.03125
141
12.0
290
     0
  0
SCALE
  5
47
102
{ACAD_REACTORS
330
42
102
}
330
42
100
AcDbScale
 70
     0
300
1/16" = 1'-0"
140
0.0625
141
12.0
290
     0
  0
SCALE
  5
48
102
{ACAD_REACTORS
330
42
102
}
330
42
100
AcDbScale
 70
     0
300
3/32" = 1'-0"
140
0.09375
141
12.0
290
     0
  0
SCALE
  5
49
102
{ACAD_REACTORS
330
42
102
}
330
42
100
AcDbScale
 70
     0
300
1/8" = 1'-0"
140
0.125
141
12.0
290
     0
  0
SCALE
  5
4A
102
{ACAD_REACTORS
330
42
102
}
330
42
100
AcDbScale
 70
     0
300
3/16" = 1'-0"
140
0.1875
141
12.0
290
     0
  0
SCALE
  5
4B
102
{ACAD_REACTORS
330
42
102
}
330
42
100
AcDbScale
 70
     0
300
1/4" = 1'-0"
140
0.25
141
12.0
290
     0
  0
SCALE
  5
4C
102
{ACAD_REACTORS
330
42
102
}
330
42
100
AcDbScale
 70
     0
300
3/8" = 1'-0"
140
0.375
141
12.0
290
     0
  0
SCALE
  5
4D
102
{ACAD_REACTORS
330
42
102
}
330
42
100
AcDbScale
 70
     0
300
1/2" = 1'-0"
140
0.5
141
12.0
290
     0
  0
SCALE
  5
4E
102
{ACAD_REACTORS
330
42
102
}
330
42
100
AcDbScale
 70
     0
300
3/4" = 1'-0"
140
0.75
141
12.0
290
     0
  0
SCALE
  5
4F
102
{ACAD_REACTORS
330
42
102
}
330
42
100
AcDbScale
 70
     0
300
1" = 1'-0"
140
1.0
141
12.0
290
     0
  0
SCALE
  5
50
102
{ACAD_REACTORS
330
42
102
}
330
42
100
AcDbScale
 70
     0
300
1-1/2" = 1'-0"
140
1.5
141
12.0
290
     0
  0
SCALE
  5
51
102
{ACAD_REACTORS
330
42
102
}
330
42
100
AcDbScale
 70
     0
300
3" = 1'-0"
140
3.0
141
12.0
290
     0
  0
SCALE
  5
52
102
{ACAD_REACTORS
330
42
102
}
330
42
100
AcDbScale
 70
     0
300
6" = 1'-0"
140
6.0
141
12.0
290
     0
  0
SCALE
  5
53
102
{ACAD_REACTORS
330
42
102
}
330
42
100
AcDbScale
 70
     0
300
1'-0" = 1'-0"
140
12.0
141
12.0
290
     0
  0
ACDBSECTIONVIEWSTYLE
  5
69
102
{ACAD_REACTORS
330
68
102
}
330
68
100
AcDbModelDocViewStyle
 70
     0
  3
Imperial24
290
     1
300
Imperial24
 90
        0
100
AcDbSectionViewStyle
 70
     0
 71
     0
 90
       78
 71
     1
340
55
 62
   256
 40
0.24
340
0
340
0
 62
   256
 40
0.24
300
I, O, Q, S, X, Z
 40
0.48
 90
        3
 40
0.18
 90
        1
 71
     2
340
5D
 90
       25
 62
   256
340
5D
 90
       50
 62
   256
 40
0.24
 40
0.0
 40
0.24
 71
     3
340
55
 62
   256
 40
0.24
 90
        1
 40
0.75
 90
        1
300
%<\AcVar ViewType \f "%tc1">% %<\AcVar ViewSectionStartId>%-%<\AcVar ViewSectionEndId>%\PSCALE %<\AcVar ViewScale \f "%sn">%
 71
     4
 62
   256
 62
   257
300
ANSI31
 40
1.0
 90
        0
290
     0
290
     0
 90
        6
 40
0.0
 40
1.570796326794896
 40
0.2617993877991494
 40
1.308996938995747
 40
-0.2617993877991494
 40
1.832595714594046
  0
TABLESTYLE
  5
65
102
{ACAD_XDICTIONARY
360
94
102
}
102
{ACAD_REACTORS
330
64
102
}
330
64
100
AcDbTableStyle
280
     0
  3
Standard
 70
     0
 71
     0
 40
0.06
 41
0.06
280
     0
281
     0
  7
Standard
140
0.18
170
     2
 62
     0
 63
     7
283
     0
 90
      512
 91
        0
  1

274
    -2
284
     1
 64
     0
275
    -2
285
     1
 65
     0
276
    -2
286
     1
 66
     0
277
    -2
287
     1
 67
     0
278
    -2
288
     1
 68
     0
279
    -2
289
     1
 69
     0
  7
Standard
140
0.25
170
     5
 62
     0
 63
     7
283
     0
 90
      512
 91
        0
  1

274
    -2
284
     1
 64
     0
275
    -2
285
     1
 65
     0
276
    -2
286
     1
 66
     0
277
    -2
287
     1
 67
     0
278
    -2
288
     1
 68
     0
279
    -2
289
     1
 69
     0
  7
Standard
140
0.18
170
     5
 62
     0
 63
     7
283
     0
 90
      512
 91
        0
  1

274
    -2
284
     1
 64
     0
275
    -2
285
     1
 65
     0
276
    -2
286
     1
 66
     0
277
    -2
287
     1
 67
     0
278
    -2
288
     1
 68
     0
279
    -2
289
     1
 69
     0
  0
VISUALSTYLE
  5
2F
102
{ACAD_REACTORS
330
29
102
}
330
29
100
AcDbVisualStyle
  2
2dWireframe
 70
     4
177
     3
291
     0
 70
    58
 90
        0
176
     1
 90
        2
176
     1
 90
        0
176
     1
 90
        0
176
     1
 40
0.6
176
     1
 40
30.0
176
     1
 62
     7
420
 16777215
176
     1
 90
        1
176
     1
 90
        4
176
     1
 62
     7
176
     1
 62
   257
176
     1
 90
        1
176
     1
 90
        1
176
     1
 40
1.0
176
     1
 90
        0
176
     1
 62
   257
176
     1
 40
1.0
176
     1
 90
        1
176
     1
 90
        6
176
     1
 90
        2
176
     1
 62
     7
176
     1
 90
        5
176
     1
 90
        0
176
     1
 90
        0
176
     1
290
     0
176
     1
 90
        1
176
     1
 40
0.0
176
     1
 90
        0
176
     1
290
     1
176
     1
290
     1
176
     1
290
     0
176
     1
290
     0
176
     1
290
     0
176
     1
290
     0
176
     1
290
     0
176
     1
290
     0
176
     1
290
     0
176
     1
 90
       50
176
     1
 40
0.0
176
     1
 40
1.0
176
     1
 90
        0
176
     1
 62
    18
420
        0
176
     1
 90
       50
176
     1
 90
        3
176
     1
 62
     5
420
      255
176
     1
290
     0
176
     1
 90
       50
176
     1
 90
       50
176
     1
 90
       50
176
     1
290
     0
176
     1
 90
       50
176
     1
 62
   256
176
     0
 40
1.0
176
     0
 90
        2
176
     1
  1
strokes_ogs.tif
176
     1
290
     0
176
     1
 40
1.0
176
     1
 40
1.0
176
     1
  0
VISUALSTYLE
  5
2E
102
{ACAD_REACTORS
330
29
102
}
330
29
100
AcDbVisualStyle
  2
Basic
 70
     7
177
     3
291
     1
 70
    58
 90
        1
176
     1
 90
        0
176
     1
 90
        1
176
     1
 90
        0
176
     1
 40
0.6
176
     1
 40
30.0
176
     1
 62
     7
420
 16777215
176
     1
 90
        0
176
     1
 90
        4
176
     1
 62
     7
176
     1
 62
   257
176
     1
 90
        1
176
     1
 90
        1
176
     1
 40
1.0
176
     1
 90
        8
176
     1
 62
     7
176
     1
 40
1.0
176
     1
 90
        1
176
     1
 90
        6
176
     1
 90
        2
176
     1
 62
     7
176
     1
 90
        5
176
     1
 90
        0
176
     1
 90
        0
176
     1
290
     0
176
     1
 90
        1
176
     1
 40
0.0
176
     1
 90
        0
176
     1
290
     0
176
     1
290
     1
176
     1
290
     1
176
     1
290
     0
176
     1
290
     0
176
     1
290
     0
176
     1
290
     0
176
     1
290
     0
176
     1
290
     0
176
     1
 90
       50
176
     1
 40
0.0
176
     1
 40
1.0
176
     1
 90
        0
176
     1
 62
    18
420
        0
176
     1
 90
       50
176
     1
 90
        3
176
     1
 62
     5
420
      255
176
     1
290
     0
176
     1
 90
       50
176
     1
 90
       50
176
     1
 90
       50
176
     1
290
     0
176
     1
 90
       50
176
     1
 62
   256
176
     0
 40
1.0
176
     0
 90
        2
176
     1
  1
strokes_ogs.tif
176
     1
290
     0
176
     1
 40
1.0
176
     1
 40
1.0
176
     1
  0
VISUALSTYLE
  5
35
102
{ACAD_REACTORS
330
29
102
}
330
29
100
AcDbVisualStyle
  2
Brighten
 70
    12
177
     3
291
     1
 70
    58
 90
        2
176
     1
 90
        2
176
     1
 90
        0
176
     1
 90
        0
176
     1
 40
0.6
176
     1
 40
30.0
176
     1
 62
     7
420
 16777215
176
     1
 90
        1
176
     1
 90
        4
176
     1
 62
     7
176
     1
 62
   257
176
     1
 90
        1
176
     1
 90
        1
176
     1
 40
1.0
176
     1
 90
        8
176
     1
 62
     7
176
     1
 40
1.0
176
     1
 90
        1
176
     1
 90
        6
176
     1
 90
        2
176
     1
 62
     7
176
     1
 90
        5
176
     1
 90
        0
176
     1
 90
        0
176
     1
290
     0
176
     1
 90
        1
176
     1
 40
50.0
176
     1
 90
        0
176
     1
290
     0
176
     1
290
     1
176
     1
290
     1
176
     1
290
     0
176
     1
290
     0
176
     1
290
     0
176
     1
290
     0
176
     1
290
     0
176
     1
290
     0
176
     1
 90
       50
176
     1
 40
0.0
176
     1
 40
1.0
176
     1
 90
        0
176
     1
 62
    18
420
        0
176
     1
 90
       50
176
     1
 90
        3
176
     1
 62
     5
420
      255
176
     1
290
     0
176
     1
 90
       50
176
     1
 90
       50
176
     1
 90
       50
176
     1
290
     0
176
     1
 90
       50
176
     1
 62
   256
176
     0
 40
1.0
176
     0
 90
        2
176
     1
  1
strokes_ogs.tif
176
     1
290
     0
176
     1
 40
1.0
176
     1
 40
1.0
176
     1
  0
VISUALSTYLE
  5
39
102
{ACAD_REACTORS
330
29
102
}
330
29
100
AcDbVisualStyle
  2
ColorChange
 70
    16
177
     3
291
     1
 70
    58
 90
        2
176
     1
 90
        2
176
     1
 90
        3
176
     1
 90
        0
176
     1
 40
0.6
176
     1
 40
30.0
176
     1
 62
     8
420
  8421504
176
     1
 90
        1
176
     1
 90
        4
176
     1
 62
     7
176
     1
 62
   257
176
     1
 90
        1
176
     1
 90
        1
176
     1
 40
1.0
176
     1
 90
        8
176
     1
 62
     8
420
  8421504
176
     1
 40
1.0
176
     1
 90
        1
176
     1
 90
        6
176
     1
 90
        2
176
     1
 62
     7
176
     1
 90
        5
176
     1
 90
        0
176
     1
 90
        0
176
     1
290
     0
176
     1
 90
        1
176
     1
 40
0.0
176
     1
 90
        0
176
     1
290
     0
176
     1
290
     1
176
     1
290
     1
176
     1
290
     0
176
     1
290
     0
176
     1
290
     0
176
     1
290
     0
176
     1
290
     0
176
     1
290
     0
176
     1
 90
       50
176
     1
 40
0.0
176
     1
 40
1.0
176
     1
 90
        0
176
     1
 62
    18
420
        0
176
     1
 90
       50
176
     1
 90
        3
176
     1
 62
     5
420
      255
176
     1
290
     0
176
     1
 90
       50
176
     1
 90
       50
176
     1
 90
       50
176
     1
290
     0
176
     1
 90
       50
176
     1
 62
   256
176
     0
 40
1.0
176
     0
 90
        2
176
     1
  1
strokes_ogs.tif
176
     1
290
     0
176
     1
 40
1.0
176
     1
 40
1.0
176
     1
  0
VISUALSTYLE
  5
32
102
{ACAD_REACTORS
330
29
102
}
330
29
100
AcDbVisualStyle
  2
Conceptual
 70
     9
177
     3
291
     0
 70
    58
 90
        3
176
     1
 90
        2
176
     1
 90
        0
176
     1
 90
        0
176
     1
 40
0.6
176
     1
 40
30.0
176
     1
 62
     7
420
 16777215
176
     1
 90
        2
176
     1
 90
        2
176
     1
 62
     7
176
     1
 62
   257
176
     1
 90
        1
176
     1
 90
        1
176
     1
 40
179.0
176
     1
 90
        8
176
     1
 62
     7
176
     1
 40
1.0
176
     1
 90
        1
176
     1
 90
        6
176
     1
 90
        2
176
     1
 62
     7
176
     1
 90
        3
176
     1
 90
        0
176
     1
 90
        0
176
     1
290
     0
176
     1
 90
        1
176
     1
 40
0.0
176
     1
 90
        0
176
     1
290
     0
176
     1
290
     1
176
     1
290
     1
176
     1
290
     0
176
     1
290
     0
176
     1
290
     0
176
     1
290
     0
176
     1
290
     0
176
     1
290
     0
176
     1
 90
       50
176
     1
 40
0.0
176
     1
 40
1.0
176
     1
 90
        0
176
     1
 62
    18
420
        0
176
     1
 90
       50
176
     1
 90
        3
176
     1
 62
     5
420
      255
176
     1
290
     0
176
     1
 90
       50
176
     1
 90
       50
176
     1
 90
       50
176
     1
290
     0
176
     1
 90
       50
176
     1
 62
   256
176
     0
 40
1.0
176
     0
 90
        2
176
     1
  1
strokes_ogs.tif
176
     1
290
     0
176
     1
 40
1.0
176
     1
 40
1.0
176
     1
  0
VISUALSTYLE
  5
34
102
{ACAD_REACTORS
330
29
102
}
330
29
100
AcDbVisualStyle
  2
Dim
 70
    11
177
     3
291
     1
 70
    58
 90
        2
176
     1
 90
        2
176
     1
 90
        0
176
     1
 90
        0
176
     1
 40
0.6
176
     1
 40
30.0
176
     1
 62
     7
420
 16777215
176
     1
 90
        1
176
     1
 90
        4
176
     1
 62
     7
176
     1
 62
   257
176
     1
 90
        1
176
     1
 90
        1
176
     1
 40
1.0
176
     1
 90
        8
176
     1
 62
     7
176
     1
 40
1.0
176
     1
 90
        1
176
     1
 90
        6
176
     1
 90
        2
176
     1
 62
     7
176
     1
 90
        5
176
     1
 90
        0
176
     1
 90
        0
176
     1
290
     0
176
     1
 90
        1
176
     1
 40
-50.0
176
     1
 90
        0
176
     1
290
     0
176
     1
290
     1
176
     1
290
     1
176
     1
290
     0
176
     1
290
     0
176
     1
290
     0
176
     1
290
     0
176
     1
290
     0
176
     1
290
     0
176
     1
 90
       50
176
     1
 40
0.0
176
     1
 40
1.0
176
     1
 90
        0
176
     1
 62
    18
420
        0
176
     1
 90
       50
176
     1
 90
        3
176
     1
 62
     5
420
      255
176
     1
290
     0
176
     1
 90
       50
176
     1
 90
       50
176
     1
 90
       50
176
     1
290
     0
176
     1
 90
       50
176
     1
 62
   256
176
     0
 40
1.0
176
     0
 90
        2
176
     1
  1
strokes_ogs.tif
176
     1
290
     0
176
     1
 40
1.0
176
     1
 40
1.0
176
     1
  0
VISUALSTYLE
  5
41
102
{ACAD_REACTORS
330
29
102
}
330
29
100
AcDbVisualStyle
  2
EdgeColorOff
 70
    22
177
     3
291
     1
 70
    58
 90
        2
176
     0
 90
        2
176
     0
 90
        0
176
     0
 90
        0
176
     0
 40
0.6
176
     0
 40
30.0
176
     0
 62
     7
420
 16777215
176
     0
 90
        1
176
     0
 90
        4
176
     0
 62
     7
176
     0
 62
   257
176
     0
 90
        1
176
     0
 90
        1
176
     0
 40
1.0
176
     0
 90
        8
176
     2
 62
     7
176
     0
 40
1.0
176
     0
 90
        1
176
     0
 90
        6
176
     0
 90
        2
176
     0
 62
     7
176
     0
 90
        5
176
     0
 90
        0
176
     0
 90
        0
176
     0
290
     0
176
     0
 90
        1
176
     0
 40
0.0
176
     0
 90
        0
176
     0
290
     0
176
     0
290
     1
176
     0
290
     1
176
     0
290
     0
176
     0
290
     0
176
     0
290
     0
176
     0
290
     0
176
     0
290
     0
176
     0
290
     0
176
     0
 90
       50
176
     0
 40
0.0
176
     0
 40
1.0
176
     0
 90
        0
176
     0
 62
    18
420
        0
176
     0
 90
       50
176
     0
 90
        3
176
     0
 62
     5
420
      255
176
     0
290
     0
176
     0
 90
       50
176
     0
 90
       50
176
     0
 90
       50
176
     0
290
     0
176
     0
 90
       50
176
     0
 62
   256
176
     0
 40
1.0
176
     0
 90
        2
176
     0
  1
strokes_ogs.tif
176
     0
290
     0
176
     0
 40
1.0
176
     0
 40
1.0
176
     0
  0
VISUALSTYLE
  5
38
102
{ACAD_REACTORS
330
29
102
}
330
29
100
AcDbVisualStyle
  2
Facepattern
 70
    15
177
     3
291
     1
 70
    58
 90
        2
176
     1
 90
        2
176
     1
 90
        0
176
     1
 90
        0
176
     1
 40
0.6
176
     1
 40
30.0
176
     1
 62
     7
420
 16777215
176
     1
 90
        1
176
     1
 90
        4
176
     1
 62
     7
176
     1
 62
   257
176
     1
 90
        1
176
     1
 90
        1
176
     1
 40
1.0
176
     1
 90
        8
176
     1
 62
     7
176
     1
 40
1.0
176
     1
 90
        1
176
     1
 90
        6
176
     1
 90
        2
176
     1
 62
     7
176
     1
 90
        5
176
     1
 90
        0
176
     1
 90
        0
176
     1
290
     0
176
     1
 90
        1
176
     1
 40
0.0
176
     1
 90
        0
176
     1
290
     0
176
     1
290
     1
176
     1
290
     1
176
     1
290
     0
176
     1
290
     0
176
     1
290
     0
176
     1
290
     0
176
     1
290
     0
176
     1
290
     0
176
     1
 90
       50
176
     1
 40
0.0
176
     1
 40
1.0
176
     1
 90
        0
176
     1
 62
    18
420
        0
176
     1
 90
       50
176
     1
 90
        3
176
     1
 62
     5
420
      255
176
     1
290
     0
176
     1
 90
       50
176
     1
 90
       50
176
     1
 90
       50
176
     1
290
     0
176
     1
 90
       50
176
     1
 62
   256
176
     0
 40
1.0
176
     0
 90
        2
176
     1
  1
strokes_ogs.tif
176
     1
290
     0
176
     1
 40
1.0
176
     1
 40
1.0
176
     1
  0
VISUALSTYLE
  5
2A
102
{ACAD_REACTORS
330
29
102
}
330
29
100
AcDbVisualStyle
  2
Flat
 70
     0
177
     3
291
     1
 70
    58
 90
        2
176
     1
 90
        1
176
     1
 90
        1
176
     1
 90
        2
176
     1
 40
0.6
176
     1
 40
30.0
176
     1
 62
     7
420
 16777215
176
     1
 90
        0
176
     1
 90
        0
176
     1
 62
     7
176
     1
 62
   257
176
     1
 90
        1
176
     1
 90
        1
176
     1
 40
1.0
176
     1
 90
        8
176
     1
 62
     7
176
     1
 40
1.0
176
     1
 90
        1
176
     1
 90
        6
176
     1
 90
        2
176
     1
 62
     7
176
     1
 90
        5
176
     1
 90
        0
176
     1
 90
        0
176
     1
290
     0
176
     1
 90
       13
176
     1
 40
0.0
176
     1
 90
        0
176
     1
290
     0
176
     1
290
     1
176
     1
290
     1
176
     1
290
     0
176
     1
290
     0
176
     1
290
     0
176
     1
290
     0
176
     1
290
     0
176
     1
290
     0
176
     1
 90
       50
176
     1
 40
0.0
176
     1
 40
1.0
176
     1
 90
        0
176
     1
 62
    18
420
        0
176
     1
 90
       50
176
     1
 90
        3
176
     1
 62
     5
420
      255
176
     1
290
     0
176
     1
 90
       50
176
     1
 90
       50
176
     1
 90
       50
176
     1
290
     0
176
     1
 90
       50
176
     1
 62
   256
176
     0
 40
1.0
176
     0
 90
        2
176
     1
  1
strokes_ogs.tif
176
     1
290
     0
176
     1
 40
1.0
176
     1
 40
1.0
176
     1
  0
VISUALSTYLE
  5
2B
102
{ACAD_REACTORS
330
29
102
}
330
29
100
AcDbVisualStyle
  2
FlatWithEdges
 70
     1
177
     3
291
     1
 70
    58
 90
        2
176
     1
 90
        1
176
     1
 90
        1
176
     1
 90
        2
176
     1
 40
0.6
176
     1
 40
30.0
176
     1
 62
     7
420
 16777215
176
     1
 90
        1
176
     1
 90
        0
176
     1
 62
     7
176
     1
 62
   257
176
     1
 90
        1
176
     1
 90
        1
176
     1
 40
1.0
176
     1
 90
        0
176
     1
 62
   257
176
     1
 40
1.0
176
     1
 90
        1
176
     1
 90
        6
176
     1
 90
        2
176
     1
 62
     7
176
     1
 90
        5
176
     1
 90
        0
176
     1
 90
        0
176
     1
290
     0
176
     1
 90
       13
176
     1
 40
0.0
176
     1
 90
        0
176
     1
290
     0
176
     1
290
     1
176
     1
290
     1
176
     1
290
     0
176
     1
290
     0
176
     1
290
     0
176
     1
290
     0
176
     1
290
     0
176
     1
290
     0
176
     1
 90
       50
176
     1
 40
0.0
176
     1
 40
1.0
176
     1
 90
        0
176
     1
 62
    18
420
        0
176
     1
 90
       50
176
     1
 90
        3
176
     1
 62
     5
420
      255
176
     1
290
     0
176
     1
 90
       50
176
     1
 90
       50
176
     1
 90
       50
176
     1
290
     0
176
     1
 90
       50
176
     1
 62
   256
176
     0
 40
1.0
176
     0
 90
        2
176
     1
  1
strokes_ogs.tif
176
     1
290
     0
176
     1
 40
1.0
176
     1
 40
1.0
176
     1
  0
VISUALSTYLE
  5
2C
102
{ACAD_REACTORS
330
29
102
}
330
29
100
AcDbVisualStyle
  2
Gouraud
 70
     2
177
     3
291
     1
 70
    58
 90
        2
176
     1
 90
        2
176
     1
 90
        1
176
     1
 90
        2
176
     1
 40
0.6
176
     1
 40
30.0
176
     1
 62
     7
420
 16777215
176
     1
 90
        0
176
     1
 90
        0
176
     1
 62
     7
176
     1
 62
   257
176
     1
 90
        1
176
     1
 90
        1
176
     1
 40
1.0
176
     1
 90
        0
176
     1
 62
     7
176
     1
 40
1.0
176
     1
 90
        1
176
     1
 90
        6
176
     1
 90
        2
176
     1
 62
     7
176
     1
 90
        5
176
     1
 90
        0
176
     1
 90
        0
176
     1
290
     0
176
     1
 90
       13
176
     1
 40
0.0
176
     1
 90
        0
176
     1
290
     0
176
     1
290
     1
176
     1
290
     1
176
     1
290
     0
176
     1
290
     0
176
     1
290
     0
176
     1
290
     0
176
     1
290
     0
176
     1
290
     0
176
     1
 90
       50
176
     1
 40
0.0
176
     1
 40
1.0
176
     1
 90
        0
176
     1
 62
    18
420
        0
176
     1
 90
       50
176
     1
 90
        3
176
     1
 62
     5
420
      255
176
     1
290
     0
176
     1
 90
       50
176
     1
 90
       50
176
     1
 90
       50
176
     1
290
     0
176
     1
 90
       50
176
     1
 62
   256
176
     0
 40
1.0
176
     0
 90
        2
176
     1
  1
strokes_ogs.tif
176
     1
290
     0
176
     1
 40
1.0
176
     1
 40
1.0
176
     1
  0
VISUALSTYLE
  5
2D
102
{ACAD_REACTORS
330
29
102
}
330
29
100
AcDbVisualStyle
  2
GouraudWithEdges
 70
     3
177
     3
291
     1
 70
    58
 90
        2
176
     1
 90
        2
176
     1
 90
        1
176
     1
 90
        2
176
     1
 40
0.6
176
     1
 40
30.0
176
     1
 62
     7
420
 16777215
176
     1
 90
        1
176
     1
 90
        0
176
     1
 62
     7
176
     1
 62
   257
176
     1
 90
        1
176
     1
 90
        1
176
     1
 40
1.0
176
     1
 90
        0
176
     1
 62
   257
176
     1
 40
1.0
176
     1
 90
        1
176
     1
 90
        6
176
     1
 90
        2
176
     1
 62
     7
176
     1
 90
        5
176
     1
 90
        0
176
     1
 90
        0
176
     1
290
     0
176
     1
 90
       13
176
     1
 40
0.0
176
     1
 90
        0
176
     1
290
     0
176
     1
290
     1
176
     1
290
     1
176
     1
290
     0
176
     1
290
     0
176
     1
290
     0
176
     1
290
     0
176
     1
290
     0
176
     1
290
     0
176
     1
 90
       50
176
     1
 40
0.0
176
     1
 40
1.0
176
     1
 90
        0
176
     1
 62
    18
420
        0
176
     1
 90
       50
176
     1
 90
        3
176
     1
 62
     5
420
      255
176
     1
290
     0
176
     1
 90
       50
176
     1
 90
       50
176
     1
 90
       50
176
     1
290
     0
176
     1
 90
       50
176
     1
 62
   256
176
     0
 40
1.0
176
     0
 90
        2
176
     1
  1
strokes_ogs.tif
176
     1
290
     0
176
     1
 40
1.0
176
     1
 40
1.0
176
     1
  0
VISUALSTYLE
  5
31
102
{ACAD_REACTORS
330
29
102
}
330
29
100
AcDbVisualStyle
  2
Hidden
 70
     6
177
     3
291
     0
 70
    58
 90
        1
176
     1
 90
        2
176
     1
 90
        2
176
     1
 90
        0
176
     1
 40
0.6
176
     1
 40
30.0
176
     1
 62
     7
420
 16777215
176
     1
 90
        2
176
     1
 90
        2
176
     1
 62
     7
176
     1
 62
   257
176
     1
 90
        2
176
     1
 90
        1
176
     1
 40
40.0
176
     1
 90
        0
176
     1
 62
   257
176
     1
 40
1.0
176
     1
 90
        1
176
     1
 90
        6
176
     1
 90
        2
176
     1
 62
     7
176
     1
 90
        3
176
     1
 90
        0
176
     1
 90
        0
176
     1
290
     0
176
     1
 90
        1
176
     1
 40
0.0
176
     1
 90
        0
176
     1
290
     0
176
     1
290
     1
176
     1
290
     1
176
     1
290
     0
176
     1
290
     0
176
     1
290
     0
176
     1
290
     0
176
     1
290
     0
176
     1
290
     0
176
     1
 90
       50
176
     1
 40
0.0
176
     1
 40
1.0
176
     1
 90
        0
176
     1
 62
    18
420
        0
176
     1
 90
       50
176
     1
 90
        3
176
     1
 62
     5
420
      255
176
     1
290
     0
176
     1
 90
       50
176
     1
 90
       50
176
     1
 90
       50
176
     1
290
     0
176
     1
 90
       50
176
     1
 62
   256
176
     0
 40
1.0
176
     0
 90
        2
176
     1
  1
strokes_ogs.tif
176
     1
290
     0
176
     1
 40
1.0
176
     1
 40
1.0
176
     1
  0
VISUALSTYLE
  5
3F
102
{ACAD_REACTORS
330
29
102
}
330
29
100
AcDbVisualStyle
  2
JitterOff
 70
    20
177
     3
291
     1
 70
    58
 90
        2
176
     0
 90
        2
176
     0
 90
        0
176
     0
 90
        0
176
     0
 40
0.6
176
     0
 40
30.0
176
     0
 62
     7
420
 16777215
176
     0
 90
        1
176
     0
 90
        4
176
     0
 62
     7
176
     0
 62
   257
176
     0
 90
        1
176
     0
 90
        1
176
     0
 40
1.0
176
     0
 90
       10
176
     2
 62
     7
176
     0
 40
1.0
176
     0
 90
        1
176
     0
 90
        6
176
     0
 90
        2
176
     0
 62
     7
176
     0
 90
        5
176
     0
 90
        0
176
     0
 90
        0
176
     0
290
     0
176
     0
 90
        1
176
     0
 40
0.0
176
     0
 90
        0
176
     0
290
     0
176
     0
290
     1
176
     0
290
     1
176
     0
290
     0
176
     0
290
     0
176
     0
290
     0
176
     0
290
     0
176
     0
290
     0
176
     0
290
     0
176
     0
 90
       50
176
     0
 40
0.0
176
     0
 40
1.0
176
     0
 90
        0
176
     0
 62
    18
420
        0
176
     0
 90
       50
176
     0
 90
        3
176
     0
 62
     5
420
      255
176
     0
290
     0
176
     0
 90
       50
176
     0
 90
       50
176
     0
 90
       50
176
     0
290
     0
176
     0
 90
       50
176
     0
 62
   256
176
     0
 40
1.0
176
     0
 90
        2
176
     0
  1
strokes_ogs.tif
176
     0
290
     0
176
     0
 40
1.0
176
     0
 40
1.0
176
     0
  0
VISUALSTYLE
  5
37
102
{ACAD_REACTORS
330
29
102
}
330
29
100
AcDbVisualStyle
  2
Linepattern
 70
    14
177
     3
291
     1
 70
    58
 90
        2
176
     1
 90
        2
176
     1
 90
        0
176
     1
 90
        0
176
     1
 40
0.6
176
     1
 40
30.0
176
     1
 62
     7
420
 16777215
176
     1
 90
        1
176
     1
 90
        4
176
     1
 62
     7
176
     1
 62
   257
176
     1
 90
        7
176
     1
 90
        7
176
     1
 40
1.0
176
     1
 90
        8
176
     1
 62
     7
176
     1
 40
1.0
176
     1
 90
        1
176
     1
 90
        6
176
     1
 90
        2
176
     1
 62
     7
176
     1
 90
        5
176
     1
 90
        0
176
     1
 90
        0
176
     1
290
     0
176
     1
 90
        1
176
     1
 40
0.0
176
     1
 90
        0
176
     1
290
     0
176
     1
290
     1
176
     1
290
     1
176
     1
290
     0
176
     1
290
     0
176
     1
290
     0
176
     1
290
     0
176
     1
290
     0
176
     1
290
     0
176
     1
 90
       50
176
     1
 40
0.0
176
     1
 40
1.0
176
     1
 90
        0
176
     1
 62
    18
420
        0
176
     1
 90
       50
176
     1
 90
        3
176
     1
 62
     5
420
      255
176
     1
290
     0
176
     1
 90
       50
176
     1
 90
       50
176
     1
 90
       50
176
     1
290
     0
176
     1
 90
       50
176
     1
 62
   256
176
     0
 40
1.0
176
     0
 90
        2
176
     1
  1
strokes_ogs.tif
176
     1
290
     0
176
     1
 40
1.0
176
     1
 40
1.0
176
     1
  0
VISUALSTYLE
  5
40
102
{ACAD_REACTORS
330
29
102
}
330
29
100
AcDbVisualStyle
  2
OverhangOff
 70
    21
177
     3
291
     1
 70
    58
 90
        2
176
     0
 90
        2
176
     0
 90
        0
176
     0
 90
        0
176
     0
 40
0.6
176
     0
 40
30.0
176
     0
 62
     7
420
 16777215
176
     0
 90
        1
176
     0
 90
        4
176
     0
 62
     7
176
     0
 62
   257
176
     0
 90
        1
176
     0
 90
        1
176
     0
 40
1.0
176
     0
 90
        9
176
     2
 62
     7
176
     0
 40
1.0
176
     0
 90
        1
176
     0
 90
        6
176
     0
 90
        2
176
     0
 62
     7
176
     0
 90
        5
176
     0
 90
        0
176
     0
 90
        0
176
     0
290
     0
176
     0
 90
        1
176
     0
 40
0.0
176
     0
 90
        0
176
     0
290
     0
176
     0
290
     1
176
     0
290
     1
176
     0
290
     0
176
     0
290
     0
176
     0
290
     0
176
     0
290
     0
176
     0
290
     0
176
     0
290
     0
176
     0
 90
       50
176
     0
 40
0.0
176
     0
 40
1.0
176
     0
 90
        0
176
     0
 62
    18
420
        0
176
     0
 90
       50
176
     0
 90
        3
176
     0
 62
     5
420
      255
176
     0
290
     0
176
     0
 90
       50
176
     0
 90
       50
176
     0
 90
       50
176
     0
290
     0
176
     0
 90
       50
176
     0
 62
   256
176
     0
 40
1.0
176
     0
 90
        2
176
     0
  1
strokes_ogs.tif
176
     0
290
     0
176
     0
 40
1.0
176
     0
 40
1.0
176
     0
  0
VISUALSTYLE
  5
33
102
{ACAD_REACTORS
330
29
102
}
330
29
100
AcDbVisualStyle
  2
Realistic
 70
     8
177
     3
291
     0
 70
    58
 90
        2
176
     1
 90
        3
176
     1
 90
        0
176
     1
 90
        2
176
     1
 40
0.6
176
     1
 40
30.0
176
     1
 62
     7
420
 16777215
176
     1
 90
        0
176
     1
 90
        0
176
     1
 62
     7
176
     1
 62
   257
176
     1
 90
        1
176
     1
 90
        1
176
     1
 40
1.0
176
     1
 90
        8
176
     1
 62
   257
176
     1
 40
1.0
176
     1
 90
        1
176
     1
 90
        6
176
     1
 90
        2
176
     1
 62
     7
176
     1
 90
        3
176
     1
 90
        0
176
     1
 90
        0
176
     1
290
     0
176
     1
 90
       13
176
     1
 40
0.0
176
     1
 90
        0
176
     1
290
     0
176
     1
290
     1
176
     1
290
     1
176
     1
290
     0
176
     1
290
     0
176
     1
290
     0
176
     1
290
     0
176
     1
290
     0
176
     1
290
     0
176
     1
 90
       50
176
     1
 40
0.0
176
     1
 40
1.0
176
     1
 90
        0
176
     1
 62
    18
420
        0
176
     1
 90
       50
176
     1
 90
        3
176
     1
 62
     5
420
      255
176
     1
290
     0
176
     1
 90
       50
176
     1
 90
       50
176
     1
 90
       50
176
     1
290
     0
176
     1
 90
       50
176
     1
 62
   256
176
     0
 40
1.0
176
     0
 90
        2
176
     1
  1
strokes_ogs.tif
176
     1
290
     0
176
     1
 40
1.0
176
     1
 40
1.0
176
     1
  0
VISUALSTYLE
  5
3E
102
{ACAD_REACTORS
330
29
102
}
330
29
100
AcDbVisualStyle
  2
Shaded
 70
    27
177
     3
291
     0
 70
    58
 90
        2
176
     1
 90
        2
176
     1
 90
        1
176
     1
 90
        2
176
     1
 40
0.6
176
     1
 40
30.0
176
     1
 62
     7
420
 16777215
176
     1
 90
        0
176
     1
 90
        4
176
     1
 62
     7
176
     1
 62
   257
176
     1
 90
        1
176
     1
 90
        1
176
     1
 40
1.0
176
     1
 90
        8
176
     1
 62
   257
176
     1
 40
1.0
176
     1
 90
        1
176
     1
 90
        6
176
     1
 90
        2
176
     1
 62
     8
420
  7895160
176
     1
 90
        3
176
     1
 90
        0
176
     1
 90
        0
176
     1
290
     0
176
     1
 90
        5
176
     1
 40
0.0
176
     1
 90
        0
176
     1
290
     0
176
     1
290
     1
176
     1
290
     1
176
     1
290
     0
176
     1
290
     0
176
     1
290
     0
176
     1
290
     0
176
     1
290
     0
176
     1
290
     0
176
     1
 90
       50
176
     1
 40
0.0
176
     1
 40
1.0
176
     1
 90
        0
176
     1
 62
    18
420
        0
176
     1
 90
       50
176
     1
 90
        3
176
     1
 62
     5
420
      255
176
     1
290
     0
176
     1
 90
       50
176
     1
 90
       50
176
     1
 90
       50
176
     1
290
     0
176
     1
 90
       50
176
     1
 62
   256
176
     0
 40
1.0
176
     0
 90
        2
176
     1
  1
strokes_ogs.tif
176
     1
290
     0
176
     1
 40
1.0
176
     1
 40
1.0
176
     1
  0
VISUALSTYLE
  5
3D
102
{ACAD_REACTORS
330
29
102
}
330
29
100
AcDbVisualStyle
  2
Shaded with edges
 70
    26
177
     3
291
     0
 70
    58
 90
        2
176
     1
 90
        2
176
     1
 90
        1
176
     1
 90
        2
176
     1
 40
0.6
176
     1
 40
30.0
176
     1
 62
     7
420
 16777215
176
     1
 90
        1
176
     1
 90
        2
176
     1
 62
     7
176
     1
 62
   257
176
     1
 90
        2
176
     1
 90
        1
176
     1
 40
1.0
176
     1
 90
        8
176
     1
 62
   257
176
     1
 40
1.0
176
     1
 90
        1
176
     1
 90
        6
176
     1
 90
        2
176
     1
 62
     7
176
     1
 90
        3
176
     1
 90
        0
176
     1
 90
        0
176
     1
290
     0
176
     1
 90
        5
176
     1
 40
0.0
176
     1
 90
        0
176
     1
290
     0
176
     1
290
     1
176
     1
290
     1
176
     1
290
     0
176
     1
290
     0
176
     1
290
     0
176
     1
290
     0
176
     1
290
     0
176
     1
290
     0
176
     1
 90
       50
176
     1
 40
0.0
176
     1
 40
1.0
176
     1
 90
        0
176
     1
 62
    18
420
        0
176
     1
 90
       50
176
     1
 90
        3
176
     1
 62
     5
420
      255
176
     1
290
     0
176
     1
 90
       50
176
     1
 90
       50
176
     1
 90
       50
176
     1
290
     0
176
     1
 90
       50
176
     1
 62
   256
176
     0
 40
1.0
176
     0
 90
        2
176
     1
  1
strokes_ogs.tif
176
     1
290
     0
176
     1
 40
1.0
176
     1
 40
1.0
176
     1
  0
VISUALSTYLE
  5
3A
102
{ACAD_REACTORS
330
29
102
}
330
29
100
AcDbVisualStyle
  2
Shades of Gray
 70
    23
177
     3
291
     0
 70
    58
 90
        2
176
     1
 90
        2
176
     1
 90
        3
176
     1
 90
        0
176
     1
 40
0.6
176
     1
 40
30.0
176
     1
 62
     7
420
 16777215
176
     1
 90
        2
176
     1
 90
        2
176
     1
 62
     7
176
     1
 62
     7
176
     1
 90
        1
176
     1
 90
        1
176
     1
 40
40.0
176
     1
 90
        8
176
     1
 62
     7
176
     1
 40
1.0
176
     1
 90
        1
176
     1
 90
        6
176
     1
 90
        2
176
     1
 62
     7
176
     1
 90
        3
176
     1
 90
        0
176
     1
 90
        0
176
     1
290
     0
176
     1
 90
        1
176
     1
 40
0.0
176
     1
 90
        0
176
     1
290
     0
176
     1
290
     1
176
     1
290
     1
176
     1
290
     0
176
     1
290
     0
176
     1
290
     0
176
     1
290
     0
176
     1
290
     0
176
     1
290
     0
176
     1
 90
       50
176
     1
 40
0.0
176
     1
 40
1.0
176
     1
 90
        0
176
     1
 62
    18
420
        0
176
     1
 90
       50
176
     1
 90
        3
176
     1
 62
     5
420
      255
176
     1
290
     0
176
     1
 90
       50
176
     1
 90
       50
176
     1
 90
       50
176
     1
290
     0
176
     1
 90
       50
176
     1
 62
   256
176
     0
 40
1.0
176
     0
 90
        2
176
     1
  1
strokes_ogs.tif
176
     1
290
     0
176
     1
 40
1.0
176
     1
 40
1.0
176
     1
  0
VISUALSTYLE
  5
3B
102
{ACAD_REACTORS
330
29
102
}
330
29
100
AcDbVisualStyle
  2
Sketchy
 70
    24
177
     3
291
     0
 70
    58
 90
        1
176
     1
 90
        2
176
     1
 90
        2
176
     1
 90
        0
176
     1
 40
0.6
176
     1
 40
30.0
176
     1
 62
     7
420
 16777215
176
     1
 90
        2
176
     1
 90
        2
176
     1
 62
     7
176
     1
 62
     7
176
     1
 90
        1
176
     1
 90
        1
176
     1
 40
40.0
176
     1
 90
       11
176
     1
 62
     7
176
     1
 40
1.0
176
     1
 90
        1
176
     1
 90
        6
176
     1
 90
        2
176
     1
 62
     7
176
     1
 90
        6
176
     1
 90
        0
176
     1
 90
        0
176
     1
290
     0
176
     1
 90
        1
176
     1
 40
0.0
176
     1
 90
        0
176
     1
290
     0
176
     1
290
     1
176
     1
290
     1
176
     1
290
     0
176
     1
290
     0
176
     1
290
     0
176
     1
290
     0
176
     1
290
     0
176
     1
290
     0
176
     1
 90
       50
176
     1
 40
0.0
176
     1
 40
1.0
176
     1
 90
        0
176
     1
 62
    18
420
        0
176
     1
 90
       50
176
     1
 90
        3
176
     1
 62
     5
420
      255
176
     1
290
     0
176
     1
 90
       50
176
     1
 90
       50
176
     1
 90
       50
176
     1
290
     0
176
     1
 90
       50
176
     1
 62
   256
176
     0
 40
1.0
176
     0
 90
        2
176
     1
  1
strokes_ogs.tif
176
     1
290
     0
176
     1
 40
1.0
176
     1
 40
1.0
176
     1
  0
VISUALSTYLE
  5
36
102
{ACAD_REACTORS
330
29
102
}
330
29
100
AcDbVisualStyle
  2
Thicken
 70
    13
177
     3
291
     1
 70
    58
 90
        2
176
     1
 90
        2
176
     1
 90
        0
176
     1
 90
        0
176
     1
 40
0.6
176
     1
 40
30.0
176
     1
 62
     7
420
 16777215
176
     1
 90
        1
176
     1
 90
        4
176
     1
 62
     7
176
     1
 62
   257
176
     1
 90
        1
176
     1
 90
        1
176
     1
 40
1.0
176
     1
 90
       12
176
     1
 62
     7
176
     1
 40
1.0
176
     1
 90
        1
176
     1
 90
        6
176
     1
 90
        2
176
     1
 62
     7
176
     1
 90
        5
176
     1
 90
        0
176
     1
 90
        0
176
     1
290
     0
176
     1
 90
        1
176
     1
 40
0.0
176
     1
 90
        0
176
     1
290
     0
176
     1
290
     1
176
     1
290
     1
176
     1
290
     0
176
     1
290
     0
176
     1
290
     0
176
     1
290
     0
176
     1
290
     0
176
     1
290
     0
176
     1
 90
       50
176
     1
 40
0.0
176
     1
 40
1.0
176
     1
 90
        0
176
     1
 62
    18
420
        0
176
     1
 90
       50
176
     1
 90
        3
176
     1
 62
     5
420
      255
176
     1
290
     0
176
     1
 90
       50
176
     1
 90
       50
176
     1
 90
       50
176
     1
290
     0
176
     1
 90
       50
176
     1
 62
   256
176
     0
 40
1.0
176
     0
 90
        2
176
     1
  1
strokes_ogs.tif
176
     1
290
     0
176
     1
 40
1.0
176
     1
 40
1.0
176
     1
  0
VISUALSTYLE
  5
30
102
{ACAD_REACTORS
330
29
102
}
330
29
100
AcDbVisualStyle
  2
Wireframe
 70
     5
177
     3
291
     0
 70
    58
 90
        0
176
     1
 90
        2
176
     1
 90
        0
176
     1
 90
        0
176
     1
 40
0.6
176
     1
 40
30.0
176
     1
 62
     7
420
 16777215
176
     1
 90
        1
176
     1
 90
        4
176
     1
 62
     7
176
     1
 62
   257
176
     1
 90
        1
176
     1
 90
        1
176
     1
 40
1.0
176
     1
 90
        0
176
     1
 62
   257
176
     1
 40
1.0
176
     1
 90
        1
176
     1
 90
        6
176
     1
 90
        2
176
     1
 62
     7
176
     1
 90
        3
176
     1
 90
        0
176
     1
 90
        0
176
     1
290
     0
176
     1
 90
        1
176
     1
 40
0.0
176
     1
 90
        0
176
     1
290
     0
176
     1
290
     1
176
     1
290
     1
176
     1
290
     0
176
     1
290
     0
176
     1
290
     0
176
     1
290
     0
176
     1
290
     0
176
     1
290
     0
176
     1
 90
       50
176
     1
 40
0.0
176
     1
 40
1.0
176
     1
 90
        0
176
     1
 62
    18
420
        0
176
     1
 90
       50
176
     1
 90
        3
176
     1
 62
     5
420
      255
176
     1
290
     0
176
     1
 90
       50
176
     1
 90
       50
176
     1
 90
       50
176
     1
290
     0
176
     1
 90
       50
176
     1
 62
   256
176
     0
 40
1.0
176
     0
 90
        2
176
     1
  1
strokes_ogs.tif
176
     1
290
     0
176
     1
 40
1.0
176
     1
 40
1.0
176
     1
  0
VISUALSTYLE
  5
3C
102
{ACAD_REACTORS
330
29
102
}
330
29
100
AcDbVisualStyle
  2
X-Ray
 70
    25
177
     3
291
     0
 70
    58
 90
        2
176
     1
 90
        2
176
     1
 90
        1
176
     1
 90
        1
176
     1
 40
0.5
176
     1
 40
30.0
176
     1
 62
     7
420
 16777215
176
     1
 90
        1
176
     1
 90
        0
176
     1
 62
     7
176
     1
 62
   257
176
     1
 90
        1
176
     1
 90
        1
176
     1
 40
1.0
176
     1
 90
        8
176
     1
 62
     7
176
     1
 40
1.0
176
     1
 90
        1
176
     1
 90
        6
176
     1
 90
        2
176
     1
 62
     7
176
     1
 90
        3
176
     1
 90
        0
176
     1
 90
        0
176
     1
290
     0
176
     1
 90
       13
176
     1
 40
0.0
176
     1
 90
        0
176
     1
290
     0
176
     1
290
     1
176
     1
290
     1
176
     1
290
     0
176
     1
290
     0
176
     1
290
     0
176
     1
290
     0
176
     1
290
     0
176
     1
290
     0
176
     1
 90
       50
176
     1
 40
0.0
176
     1
 40
1.0
176
     1
 90
        0
176
     1
 62
    18
420
        0
176
     1
 90
       50
176
     1
 90
        3
176
     1
 62
     5
420
      255
176
     1
290
     0
176
     1
 90
       50
176
     1
 90
       50
176
     1
 90
       50
176
     1
290
     0
176
     1
 90
       50
176
     1
 62
   256
176
     0
 40
1.0
176
     0
 90
        2
176
     1
  1
strokes_ogs.tif
176
     1
290
     0
176
     1
 40
1.0
176
     1
 40
1.0
176
     1
  0
DICTIONARYVAR
  5
93
102
{ACAD_REACTORS
330
8E
102
}
330
8E
100
DictionaryVariables
280
     0
  1
1:1
  0
DICTIONARYVAR
  5
90
102
{ACAD_REACTORS
330
8E
102
}
330
8E
100
DictionaryVariables
280
     0
  1
STANDARD
  0
DICTIONARYVAR
  5
8F
102
{ACAD_REACTORS
330
8E
102
}
330
8E
100
DictionaryVariables
280
     0
  1
STANDARD
  0
DICTIONARYVAR
  5
91
102
{ACAD_REACTORS
330
8E
102
}
330
8E
100
DictionaryVariables
280
     0
  1
Imperial24
  0
DICTIONARYVAR
  5
92
102
{ACAD_REACTORS
330
8E
102
}
330
8E
100
DictionaryVariables
280
     0
  1
Imperial24
  0
DICTIONARY
  5
1A
330
19
100
AcDbDictionary
280
     1
281
     1
  3
BUMPTILE
360
1C
  3
DIFFUSETILE
360
1B
  3
OPACITYTILE
360
1F
  3
REFLECTIONTILE
360
1E
  3
REFRACTIONTILE
360
20
  3
SPECULARTILE
360
1D
  0
DICTIONARY
  5
12
330
11
100
AcDbDictionary
280
     1
281
     1
  3
BUMPTILE
360
14
  3
DIFFUSETILE
360
13
  3
OPACITYTILE
360
17
  3
REFLECTIONTILE
360
16
  3
REFRACTIONTILE
360
18
  3
SPECULARTILE
360
15
  0
DICTIONARY
  5
22
330
21
100
AcDbDictionary
280
     1
281
     1
  3
BUMPTILE
360
24
  3
DIFFUSETILE
360
23
  3
OPACITYTILE
360
27
  3
REFLECTIONTILE
360
26
  3
REFRACTIONTILE
360
28
  3
SPECULARTILE
360
25
  0
DICTIONARY
  5
94
330
65
100
AcDbDictionary
280
     1
281
     1
  3
ACAD_ROUNDTRIP_2008_TABLESTYLE_CELLSTYLEMAP
360
95
  0
XRECORD
  5
1C
102
{ACAD_REACTORS
330
1A
102
}
330
1A
100
AcDbXrecord
280
     1
270
     1
271
     1
  0
XRECORD
  5
1B
102
{ACAD_REACTORS
330
1A
102
}
330
1A
100
AcDbXrecord
280
     1
270
     1
271
     1
  0
XRECORD
  5
1F
102
{ACAD_REACTORS
330
1A
102
}
330
1A
100
AcDbXrecord
280
     1
270
     1
271
     1
  0
XRECORD
  5
1E
102
{ACAD_REACTORS
330
1A
102
}
330
1A
100
AcDbXrecord
280
     1
270
     1
271
     1
  0
XRECORD
  5
20
102
{ACAD_REACTORS
330
1A
102
}
330
1A
100
AcDbXrecord
280
     1
270
     1
271
     1
  0
XRECORD
  5
1D
102
{ACAD_REACTORS
330
1A
102
}
330
1A
100
AcDbXrecord
280
     1
270
     1
271
     1
  0
XRECORD
  5
14
102
{ACAD_REACTORS
330
12
102
}
330
12
100
AcDbXrecord
280
     1
270
     1
271
     1
  0
XRECORD
  5
13
102
{ACAD_REACTORS
330
12
102
}
330
12
100
AcDbXrecord
280
     1
270
     1
271
     1
  0
XRECORD
  5
17
102
{ACAD_REACTORS
330
12
102
}
330
12
100
AcDbXrecord
280
     1
270
     1
271
     1
  0
XRECORD
  5
16
102
{ACAD_REACTORS
330
12
102
}
330
12
100
AcDbXrecord
280
     1
270
     1
271
     1
  0
XRECORD
  5
18
102
{ACAD_REACTORS
330
12
102
}
330
12
100
AcDbXrecord
280
     1
270
     1
271
     1
  0
XRECORD
  5
15
102
{ACAD_REACTORS
330
12
102
}
330
12
100
AcDbXrecord
280
     1
270
     1
271
     1
  0
XRECORD
  5
24
102
{ACAD_REACTORS
330
22
102
}
330
22
100
AcDbXrecord
280
     1
270
     1
271
     1
  0
XRECORD
  5
23
102
{ACAD_REACTORS
330
22
102
}
330
22
100
AcDbXrecord
280
     1
270
     1
271
     1
  0
XRECORD
  5
27
102
{ACAD_REACTORS
330
22
102
}
330
22
100
AcDbXrecord
280
     1
270
     1
271
     1
  0
XRECORD
  5
26
102
{ACAD_REACTORS
330
22
102
}
330
22
100
AcDbXrecord
280
     1
270
     1
271
     1
  0
XRECORD
  5
28
102
{ACAD_REACTORS
330
22
102
}
330
22
100
AcDbXrecord
280
     1
270
     1
271
     1
  0
XRECORD
  5
25
102
{ACAD_REACTORS
330
22
102
}
330
22
100
AcDbXrecord
280
     1
270
     1
271
     1
  0
CELLSTYLEMAP
  5
95
102
{ACAD_REACTORS
330
94
102
}
330
94
100
AcDbCellStyleMap
 90
        3
300
CELLSTYLE
  1
TABLEFORMAT_BEGIN
 90
        5
170
     1
 91
        0
 92
    32768
 62
   257
 93
        1
300
CONTENTFORMAT
  1
CONTENTFORMAT_BEGIN
 90
        0
 91
        0
 92
      512
 93
        0
300

 40
0.0
140
1.0
 94
        5
 62
     0
340
55
144
0.25
309
CONTENTFORMAT_END
171
     0
 94
        0
309
TABLEFORMAT_END
  1
CELLSTYLE_BEGIN
 90
        1
 91
        1
300
_TITLE
309
CELLSTYLE_END
300
CELLSTYLE
  1
TABLEFORMAT_BEGIN
 90
        5
170
     1
 91
        0
 92
        0
 62
   257
 93
        1
300
CONTENTFORMAT
  1
CONTENTFORMAT_BEGIN
 90
        0
 91
        0
 92
      512
 93
        0
300

 40
0.0
140
1.0
 94
        5
 62
     0
340
55
144
0.18
309
CONTENTFORMAT_END
171
     0
 94
        0
309
TABLEFORMAT_END
  1
CELLSTYLE_BEGIN
 90
        2
 91
        1
300
_HEADER
309
CELLSTYLE_END
300
CELLSTYLE
  1
TABLEFORMAT_BEGIN
 90
        5
170
     1
 91
        0
 92
        0
 62
   257
 93
        1
300
CONTENTFORMAT
  1
CONTENTFORMAT_BEGIN
 90
        0
 91
        0
 92
      512
 93
        0
300

 40
0.0
140
1.0
 94
        2
 62
     0
340
55
144
0.18
309
CONTENTFORMAT_END
171
     0
 94
        0
309
TABLEFORMAT_END
  1
CELLSTYLE_BEGIN
 90
        3
 91
        2
300
_DATA
309
CELLSTYLE_END
  0
ENDSEC
  0
EOF
