  0
SECTION
  2
HEADER
  9
$ACADVER
  1
AC1009
  0
ENDSEC
  0
SECTION
  2
TABLES
  0
TABLE
  2
LAYER
  70
1
  0
LAYER
  2
Layer_8
  70
0
  62
254
  6
CONTINUOUS
  0
ENDTAB
  0
ENDSEC
  0
SECTION
  2
ENTITIES
  0
POLYLINE
  5
90
  8
Layer_8
  62
254
  66
1
  10
0
  20
0
  30
0
  0
VERTEX
  5
90
  8
Layer_8
  10
713.11078
  20
-81.320114
  42
0.41421356
  0
VERTEX
  5
91
  8
Layer_8
  10
710.26074
  20
-78.470108
  0
SEQEND
  0
POLYLINE
  5
93
  8
Layer_8
  62
254
  66
1
  10
0
  20
0
  30
0
  0
VERTEX
  5
93
  8
Layer_8
  10
710.26074
  20
-78.470108
  42
0.41421356
  0
VERTEX
  5
94
  8
Layer_8
  10
707.41071
  20
-81.320114
  0
SEQEND
  0
POLYLINE
  5
96
  8
Layer_8
  62
254
  66
1
  10
0
  20
0
  30
0
  0
VERTEX
  5
96
  8
Layer_8
  10
707.41071
  20
-81.320114
  42
0.41421356
  0
VERTEX
  5
97
  8
Layer_8
  10
710.26074
  20
-84.17012
  0
SEQEND
  0
POLYLINE
  5
99
  8
Layer_8
  62
254
  66
1
  10
0
  20
0
  30
0
  0
VERTEX
  5
99
  8
Layer_8
  10
710.26074
  20
-84.17012
  42
0.41421356
  0
VERTEX
  5
9a
  8
Layer_8
  10
713.11078
  20
-81.320114
  0
SEQEND
  0
POLYLINE
  5
9c
  8
Layer_8
  62
254
  66
1
  10
0
  20
0
  30
0
  0
VERTEX
  5
9c
  8
Layer_8
  10
678.33508
  20
-70.805389
  42
0.41421356
  0
VERTEX
  5
9d
  8
Layer_8
  10
675.48511
  20
-67.955399
  0
SEQEND
  0
POLYLINE
  5
9f
  8
Layer_8
  62
254
  66
1
  10
0
  20
0
  30
0
  0
VERTEX
  5
9f
  8
Layer_8
  10
675.48511
  20
-67.955399
  42
0.41421356
  0
VERTEX
  5
a0
  8
Layer_8
  10
672.63513
  20
-70.805389
  0
SEQEND
  0
POLYLINE
  5
a2
  8
Layer_8
  62
254
  66
1
  10
0
  20
0
  30
0
  0
VERTEX
  5
a2
  8
Layer_8
  10
672.63513
  20
-70.805389
  42
0.41421356
  0
VERTEX
  5
a3
  8
Layer_8
  10
675.48511
  20
-73.65538
  0
SEQEND
  0
POLYLINE
  5
a5
  8
Layer_8
  62
254
  66
1
  10
0
  20
0
  30
0
  0
VERTEX
  5
a5
  8
Layer_8
  10
675.48511
  20
-73.65538
  42
0.41421356
  0
VERTEX
  5
a6
  8
Layer_8
  10
678.33508
  20
-70.805389
  0
SEQEND
  0
POLYLINE
  5
a8
  8
Layer_8
  62
254
  66
1
  10
0
  20
0
  30
0
  0
VERTEX
  5
a8
  8
Layer_8
  10
552.6156
  20
-60.524483
  42
0.41421356
  0
VERTEX
  5
a9
  8
Layer_8
  10
549.76563
  20
-57.67448
  0
SEQEND
  0
POLYLINE
  5
ab
  8
Layer_8
  62
254
  66
1
  10
0
  20
0
  30
0
  0
VERTEX
  5
ab
  8
Layer_8
  10
549.76563
  20
-57.67448
  42
0.41421356
  0
VERTEX
  5
ac
  8
Layer_8
  10
546.91565
  20
-60.524483
  0
SEQEND
  0
POLYLINE
  5
ae
  8
Layer_8
  62
254
  66
1
  10
0
  20
0
  30
0
  0
VERTEX
  5
ae
  8
Layer_8
  10
546.91565
  20
-60.524483
  42
0.41421356
  0
VERTEX
  5
af
  8
Layer_8
  10
549.76563
  20
-63.374485
  0
SEQEND
  0
POLYLINE
  5
b1
  8
Layer_8
  62
254
  66
1
  10
0
  20
0
  30
0
  0
VERTEX
  5
b1
  8
Layer_8
  10
549.76563
  20
-63.374485
  42
0.41421356
  0
VERTEX
  5
b2
  8
Layer_8
  10
552.6156
  20
-60.524483
  0
SEQEND
  0
POLYLINE
  5
b4
  8
Layer_8
  62
254
  66
1
  10
0
  20
0
  30
0
  0
VERTEX
  5
b4
  8
Layer_8
  10
552.5047
  20
-95.461494
  42
0.41421356
  0
VERTEX
  5
b5
  8
Layer_8
  10
549.65472
  20
-92.611496
  0
SEQEND
  0
POLYLINE
  5
b7
  8
Layer_8
  62
254
  66
1
  10
0
  20
0
  30
0
  0
VERTEX
  5
b7
  8
Layer_8
  10
549.65472
  20
-92.611496
  42
0.41421356
  0
VERTEX
  5
b8
  8
Layer_8
  10
546.80475
  20
-95.461494
  0
SEQEND
  0
POLYLINE
  5
ba
  8
Layer_8
  62
254
  66
1
  10
0
  20
0
  30
0
  0
VERTEX
  5
ba
  8
Layer_8
  10
546.80475
  20
-95.461494
  42
0.41421356
  0
VERTEX
  5
bb
  8
Layer_8
  10
549.65472
  20
-98.311493
  0
SEQEND
  0
POLYLINE
  5
bd
  8
Layer_8
  62
254
  66
1
  10
0
  20
0
  30
0
  0
VERTEX
  5
bd
  8
Layer_8
  10
549.65472
  20
-98.311493
  42
0.41421356
  0
VERTEX
  5
be
  8
Layer_8
  10
552.5047
  20
-95.461494
  0
SEQEND
  0
POLYLINE
  5
c0
  8
Layer_8
  62
254
  66
1
  10
0
  20
0
  30
0
  0
VERTEX
  5
c0
  8
Layer_8
  10
503.20734
  20
-85.440407
  42
0.41421356
  0
VERTEX
  5
c1
  8
Layer_8
  10
500.35733
  20
-82.590408
  0
SEQEND
  0
POLYLINE
  5
c3
  8
Layer_8
  62
254
  66
1
  10
0
  20
0
  30
0
  0
VERTEX
  5
c3
  8
Layer_8
  10
500.35733
  20
-82.590408
  42
0.41421356
  0
VERTEX
  5
c4
  8
Layer_8
  10
497.50732
  20
-85.440407
  0
SEQEND
  0
POLYLINE
  5
c6
  8
Layer_8
  62
254
  66
1
  10
0
  20
0
  30
0
  0
VERTEX
  5
c6
  8
Layer_8
  10
497.50732
  20
-85.440407
  42
0.41421356
  0
VERTEX
  5
c7
  8
Layer_8
  10
500.35733
  20
-88.290405
  0
SEQEND
  0
POLYLINE
  5
c9
  8
Layer_8
  62
254
  66
1
  10
0
  20
0
  30
0
  0
VERTEX
  5
c9
  8
Layer_8
  10
500.35733
  20
-88.290405
  42
0.41421356
  0
VERTEX
  5
ca
  8
Layer_8
  10
503.20734
  20
-85.440407
  0
SEQEND
  0
POLYLINE
  5
cc
  8
Layer_8
  62
254
  66
1
  10
0
  20
0
  30
0
  0
VERTEX
  5
cc
  8
Layer_8
  10
678.33508
  20
-7.3827629
  42
0.41421356
  0
VERTEX
  5
cd
  8
Layer_8
  10
675.48511
  20
-4.5327692
  0
SEQEND
  0
POLYLINE
  5
cf
  8
Layer_8
  62
254
  66
1
  10
0
  20
0
  30
0
  0
VERTEX
  5
cf
  8
Layer_8
  10
675.48511
  20
-4.5327692
  42
0.41421356
  0
VERTEX
  5
d0
  8
Layer_8
  10
672.63513
  20
-7.3827629
  0
SEQEND
  0
POLYLINE
  5
d2
  8
Layer_8
  62
254
  66
1
  10
0
  20
0
  30
0
  0
VERTEX
  5
d2
  8
Layer_8
  10
672.63513
  20
-7.3827629
  42
0.41421356
  0
VERTEX
  5
d3
  8
Layer_8
  10
675.48511
  20
-10.232757
  0
SEQEND
  0
POLYLINE
  5
d5
  8
Layer_8
  62
254
  66
1
  10
0
  20
0
  30
0
  0
VERTEX
  5
d5
  8
Layer_8
  10
675.48511
  20
-10.232757
  42
0.41421356
  0
VERTEX
  5
d6
  8
Layer_8
  10
678.33508
  20
-7.3827629
  0
SEQEND
  0
POLYLINE
  5
d8
  8
Layer_8
  62
254
  66
1
  10
0
  20
0
  30
0
  0
VERTEX
  5
d8
  8
Layer_8
  10
503.16873
  20
8.1880951
  42
0.41421356
  0
VERTEX
  5
d9
  8
Layer_8
  10
500.31873
  20
11.038095
  0
SEQEND
  0
POLYLINE
  5
db
  8
Layer_8
  62
254
  66
1
  10
0
  20
0
  30
0
  0
VERTEX
  5
db
  8
Layer_8
  10
500.31873
  20
11.038095
  42
0.41421356
  0
VERTEX
  5
dc
  8
Layer_8
  10
497.46872
  20
8.1880951
  0
SEQEND
  0
POLYLINE
  5
de
  8
Layer_8
  62
254
  66
1
  10
0
  20
0
  30
0
  0
VERTEX
  5
de
  8
Layer_8
  10
497.46872
  20
8.1880951
  42
0.41421356
  0
VERTEX
  5
df
  8
Layer_8
  10
500.31873
  20
5.3380947
  0
SEQEND
  0
POLYLINE
  5
e1
  8
Layer_8
  62
254
  66
1
  10
0
  20
0
  30
0
  0
VERTEX
  5
e1
  8
Layer_8
  10
500.31873
  20
5.3380947
  42
0.41421356
  0
VERTEX
  5
e2
  8
Layer_8
  10
503.16873
  20
8.1880951
  0
SEQEND
  0
POLYLINE
  5
e4
  8
Layer_8
  62
254
  66
1
  10
0
  20
0
  30
0
  0
VERTEX
  5
e4
  8
Layer_8
  10
552.52881
  20
-16.70887
  42
0.41421356
  0
VERTEX
  5
e5
  8
Layer_8
  10
549.67883
  20
-13.85887
  0
SEQEND
  0
POLYLINE
  5
e7
  8
Layer_8
  62
254
  66
1
  10
0
  20
0
  30
0
  0
VERTEX
  5
e7
  8
Layer_8
  10
549.67883
  20
-13.85887
  42
0.41421356
  0
VERTEX
  5
e8
  8
Layer_8
  10
546.82886
  20
-16.70887
  0
SEQEND
  0
POLYLINE
  5
ea
  8
Layer_8
  62
254
  66
1
  10
0
  20
0
  30
0
  0
VERTEX
  5
ea
  8
Layer_8
  10
546.82886
  20
-16.70887
  42
0.41421356
  0
VERTEX
  5
eb
  8
Layer_8
  10
549.67883
  20
-19.55887
  0
SEQEND
  0
POLYLINE
  5
ed
  8
Layer_8
  62
254
  66
1
  10
0
  20
0
  30
0
  0
VERTEX
  5
ed
  8
Layer_8
  10
549.67883
  20
-19.55887
  42
0.41421356
  0
VERTEX
  5
ee
  8
Layer_8
  10
552.52881
  20
-16.70887
  0
SEQEND
  0
POLYLINE
  5
f0
  8
Layer_8
  62
254
  66
1
  10
0
  20
0
  30
0
  0
VERTEX
  5
f0
  8
Layer_8
  10
713.53333
  20
3.2939835
  42
0.41421356
  0
VERTEX
  5
f1
  8
Layer_8
  10
710.68329
  20
6.143991
  0
SEQEND
  0
POLYLINE
  5
f3
  8
Layer_8
  62
254
  66
1
  10
0
  20
0
  30
0
  0
VERTEX
  5
f3
  8
Layer_8
  10
710.68329
  20
6.143991
  42
0.41421356
  0
VERTEX
  5
f4
  8
Layer_8
  10
707.83325
  20
3.2939835
  0
SEQEND
  0
POLYLINE
  5
f6
  8
Layer_8
  62
254
  66
1
  10
0
  20
0
  30
0
  0
VERTEX
  5
f6
  8
Layer_8
  10
707.83325
  20
3.2939835
  42
0.41421356
  0
VERTEX
  5
f7
  8
Layer_8
  10
710.68329
  20
0.44397593
  0
SEQEND
  0
POLYLINE
  5
f9
  8
Layer_8
  62
254
  66
1
  10
0
  20
0
  30
0
  0
VERTEX
  5
f9
  8
Layer_8
  10
710.68329
  20
0.44397593
  42
0.41421356
  0
VERTEX
  5
fa
  8
Layer_8
  10
713.53333
  20
3.2939835
  0
SEQEND
  0
POLYLINE
  5
fc
  8
Layer_8
  62
254
  66
1
  10
0
  20
0
  30
0
  0
VERTEX
  5
fc
  8
Layer_8
  10
705.06549
  20
-39.094086
  42
0.41421356
  0
VERTEX
  5
fd
  8
Layer_8
  10
702.21545
  20
-36.24408
  0
SEQEND
  0
POLYLINE
  5
ff
  8
Layer_8
  62
254
  66
1
  10
0
  20
0
  30
0
  0
VERTEX
  5
ff
  8
Layer_8
  10
702.21545
  20
-36.24408
  42
0.41421356
  0
VERTEX
  5
100
  8
Layer_8
  10
699.36542
  20
-39.094086
  0
SEQEND
  0
POLYLINE
  5
102
  8
Layer_8
  62
254
  66
1
  10
0
  20
0
  30
0
  0
VERTEX
  5
102
  8
Layer_8
  10
699.36542
  20
-39.094086
  42
0.41421356
  0
VERTEX
  5
103
  8
Layer_8
  10
702.21545
  20
-41.944092
  0
SEQEND
  0
POLYLINE
  5
105
  8
Layer_8
  62
254
  66
1
  10
0
  20
0
  30
0
  0
VERTEX
  5
105
  8
Layer_8
  10
702.21545
  20
-41.944092
  42
0.41421356
  0
VERTEX
  5
106
  8
Layer_8
  10
705.06549
  20
-39.094086
  0
SEQEND
  0
POLYLINE
  5
108
  8
Layer_8
  62
254
  66
1
  10
0
  20
0
  30
0
  0
VERTEX
  5
108
  8
Layer_8
  10
678.84106
  20
46.278397
  42
0.41421356
  0
VERTEX
  5
109
  8
Layer_8
  10
675.99109
  20
49.128391
  0
SEQEND
  0
POLYLINE
  5
10b
  8
Layer_8
  62
254
  66
1
  10
0
  20
0
  30
0
  0
VERTEX
  5
10b
  8
Layer_8
  10
675.99109
  20
49.128391
  42
0.41421356
  0
VERTEX
  5
10c
  8
Layer_8
  10
673.14111
  20
46.278397
  0
SEQEND
  0
POLYLINE
  5
10e
  8
Layer_8
  62
254
  66
1
  10
0
  20
0
  30
0
  0
VERTEX
  5
10e
  8
Layer_8
  10
673.14111
  20
46.278397
  42
0.41421356
  0
VERTEX
  5
10f
  8
Layer_8
  10
675.99109
  20
43.428402
  0
SEQEND
  0
POLYLINE
  5
111
  8
Layer_8
  62
254
  66
1
  10
0
  20
0
  30
0
  0
VERTEX
  5
111
  8
Layer_8
  10
675.99109
  20
43.428402
  42
0.41421356
  0
VERTEX
  5
112
  8
Layer_8
  10
678.84106
  20
46.278397
  0
SEQEND
  0
POLYLINE
  5
114
  8
Layer_8
  62
254
  66
1
  10
0
  20
0
  30
0
  0
VERTEX
  5
114
  8
Layer_8
  10
512.94244
  20
-88.015076
  0
VERTEX
  5
115
  8
Layer_8
  10
539.90149
  20
-88.015076
  0
SEQEND
  0
POLYLINE
  5
117
  8
Layer_8
  62
254
  66
1
  10
0
  20
0
  30
0
  0
VERTEX
  5
117
  8
Layer_8
  10
539.90149
  20
-88.015076
  0
VERTEX
  5
118
  8
Layer_8
  10
540.45447
  20
-88.015076
  0
SEQEND
  0
POLYLINE
  5
11a
  8
Layer_8
  62
254
  66
1
  10
0
  20
0
  30
0
  0
VERTEX
  5
11a
  8
Layer_8
  10
540.73102
  20
-88.015076
  0
VERTEX
  5
11b
  8
Layer_8
  10
541.28406
  20
-88.015076
  0
SEQEND
  0
POLYLINE
  5
11d
  8
Layer_8
  62
254
  66
1
  10
0
  20
0
  30
0
  0
VERTEX
  5
11d
  8
Layer_8
  10
541.56055
  20
-88.015076
  0
VERTEX
  5
11e
  8
Layer_8
  10
542.11359
  20
-88.015076
  0
SEQEND
  0
POLYLINE
  5
120
  8
Layer_8
  62
254
  66
1
  10
0
  20
0
  30
0
  0
VERTEX
  5
120
  8
Layer_8
  10
542.39008
  20
-88.015076
  0
VERTEX
  5
121
  8
Layer_8
  10
542.94312
  20
-88.015076
  0
SEQEND
  0
POLYLINE
  5
123
  8
Layer_8
  62
254
  66
1
  10
0
  20
0
  30
0
  0
VERTEX
  5
123
  8
Layer_8
  10
543.21967
  20
-88.015076
  0
VERTEX
  5
124
  8
Layer_8
  10
543.77264
  20
-88.015076
  0
SEQEND
  0
POLYLINE
  5
126
  8
Layer_8
  62
254
  66
1
  10
0
  20
0
  30
0
  0
VERTEX
  5
126
  8
Layer_8
  10
544.04919
  20
-88.015076
  0
VERTEX
  5
127
  8
Layer_8
  10
544.60223
  20
-88.015076
  0
SEQEND
  0
POLYLINE
  5
129
  8
Layer_8
  62
254
  66
1
  10
0
  20
0
  30
0
  0
VERTEX
  5
129
  8
Layer_8
  10
544.87872
  20
-88.015076
  0
VERTEX
  5
12a
  8
Layer_8
  10
545.43176
  20
-88.015076
  0
SEQEND
  0
POLYLINE
  5
12c
  8
Layer_8
  62
254
  66
1
  10
0
  20
0
  30
0
  0
VERTEX
  5
12c
  8
Layer_8
  10
545.70825
  20
-88.015076
  0
VERTEX
  5
12d
  8
Layer_8
  10
546.26129
  20
-88.015076
  0
SEQEND
  0
POLYLINE
  5
12f
  8
Layer_8
  62
254
  66
1
  10
0
  20
0
  30
0
  0
VERTEX
  5
12f
  8
Layer_8
  10
546.53784
  20
-88.015076
  0
VERTEX
  5
130
  8
Layer_8
  10
547.09082
  20
-88.015076
  0
SEQEND
  0
POLYLINE
  5
132
  8
Layer_8
  62
254
  66
1
  10
0
  20
0
  30
0
  0
VERTEX
  5
132
  8
Layer_8
  10
547.36737
  20
-88.015076
  0
VERTEX
  5
133
  8
Layer_8
  10
547.92041
  20
-88.015076
  0
SEQEND
  0
POLYLINE
  5
135
  8
Layer_8
  62
254
  66
1
  10
0
  20
0
  30
0
  0
VERTEX
  5
135
  8
Layer_8
  10
548.1969
  20
-88.015076
  0
VERTEX
  5
136
  8
Layer_8
  10
548.74994
  20
-88.015076
  0
SEQEND
  0
POLYLINE
  5
138
  8
Layer_8
  62
254
  66
1
  10
0
  20
0
  30
0
  0
VERTEX
  5
138
  8
Layer_8
  10
549.02643
  20
-88.015076
  0
VERTEX
  5
139
  8
Layer_8
  10
549.57947
  20
-88.015076
  0
SEQEND
  0
POLYLINE
  5
13b
  8
Layer_8
  62
254
  66
1
  10
0
  20
0
  30
0
  0
VERTEX
  5
13b
  8
Layer_8
  10
549.85596
  20
-88.015076
  0
VERTEX
  5
13c
  8
Layer_8
  10
550.409
  20
-88.015076
  0
SEQEND
  0
POLYLINE
  5
13e
  8
Layer_8
  62
254
  66
1
  10
0
  20
0
  30
0
  0
VERTEX
  5
13e
  8
Layer_8
  10
550.68555
  20
-88.015076
  0
VERTEX
  5
13f
  8
Layer_8
  10
551.23853
  20
-88.015076
  0
SEQEND
  0
POLYLINE
  5
141
  8
Layer_8
  62
254
  66
1
  10
0
  20
0
  30
0
  0
VERTEX
  5
141
  8
Layer_8
  10
551.51508
  20
-88.015076
  0
VERTEX
  5
142
  8
Layer_8
  10
552.06812
  20
-88.015076
  0
SEQEND
  0
POLYLINE
  5
144
  8
Layer_8
  62
254
  66
1
  10
0
  20
0
  30
0
  0
VERTEX
  5
144
  8
Layer_8
  10
552.3446
  20
-88.015076
  0
VERTEX
  5
145
  8
Layer_8
  10
552.89764
  20
-88.015076
  0
SEQEND
  0
POLYLINE
  5
147
  8
Layer_8
  62
254
  66
1
  10
0
  20
0
  30
0
  0
VERTEX
  5
147
  8
Layer_8
  10
553.17413
  20
-88.015076
  0
VERTEX
  5
148
  8
Layer_8
  10
553.72717
  20
-88.015076
  0
SEQEND
  0
POLYLINE
  5
14a
  8
Layer_8
  62
254
  66
1
  10
0
  20
0
  30
0
  0
VERTEX
  5
14a
  8
Layer_8
  10
554.00366
  20
-88.015076
  0
VERTEX
  5
14b
  8
Layer_8
  10
554.5567
  20
-88.015076
  0
SEQEND
  0
POLYLINE
  5
14d
  8
Layer_8
  62
254
  66
1
  10
0
  20
0
  30
0
  0
VERTEX
  5
14d
  8
Layer_8
  10
554.83325
  20
-88.015076
  0
VERTEX
  5
14e
  8
Layer_8
  10
555.38623
  20
-88.015076
  0
SEQEND
  0
POLYLINE
  5
150
  8
Layer_8
  62
254
  66
1
  10
0
  20
0
  30
0
  0
VERTEX
  5
150
  8
Layer_8
  10
555.66278
  20
-88.015076
  0
VERTEX
  5
151
  8
Layer_8
  10
556.21582
  20
-88.015076
  0
SEQEND
  0
POLYLINE
  5
153
  8
Layer_8
  62
254
  66
1
  10
0
  20
0
  30
0
  0
VERTEX
  5
153
  8
Layer_8
  10
556.49231
  20
-88.015076
  0
VERTEX
  5
154
  8
Layer_8
  10
557.04535
  20
-88.015076
  0
SEQEND
  0
POLYLINE
  5
156
  8
Layer_8
  62
254
  66
1
  10
0
  20
0
  30
0
  0
VERTEX
  5
156
  8
Layer_8
  10
557.32184
  20
-88.015076
  0
VERTEX
  5
157
  8
Layer_8
  10
557.87488
  20
-88.015076
  0
SEQEND
  0
POLYLINE
  5
159
  8
Layer_8
  62
254
  66
1
  10
0
  20
0
  30
0
  0
VERTEX
  5
159
  8
Layer_8
  10
558.15143
  20
-88.015076
  0
VERTEX
  5
15a
  8
Layer_8
  10
558.70441
  20
-88.015076
  0
SEQEND
  0
POLYLINE
  5
15c
  8
Layer_8
  62
254
  66
1
  10
0
  20
0
  30
0
  0
VERTEX
  5
15c
  8
Layer_8
  10
558.98096
  20
-88.015076
  0
VERTEX
  5
15d
  8
Layer_8
  10
559.25378
  20
-88.015076
  0
SEQEND
  0
POLYLINE
  5
15f
  8
Layer_8
  62
254
  66
1
  10
0
  20
0
  30
0
  0
VERTEX
  5
15f
  8
Layer_8
  10
559.25378
  20
-88.015076
  0
VERTEX
  5
160
  8
Layer_8
  10
576.08057
  20
-88.015076
  0
SEQEND
  0
POLYLINE
  5
162
  8
Layer_8
  62
254
  66
1
  10
0
  20
0
  30
0
  0
VERTEX
  5
162
  8
Layer_8
  10
576.08057
  20
-88.015076
  0
VERTEX
  5
163
  8
Layer_8
  10
576.63361
  20
-88.015076
  0
SEQEND
  0
POLYLINE
  5
165
  8
Layer_8
  62
254
  66
1
  10
0
  20
0
  30
0
  0
VERTEX
  5
165
  8
Layer_8
  10
576.9101
  20
-88.015076
  0
VERTEX
  5
166
  8
Layer_8
  10
577.46313
  20
-88.015076
  0
SEQEND
  0
POLYLINE
  5
168
  8
Layer_8
  62
254
  66
1
  10
0
  20
0
  30
0
  0
VERTEX
  5
168
  8
Layer_8
  10
577.73962
  20
-88.015076
  0
VERTEX
  5
169
  8
Layer_8
  10
578.29266
  20
-88.015076
  0
SEQEND
  0
POLYLINE
  5
16b
  8
Layer_8
  62
254
  66
1
  10
0
  20
0
  30
0
  0
VERTEX
  5
16b
  8
Layer_8
  10
578.56915
  20
-88.015076
  0
VERTEX
  5
16c
  8
Layer_8
  10
579.12219
  20
-88.015076
  0
SEQEND
  0
POLYLINE
  5
16e
  8
Layer_8
  62
254
  66
1
  10
0
  20
0
  30
0
  0
VERTEX
  5
16e
  8
Layer_8
  10
579.39874
  20
-88.015076
  0
VERTEX
  5
16f
  8
Layer_8
  10
579.95178
  20
-88.015076
  0
SEQEND
  0
POLYLINE
  5
171
  8
Layer_8
  62
254
  66
1
  10
0
  20
0
  30
0
  0
VERTEX
  5
171
  8
Layer_8
  10
580.22827
  20
-88.015076
  0
VERTEX
  5
172
  8
Layer_8
  10
580.78131
  20
-88.015076
  0
SEQEND
  0
POLYLINE
  5
174
  8
Layer_8
  62
254
  66
1
  10
0
  20
0
  30
0
  0
VERTEX
  5
174
  8
Layer_8
  10
581.0578
  20
-88.015076
  0
VERTEX
  5
175
  8
Layer_8
  10
581.61084
  20
-88.015076
  0
SEQEND
  0
POLYLINE
  5
177
  8
Layer_8
  62
254
  66
1
  10
0
  20
0
  30
0
  0
VERTEX
  5
177
  8
Layer_8
  10
581.88733
  20
-88.015076
  0
VERTEX
  5
178
  8
Layer_8
  10
582.44037
  20
-88.015076
  0
SEQEND
  0
POLYLINE
  5
17a
  8
Layer_8
  62
254
  66
1
  10
0
  20
0
  30
0
  0
VERTEX
  5
17a
  8
Layer_8
  10
582.71692
  20
-88.015076
  0
VERTEX
  5
17b
  8
Layer_8
  10
583.2699
  20
-88.015076
  0
SEQEND
  0
POLYLINE
  5
17d
  8
Layer_8
  62
254
  66
1
  10
0
  20
0
  30
0
  0
VERTEX
  5
17d
  8
Layer_8
  10
583.54645
  20
-88.015076
  0
VERTEX
  5
17e
  8
Layer_8
  10
584.09949
  20
-88.015076
  0
SEQEND
  0
POLYLINE
  5
180
  8
Layer_8
  62
254
  66
1
  10
0
  20
0
  30
0
  0
VERTEX
  5
180
  8
Layer_8
  10
584.37598
  20
-88.015076
  0
VERTEX
  5
181
  8
Layer_8
  10
584.92902
  20
-88.015076
  0
SEQEND
  0
POLYLINE
  5
183
  8
Layer_8
  62
254
  66
1
  10
0
  20
0
  30
0
  0
VERTEX
  5
183
  8
Layer_8
  10
585.20551
  20
-88.015076
  0
VERTEX
  5
184
  8
Layer_8
  10
585.75854
  20
-88.015076
  0
SEQEND
  0
POLYLINE
  5
186
  8
Layer_8
  62
254
  66
1
  10
0
  20
0
  30
0
  0
VERTEX
  5
186
  8
Layer_8
  10
586.03503
  20
-88.015076
  0
VERTEX
  5
187
  8
Layer_8
  10
586.58807
  20
-88.015076
  0
SEQEND
  0
POLYLINE
  5
189
  8
Layer_8
  62
254
  66
1
  10
0
  20
0
  30
0
  0
VERTEX
  5
189
  8
Layer_8
  10
586.86462
  20
-88.015076
  0
VERTEX
  5
18a
  8
Layer_8
  10
587.41766
  20
-88.015076
  0
SEQEND
  0
POLYLINE
  5
18c
  8
Layer_8
  62
254
  66
1
  10
0
  20
0
  30
0
  0
VERTEX
  5
18c
  8
Layer_8
  10
587.69415
  20
-88.015076
  0
VERTEX
  5
18d
  8
Layer_8
  10
588.24719
  20
-88.015076
  0
SEQEND
  0
POLYLINE
  5
18f
  8
Layer_8
  62
254
  66
1
  10
0
  20
0
  30
0
  0
VERTEX
  5
18f
  8
Layer_8
  10
588.52368
  20
-88.015076
  0
VERTEX
  5
190
  8
Layer_8
  10
589.07672
  20
-88.015076
  0
SEQEND
  0
POLYLINE
  5
192
  8
Layer_8
  62
254
  66
1
  10
0
  20
0
  30
0
  0
VERTEX
  5
192
  8
Layer_8
  10
589.35321
  20
-88.015076
  0
VERTEX
  5
193
  8
Layer_8
  10
589.90625
  20
-88.015076
  0
SEQEND
  0
POLYLINE
  5
195
  8
Layer_8
  62
254
  66
1
  10
0
  20
0
  30
0
  0
VERTEX
  5
195
  8
Layer_8
  10
590.1828
  20
-88.015076
  0
VERTEX
  5
196
  8
Layer_8
  10
590.73578
  20
-88.015076
  0
SEQEND
  0
POLYLINE
  5
198
  8
Layer_8
  62
254
  66
1
  10
0
  20
0
  30
0
  0
VERTEX
  5
198
  8
Layer_8
  10
591.01233
  20
-88.015076
  0
VERTEX
  5
199
  8
Layer_8
  10
591.56537
  20
-88.015076
  0
SEQEND
  0
POLYLINE
  5
19b
  8
Layer_8
  62
254
  66
1
  10
0
  20
0
  30
0
  0
VERTEX
  5
19b
  8
Layer_8
  10
591.84186
  20
-88.015076
  0
VERTEX
  5
19c
  8
Layer_8
  10
592.3949
  20
-88.015076
  0
SEQEND
  0
POLYLINE
  5
19e
  8
Layer_8
  62
254
  66
1
  10
0
  20
0
  30
0
  0
VERTEX
  5
19e
  8
Layer_8
  10
592.67139
  20
-88.015076
  0
VERTEX
  5
19f
  8
Layer_8
  10
593.22443
  20
-88.015076
  0
SEQEND
  0
POLYLINE
  5
1a1
  8
Layer_8
  62
254
  66
1
  10
0
  20
0
  30
0
  0
VERTEX
  5
1a1
  8
Layer_8
  10
593.50092
  20
-88.015076
  0
VERTEX
  5
1a2
  8
Layer_8
  10
594.05396
  20
-88.015076
  0
SEQEND
  0
POLYLINE
  5
1a4
  8
Layer_8
  62
254
  66
1
  10
0
  20
0
  30
0
  0
VERTEX
  5
1a4
  8
Layer_8
  10
594.33051
  20
-88.015076
  0
VERTEX
  5
1a5
  8
Layer_8
  10
594.88354
  20
-88.015076
  0
SEQEND
  0
POLYLINE
  5
1a7
  8
Layer_8
  62
254
  66
1
  10
0
  20
0
  30
0
  0
VERTEX
  5
1a7
  8
Layer_8
  10
595.16003
  20
-88.015076
  0
VERTEX
  5
1a8
  8
Layer_8
  10
595.71307
  20
-88.015076
  0
SEQEND
  0
POLYLINE
  5
1aa
  8
Layer_8
  62
254
  66
1
  10
0
  20
0
  30
0
  0
VERTEX
  5
1aa
  8
Layer_8
  10
595.98956
  20
-88.015076
  0
VERTEX
  5
1ab
  8
Layer_8
  10
595.98981
  20
-88.015076
  0
SEQEND
  0
POLYLINE
  5
1ad
  8
Layer_8
  62
254
  66
1
  10
0
  20
0
  30
0
  0
VERTEX
  5
1ad
  8
Layer_8
  10
595.98981
  20
-88.015076
  0
VERTEX
  5
1ae
  8
Layer_8
  10
610.57501
  20
-88.01519
  0
SEQEND
  0
POLYLINE
  5
1b0
  8
Layer_8
  62
254
  66
1
  10
0
  20
0
  30
0
  0
VERTEX
  5
1b0
  8
Layer_8
  10
610.57501
  20
-88.01519
  0
VERTEX
  5
1b1
  8
Layer_8
  10
610.57526
  20
-58.786957
  0
SEQEND
  0
POLYLINE
  5
1b3
  8
Layer_8
  62
254
  66
1
  10
0
  20
0
  30
0
  0
VERTEX
  5
1b3
  8
Layer_8
  10
610.57526
  20
-58.786957
  0
VERTEX
  5
1b4
  8
Layer_8
  10
600.1842
  20
-48.961193
  0
SEQEND
  0
POLYLINE
  5
1b6
  8
Layer_8
  62
254
  66
1
  10
0
  20
0
  30
0
  0
VERTEX
  5
1b6
  8
Layer_8
  10
600.1842
  20
-48.961193
  0
VERTEX
  5
1b7
  8
Layer_8
  10
600.13727
  20
-48.961193
  0
SEQEND
  0
POLYLINE
  5
1b9
  8
Layer_8
  62
254
  66
1
  10
0
  20
0
  30
0
  0
VERTEX
  5
1b9
  8
Layer_8
  10
599.86078
  20
-48.961193
  0
VERTEX
  5
1ba
  8
Layer_8
  10
599.30774
  20
-48.961193
  0
SEQEND
  0
POLYLINE
  5
1bc
  8
Layer_8
  62
254
  66
1
  10
0
  20
0
  30
0
  0
VERTEX
  5
1bc
  8
Layer_8
  10
599.03125
  20
-48.961193
  0
VERTEX
  5
1bd
  8
Layer_8
  10
598.47821
  20
-48.961193
  0
SEQEND
  0
POLYLINE
  5
1bf
  8
Layer_8
  62
254
  66
1
  10
0
  20
0
  30
0
  0
VERTEX
  5
1bf
  8
Layer_8
  10
598.20166
  20
-48.961193
  0
VERTEX
  5
1c0
  8
Layer_8
  10
597.64868
  20
-48.961193
  0
SEQEND
  0
POLYLINE
  5
1c2
  8
Layer_8
  62
254
  66
1
  10
0
  20
0
  30
0
  0
VERTEX
  5
1c2
  8
Layer_8
  10
597.37213
  20
-48.961193
  0
VERTEX
  5
1c3
  8
Layer_8
  10
596.81909
  20
-48.961193
  0
SEQEND
  0
POLYLINE
  5
1c5
  8
Layer_8
  62
254
  66
1
  10
0
  20
0
  30
0
  0
VERTEX
  5
1c5
  8
Layer_8
  10
596.5426
  20
-48.961193
  0
VERTEX
  5
1c6
  8
Layer_8
  10
595.98956
  20
-48.961193
  0
SEQEND
  0
POLYLINE
  5
1c8
  8
Layer_8
  62
254
  66
1
  10
0
  20
0
  30
0
  0
VERTEX
  5
1c8
  8
Layer_8
  10
595.71307
  20
-48.961193
  0
VERTEX
  5
1c9
  8
Layer_8
  10
595.16003
  20
-48.961193
  0
SEQEND
  0
POLYLINE
  5
1cb
  8
Layer_8
  62
254
  66
1
  10
0
  20
0
  30
0
  0
VERTEX
  5
1cb
  8
Layer_8
  10
594.88354
  20
-48.961193
  0
VERTEX
  5
1cc
  8
Layer_8
  10
594.33051
  20
-48.961193
  0
SEQEND
  0
POLYLINE
  5
1ce
  8
Layer_8
  62
254
  66
1
  10
0
  20
0
  30
0
  0
VERTEX
  5
1ce
  8
Layer_8
  10
594.05396
  20
-48.961193
  0
VERTEX
  5
1cf
  8
Layer_8
  10
593.50092
  20
-48.961193
  0
SEQEND
  0
POLYLINE
  5
1d1
  8
Layer_8
  62
254
  66
1
  10
0
  20
0
  30
0
  0
VERTEX
  5
1d1
  8
Layer_8
  10
593.22443
  20
-48.961193
  0
VERTEX
  5
1d2
  8
Layer_8
  10
592.67139
  20
-48.961193
  0
SEQEND
  0
POLYLINE
  5
1d4
  8
Layer_8
  62
254
  66
1
  10
0
  20
0
  30
0
  0
VERTEX
  5
1d4
  8
Layer_8
  10
592.3949
  20
-48.961193
  0
VERTEX
  5
1d5
  8
Layer_8
  10
591.84186
  20
-48.961193
  0
SEQEND
  0
POLYLINE
  5
1d7
  8
Layer_8
  62
254
  66
1
  10
0
  20
0
  30
0
  0
VERTEX
  5
1d7
  8
Layer_8
  10
591.56537
  20
-48.961193
  0
VERTEX
  5
1d8
  8
Layer_8
  10
591.01233
  20
-48.961193
  0
SEQEND
  0
POLYLINE
  5
1da
  8
Layer_8
  62
254
  66
1
  10
0
  20
0
  30
0
  0
VERTEX
  5
1da
  8
Layer_8
  10
590.73578
  20
-48.961193
  0
VERTEX
  5
1db
  8
Layer_8
  10
590.1828
  20
-48.961193
  0
SEQEND
  0
POLYLINE
  5
1dd
  8
Layer_8
  62
254
  66
1
  10
0
  20
0
  30
0
  0
VERTEX
  5
1dd
  8
Layer_8
  10
589.90625
  20
-48.961193
  0
VERTEX
  5
1de
  8
Layer_8
  10
589.35321
  20
-48.961193
  0
SEQEND
  0
POLYLINE
  5
1e0
  8
Layer_8
  62
254
  66
1
  10
0
  20
0
  30
0
  0
VERTEX
  5
1e0
  8
Layer_8
  10
589.07672
  20
-48.961193
  0
VERTEX
  5
1e1
  8
Layer_8
  10
588.52368
  20
-48.961193
  0
SEQEND
  0
POLYLINE
  5
1e3
  8
Layer_8
  62
254
  66
1
  10
0
  20
0
  30
0
  0
VERTEX
  5
1e3
  8
Layer_8
  10
588.24719
  20
-48.961193
  0
VERTEX
  5
1e4
  8
Layer_8
  10
587.69415
  20
-48.961193
  0
SEQEND
  0
POLYLINE
  5
1e6
  8
Layer_8
  62
254
  66
1
  10
0
  20
0
  30
0
  0
VERTEX
  5
1e6
  8
Layer_8
  10
587.41766
  20
-48.961193
  0
VERTEX
  5
1e7
  8
Layer_8
  10
586.86462
  20
-48.961193
  0
SEQEND
  0
POLYLINE
  5
1e9
  8
Layer_8
  62
254
  66
1
  10
0
  20
0
  30
0
  0
VERTEX
  5
1e9
  8
Layer_8
  10
586.58807
  20
-48.961193
  0
VERTEX
  5
1ea
  8
Layer_8
  10
586.03503
  20
-48.961193
  0
SEQEND
  0
POLYLINE
  5
1ec
  8
Layer_8
  62
254
  66
1
  10
0
  20
0
  30
0
  0
VERTEX
  5
1ec
  8
Layer_8
  10
585.75854
  20
-48.961193
  0
VERTEX
  5
1ed
  8
Layer_8
  10
585.20551
  20
-48.961193
  0
SEQEND
  0
POLYLINE
  5
1ef
  8
Layer_8
  62
254
  66
1
  10
0
  20
0
  30
0
  0
VERTEX
  5
1ef
  8
Layer_8
  10
584.92902
  20
-48.961193
  0
VERTEX
  5
1f0
  8
Layer_8
  10
584.37598
  20
-48.961193
  0
SEQEND
  0
POLYLINE
  5
1f2
  8
Layer_8
  62
254
  66
1
  10
0
  20
0
  30
0
  0
VERTEX
  5
1f2
  8
Layer_8
  10
584.09949
  20
-48.961193
  0
VERTEX
  5
1f3
  8
Layer_8
  10
583.54645
  20
-48.961193
  0
SEQEND
  0
POLYLINE
  5
1f5
  8
Layer_8
  62
254
  66
1
  10
0
  20
0
  30
0
  0
VERTEX
  5
1f5
  8
Layer_8
  10
583.2699
  20
-48.961193
  0
VERTEX
  5
1f6
  8
Layer_8
  10
582.71692
  20
-48.961193
  0
SEQEND
  0
POLYLINE
  5
1f8
  8
Layer_8
  62
254
  66
1
  10
0
  20
0
  30
0
  0
VERTEX
  5
1f8
  8
Layer_8
  10
582.44037
  20
-48.961193
  0
VERTEX
  5
1f9
  8
Layer_8
  10
581.88733
  20
-48.961193
  0
SEQEND
  0
POLYLINE
  5
1fb
  8
Layer_8
  62
254
  66
1
  10
0
  20
0
  30
0
  0
VERTEX
  5
1fb
  8
Layer_8
  10
581.61084
  20
-48.961193
  0
VERTEX
  5
1fc
  8
Layer_8
  10
581.0578
  20
-48.961193
  0
SEQEND
  0
POLYLINE
  5
1fe
  8
Layer_8
  62
254
  66
1
  10
0
  20
0
  30
0
  0
VERTEX
  5
1fe
  8
Layer_8
  10
580.78131
  20
-48.961193
  0
VERTEX
  5
1ff
  8
Layer_8
  10
580.22827
  20
-48.961193
  0
SEQEND
  0
POLYLINE
  5
201
  8
Layer_8
  62
254
  66
1
  10
0
  20
0
  30
0
  0
VERTEX
  5
201
  8
Layer_8
  10
579.95178
  20
-48.961193
  0
VERTEX
  5
202
  8
Layer_8
  10
579.39874
  20
-48.961193
  0
SEQEND
  0
POLYLINE
  5
204
  8
Layer_8
  62
254
  66
1
  10
0
  20
0
  30
0
  0
VERTEX
  5
204
  8
Layer_8
  10
579.12219
  20
-48.961193
  0
VERTEX
  5
205
  8
Layer_8
  10
578.56915
  20
-48.961193
  0
SEQEND
  0
POLYLINE
  5
207
  8
Layer_8
  62
254
  66
1
  10
0
  20
0
  30
0
  0
VERTEX
  5
207
  8
Layer_8
  10
578.29266
  20
-48.961193
  0
VERTEX
  5
208
  8
Layer_8
  10
577.73962
  20
-48.961193
  0
SEQEND
  0
POLYLINE
  5
20a
  8
Layer_8
  62
254
  66
1
  10
0
  20
0
  30
0
  0
VERTEX
  5
20a
  8
Layer_8
  10
577.46313
  20
-48.961193
  0
VERTEX
  5
20b
  8
Layer_8
  10
576.9101
  20
-48.961193
  0
SEQEND
  0
POLYLINE
  5
20d
  8
Layer_8
  62
254
  66
1
  10
0
  20
0
  30
0
  0
VERTEX
  5
20d
  8
Layer_8
  10
576.63361
  20
-48.961193
  0
VERTEX
  5
20e
  8
Layer_8
  10
576.08057
  20
-48.961193
  0
SEQEND
  0
POLYLINE
  5
210
  8
Layer_8
  62
254
  66
1
  10
0
  20
0
  30
0
  0
VERTEX
  5
210
  8
Layer_8
  10
575.80402
  20
-48.961193
  0
VERTEX
  5
211
  8
Layer_8
  10
575.25104
  20
-48.961193
  0
SEQEND
  0
POLYLINE
  5
213
  8
Layer_8
  62
254
  66
1
  10
0
  20
0
  30
0
  0
VERTEX
  5
213
  8
Layer_8
  10
574.97449
  20
-48.961193
  0
VERTEX
  5
214
  8
Layer_8
  10
574.42145
  20
-48.961193
  0
SEQEND
  0
POLYLINE
  5
216
  8
Layer_8
  62
254
  66
1
  10
0
  20
0
  30
0
  0
VERTEX
  5
216
  8
Layer_8
  10
574.14496
  20
-48.961193
  0
VERTEX
  5
217
  8
Layer_8
  10
573.59192
  20
-48.961193
  0
SEQEND
  0
POLYLINE
  5
219
  8
Layer_8
  62
254
  66
1
  10
0
  20
0
  30
0
  0
VERTEX
  5
219
  8
Layer_8
  10
573.31543
  20
-48.961193
  0
VERTEX
  5
21a
  8
Layer_8
  10
572.76239
  20
-48.961193
  0
SEQEND
  0
POLYLINE
  5
21c
  8
Layer_8
  62
254
  66
1
  10
0
  20
0
  30
0
  0
VERTEX
  5
21c
  8
Layer_8
  10
572.48584
  20
-48.961193
  0
VERTEX
  5
21d
  8
Layer_8
  10
571.93286
  20
-48.961193
  0
SEQEND
  0
POLYLINE
  5
21f
  8
Layer_8
  62
254
  66
1
  10
0
  20
0
  30
0
  0
VERTEX
  5
21f
  8
Layer_8
  10
571.65631
  20
-48.961193
  0
VERTEX
  5
220
  8
Layer_8
  10
571.10327
  20
-48.961193
  0
SEQEND
  0
POLYLINE
  5
222
  8
Layer_8
  62
254
  66
1
  10
0
  20
0
  30
0
  0
VERTEX
  5
222
  8
Layer_8
  10
570.82678
  20
-48.961193
  0
VERTEX
  5
223
  8
Layer_8
  10
570.27374
  20
-48.961193
  0
SEQEND
  0
POLYLINE
  5
225
  8
Layer_8
  62
254
  66
1
  10
0
  20
0
  30
0
  0
VERTEX
  5
225
  8
Layer_8
  10
569.99725
  20
-48.961193
  0
VERTEX
  5
226
  8
Layer_8
  10
569.44421
  20
-48.961193
  0
SEQEND
  0
POLYLINE
  5
228
  8
Layer_8
  62
254
  66
1
  10
0
  20
0
  30
0
  0
VERTEX
  5
228
  8
Layer_8
  10
569.16772
  20
-48.961193
  0
VERTEX
  5
229
  8
Layer_8
  10
568.61469
  20
-48.961193
  0
SEQEND
  0
POLYLINE
  5
22b
  8
Layer_8
  62
254
  66
1
  10
0
  20
0
  30
0
  0
VERTEX
  5
22b
  8
Layer_8
  10
568.33813
  20
-48.961193
  0
VERTEX
  5
22c
  8
Layer_8
  10
567.78516
  20
-48.961193
  0
SEQEND
  0
POLYLINE
  5
22e
  8
Layer_8
  62
254
  66
1
  10
0
  20
0
  30
0
  0
VERTEX
  5
22e
  8
Layer_8
  10
567.50861
  20
-48.961193
  0
VERTEX
  5
22f
  8
Layer_8
  10
566.95557
  20
-48.961193
  0
SEQEND
  0
POLYLINE
  5
231
  8
Layer_8
  62
254
  66
1
  10
0
  20
0
  30
0
  0
VERTEX
  5
231
  8
Layer_8
  10
566.67908
  20
-48.961193
  0
VERTEX
  5
232
  8
Layer_8
  10
566.12604
  20
-48.961193
  0
SEQEND
  0
POLYLINE
  5
234
  8
Layer_8
  62
254
  66
1
  10
0
  20
0
  30
0
  0
VERTEX
  5
234
  8
Layer_8
  10
565.84955
  20
-48.961193
  0
VERTEX
  5
235
  8
Layer_8
  10
565.29651
  20
-48.961193
  0
SEQEND
  0
POLYLINE
  5
237
  8
Layer_8
  62
254
  66
1
  10
0
  20
0
  30
0
  0
VERTEX
  5
237
  8
Layer_8
  10
565.02002
  20
-48.961193
  0
VERTEX
  5
238
  8
Layer_8
  10
564.46698
  20
-48.961193
  0
SEQEND
  0
POLYLINE
  5
23a
  8
Layer_8
  62
254
  66
1
  10
0
  20
0
  30
0
  0
VERTEX
  5
23a
  8
Layer_8
  10
564.19043
  20
-48.961193
  0
VERTEX
  5
23b
  8
Layer_8
  10
563.63739
  20
-48.961193
  0
SEQEND
  0
POLYLINE
  5
23d
  8
Layer_8
  62
254
  66
1
  10
0
  20
0
  30
0
  0
VERTEX
  5
23d
  8
Layer_8
  10
563.3609
  20
-48.961193
  0
VERTEX
  5
23e
  8
Layer_8
  10
562.80786
  20
-48.961193
  0
SEQEND
  0
POLYLINE
  5
240
  8
Layer_8
  62
254
  66
1
  10
0
  20
0
  30
0
  0
VERTEX
  5
240
  8
Layer_8
  10
562.53137
  20
-48.961193
  0
VERTEX
  5
241
  8
Layer_8
  10
561.97833
  20
-48.961193
  0
SEQEND
  0
POLYLINE
  5
243
  8
Layer_8
  62
254
  66
1
  10
0
  20
0
  30
0
  0
VERTEX
  5
243
  8
Layer_8
  10
561.70184
  20
-48.961193
  0
VERTEX
  5
244
  8
Layer_8
  10
561.1488
  20
-48.961193
  0
SEQEND
  0
POLYLINE
  5
246
  8
Layer_8
  62
254
  66
1
  10
0
  20
0
  30
0
  0
VERTEX
  5
246
  8
Layer_8
  10
560.87225
  20
-48.961193
  0
VERTEX
  5
247
  8
Layer_8
  10
560.31927
  20
-48.961193
  0
SEQEND
  0
POLYLINE
  5
249
  8
Layer_8
  62
254
  66
1
  10
0
  20
0
  30
0
  0
VERTEX
  5
249
  8
Layer_8
  10
560.04272
  20
-48.961193
  0
VERTEX
  5
24a
  8
Layer_8
  10
559.48969
  20
-48.961193
  0
SEQEND
  0
POLYLINE
  5
24c
  8
Layer_8
  62
254
  66
1
  10
0
  20
0
  30
0
  0
VERTEX
  5
24c
  8
Layer_8
  10
559.2132
  20
-48.961193
  0
VERTEX
  5
24d
  8
Layer_8
  10
558.66016
  20
-48.961193
  0
SEQEND
  0
POLYLINE
  5
24f
  8
Layer_8
  62
254
  66
1
  10
0
  20
0
  30
0
  0
VERTEX
  5
24f
  8
Layer_8
  10
558.38367
  20
-48.961193
  0
VERTEX
  5
250
  8
Layer_8
  10
557.83063
  20
-48.961193
  0
SEQEND
  0
POLYLINE
  5
252
  8
Layer_8
  62
254
  66
1
  10
0
  20
0
  30
0
  0
VERTEX
  5
252
  8
Layer_8
  10
557.55408
  20
-48.961193
  0
VERTEX
  5
253
  8
Layer_8
  10
557.0011
  20
-48.961193
  0
SEQEND
  0
POLYLINE
  5
255
  8
Layer_8
  62
254
  66
1
  10
0
  20
0
  30
0
  0
VERTEX
  5
255
  8
Layer_8
  10
556.72455
  20
-48.961193
  0
VERTEX
  5
256
  8
Layer_8
  10
556.17151
  20
-48.961193
  0
SEQEND
  0
POLYLINE
  5
258
  8
Layer_8
  62
254
  66
1
  10
0
  20
0
  30
0
  0
VERTEX
  5
258
  8
Layer_8
  10
555.89502
  20
-48.961193
  0
VERTEX
  5
259
  8
Layer_8
  10
555.34198
  20
-48.961193
  0
SEQEND
  0
POLYLINE
  5
25b
  8
Layer_8
  62
254
  66
1
  10
0
  20
0
  30
0
  0
VERTEX
  5
25b
  8
Layer_8
  10
555.06549
  20
-48.961193
  0
VERTEX
  5
25c
  8
Layer_8
  10
554.51245
  20
-48.961193
  0
SEQEND
  0
POLYLINE
  5
25e
  8
Layer_8
  62
254
  66
1
  10
0
  20
0
  30
0
  0
VERTEX
  5
25e
  8
Layer_8
  10
554.23596
  20
-48.961193
  0
VERTEX
  5
25f
  8
Layer_8
  10
553.68292
  20
-48.961193
  0
SEQEND
  0
POLYLINE
  5
261
  8
Layer_8
  62
254
  66
1
  10
0
  20
0
  30
0
  0
VERTEX
  5
261
  8
Layer_8
  10
553.40637
  20
-48.961193
  0
VERTEX
  5
262
  8
Layer_8
  10
552.85339
  20
-48.961193
  0
SEQEND
  0
POLYLINE
  5
264
  8
Layer_8
  62
254
  66
1
  10
0
  20
0
  30
0
  0
VERTEX
  5
264
  8
Layer_8
  10
552.57684
  20
-48.961193
  0
VERTEX
  5
265
  8
Layer_8
  10
552.0238
  20
-48.961193
  0
SEQEND
  0
POLYLINE
  5
267
  8
Layer_8
  62
254
  66
1
  10
0
  20
0
  30
0
  0
VERTEX
  5
267
  8
Layer_8
  10
551.74731
  20
-48.961193
  0
VERTEX
  5
268
  8
Layer_8
  10
551.19427
  20
-48.961193
  0
SEQEND
  0
POLYLINE
  5
26a
  8
Layer_8
  62
254
  66
1
  10
0
  20
0
  30
0
  0
VERTEX
  5
26a
  8
Layer_8
  10
550.91779
  20
-48.961193
  0
VERTEX
  5
26b
  8
Layer_8
  10
550.36475
  20
-48.961193
  0
SEQEND
  0
POLYLINE
  5
26d
  8
Layer_8
  62
254
  66
1
  10
0
  20
0
  30
0
  0
VERTEX
  5
26d
  8
Layer_8
  10
550.08826
  20
-48.961193
  0
VERTEX
  5
26e
  8
Layer_8
  10
549.53522
  20
-48.961193
  0
SEQEND
  0
POLYLINE
  5
270
  8
Layer_8
  62
254
  66
1
  10
0
  20
0
  30
0
  0
VERTEX
  5
270
  8
Layer_8
  10
549.25867
  20
-48.961193
  0
VERTEX
  5
271
  8
Layer_8
  10
548.70569
  20
-48.961193
  0
SEQEND
  0
POLYLINE
  5
273
  8
Layer_8
  62
254
  66
1
  10
0
  20
0
  30
0
  0
VERTEX
  5
273
  8
Layer_8
  10
548.42914
  20
-48.961193
  0
VERTEX
  5
274
  8
Layer_8
  10
547.8761
  20
-48.961193
  0
SEQEND
  0
POLYLINE
  5
276
  8
Layer_8
  62
254
  66
1
  10
0
  20
0
  30
0
  0
VERTEX
  5
276
  8
Layer_8
  10
547.59961
  20
-48.961193
  0
VERTEX
  5
277
  8
Layer_8
  10
547.04657
  20
-48.961193
  0
SEQEND
  0
POLYLINE
  5
279
  8
Layer_8
  62
254
  66
1
  10
0
  20
0
  30
0
  0
VERTEX
  5
279
  8
Layer_8
  10
546.77008
  20
-48.961193
  0
VERTEX
  5
27a
  8
Layer_8
  10
546.21704
  20
-48.961193
  0
SEQEND
  0
POLYLINE
  5
27c
  8
Layer_8
  62
254
  66
1
  10
0
  20
0
  30
0
  0
VERTEX
  5
27c
  8
Layer_8
  10
545.94049
  20
-48.961193
  0
VERTEX
  5
27d
  8
Layer_8
  10
545.38751
  20
-48.961193
  0
SEQEND
  0
POLYLINE
  5
27f
  8
Layer_8
  62
254
  66
1
  10
0
  20
0
  30
0
  0
VERTEX
  5
27f
  8
Layer_8
  10
545.11096
  20
-48.961193
  0
VERTEX
  5
280
  8
Layer_8
  10
544.55792
  20
-48.961193
  0
SEQEND
  0
POLYLINE
  5
282
  8
Layer_8
  62
254
  66
1
  10
0
  20
0
  30
0
  0
VERTEX
  5
282
  8
Layer_8
  10
544.28143
  20
-48.961193
  0
VERTEX
  5
283
  8
Layer_8
  10
543.72839
  20
-48.961193
  0
SEQEND
  0
POLYLINE
  5
285
  8
Layer_8
  62
254
  66
1
  10
0
  20
0
  30
0
  0
VERTEX
  5
285
  8
Layer_8
  10
543.4519
  20
-48.961193
  0
VERTEX
  5
286
  8
Layer_8
  10
542.89886
  20
-48.961193
  0
SEQEND
  0
POLYLINE
  5
288
  8
Layer_8
  62
254
  66
1
  10
0
  20
0
  30
0
  0
VERTEX
  5
288
  8
Layer_8
  10
542.62238
  20
-48.961193
  0
VERTEX
  5
289
  8
Layer_8
  10
542.06934
  20
-48.961193
  0
SEQEND
  0
POLYLINE
  5
28b
  8
Layer_8
  62
254
  66
1
  10
0
  20
0
  30
0
  0
VERTEX
  5
28b
  8
Layer_8
  10
541.79279
  20
-48.961193
  0
VERTEX
  5
28c
  8
Layer_8
  10
541.23975
  20
-48.961193
  0
SEQEND
  0
POLYLINE
  5
28e
  8
Layer_8
  62
254
  66
1
  10
0
  20
0
  30
0
  0
VERTEX
  5
28e
  8
Layer_8
  10
540.96326
  20
-48.961193
  0
VERTEX
  5
28f
  8
Layer_8
  10
540.41022
  20
-48.961193
  0
SEQEND
  0
POLYLINE
  5
291
  8
Layer_8
  62
254
  66
1
  10
0
  20
0
  30
0
  0
VERTEX
  5
291
  8
Layer_8
  10
540.13373
  20
-48.961193
  0
VERTEX
  5
292
  8
Layer_8
  10
539.58069
  20
-48.961193
  0
SEQEND
  0
POLYLINE
  5
294
  8
Layer_8
  62
254
  66
1
  10
0
  20
0
  30
0
  0
VERTEX
  5
294
  8
Layer_8
  10
539.3042
  20
-48.961193
  0
VERTEX
  5
295
  8
Layer_8
  10
538.75116
  20
-48.961193
  0
SEQEND
  0
POLYLINE
  5
297
  8
Layer_8
  62
254
  66
1
  10
0
  20
0
  30
0
  0
VERTEX
  5
297
  8
Layer_8
  10
538.47461
  20
-48.961193
  0
VERTEX
  5
298
  8
Layer_8
  10
537.92163
  20
-48.961193
  0
SEQEND
  0
POLYLINE
  5
29a
  8
Layer_8
  62
254
  66
1
  10
0
  20
0
  30
0
  0
VERTEX
  5
29a
  8
Layer_8
  10
537.64508
  20
-48.961193
  0
VERTEX
  5
29b
  8
Layer_8
  10
537.09204
  20
-48.961193
  0
SEQEND
  0
POLYLINE
  5
29d
  8
Layer_8
  62
254
  66
1
  10
0
  20
0
  30
0
  0
VERTEX
  5
29d
  8
Layer_8
  10
536.81555
  20
-48.961193
  0
VERTEX
  5
29e
  8
Layer_8
  10
536.26251
  20
-48.961193
  0
SEQEND
  0
POLYLINE
  5
2a0
  8
Layer_8
  62
254
  66
1
  10
0
  20
0
  30
0
  0
VERTEX
  5
2a0
  8
Layer_8
  10
535.98602
  20
-48.961193
  0
VERTEX
  5
2a1
  8
Layer_8
  10
535.43298
  20
-48.961193
  0
SEQEND
  0
POLYLINE
  5
2a3
  8
Layer_8
  62
254
  66
1
  10
0
  20
0
  30
0
  0
VERTEX
  5
2a3
  8
Layer_8
  10
535.15649
  20
-48.961193
  0
VERTEX
  5
2a4
  8
Layer_8
  10
534.60345
  20
-48.961193
  0
SEQEND
  0
POLYLINE
  5
2a6
  8
Layer_8
  62
254
  66
1
  10
0
  20
0
  30
0
  0
VERTEX
  5
2a6
  8
Layer_8
  10
534.3269
  20
-48.961193
  0
VERTEX
  5
2a7
  8
Layer_8
  10
533.77393
  20
-48.961193
  0
SEQEND
  0
POLYLINE
  5
2a9
  8
Layer_8
  62
254
  66
1
  10
0
  20
0
  30
0
  0
VERTEX
  5
2a9
  8
Layer_8
  10
533.49738
  20
-48.961193
  0
VERTEX
  5
2aa
  8
Layer_8
  10
532.94434
  20
-48.961193
  0
SEQEND
  0
POLYLINE
  5
2ac
  8
Layer_8
  62
254
  66
1
  10
0
  20
0
  30
0
  0
VERTEX
  5
2ac
  8
Layer_8
  10
532.66785
  20
-48.961193
  0
VERTEX
  5
2ad
  8
Layer_8
  10
532.11481
  20
-48.961193
  0
SEQEND
  0
POLYLINE
  5
2af
  8
Layer_8
  62
254
  66
1
  10
0
  20
0
  30
0
  0
VERTEX
  5
2af
  8
Layer_8
  10
531.83832
  20
-48.961193
  0
VERTEX
  5
2b0
  8
Layer_8
  10
531.28528
  20
-48.961193
  0
SEQEND
  0
POLYLINE
  5
2b2
  8
Layer_8
  62
254
  66
1
  10
0
  20
0
  30
0
  0
VERTEX
  5
2b2
  8
Layer_8
  10
531.00873
  20
-48.961193
  0
VERTEX
  5
2b3
  8
Layer_8
  10
530.45575
  20
-48.961193
  0
SEQEND
  0
POLYLINE
  5
2b5
  8
Layer_8
  62
254
  66
1
  10
0
  20
0
  30
0
  0
VERTEX
  5
2b5
  8
Layer_8
  10
530.1792
  20
-48.961193
  0
VERTEX
  5
2b6
  8
Layer_8
  10
529.62616
  20
-48.961193
  0
SEQEND
  0
POLYLINE
  5
2b8
  8
Layer_8
  62
254
  66
1
  10
0
  20
0
  30
0
  0
VERTEX
  5
2b8
  8
Layer_8
  10
529.34967
  20
-48.961193
  0
VERTEX
  5
2b9
  8
Layer_8
  10
528.79663
  20
-48.961193
  0
SEQEND
  0
POLYLINE
  5
2bb
  8
Layer_8
  62
254
  66
1
  10
0
  20
0
  30
0
  0
VERTEX
  5
2bb
  8
Layer_8
  10
528.52014
  20
-48.961193
  0
VERTEX
  5
2bc
  8
Layer_8
  10
527.9671
  20
-48.961193
  0
SEQEND
  0
POLYLINE
  5
2be
  8
Layer_8
  62
254
  66
1
  10
0
  20
0
  30
0
  0
VERTEX
  5
2be
  8
Layer_8
  10
527.69061
  20
-48.961193
  0
VERTEX
  5
2bf
  8
Layer_8
  10
527.13757
  20
-48.961193
  0
SEQEND
  0
POLYLINE
  5
2c1
  8
Layer_8
  62
254
  66
1
  10
0
  20
0
  30
0
  0
VERTEX
  5
2c1
  8
Layer_8
  10
526.86102
  20
-48.961193
  0
VERTEX
  5
2c2
  8
Layer_8
  10
526.30798
  20
-48.961193
  0
SEQEND
  0
POLYLINE
  5
2c4
  8
Layer_8
  62
254
  66
1
  10
0
  20
0
  30
0
  0
VERTEX
  5
2c4
  8
Layer_8
  10
526.03149
  20
-48.961193
  0
VERTEX
  5
2c5
  8
Layer_8
  10
525.47845
  20
-48.961193
  0
SEQEND
  0
POLYLINE
  5
2c7
  8
Layer_8
  62
254
  66
1
  10
0
  20
0
  30
0
  0
VERTEX
  5
2c7
  8
Layer_8
  10
525.20197
  20
-48.961193
  0
VERTEX
  5
2c8
  8
Layer_8
  10
524.64893
  20
-48.961193
  0
SEQEND
  0
POLYLINE
  5
2ca
  8
Layer_8
  62
254
  66
1
  10
0
  20
0
  30
0
  0
VERTEX
  5
2ca
  8
Layer_8
  10
524.37244
  20
-48.961193
  0
VERTEX
  5
2cb
  8
Layer_8
  10
523.8194
  20
-48.961193
  0
SEQEND
  0
POLYLINE
  5
2cd
  8
Layer_8
  62
254
  66
1
  10
0
  20
0
  30
0
  0
VERTEX
  5
2cd
  8
Layer_8
  10
523.54285
  20
-48.961193
  0
VERTEX
  5
2ce
  8
Layer_8
  10
522.98987
  20
-48.961193
  0
SEQEND
  0
POLYLINE
  5
2d0
  8
Layer_8
  62
254
  66
1
  10
0
  20
0
  30
0
  0
VERTEX
  5
2d0
  8
Layer_8
  10
522.71332
  20
-48.961193
  0
VERTEX
  5
2d1
  8
Layer_8
  10
522.16028
  20
-48.961193
  0
SEQEND
  0
POLYLINE
  5
2d3
  8
Layer_8
  62
254
  66
1
  10
0
  20
0
  30
0
  0
VERTEX
  5
2d3
  8
Layer_8
  10
521.88379
  20
-48.961193
  0
VERTEX
  5
2d4
  8
Layer_8
  10
521.33075
  20
-48.961193
  0
SEQEND
  0
POLYLINE
  5
2d6
  8
Layer_8
  62
254
  66
1
  10
0
  20
0
  30
0
  0
VERTEX
  5
2d6
  8
Layer_8
  10
521.05426
  20
-48.961193
  0
VERTEX
  5
2d7
  8
Layer_8
  10
520.50122
  20
-48.961193
  0
SEQEND
  0
POLYLINE
  5
2d9
  8
Layer_8
  62
254
  66
1
  10
0
  20
0
  30
0
  0
VERTEX
  5
2d9
  8
Layer_8
  10
520.22473
  20
-48.961193
  0
VERTEX
  5
2da
  8
Layer_8
  10
519.67169
  20
-48.961193
  0
SEQEND
  0
POLYLINE
  5
2dc
  8
Layer_8
  62
254
  66
1
  10
0
  20
0
  30
0
  0
VERTEX
  5
2dc
  8
Layer_8
  10
519.39514
  20
-48.961193
  0
VERTEX
  5
2dd
  8
Layer_8
  10
518.84216
  20
-48.961193
  0
SEQEND
  0
POLYLINE
  5
2df
  8
Layer_8
  62
254
  66
1
  10
0
  20
0
  30
0
  0
VERTEX
  5
2df
  8
Layer_8
  10
518.56561
  20
-48.961193
  0
VERTEX
  5
2e0
  8
Layer_8
  10
518.01257
  20
-48.961193
  0
SEQEND
  0
POLYLINE
  5
2e2
  8
Layer_8
  62
254
  66
1
  10
0
  20
0
  30
0
  0
VERTEX
  5
2e2
  8
Layer_8
  10
517.73608
  20
-48.961193
  0
VERTEX
  5
2e3
  8
Layer_8
  10
517.18304
  20
-48.961193
  0
SEQEND
  0
POLYLINE
  5
2e5
  8
Layer_8
  62
254
  66
1
  10
0
  20
0
  30
0
  0
VERTEX
  5
2e5
  8
Layer_8
  10
516.90656
  20
-48.961193
  0
VERTEX
  5
2e6
  8
Layer_8
  10
516.35352
  20
-48.961193
  0
SEQEND
  0
POLYLINE
  5
2e8
  8
Layer_8
  62
254
  66
1
  10
0
  20
0
  30
0
  0
VERTEX
  5
2e8
  8
Layer_8
  10
516.07703
  20
-48.961193
  0
VERTEX
  5
2e9
  8
Layer_8
  10
515.52399
  20
-48.961193
  0
SEQEND
  0
POLYLINE
  5
2eb
  8
Layer_8
  62
254
  66
1
  10
0
  20
0
  30
0
  0
VERTEX
  5
2eb
  8
Layer_8
  10
515.24744
  20
-48.961193
  0
VERTEX
  5
2ec
  8
Layer_8
  10
514.6944
  20
-48.961193
  0
SEQEND
  0
POLYLINE
  5
2ee
  8
Layer_8
  62
254
  66
1
  10
0
  20
0
  30
0
  0
VERTEX
  5
2ee
  8
Layer_8
  10
514.41791
  20
-48.961193
  0
VERTEX
  5
2ef
  8
Layer_8
  10
513.86487
  20
-48.961193
  0
SEQEND
  0
POLYLINE
  5
2f1
  8
Layer_8
  62
254
  66
1
  10
0
  20
0
  30
0
  0
VERTEX
  5
2f1
  8
Layer_8
  10
513.58838
  20
-48.961193
  0
VERTEX
  5
2f2
  8
Layer_8
  10
513.03534
  20
-48.961193
  0
SEQEND
  0
POLYLINE
  5
2f4
  8
Layer_8
  62
254
  66
1
  10
0
  20
0
  30
0
  0
VERTEX
  5
2f4
  8
Layer_8
  10
513.03534
  20
-48.961193
  0
VERTEX
  5
2f5
  8
Layer_8
  10
512.4823
  20
-48.961193
  0
SEQEND
  0
POLYLINE
  5
2f7
  8
Layer_8
  62
254
  66
1
  10
0
  20
0
  30
0
  0
VERTEX
  5
2f7
  8
Layer_8
  10
512.20581
  20
-48.961193
  0
VERTEX
  5
2f8
  8
Layer_8
  10
511.65277
  20
-48.961193
  0
SEQEND
  0
POLYLINE
  5
2fa
  8
Layer_8
  62
254
  66
1
  10
0
  20
0
  30
0
  0
VERTEX
  5
2fa
  8
Layer_8
  10
511.37625
  20
-48.961193
  0
VERTEX
  5
2fb
  8
Layer_8
  10
510.82324
  20
-48.961193
  0
SEQEND
  0
POLYLINE
  5
2fd
  8
Layer_8
  62
254
  66
1
  10
0
  20
0
  30
0
  0
VERTEX
  5
2fd
  8
Layer_8
  10
510.54669
  20
-48.961193
  0
VERTEX
  5
2fe
  8
Layer_8
  10
509.99368
  20
-48.961193
  0
SEQEND
  0
POLYLINE
  5
300
  8
Layer_8
  62
254
  66
1
  10
0
  20
0
  30
0
  0
VERTEX
  5
300
  8
Layer_8
  10
509.71716
  20
-48.961193
  0
VERTEX
  5
301
  8
Layer_8
  10
509.16412
  20
-48.961193
  0
SEQEND
  0
POLYLINE
  5
303
  8
Layer_8
  62
254
  66
1
  10
0
  20
0
  30
0
  0
VERTEX
  5
303
  8
Layer_8
  10
508.88763
  20
-48.961193
  0
VERTEX
  5
304
  8
Layer_8
  10
508.33459
  20
-48.961193
  0
SEQEND
  0
POLYLINE
  5
306
  8
Layer_8
  62
254
  66
1
  10
0
  20
0
  30
0
  0
VERTEX
  5
306
  8
Layer_8
  10
508.05807
  20
-48.961193
  0
VERTEX
  5
307
  8
Layer_8
  10
507.50507
  20
-48.961193
  0
SEQEND
  0
POLYLINE
  5
309
  8
Layer_8
  62
254
  66
1
  10
0
  20
0
  30
0
  0
VERTEX
  5
309
  8
Layer_8
  10
507.22855
  20
-48.961193
  0
VERTEX
  5
30a
  8
Layer_8
  10
506.67551
  20
-48.961193
  0
SEQEND
  0
POLYLINE
  5
30c
  8
Layer_8
  62
254
  66
1
  10
0
  20
0
  30
0
  0
VERTEX
  5
30c
  8
Layer_8
  10
506.39899
  20
-48.961193
  0
VERTEX
  5
30d
  8
Layer_8
  10
505.84598
  20
-48.961193
  0
SEQEND
  0
POLYLINE
  5
30f
  8
Layer_8
  62
254
  66
1
  10
0
  20
0
  30
0
  0
VERTEX
  5
30f
  8
Layer_8
  10
505.56946
  20
-48.961193
  0
VERTEX
  5
310
  8
Layer_8
  10
505.01642
  20
-48.961193
  0
SEQEND
  0
POLYLINE
  5
312
  8
Layer_8
  62
254
  66
1
  10
0
  20
0
  30
0
  0
VERTEX
  5
312
  8
Layer_8
  10
504.73993
  20
-48.961193
  0
VERTEX
  5
313
  8
Layer_8
  10
504.18689
  20
-48.961193
  0
SEQEND
  0
POLYLINE
  5
315
  8
Layer_8
  62
254
  66
1
  10
0
  20
0
  30
0
  0
VERTEX
  5
315
  8
Layer_8
  10
503.91037
  20
-48.961193
  0
VERTEX
  5
316
  8
Layer_8
  10
503.35736
  20
-48.961193
  0
SEQEND
  0
POLYLINE
  5
318
  8
Layer_8
  62
254
  66
1
  10
0
  20
0
  30
0
  0
VERTEX
  5
318
  8
Layer_8
  10
503.08084
  20
-48.961193
  0
VERTEX
  5
319
  8
Layer_8
  10
502.5278
  20
-48.961193
  0
SEQEND
  0
POLYLINE
  5
31b
  8
Layer_8
  62
254
  66
1
  10
0
  20
0
  30
0
  0
VERTEX
  5
31b
  8
Layer_8
  10
502.25128
  20
-48.961193
  0
VERTEX
  5
31c
  8
Layer_8
  10
501.69824
  20
-48.961193
  0
SEQEND
  0
POLYLINE
  5
31e
  8
Layer_8
  62
254
  66
1
  10
0
  20
0
  30
0
  0
VERTEX
  5
31e
  8
Layer_8
  10
501.42175
  20
-48.961193
  0
VERTEX
  5
31f
  8
Layer_8
  10
500.86871
  20
-48.961193
  0
SEQEND
  0
POLYLINE
  5
321
  8
Layer_8
  62
254
  66
1
  10
0
  20
0
  30
0
  0
VERTEX
  5
321
  8
Layer_8
  10
500.59219
  20
-48.961193
  0
VERTEX
  5
322
  8
Layer_8
  10
500.03918
  20
-48.961193
  0
SEQEND
  0
POLYLINE
  5
324
  8
Layer_8
  62
254
  66
1
  10
0
  20
0
  30
0
  0
VERTEX
  5
324
  8
Layer_8
  10
499.76266
  20
-48.961193
  0
VERTEX
  5
325
  8
Layer_8
  10
499.20963
  20
-48.961193
  0
SEQEND
  0
POLYLINE
  5
327
  8
Layer_8
  62
254
  66
1
  10
0
  20
0
  30
0
  0
VERTEX
  5
327
  8
Layer_8
  10
498.93311
  20
-48.961193
  0
VERTEX
  5
328
  8
Layer_8
  10
498.3801
  20
-48.961193
  0
SEQEND
  0
POLYLINE
  5
32a
  8
Layer_8
  62
254
  66
1
  10
0
  20
0
  30
0
  0
VERTEX
  5
32a
  8
Layer_8
  10
498.10358
  20
-48.961193
  0
VERTEX
  5
32b
  8
Layer_8
  10
497.55054
  20
-48.961193
  0
SEQEND
  0
POLYLINE
  5
32d
  8
Layer_8
  62
254
  66
1
  10
0
  20
0
  30
0
  0
VERTEX
  5
32d
  8
Layer_8
  10
497.27405
  20
-48.961193
  0
VERTEX
  5
32e
  8
Layer_8
  10
496.72101
  20
-48.961193
  0
SEQEND
  0
POLYLINE
  5
330
  8
Layer_8
  62
254
  66
1
  10
0
  20
0
  30
0
  0
VERTEX
  5
330
  8
Layer_8
  10
496.44449
  20
-48.961193
  0
VERTEX
  5
331
  8
Layer_8
  10
495.89148
  20
-48.961193
  0
SEQEND
  0
POLYLINE
  5
333
  8
Layer_8
  62
254
  66
1
  10
0
  20
0
  30
0
  0
VERTEX
  5
333
  8
Layer_8
  10
495.61496
  20
-48.961193
  0
VERTEX
  5
334
  8
Layer_8
  10
495.06192
  20
-48.961193
  0
SEQEND
  0
POLYLINE
  5
336
  8
Layer_8
  62
254
  66
1
  10
0
  20
0
  30
0
  0
VERTEX
  5
336
  8
Layer_8
  10
494.7854
  20
-48.961193
  0
VERTEX
  5
337
  8
Layer_8
  10
494.23236
  20
-48.961193
  0
SEQEND
  0
POLYLINE
  5
339
  8
Layer_8
  62
254
  66
1
  10
0
  20
0
  30
0
  0
VERTEX
  5
339
  8
Layer_8
  10
493.95587
  20
-48.961193
  0
VERTEX
  5
33a
  8
Layer_8
  10
493.40283
  20
-48.961193
  0
SEQEND
  0
POLYLINE
  5
33c
  8
Layer_8
  62
254
  66
1
  10
0
  20
0
  30
0
  0
VERTEX
  5
33c
  8
Layer_8
  10
493.12631
  20
-48.961193
  0
VERTEX
  5
33d
  8
Layer_8
  10
493.11914
  20
-48.961193
  0
SEQEND
  0
POLYLINE
  5
33f
  8
Layer_8
  62
254
  66
1
  10
0
  20
0
  30
0
  0
VERTEX
  5
33f
  8
Layer_8
  10
493.11914
  20
-48.961193
  0
VERTEX
  5
340
  8
Layer_8
  10
493.11914
  20
-87.005585
  0
SEQEND
  0
POLYLINE
  5
342
  8
Layer_8
  62
254
  66
1
  10
0
  20
0
  30
0
  0
VERTEX
  5
342
  8
Layer_8
  10
493.11914
  20
-87.005585
  42
0.41421356
  0
VERTEX
  5
343
  8
Layer_8
  10
498.64941
  20
-92.535858
  0
SEQEND
  0
POLYLINE
  5
345
  8
Layer_8
  62
254
  66
1
  10
0
  20
0
  30
0
  0
VERTEX
  5
345
  8
Layer_8
  10
498.64941
  20
-92.535858
  0
VERTEX
  5
346
  8
Layer_8
  10
507.50507
  20
-92.535858
  0
SEQEND
  0
POLYLINE
  5
348
  8
Layer_8
  62
254
  66
1
  10
0
  20
0
  30
0
  0
VERTEX
  5
348
  8
Layer_8
  10
507.50507
  20
-92.535858
  42
0.41421356
  0
VERTEX
  5
349
  8
Layer_8
  10
513.03534
  20
-87.005585
  0
SEQEND
  0
POLYLINE
  5
34b
  8
Layer_8
  62
254
  66
1
  10
0
  20
0
  30
0
  0
VERTEX
  5
34b
  8
Layer_8
  10
513.03534
  20
-87.005585
  0
VERTEX
  5
34c
  8
Layer_8
  10
513.03534
  20
-48.961193
  0
SEQEND
  0
POLYLINE
  5
34e
  8
Layer_8
  62
254
  66
1
  10
0
  20
0
  30
0
  0
VERTEX
  5
34e
  8
Layer_8
  10
513.03534
  20
-48.961193
  0
VERTEX
  5
34f
  8
Layer_8
  10
513.03534
  20
-48.408165
  0
SEQEND
  0
POLYLINE
  5
351
  8
Layer_8
  62
254
  66
1
  10
0
  20
0
  30
0
  0
VERTEX
  5
351
  8
Layer_8
  10
513.03534
  20
-48.131649
  0
VERTEX
  5
352
  8
Layer_8
  10
513.03534
  20
-47.578621
  0
SEQEND
  0
POLYLINE
  5
354
  8
Layer_8
  62
254
  66
1
  10
0
  20
0
  30
0
  0
VERTEX
  5
354
  8
Layer_8
  10
513.03534
  20
-47.302109
  0
VERTEX
  5
355
  8
Layer_8
  10
513.03534
  20
-46.749081
  0
SEQEND
  0
POLYLINE
  5
357
  8
Layer_8
  62
254
  66
1
  10
0
  20
0
  30
0
  0
VERTEX
  5
357
  8
Layer_8
  10
513.03534
  20
-46.472565
  0
VERTEX
  5
358
  8
Layer_8
  10
513.03534
  20
-45.919537
  0
SEQEND
  0
POLYLINE
  5
35a
  8
Layer_8
  62
254
  66
1
  10
0
  20
0
  30
0
  0
VERTEX
  5
35a
  8
Layer_8
  10
513.03534
  20
-45.643021
  0
VERTEX
  5
35b
  8
Layer_8
  10
513.03534
  20
-45.089996
  0
SEQEND
  0
POLYLINE
  5
35d
  8
Layer_8
  62
254
  66
1
  10
0
  20
0
  30
0
  0
VERTEX
  5
35d
  8
Layer_8
  10
513.03534
  20
-44.81348
  0
VERTEX
  5
35e
  8
Layer_8
  10
513.03534
  20
-44.260452
  0
SEQEND
  0
POLYLINE
  5
360
  8
Layer_8
  62
254
  66
1
  10
0
  20
0
  30
0
  0
VERTEX
  5
360
  8
Layer_8
  10
513.03534
  20
-43.983936
  0
VERTEX
  5
361
  8
Layer_8
  10
513.03534
  20
-43.430908
  0
SEQEND
  0
POLYLINE
  5
363
  8
Layer_8
  62
254
  66
1
  10
0
  20
0
  30
0
  0
VERTEX
  5
363
  8
Layer_8
  10
513.03534
  20
-43.154396
  0
VERTEX
  5
364
  8
Layer_8
  10
513.03534
  20
-42.601368
  0
SEQEND
  0
POLYLINE
  5
366
  8
Layer_8
  62
254
  66
1
  10
0
  20
0
  30
0
  0
VERTEX
  5
366
  8
Layer_8
  10
513.03534
  20
-42.324852
  0
VERTEX
  5
367
  8
Layer_8
  10
513.03534
  20
-41.771824
  0
SEQEND
  0
POLYLINE
  5
369
  8
Layer_8
  62
254
  66
1
  10
0
  20
0
  30
0
  0
VERTEX
  5
369
  8
Layer_8
  10
513.03534
  20
-41.495312
  0
VERTEX
  5
36a
  8
Layer_8
  10
513.03534
  20
-40.942284
  0
SEQEND
  0
POLYLINE
  5
36c
  8
Layer_8
  62
254
  66
1
  10
0
  20
0
  30
0
  0
VERTEX
  5
36c
  8
Layer_8
  10
513.03534
  20
-40.665768
  0
VERTEX
  5
36d
  8
Layer_8
  10
513.03534
  20
-40.11274
  0
SEQEND
  0
POLYLINE
  5
36f
  8
Layer_8
  62
254
  66
1
  10
0
  20
0
  30
0
  0
VERTEX
  5
36f
  8
Layer_8
  10
513.03534
  20
-39.836227
  0
VERTEX
  5
370
  8
Layer_8
  10
513.03534
  20
-39.396343
  0
SEQEND
  0
POLYLINE
  5
372
  8
Layer_8
  62
254
  66
1
  10
0
  20
0
  30
0
  0
VERTEX
  5
372
  8
Layer_8
  10
513.03534
  20
-39.396343
  0
VERTEX
  5
373
  8
Layer_8
  10
513.03516
  20
-39.336246
  0
SEQEND
  0
POLYLINE
  5
375
  8
Layer_8
  62
254
  66
1
  10
0
  20
0
  30
0
  0
VERTEX
  5
375
  8
Layer_8
  10
513.0343
  20
-39.059734
  0
VERTEX
  5
376
  8
Layer_8
  10
513.03253
  20
-38.506706
  0
SEQEND
  0
POLYLINE
  5
378
  8
Layer_8
  62
254
  66
1
  10
0
  20
0
  30
0
  0
VERTEX
  5
378
  8
Layer_8
  10
513.03162
  20
-38.230194
  0
VERTEX
  5
379
  8
Layer_8
  10
513.02991
  20
-37.67717
  0
SEQEND
  0
POLYLINE
  5
37b
  8
Layer_8
  62
254
  66
1
  10
0
  20
0
  30
0
  0
VERTEX
  5
37b
  8
Layer_8
  10
513.02905
  20
-37.400658
  0
VERTEX
  5
37c
  8
Layer_8
  10
513.02728
  20
-36.847633
  0
SEQEND
  0
POLYLINE
  5
37e
  8
Layer_8
  62
254
  66
1
  10
0
  20
0
  30
0
  0
VERTEX
  5
37e
  8
Layer_8
  10
513.02637
  20
-36.571117
  0
VERTEX
  5
37f
  8
Layer_8
  10
513.02466
  20
-36.018093
  0
SEQEND
  0
POLYLINE
  5
381
  8
Layer_8
  62
254
  66
1
  10
0
  20
0
  30
0
  0
VERTEX
  5
381
  8
Layer_8
  10
513.0238
  20
-35.741581
  0
VERTEX
  5
382
  8
Layer_8
  10
513.02203
  20
-35.188557
  0
SEQEND
  0
POLYLINE
  5
384
  8
Layer_8
  62
254
  66
1
  10
0
  20
0
  30
0
  0
VERTEX
  5
384
  8
Layer_8
  10
513.02118
  20
-34.912041
  0
VERTEX
  5
385
  8
Layer_8
  10
513.01941
  20
-34.359016
  0
SEQEND
  0
POLYLINE
  5
387
  8
Layer_8
  62
254
  66
1
  10
0
  20
0
  30
0
  0
VERTEX
  5
387
  8
Layer_8
  10
513.01855
  20
-34.082504
  0
VERTEX
  5
388
  8
Layer_8
  10
513.01678
  20
-33.52948
  0
SEQEND
  0
POLYLINE
  5
38a
  8
Layer_8
  62
254
  66
1
  10
0
  20
0
  30
0
  0
VERTEX
  5
38a
  8
Layer_8
  10
513.01593
  20
-33.252968
  0
VERTEX
  5
38b
  8
Layer_8
  10
513.01416
  20
-32.69994
  0
SEQEND
  0
POLYLINE
  5
38d
  8
Layer_8
  62
254
  66
1
  10
0
  20
0
  30
0
  0
VERTEX
  5
38d
  8
Layer_8
  10
513.01331
  20
-32.423428
  0
VERTEX
  5
38e
  8
Layer_8
  10
513.01154
  20
-31.870403
  0
SEQEND
  0
POLYLINE
  5
390
  8
Layer_8
  62
254
  66
1
  10
0
  20
0
  30
0
  0
VERTEX
  5
390
  8
Layer_8
  10
513.01068
  20
-31.593891
  0
VERTEX
  5
391
  8
Layer_8
  10
513.00891
  20
-31.040865
  0
SEQEND
  0
POLYLINE
  5
393
  8
Layer_8
  62
254
  66
1
  10
0
  20
0
  30
0
  0
VERTEX
  5
393
  8
Layer_8
  10
513.00806
  20
-30.764351
  0
VERTEX
  5
394
  8
Layer_8
  10
513.00629
  20
-30.211327
  0
SEQEND
  0
POLYLINE
  5
396
  8
Layer_8
  62
254
  66
1
  10
0
  20
0
  30
0
  0
VERTEX
  5
396
  8
Layer_8
  10
513.00543
  20
-29.934814
  0
VERTEX
  5
397
  8
Layer_8
  10
513.00366
  20
-29.381788
  0
SEQEND
  0
POLYLINE
  5
399
  8
Layer_8
  62
254
  66
1
  10
0
  20
0
  30
0
  0
VERTEX
  5
399
  8
Layer_8
  10
513.00281
  20
-29.105274
  0
VERTEX
  5
39a
  8
Layer_8
  10
513.00104
  20
-28.55225
  0
SEQEND
  0
POLYLINE
  5
39c
  8
Layer_8
  62
254
  66
1
  10
0
  20
0
  30
0
  0
VERTEX
  5
39c
  8
Layer_8
  10
513.00104
  20
-28.55225
  0
VERTEX
  5
39d
  8
Layer_8
  10
512.92523
  20
-23.697599
  0
SEQEND
  0
POLYLINE
  5
39f
  8
Layer_8
  62
254
  66
1
  10
0
  20
0
  30
0
  0
VERTEX
  5
39f
  8
Layer_8
  10
512.92523
  20
-23.697599
  0
VERTEX
  5
3a0
  8
Layer_8
  10
512.92523
  20
9.8944588
  0
SEQEND
  0
POLYLINE
  5
3a2
  8
Layer_8
  62
254
  66
1
  10
0
  20
0
  30
0
  0
VERTEX
  5
3a2
  8
Layer_8
  10
512.92523
  20
9.8944588
  42
0.20094152
  0
VERTEX
  5
3a3
  8
Layer_8
  10
511.27484
  20
13.835361
  0
SEQEND
  0
POLYLINE
  5
3a5
  8
Layer_8
  62
254
  66
1
  10
0
  20
0
  30
0
  0
VERTEX
  5
3a5
  8
Layer_8
  10
511.27484
  20
13.835361
  42
0.20094076
  0
VERTEX
  5
3a6
  8
Layer_8
  10
507.30865
  20
15.424068
  0
SEQEND
  0
POLYLINE
  5
3a8
  8
Layer_8
  62
254
  66
1
  10
0
  20
0
  30
0
  0
VERTEX
  5
3a8
  8
Layer_8
  10
507.30865
  20
15.424068
  0
VERTEX
  5
3a9
  8
Layer_8
  10
507.74814
  20
15.430927
  0
SEQEND
  0
POLYLINE
  5
3ab
  8
Layer_8
  62
254
  66
1
  10
0
  20
0
  30
0
  0
VERTEX
  5
3ab
  8
Layer_8
  10
507.74814
  20
15.430927
  0
VERTEX
  5
3ac
  8
Layer_8
  10
498.51361
  20
15.286777
  0
SEQEND
  0
POLYLINE
  5
3ae
  8
Layer_8
  62
254
  66
1
  10
0
  20
0
  30
0
  0
VERTEX
  5
3ae
  8
Layer_8
  10
498.51361
  20
15.286777
  42
0.20864511
  0
VERTEX
  5
3af
  8
Layer_8
  10
494.27325
  20
12.926598
  0
SEQEND
  0
POLYLINE
  5
3b1
  8
Layer_8
  62
254
  66
1
  10
0
  20
0
  30
0
  0
VERTEX
  5
3b1
  8
Layer_8
  10
494.27325
  20
12.926598
  42
0.20864536
  0
VERTEX
  5
3b2
  8
Layer_8
  10
493.11911
  20
8.2128944
  0
SEQEND
  0
POLYLINE
  5
3b4
  8
Layer_8
  62
254
  66
1
  10
0
  20
0
  30
0
  0
VERTEX
  5
3b4
  8
Layer_8
  10
493.11911
  20
8.2128944
  0
VERTEX
  5
3b5
  8
Layer_8
  10
493.20624
  20
-28.672018
  0
SEQEND
  0
POLYLINE
  5
3b7
  8
Layer_8
  62
254
  66
1
  10
0
  20
0
  30
0
  0
VERTEX
  5
3b7
  8
Layer_8
  10
493.20624
  20
-28.672018
  0
VERTEX
  5
3b8
  8
Layer_8
  10
468.79095
  20
-28.728531
  0
SEQEND
  0
POLYLINE
  5
3ba
  8
Layer_8
  62
254
  66
1
  10
0
  20
0
  30
0
  0
VERTEX
  5
3ba
  8
Layer_8
  10
468.79095
  20
-28.728531
  42
0.36226772
  0
VERTEX
  5
3bb
  8
Layer_8
  10
464.00089
  20
-34.425137
  0
SEQEND
  0
POLYLINE
  5
3bd
  8
Layer_8
  62
254
  66
1
  10
0
  20
0
  30
0
  0
VERTEX
  5
3bd
  8
Layer_8
  10
464.00089
  20
-34.425137
  0
VERTEX
  5
3be
  8
Layer_8
  10
464.0416
  20
-39.396343
  0
SEQEND
  0
POLYLINE
  5
3c0
  8
Layer_8
  62
254
  66
1
  10
0
  20
0
  30
0
  0
VERTEX
  5
3c0
  8
Layer_8
  10
464.0416
  20
-39.396343
  0
VERTEX
  5
3c1
  8
Layer_8
  10
464.0416
  20
-43.430908
  0
SEQEND
  0
POLYLINE
  5
3c3
  8
Layer_8
  62
254
  66
1
  10
0
  20
0
  30
0
  0
VERTEX
  5
3c3
  8
Layer_8
  10
464.0416
  20
-43.430908
  42
0.41421356
  0
VERTEX
  5
3c4
  8
Layer_8
  10
469.57187
  20
-48.961193
  0
SEQEND
  0
POLYLINE
  5
3c6
  8
Layer_8
  62
254
  66
1
  10
0
  20
0
  30
0
  0
VERTEX
  5
3c6
  8
Layer_8
  10
469.57187
  20
-48.961193
  0
VERTEX
  5
3c7
  8
Layer_8
  10
493.11914
  20
-48.961193
  0
SEQEND
  0
POLYLINE
  5
3c9
  8
Layer_8
  62
254
  66
1
  10
0
  20
0
  30
0
  0
VERTEX
  5
3c9
  8
Layer_8
  10
539.90149
  20
-88.015076
  0
VERTEX
  5
3ca
  8
Layer_8
  10
539.90149
  20
-92.764893
  0
SEQEND
  0
POLYLINE
  5
3cc
  8
Layer_8
  62
254
  66
1
  10
0
  20
0
  30
0
  0
VERTEX
  5
3cc
  8
Layer_8
  10
539.90149
  20
-92.764893
  42
0.40604593
  0
VERTEX
  5
3cd
  8
Layer_8
  10
549.57764
  20
-102.7155
  0
SEQEND
  0
POLYLINE
  5
3cf
  8
Layer_8
  62
254
  66
1
  10
0
  20
0
  30
0
  0
VERTEX
  5
3cf
  8
Layer_8
  10
549.57764
  20
-102.7155
  42
0.40604593
  0
VERTEX
  5
3d0
  8
Layer_8
  10
559.25378
  20
-92.764893
  0
SEQEND
  0
POLYLINE
  5
3d2
  8
Layer_8
  62
254
  66
1
  10
0
  20
0
  30
0
  0
VERTEX
  5
3d2
  8
Layer_8
  10
559.25378
  20
-92.764893
  0
VERTEX
  5
3d3
  8
Layer_8
  10
559.25378
  20
-88.015076
  0
SEQEND
  0
POLYLINE
  5
3d5
  8
Layer_8
  62
254
  66
1
  10
0
  20
0
  30
0
  0
VERTEX
  5
3d5
  8
Layer_8
  10
576.08057
  20
-88.015076
  0
VERTEX
  5
3d6
  8
Layer_8
  10
576.08057
  20
-93.037544
  0
SEQEND
  0
POLYLINE
  5
3d8
  8
Layer_8
  62
254
  66
1
  10
0
  20
0
  30
0
  0
VERTEX
  5
3d8
  8
Layer_8
  10
576.08057
  20
-93.037544
  42
0.41421351
  0
VERTEX
  5
3d9
  8
Layer_8
  10
586.03503
  20
-102.99205
  0
SEQEND
  0
POLYLINE
  5
3db
  8
Layer_8
  62
254
  66
1
  10
0
  20
0
  30
0
  0
VERTEX
  5
3db
  8
Layer_8
  10
595.98981
  20
-88.015076
  0
VERTEX
  5
3dc
  8
Layer_8
  10
595.98975
  20
-91.333237
  0
SEQEND
  0
POLYLINE
  5
3de
  8
Layer_8
  62
254
  66
1
  10
0
  20
0
  30
0
  0
VERTEX
  5
3de
  8
Layer_8
  10
595.98975
  20
-91.333237
  0
VERTEX
  5
3df
  8
Layer_8
  10
595.98969
  20
-101.91418
  0
SEQEND
  0
POLYLINE
  5
3e1
  8
Layer_8
  62
254
  66
1
  10
0
  20
0
  30
0
  0
VERTEX
  5
3e1
  8
Layer_8
  10
595.98969
  20
-101.91418
  42
0.41421356
  0
VERTEX
  5
3e2
  8
Layer_8
  10
601.5199
  20
-107.4445
  0
SEQEND
  0
POLYLINE
  5
3e4
  8
Layer_8
  62
254
  66
1
  10
0
  20
0
  30
0
  0
VERTEX
  5
3e4
  8
Layer_8
  10
601.5199
  20
-107.4445
  0
VERTEX
  5
3e5
  8
Layer_8
  10
610.0929
  20
-107.44457
  0
SEQEND
  0
POLYLINE
  5
3e7
  8
Layer_8
  62
254
  66
1
  10
0
  20
0
  30
0
  0
VERTEX
  5
3e7
  8
Layer_8
  10
610.0929
  20
-107.44457
  0
VERTEX
  5
3e8
  8
Layer_8
  10
610.09283
  20
-118.05605
  0
SEQEND
  0
POLYLINE
  5
3ea
  8
Layer_8
  62
254
  66
1
  10
0
  20
0
  30
0
  0
VERTEX
  5
3ea
  8
Layer_8
  10
610.09283
  20
-118.05605
  0
VERTEX
  5
3eb
  8
Layer_8
  10
698.37988
  20
-118.05678
  0
SEQEND
  0
POLYLINE
  5
3ed
  8
Layer_8
  62
254
  66
1
  10
0
  20
0
  30
0
  0
VERTEX
  5
3ed
  8
Layer_8
  10
698.37988
  20
-118.05678
  0
VERTEX
  5
3ee
  8
Layer_8
  10
698.38037
  20
-58.786957
  0
SEQEND
  0
POLYLINE
  5
3f0
  8
Layer_8
  62
254
  66
1
  10
0
  20
0
  30
0
  0
VERTEX
  5
3f0
  8
Layer_8
  10
698.38037
  20
-58.786957
  0
VERTEX
  5
3f1
  8
Layer_8
  10
698.38037
  20
-58.233929
  0
SEQEND
  0
POLYLINE
  5
3f3
  8
Layer_8
  62
254
  66
1
  10
0
  20
0
  30
0
  0
VERTEX
  5
3f3
  8
Layer_8
  10
698.38037
  20
-57.957413
  0
VERTEX
  5
3f4
  8
Layer_8
  10
698.38037
  20
-57.404388
  0
SEQEND
  0
POLYLINE
  5
3f6
  8
Layer_8
  62
254
  66
1
  10
0
  20
0
  30
0
  0
VERTEX
  5
3f6
  8
Layer_8
  10
698.38037
  20
-57.127872
  0
VERTEX
  5
3f7
  8
Layer_8
  10
698.38037
  20
-56.574844
  0
SEQEND
  0
POLYLINE
  5
3f9
  8
Layer_8
  62
254
  66
1
  10
0
  20
0
  30
0
  0
VERTEX
  5
3f9
  8
Layer_8
  10
698.38037
  20
-56.298332
  0
VERTEX
  5
3fa
  8
Layer_8
  10
698.38037
  20
-55.7453
  0
SEQEND
  0
POLYLINE
  5
3fc
  8
Layer_8
  62
254
  66
1
  10
0
  20
0
  30
0
  0
VERTEX
  5
3fc
  8
Layer_8
  10
698.38037
  20
-55.468788
  0
VERTEX
  5
3fd
  8
Layer_8
  10
698.38037
  20
-54.91576
  0
SEQEND
  0
POLYLINE
  5
3ff
  8
Layer_8
  62
254
  66
1
  10
0
  20
0
  30
0
  0
VERTEX
  5
3ff
  8
Layer_8
  10
698.38037
  20
-54.639244
  0
VERTEX
  5
400
  8
Layer_8
  10
698.38037
  20
-54.08622
  0
SEQEND
  0
POLYLINE
  5
402
  8
Layer_8
  62
254
  66
1
  10
0
  20
0
  30
0
  0
VERTEX
  5
402
  8
Layer_8
  10
698.38037
  20
-53.809708
  0
VERTEX
  5
403
  8
Layer_8
  10
698.38037
  20
-53.256676
  0
SEQEND
  0
POLYLINE
  5
405
  8
Layer_8
  62
254
  66
1
  10
0
  20
0
  30
0
  0
VERTEX
  5
405
  8
Layer_8
  10
698.38037
  20
-52.980164
  0
VERTEX
  5
406
  8
Layer_8
  10
698.38037
  20
-52.427132
  0
SEQEND
  0
POLYLINE
  5
408
  8
Layer_8
  62
254
  66
1
  10
0
  20
0
  30
0
  0
VERTEX
  5
408
  8
Layer_8
  10
698.38037
  20
-52.15062
  0
VERTEX
  5
409
  8
Layer_8
  10
698.38037
  20
-51.597591
  0
SEQEND
  0
POLYLINE
  5
40b
  8
Layer_8
  62
254
  66
1
  10
0
  20
0
  30
0
  0
VERTEX
  5
40b
  8
Layer_8
  10
698.38037
  20
-51.321079
  0
VERTEX
  5
40c
  8
Layer_8
  10
698.38037
  20
-50.768051
  0
SEQEND
  0
POLYLINE
  5
40e
  8
Layer_8
  62
254
  66
1
  10
0
  20
0
  30
0
  0
VERTEX
  5
40e
  8
Layer_8
  10
698.38037
  20
-50.491535
  0
VERTEX
  5
40f
  8
Layer_8
  10
698.38037
  20
-49.938507
  0
SEQEND
  0
POLYLINE
  5
411
  8
Layer_8
  62
254
  66
1
  10
0
  20
0
  30
0
  0
VERTEX
  5
411
  8
Layer_8
  10
698.38037
  20
-49.661995
  0
VERTEX
  5
412
  8
Layer_8
  10
698.38037
  20
-49.108963
  0
SEQEND
  0
POLYLINE
  5
414
  8
Layer_8
  62
254
  66
1
  10
0
  20
0
  30
0
  0
VERTEX
  5
414
  8
Layer_8
  10
698.38037
  20
-48.832451
  0
VERTEX
  5
415
  8
Layer_8
  10
698.38037
  20
-48.279423
  0
SEQEND
  0
POLYLINE
  5
417
  8
Layer_8
  62
254
  66
1
  10
0
  20
0
  30
0
  0
VERTEX
  5
417
  8
Layer_8
  10
698.38037
  20
-48.002907
  0
VERTEX
  5
418
  8
Layer_8
  10
698.38037
  20
-47.449883
  0
SEQEND
  0
POLYLINE
  5
41a
  8
Layer_8
  62
254
  66
1
  10
0
  20
0
  30
0
  0
VERTEX
  5
41a
  8
Layer_8
  10
698.38037
  20
-47.173367
  0
VERTEX
  5
41b
  8
Layer_8
  10
698.38037
  20
-46.620338
  0
SEQEND
  0
POLYLINE
  5
41d
  8
Layer_8
  62
254
  66
1
  10
0
  20
0
  30
0
  0
VERTEX
  5
41d
  8
Layer_8
  10
698.38037
  20
-46.343822
  0
VERTEX
  5
41e
  8
Layer_8
  10
698.38037
  20
-45.790794
  0
SEQEND
  0
POLYLINE
  5
420
  8
Layer_8
  62
254
  66
1
  10
0
  20
0
  30
0
  0
VERTEX
  5
420
  8
Layer_8
  10
698.38037
  20
-45.514282
  0
VERTEX
  5
421
  8
Layer_8
  10
698.38037
  20
-44.961254
  0
SEQEND
  0
POLYLINE
  5
423
  8
Layer_8
  62
254
  66
1
  10
0
  20
0
  30
0
  0
VERTEX
  5
423
  8
Layer_8
  10
698.38037
  20
-44.684738
  0
VERTEX
  5
424
  8
Layer_8
  10
698.38037
  20
-44.13171
  0
SEQEND
  0
POLYLINE
  5
426
  8
Layer_8
  62
254
  66
1
  10
0
  20
0
  30
0
  0
VERTEX
  5
426
  8
Layer_8
  10
698.38037
  20
-43.855198
  0
VERTEX
  5
427
  8
Layer_8
  10
698.38037
  20
-43.30217
  0
SEQEND
  0
POLYLINE
  5
429
  8
Layer_8
  62
254
  66
1
  10
0
  20
0
  30
0
  0
VERTEX
  5
429
  8
Layer_8
  10
698.38037
  20
-43.025654
  0
VERTEX
  5
42a
  8
Layer_8
  10
698.38037
  20
-42.472626
  0
SEQEND
  0
POLYLINE
  5
42c
  8
Layer_8
  62
254
  66
1
  10
0
  20
0
  30
0
  0
VERTEX
  5
42c
  8
Layer_8
  10
698.38037
  20
-42.196114
  0
VERTEX
  5
42d
  8
Layer_8
  10
698.38037
  20
-41.643085
  0
SEQEND
  0
POLYLINE
  5
42f
  8
Layer_8
  62
254
  66
1
  10
0
  20
0
  30
0
  0
VERTEX
  5
42f
  8
Layer_8
  10
698.38037
  20
-41.36657
  0
VERTEX
  5
430
  8
Layer_8
  10
698.38037
  20
-40.813541
  0
SEQEND
  0
POLYLINE
  5
432
  8
Layer_8
  62
254
  66
1
  10
0
  20
0
  30
0
  0
VERTEX
  5
432
  8
Layer_8
  10
698.38037
  20
-40.537025
  0
VERTEX
  5
433
  8
Layer_8
  10
698.38037
  20
-39.983997
  0
SEQEND
  0
POLYLINE
  5
435
  8
Layer_8
  62
254
  66
1
  10
0
  20
0
  30
0
  0
VERTEX
  5
435
  8
Layer_8
  10
698.38037
  20
-39.707485
  0
VERTEX
  5
436
  8
Layer_8
  10
698.38037
  20
-39.396343
  0
SEQEND
  0
POLYLINE
  5
438
  8
Layer_8
  62
254
  66
1
  10
0
  20
0
  30
0
  0
VERTEX
  5
438
  8
Layer_8
  10
698.38037
  20
-39.396343
  0
VERTEX
  5
439
  8
Layer_8
  10
698.38336
  20
-39.197357
  0
SEQEND
  0
POLYLINE
  5
43b
  8
Layer_8
  62
254
  66
1
  10
0
  20
0
  30
0
  0
VERTEX
  5
43b
  8
Layer_8
  10
698.38757
  20
-38.920876
  0
VERTEX
  5
43c
  8
Layer_8
  10
698.396
  20
-38.367912
  0
SEQEND
  0
POLYLINE
  5
43e
  8
Layer_8
  62
254
  66
1
  10
0
  20
0
  30
0
  0
VERTEX
  5
43e
  8
Layer_8
  10
698.40021
  20
-38.091431
  0
VERTEX
  5
43f
  8
Layer_8
  10
698.40863
  20
-37.538467
  0
SEQEND
  0
POLYLINE
  5
441
  8
Layer_8
  62
254
  66
1
  10
0
  20
0
  30
0
  0
VERTEX
  5
441
  8
Layer_8
  10
698.41284
  20
-37.261982
  0
VERTEX
  5
442
  8
Layer_8
  10
698.42126
  20
-36.709019
  0
SEQEND
  0
POLYLINE
  5
444
  8
Layer_8
  62
254
  66
1
  10
0
  20
0
  30
0
  0
VERTEX
  5
444
  8
Layer_8
  10
698.42548
  20
-36.432537
  0
VERTEX
  5
445
  8
Layer_8
  10
698.4339
  20
-35.879574
  0
SEQEND
  0
POLYLINE
  5
447
  8
Layer_8
  62
254
  66
1
  10
0
  20
0
  30
0
  0
VERTEX
  5
447
  8
Layer_8
  10
698.43811
  20
-35.603092
  0
VERTEX
  5
448
  8
Layer_8
  10
698.44653
  20
-35.050129
  0
SEQEND
  0
POLYLINE
  5
44a
  8
Layer_8
  62
254
  66
1
  10
0
  20
0
  30
0
  0
VERTEX
  5
44a
  8
Layer_8
  10
698.45074
  20
-34.773643
  0
VERTEX
  5
44b
  8
Layer_8
  10
698.45917
  20
-34.22068
  0
SEQEND
  0
POLYLINE
  5
44d
  8
Layer_8
  62
254
  66
1
  10
0
  20
0
  30
0
  0
VERTEX
  5
44d
  8
Layer_8
  10
698.46338
  20
-33.944199
  0
VERTEX
  5
44e
  8
Layer_8
  10
698.4718
  20
-33.391235
  0
SEQEND
  0
POLYLINE
  5
450
  8
Layer_8
  62
254
  66
1
  10
0
  20
0
  30
0
  0
VERTEX
  5
450
  8
Layer_8
  10
698.47601
  20
-33.114754
  0
VERTEX
  5
451
  8
Layer_8
  10
698.48444
  20
-32.56179
  0
SEQEND
  0
POLYLINE
  5
453
  8
Layer_8
  62
254
  66
1
  10
0
  20
0
  30
0
  0
VERTEX
  5
453
  8
Layer_8
  10
698.48865
  20
-32.285305
  0
VERTEX
  5
454
  8
Layer_8
  10
698.49707
  20
-31.732342
  0
SEQEND
  0
POLYLINE
  5
456
  8
Layer_8
  62
254
  66
1
  10
0
  20
0
  30
0
  0
VERTEX
  5
456
  8
Layer_8
  10
698.50128
  20
-31.45586
  0
VERTEX
  5
457
  8
Layer_8
  10
698.5097
  20
-30.902897
  0
SEQEND
  0
POLYLINE
  5
459
  8
Layer_8
  62
254
  66
1
  10
0
  20
0
  30
0
  0
VERTEX
  5
459
  8
Layer_8
  10
698.51392
  20
-30.626413
  0
VERTEX
  5
45a
  8
Layer_8
  10
698.52234
  20
-30.07345
  0
SEQEND
  0
POLYLINE
  5
45c
  8
Layer_8
  62
254
  66
1
  10
0
  20
0
  30
0
  0
VERTEX
  5
45c
  8
Layer_8
  10
698.52649
  20
-29.796968
  0
VERTEX
  5
45d
  8
Layer_8
  10
698.53491
  20
-29.244003
  0
SEQEND
  0
POLYLINE
  5
45f
  8
Layer_8
  62
254
  66
1
  10
0
  20
0
  30
0
  0
VERTEX
  5
45f
  8
Layer_8
  10
698.53918
  20
-28.967522
  0
VERTEX
  5
460
  8
Layer_8
  10
698.54761
  20
-28.414558
  0
SEQEND
  0
POLYLINE
  5
462
  8
Layer_8
  62
254
  66
1
  10
0
  20
0
  30
0
  0
VERTEX
  5
462
  8
Layer_8
  10
698.55176
  20
-28.138075
  0
VERTEX
  5
463
  8
Layer_8
  10
698.56018
  20
-27.585112
  0
SEQEND
  0
POLYLINE
  5
465
  8
Layer_8
  62
254
  66
1
  10
0
  20
0
  30
0
  0
VERTEX
  5
465
  8
Layer_8
  10
698.56439
  20
-27.30863
  0
VERTEX
  5
466
  8
Layer_8
  10
698.57281
  20
-26.755665
  0
SEQEND
  0
POLYLINE
  5
468
  8
Layer_8
  62
254
  66
1
  10
0
  20
0
  30
0
  0
VERTEX
  5
468
  8
Layer_8
  10
698.57703
  20
-26.479183
  0
VERTEX
  5
469
  8
Layer_8
  10
698.58545
  20
-25.92622
  0
SEQEND
  0
POLYLINE
  5
46b
  8
Layer_8
  62
254
  66
1
  10
0
  20
0
  30
0
  0
VERTEX
  5
46b
  8
Layer_8
  10
698.58966
  20
-25.649738
  0
VERTEX
  5
46c
  8
Layer_8
  10
698.59808
  20
-25.096771
  0
SEQEND
  0
POLYLINE
  5
46e
  8
Layer_8
  62
254
  66
1
  10
0
  20
0
  30
0
  0
VERTEX
  5
46e
  8
Layer_8
  10
698.60229
  20
-24.82029
  0
VERTEX
  5
46f
  8
Layer_8
  10
698.61072
  20
-24.267326
  0
SEQEND
  0
POLYLINE
  5
471
  8
Layer_8
  62
254
  66
1
  10
0
  20
0
  30
0
  0
VERTEX
  5
471
  8
Layer_8
  10
698.61493
  20
-23.990845
  0
VERTEX
  5
472
  8
Layer_8
  10
698.62335
  20
-23.437881
  0
SEQEND
  0
POLYLINE
  5
474
  8
Layer_8
  62
254
  66
1
  10
0
  20
0
  30
0
  0
VERTEX
  5
474
  8
Layer_8
  10
698.62756
  20
-23.1614
  0
VERTEX
  5
475
  8
Layer_8
  10
698.63599
  20
-22.608435
  0
SEQEND
  0
POLYLINE
  5
477
  8
Layer_8
  62
254
  66
1
  10
0
  20
0
  30
0
  0
VERTEX
  5
477
  8
Layer_8
  10
698.6402
  20
-22.331951
  0
VERTEX
  5
478
  8
Layer_8
  10
698.64862
  20
-21.778988
  0
SEQEND
  0
POLYLINE
  5
47a
  8
Layer_8
  62
254
  66
1
  10
0
  20
0
  30
0
  0
VERTEX
  5
47a
  8
Layer_8
  10
698.65283
  20
-21.502506
  0
VERTEX
  5
47b
  8
Layer_8
  10
698.66125
  20
-20.949543
  0
SEQEND
  0
POLYLINE
  5
47d
  8
Layer_8
  62
254
  66
1
  10
0
  20
0
  30
0
  0
VERTEX
  5
47d
  8
Layer_8
  10
698.66547
  20
-20.673059
  0
VERTEX
  5
47e
  8
Layer_8
  10
698.67389
  20
-20.120096
  0
SEQEND
  0
POLYLINE
  5
480
  8
Layer_8
  62
254
  66
1
  10
0
  20
0
  30
0
  0
VERTEX
  5
480
  8
Layer_8
  10
698.6781
  20
-19.843615
  0
VERTEX
  5
481
  8
Layer_8
  10
698.68652
  20
-19.290649
  0
SEQEND
  0
POLYLINE
  5
483
  8
Layer_8
  62
254
  66
1
  10
0
  20
0
  30
0
  0
VERTEX
  5
483
  8
Layer_8
  10
698.68652
  20
-19.290649
  0
VERTEX
  5
484
  8
Layer_8
  10
698.5816
  20
10.755733
  0
SEQEND
  0
POLYLINE
  5
486
  8
Layer_8
  62
254
  66
1
  10
0
  20
0
  30
0
  0
VERTEX
  5
486
  8
Layer_8
  10
698.5816
  20
10.755733
  0
VERTEX
  5
487
  8
Layer_8
  10
698.54572
  20
38.957489
  0
SEQEND
  0
POLYLINE
  5
489
  8
Layer_8
  62
254
  66
1
  10
0
  20
0
  30
0
  0
VERTEX
  5
489
  8
Layer_8
  10
698.54572
  20
38.957489
  0
VERTEX
  5
48a
  8
Layer_8
  10
686.25598
  20
38.957489
  0
SEQEND
  0
POLYLINE
  5
48c
  8
Layer_8
  62
254
  66
1
  10
0
  20
0
  30
0
  0
VERTEX
  5
48c
  8
Layer_8
  10
686.25598
  20
38.957489
  0
VERTEX
  5
48d
  8
Layer_8
  10
686.25574
  20
43.564369
  0
SEQEND
  0
POLYLINE
  5
48f
  8
Layer_8
  62
254
  66
1
  10
0
  20
0
  30
0
  0
VERTEX
  5
48f
  8
Layer_8
  10
686.25574
  20
43.564369
  42
0.39885152
  0
VERTEX
  5
490
  8
Layer_8
  10
676.30151
  20
54.05677
  0
SEQEND
  0
POLYLINE
  5
492
  8
Layer_8
  62
254
  66
1
  10
0
  20
0
  30
0
  0
VERTEX
  5
492
  8
Layer_8
  10
676.30151
  20
54.05677
  42
0.39885154
  0
VERTEX
  5
493
  8
Layer_8
  10
666.34723
  20
43.564362
  0
SEQEND
  0
POLYLINE
  5
495
  8
Layer_8
  62
254
  66
1
  10
0
  20
0
  30
0
  0
VERTEX
  5
495
  8
Layer_8
  10
666.34723
  20
43.564362
  0
VERTEX
  5
496
  8
Layer_8
  10
666.34698
  20
38.957489
  0
SEQEND
  0
POLYLINE
  5
498
  8
Layer_8
  62
254
  66
1
  10
0
  20
0
  30
0
  0
VERTEX
  5
498
  8
Layer_8
  10
666.34698
  20
38.957489
  0
VERTEX
  5
499
  8
Layer_8
  10
666.35565
  20
38.956436
  0
SEQEND
  0
POLYLINE
  5
49b
  8
Layer_8
  62
254
  66
1
  10
0
  20
0
  30
0
  0
VERTEX
  5
49b
  8
Layer_8
  10
666.35565
  20
38.956436
  0
VERTEX
  5
49c
  8
Layer_8
  10
639.93622
  20
38.954559
  0
SEQEND
  0
POLYLINE
  5
49e
  8
Layer_8
  62
254
  66
1
  10
0
  20
0
  30
0
  0
VERTEX
  5
49e
  8
Layer_8
  10
639.93622
  20
38.954559
  0
VERTEX
  5
49f
  8
Layer_8
  10
639.38318
  20
38.954559
  0
SEQEND
  0
POLYLINE
  5
4a1
  8
Layer_8
  62
254
  66
1
  10
0
  20
0
  30
0
  0
VERTEX
  5
4a1
  8
Layer_8
  10
639.10669
  20
38.954559
  0
VERTEX
  5
4a2
  8
Layer_8
  10
638.55365
  20
38.954559
  0
SEQEND
  0
POLYLINE
  5
4a4
  8
Layer_8
  62
254
  66
1
  10
0
  20
0
  30
0
  0
VERTEX
  5
4a4
  8
Layer_8
  10
638.2771
  20
38.954559
  0
VERTEX
  5
4a5
  8
Layer_8
  10
637.72412
  20
38.954559
  0
SEQEND
  0
POLYLINE
  5
4a7
  8
Layer_8
  62
254
  66
1
  10
0
  20
0
  30
0
  0
VERTEX
  5
4a7
  8
Layer_8
  10
637.44757
  20
38.954559
  0
VERTEX
  5
4a8
  8
Layer_8
  10
636.89453
  20
38.954559
  0
SEQEND
  0
POLYLINE
  5
4aa
  8
Layer_8
  62
254
  66
1
  10
0
  20
0
  30
0
  0
VERTEX
  5
4aa
  8
Layer_8
  10
636.61804
  20
38.954559
  0
VERTEX
  5
4ab
  8
Layer_8
  10
636.065
  20
38.954559
  0
SEQEND
  0
POLYLINE
  5
4ad
  8
Layer_8
  62
254
  66
1
  10
0
  20
0
  30
0
  0
VERTEX
  5
4ad
  8
Layer_8
  10
635.78851
  20
38.954559
  0
VERTEX
  5
4ae
  8
Layer_8
  10
635.23547
  20
38.954559
  0
SEQEND
  0
POLYLINE
  5
4b0
  8
Layer_8
  62
254
  66
1
  10
0
  20
0
  30
0
  0
VERTEX
  5
4b0
  8
Layer_8
  10
634.95898
  20
38.954559
  0
VERTEX
  5
4b1
  8
Layer_8
  10
634.40594
  20
38.954559
  0
SEQEND
  0
POLYLINE
  5
4b3
  8
Layer_8
  62
254
  66
1
  10
0
  20
0
  30
0
  0
VERTEX
  5
4b3
  8
Layer_8
  10
634.12939
  20
38.954559
  0
VERTEX
  5
4b4
  8
Layer_8
  10
633.57642
  20
38.954559
  0
SEQEND
  0
POLYLINE
  5
4b6
  8
Layer_8
  62
254
  66
1
  10
0
  20
0
  30
0
  0
VERTEX
  5
4b6
  8
Layer_8
  10
633.29987
  20
38.954559
  0
VERTEX
  5
4b7
  8
Layer_8
  10
632.74683
  20
38.954559
  0
SEQEND
  0
POLYLINE
  5
4b9
  8
Layer_8
  62
254
  66
1
  10
0
  20
0
  30
0
  0
VERTEX
  5
4b9
  8
Layer_8
  10
632.47034
  20
38.954559
  0
VERTEX
  5
4ba
  8
Layer_8
  10
631.9173
  20
38.954559
  0
SEQEND
  0
POLYLINE
  5
4bc
  8
Layer_8
  62
254
  66
1
  10
0
  20
0
  30
0
  0
VERTEX
  5
4bc
  8
Layer_8
  10
631.64081
  20
38.954559
  0
VERTEX
  5
4bd
  8
Layer_8
  10
631.08777
  20
38.954559
  0
SEQEND
  0
POLYLINE
  5
4bf
  8
Layer_8
  62
254
  66
1
  10
0
  20
0
  30
0
  0
VERTEX
  5
4bf
  8
Layer_8
  10
630.81122
  20
38.954559
  0
VERTEX
  5
4c0
  8
Layer_8
  10
630.25824
  20
38.954559
  0
SEQEND
  0
POLYLINE
  5
4c2
  8
Layer_8
  62
254
  66
1
  10
0
  20
0
  30
0
  0
VERTEX
  5
4c2
  8
Layer_8
  10
629.98169
  20
38.954559
  0
VERTEX
  5
4c3
  8
Layer_8
  10
629.42865
  20
38.954559
  0
SEQEND
  0
POLYLINE
  5
4c5
  8
Layer_8
  62
254
  66
1
  10
0
  20
0
  30
0
  0
VERTEX
  5
4c5
  8
Layer_8
  10
629.15216
  20
38.954559
  0
VERTEX
  5
4c6
  8
Layer_8
  10
628.59912
  20
38.954559
  0
SEQEND
  0
POLYLINE
  5
4c8
  8
Layer_8
  62
254
  66
1
  10
0
  20
0
  30
0
  0
VERTEX
  5
4c8
  8
Layer_8
  10
628.32263
  20
38.954559
  0
VERTEX
  5
4c9
  8
Layer_8
  10
627.76959
  20
38.954559
  0
SEQEND
  0
POLYLINE
  5
4cb
  8
Layer_8
  62
254
  66
1
  10
0
  20
0
  30
0
  0
VERTEX
  5
4cb
  8
Layer_8
  10
627.4931
  20
38.954559
  0
VERTEX
  5
4cc
  8
Layer_8
  10
626.94006
  20
38.954559
  0
SEQEND
  0
POLYLINE
  5
4ce
  8
Layer_8
  62
254
  66
1
  10
0
  20
0
  30
0
  0
VERTEX
  5
4ce
  8
Layer_8
  10
626.66351
  20
38.954559
  0
VERTEX
  5
4cf
  8
Layer_8
  10
626.11047
  20
38.954559
  0
SEQEND
  0
POLYLINE
  5
4d1
  8
Layer_8
  62
254
  66
1
  10
0
  20
0
  30
0
  0
VERTEX
  5
4d1
  8
Layer_8
  10
625.83398
  20
38.954559
  0
VERTEX
  5
4d2
  8
Layer_8
  10
625.28094
  20
38.954559
  0
SEQEND
  0
POLYLINE
  5
4d4
  8
Layer_8
  62
254
  66
1
  10
0
  20
0
  30
0
  0
VERTEX
  5
4d4
  8
Layer_8
  10
625.00446
  20
38.954559
  0
VERTEX
  5
4d5
  8
Layer_8
  10
624.45142
  20
38.954559
  0
SEQEND
  0
POLYLINE
  5
4d7
  8
Layer_8
  62
254
  66
1
  10
0
  20
0
  30
0
  0
VERTEX
  5
4d7
  8
Layer_8
  10
624.17493
  20
38.954559
  0
VERTEX
  5
4d8
  8
Layer_8
  10
623.62189
  20
38.954559
  0
SEQEND
  0
POLYLINE
  5
4da
  8
Layer_8
  62
254
  66
1
  10
0
  20
0
  30
0
  0
VERTEX
  5
4da
  8
Layer_8
  10
623.34534
  20
38.954559
  0
VERTEX
  5
4db
  8
Layer_8
  10
622.79236
  20
38.954559
  0
SEQEND
  0
POLYLINE
  5
4dd
  8
Layer_8
  62
254
  66
1
  10
0
  20
0
  30
0
  0
VERTEX
  5
4dd
  8
Layer_8
  10
622.51581
  20
38.954559
  0
VERTEX
  5
4de
  8
Layer_8
  10
621.96277
  20
38.954559
  0
SEQEND
  0
POLYLINE
  5
4e0
  8
Layer_8
  62
254
  66
1
  10
0
  20
0
  30
0
  0
VERTEX
  5
4e0
  8
Layer_8
  10
621.68628
  20
38.954559
  0
VERTEX
  5
4e1
  8
Layer_8
  10
621.13324
  20
38.954559
  0
SEQEND
  0
POLYLINE
  5
4e3
  8
Layer_8
  62
254
  66
1
  10
0
  20
0
  30
0
  0
VERTEX
  5
4e3
  8
Layer_8
  10
620.85675
  20
38.954559
  0
VERTEX
  5
4e4
  8
Layer_8
  10
620.43567
  20
38.954559
  0
SEQEND
  0
POLYLINE
  5
4e6
  8
Layer_8
  62
254
  66
1
  10
0
  20
0
  30
0
  0
VERTEX
  5
4e6
  8
Layer_8
  10
620.43567
  20
38.954559
  0
VERTEX
  5
4e7
  8
Layer_8
  10
610.09283
  20
38.954468
  0
SEQEND
  0
POLYLINE
  5
4e9
  8
Layer_8
  62
254
  66
1
  10
0
  20
0
  30
0
  0
VERTEX
  5
4e9
  8
Layer_8
  10
610.09283
  20
38.954468
  0
VERTEX
  5
4ea
  8
Layer_8
  10
610.0929
  20
29.426163
  0
SEQEND
  0
POLYLINE
  5
4ec
  8
Layer_8
  62
254
  66
1
  10
0
  20
0
  30
0
  0
VERTEX
  5
4ec
  8
Layer_8
  10
610.0929
  20
29.426163
  0
VERTEX
  5
4ed
  8
Layer_8
  10
596.00366
  20
29.426048
  0
SEQEND
  0
POLYLINE
  5
4ef
  8
Layer_8
  62
254
  66
1
  10
0
  20
0
  30
0
  0
VERTEX
  5
4ef
  8
Layer_8
  10
596.00366
  20
29.426048
  0
VERTEX
  5
4f0
  8
Layer_8
  10
596.07605
  20
29.423851
  0
SEQEND
  0
POLYLINE
  5
4f2
  8
Layer_8
  62
254
  66
1
  10
0
  20
0
  30
0
  0
VERTEX
  5
4f2
  8
Layer_8
  10
596.07605
  20
29.423851
  0
VERTEX
  5
4f3
  8
Layer_8
  10
596.08783
  20
35.174438
  0
SEQEND
  0
POLYLINE
  5
4f5
  8
Layer_8
  62
254
  66
1
  10
0
  20
0
  30
0
  0
VERTEX
  5
4f5
  8
Layer_8
  10
596.08783
  20
35.174438
  42
0.41421363
  0
VERTEX
  5
4f6
  8
Layer_8
  10
587.25751
  20
44.040985
  0
SEQEND
  0
POLYLINE
  5
4f8
  8
Layer_8
  62
254
  66
1
  10
0
  20
0
  30
0
  0
VERTEX
  5
4f8
  8
Layer_8
  10
587.25751
  20
44.040985
  0
VERTEX
  5
4f9
  8
Layer_8
  10
585.15466
  20
44.045303
  0
SEQEND
  0
POLYLINE
  5
4fb
  8
Layer_8
  62
254
  66
1
  10
0
  20
0
  30
0
  0
VERTEX
  5
4fb
  8
Layer_8
  10
595.98975
  20
-93.037506
  42
-0.19891505
  0
VERTEX
  5
4fc
  8
Layer_8
  10
593.0741
  20
-100.07649
  0
SEQEND
  0
POLYLINE
  5
4fe
  8
Layer_8
  62
254
  66
1
  10
0
  20
0
  30
0
  0
VERTEX
  5
4fe
  8
Layer_8
  10
593.0741
  20
-100.07649
  42
-0.19891503
  0
VERTEX
  5
4ff
  8
Layer_8
  10
586.03503
  20
-102.99205
  0
SEQEND
  0
POLYLINE
  5
501
  8
Layer_8
  62
254
  66
1
  10
0
  20
0
  30
0
  0
VERTEX
  5
501
  8
Layer_8
  10
598.20166
  20
-88.015091
  0
VERTEX
  5
502
  8
Layer_8
  10
599.30798
  20
-88.015091
  0
SEQEND
  0
POLYLINE
  5
504
  8
Layer_8
  62
254
  66
1
  10
0
  20
0
  30
0
  0
VERTEX
  5
504
  8
Layer_8
  10
599.30798
  20
-88.015091
  42
0.41421382
  0
VERTEX
  5
505
  8
Layer_8
  10
595.98975
  20
-91.333237
  0
SEQEND
  0
POLYLINE
  5
507
  8
Layer_8
  62
254
  66
1
  10
0
  20
0
  30
0
  0
VERTEX
  5
507
  8
Layer_8
  10
698.38013
  20
-88.421867
  0
VERTEX
  5
508
  8
Layer_8
  10
698.38013
  20
-89.34584
  0
SEQEND
  0
POLYLINE
  5
50a
  8
Layer_8
  62
254
  66
1
  10
0
  20
0
  30
0
  0
VERTEX
  5
50a
  8
Layer_8
  10
698.38013
  20
-89.34584
  42
0.41421356
  0
VERTEX
  5
50b
  8
Layer_8
  10
702.25134
  20
-93.217041
  0
SEQEND
  0
POLYLINE
  5
50d
  8
Layer_8
  62
254
  66
1
  10
0
  20
0
  30
0
  0
VERTEX
  5
50d
  8
Layer_8
  10
702.25134
  20
-93.217041
  0
VERTEX
  5
50e
  8
Layer_8
  10
713.02197
  20
-93.217041
  0
SEQEND
  0
POLYLINE
  5
510
  8
Layer_8
  62
254
  66
1
  10
0
  20
0
  30
0
  0
VERTEX
  5
510
  8
Layer_8
  10
713.02197
  20
-93.217041
  42
0.41421356
  0
VERTEX
  5
511
  8
Layer_8
  10
717.99921
  20
-88.239784
  0
SEQEND
  0
POLYLINE
  5
513
  8
Layer_8
  62
254
  66
1
  10
0
  20
0
  30
0
  0
VERTEX
  5
513
  8
Layer_8
  10
717.99921
  20
-88.239784
  0
VERTEX
  5
514
  8
Layer_8
  10
717.99921
  20
-39.396343
  0
SEQEND
  0
POLYLINE
  5
516
  8
Layer_8
  62
254
  66
1
  10
0
  20
0
  30
0
  0
VERTEX
  5
516
  8
Layer_8
  10
531.83832
  20
-84.793472
  0
VERTEX
  5
517
  8
Layer_8
  10
530.73224
  20
-84.793472
  0
SEQEND
  0
POLYLINE
  5
519
  8
Layer_8
  62
254
  66
1
  10
0
  20
0
  30
0
  0
VERTEX
  5
519
  8
Layer_8
  10
530.73224
  20
-84.793472
  0
VERTEX
  5
51a
  8
Layer_8
  10
526.15076
  20
-83.193207
  0
SEQEND
  0
POLYLINE
  5
51c
  8
Layer_8
  62
254
  66
1
  10
0
  20
0
  30
0
  0
VERTEX
  5
51c
  8
Layer_8
  10
526.15076
  20
-83.193207
  0
VERTEX
  5
51d
  8
Layer_8
  10
526.15076
  20
-77.92981
  0
SEQEND
  0
POLYLINE
  5
51f
  8
Layer_8
  62
254
  66
1
  10
0
  20
0
  30
0
  0
VERTEX
  5
51f
  8
Layer_8
  10
526.15076
  20
-77.92981
  0
VERTEX
  5
520
  8
Layer_8
  10
526.15076
  20
-73.504555
  0
SEQEND
  0
POLYLINE
  5
522
  8
Layer_8
  62
254
  66
1
  10
0
  20
0
  30
0
  0
VERTEX
  5
522
  8
Layer_8
  10
526.15076
  20
-73.504555
  0
VERTEX
  5
523
  8
Layer_8
  10
531.75964
  20
-70.856522
  0
SEQEND
  0
POLYLINE
  5
525
  8
Layer_8
  62
254
  66
1
  10
0
  20
0
  30
0
  0
VERTEX
  5
525
  8
Layer_8
  10
531.75964
  20
-70.856522
  0
VERTEX
  5
526
  8
Layer_8
  10
532.39136
  20
-70.856522
  0
SEQEND
  0
POLYLINE
  5
528
  8
Layer_8
  62
254
  66
1
  10
0
  20
0
  30
0
  0
VERTEX
  5
528
  8
Layer_8
  10
526.15076
  20
-81.182007
  0
VERTEX
  5
529
  8
Layer_8
  10
529.9386
  20
-81.182007
  0
SEQEND
  0
POLYLINE
  5
52b
  8
Layer_8
  62
254
  66
1
  10
0
  20
0
  30
0
  0
VERTEX
  5
52b
  8
Layer_8
  10
529.9386
  20
-81.182007
  42
0.056046754
  0
VERTEX
  5
52c
  8
Layer_8
  10
530.58374
  20
-80.806259
  0
SEQEND
  0
POLYLINE
  5
52e
  8
Layer_8
  62
254
  66
1
  10
0
  20
0
  30
0
  0
VERTEX
  5
52e
  8
Layer_8
  10
530.58374
  20
-80.806259
  42
0.20134917
  0
VERTEX
  5
52f
  8
Layer_8
  10
531.40118
  20
-79.308273
  0
SEQEND
  0
POLYLINE
  5
531
  8
Layer_8
  62
254
  66
1
  10
0
  20
0
  30
0
  0
VERTEX
  5
531
  8
Layer_8
  10
531.40118
  20
-79.308273
  42
0.0141685
  0
VERTEX
  5
532
  8
Layer_8
  10
531.61261
  20
-77.92981
  0
SEQEND
  0
POLYLINE
  5
534
  8
Layer_8
  62
254
  66
1
  10
0
  20
0
  30
0
  0
VERTEX
  5
534
  8
Layer_8
  10
531.61261
  20
-77.92981
  42
0.011932283
  0
VERTEX
  5
535
  8
Layer_8
  10
531.41223
  20
-76.608902
  0
SEQEND
  0
POLYLINE
  5
537
  8
Layer_8
  62
254
  66
1
  10
0
  20
0
  30
0
  0
VERTEX
  5
537
  8
Layer_8
  10
531.41223
  20
-76.608902
  42
0.28537666
  0
VERTEX
  5
538
  8
Layer_8
  10
529.98395
  20
-74.698624
  0
SEQEND
  0
POLYLINE
  5
53a
  8
Layer_8
  62
254
  66
1
  10
0
  20
0
  30
0
  0
VERTEX
  5
53a
  8
Layer_8
  10
529.98395
  20
-74.698624
  0
VERTEX
  5
53b
  8
Layer_8
  10
529.9386
  20
-74.677605
  0
SEQEND
  0
POLYLINE
  5
53d
  8
Layer_8
  62
254
  66
1
  10
0
  20
0
  30
0
  0
VERTEX
  5
53d
  8
Layer_8
  10
529.9386
  20
-74.677605
  0
VERTEX
  5
53e
  8
Layer_8
  10
526.15076
  20
-74.677605
  0
SEQEND
  0
POLYLINE
  5
540
  8
Layer_8
  62
254
  66
1
  10
0
  20
0
  30
0
  0
VERTEX
  5
540
  8
Layer_8
  10
474.06216
  20
-43.905304
  0
VERTEX
  5
541
  8
Layer_8
  10
481.72122
  20
-43.905304
  0
SEQEND
  0
POLYLINE
  5
543
  8
Layer_8
  62
254
  66
1
  10
0
  20
0
  30
0
  0
VERTEX
  5
543
  8
Layer_8
  10
481.72122
  20
-43.905304
  0
VERTEX
  5
544
  8
Layer_8
  10
481.80136
  20
-43.859436
  0
SEQEND
  0
POLYLINE
  5
546
  8
Layer_8
  62
254
  66
1
  10
0
  20
0
  30
0
  0
VERTEX
  5
546
  8
Layer_8
  10
481.80136
  20
-43.859436
  42
0.13252333
  0
VERTEX
  5
547
  8
Layer_8
  10
483.94315
  20
-41.888378
  0
SEQEND
  0
POLYLINE
  5
549
  8
Layer_8
  62
254
  66
1
  10
0
  20
0
  30
0
  0
VERTEX
  5
549
  8
Layer_8
  10
483.94315
  20
-41.888378
  42
0.15605067
  0
VERTEX
  5
54a
  8
Layer_8
  10
484.46774
  20
-39.396343
  0
SEQEND
  0
POLYLINE
  5
54c
  8
Layer_8
  62
254
  66
1
  10
0
  20
0
  30
0
  0
VERTEX
  5
54c
  8
Layer_8
  10
513.03534
  20
-67.907837
  0
VERTEX
  5
54d
  8
Layer_8
  10
513.58838
  20
-67.907837
  0
SEQEND
  0
POLYLINE
  5
54f
  8
Layer_8
  62
254
  66
1
  10
0
  20
0
  30
0
  0
VERTEX
  5
54f
  8
Layer_8
  10
513.86487
  20
-67.907837
  0
VERTEX
  5
550
  8
Layer_8
  10
514.41791
  20
-67.907837
  0
SEQEND
  0
POLYLINE
  5
552
  8
Layer_8
  62
254
  66
1
  10
0
  20
0
  30
0
  0
VERTEX
  5
552
  8
Layer_8
  10
514.6944
  20
-67.907837
  0
VERTEX
  5
553
  8
Layer_8
  10
515.24744
  20
-67.907837
  0
SEQEND
  0
POLYLINE
  5
555
  8
Layer_8
  62
254
  66
1
  10
0
  20
0
  30
0
  0
VERTEX
  5
555
  8
Layer_8
  10
515.52399
  20
-67.907837
  0
VERTEX
  5
556
  8
Layer_8
  10
516.07703
  20
-67.907837
  0
SEQEND
  0
POLYLINE
  5
558
  8
Layer_8
  62
254
  66
1
  10
0
  20
0
  30
0
  0
VERTEX
  5
558
  8
Layer_8
  10
516.35352
  20
-67.907837
  0
VERTEX
  5
559
  8
Layer_8
  10
516.90656
  20
-67.907837
  0
SEQEND
  0
POLYLINE
  5
55b
  8
Layer_8
  62
254
  66
1
  10
0
  20
0
  30
0
  0
VERTEX
  5
55b
  8
Layer_8
  10
517.18304
  20
-67.907837
  0
VERTEX
  5
55c
  8
Layer_8
  10
517.73608
  20
-67.907837
  0
SEQEND
  0
POLYLINE
  5
55e
  8
Layer_8
  62
254
  66
1
  10
0
  20
0
  30
0
  0
VERTEX
  5
55e
  8
Layer_8
  10
518.01257
  20
-67.907837
  0
VERTEX
  5
55f
  8
Layer_8
  10
518.56561
  20
-67.907837
  0
SEQEND
  0
POLYLINE
  5
561
  8
Layer_8
  62
254
  66
1
  10
0
  20
0
  30
0
  0
VERTEX
  5
561
  8
Layer_8
  10
518.84216
  20
-67.907837
  0
VERTEX
  5
562
  8
Layer_8
  10
519.39514
  20
-67.907837
  0
SEQEND
  0
POLYLINE
  5
564
  8
Layer_8
  62
254
  66
1
  10
0
  20
0
  30
0
  0
VERTEX
  5
564
  8
Layer_8
  10
519.67169
  20
-67.907837
  0
VERTEX
  5
565
  8
Layer_8
  10
520.22473
  20
-67.907837
  0
SEQEND
  0
POLYLINE
  5
567
  8
Layer_8
  62
254
  66
1
  10
0
  20
0
  30
0
  0
VERTEX
  5
567
  8
Layer_8
  10
520.50122
  20
-67.907837
  0
VERTEX
  5
568
  8
Layer_8
  10
521.05426
  20
-67.907837
  0
SEQEND
  0
POLYLINE
  5
56a
  8
Layer_8
  62
254
  66
1
  10
0
  20
0
  30
0
  0
VERTEX
  5
56a
  8
Layer_8
  10
521.33075
  20
-67.907837
  0
VERTEX
  5
56b
  8
Layer_8
  10
521.88379
  20
-67.907837
  0
SEQEND
  0
POLYLINE
  5
56d
  8
Layer_8
  62
254
  66
1
  10
0
  20
0
  30
0
  0
VERTEX
  5
56d
  8
Layer_8
  10
522.16028
  20
-67.907837
  0
VERTEX
  5
56e
  8
Layer_8
  10
522.71332
  20
-67.907837
  0
SEQEND
  0
POLYLINE
  5
570
  8
Layer_8
  62
254
  66
1
  10
0
  20
0
  30
0
  0
VERTEX
  5
570
  8
Layer_8
  10
522.98987
  20
-67.907837
  0
VERTEX
  5
571
  8
Layer_8
  10
523.54285
  20
-67.907837
  0
SEQEND
  0
POLYLINE
  5
573
  8
Layer_8
  62
254
  66
1
  10
0
  20
0
  30
0
  0
VERTEX
  5
573
  8
Layer_8
  10
523.8194
  20
-67.907837
  0
VERTEX
  5
574
  8
Layer_8
  10
524.37244
  20
-67.907837
  0
SEQEND
  0
POLYLINE
  5
576
  8
Layer_8
  62
254
  66
1
  10
0
  20
0
  30
0
  0
VERTEX
  5
576
  8
Layer_8
  10
524.64893
  20
-67.907837
  0
VERTEX
  5
577
  8
Layer_8
  10
525.20197
  20
-67.907837
  0
SEQEND
  0
POLYLINE
  5
579
  8
Layer_8
  62
254
  66
1
  10
0
  20
0
  30
0
  0
VERTEX
  5
579
  8
Layer_8
  10
525.47845
  20
-67.907837
  0
VERTEX
  5
57a
  8
Layer_8
  10
526.03149
  20
-67.907837
  0
SEQEND
  0
POLYLINE
  5
57c
  8
Layer_8
  62
254
  66
1
  10
0
  20
0
  30
0
  0
VERTEX
  5
57c
  8
Layer_8
  10
526.30798
  20
-67.907837
  0
VERTEX
  5
57d
  8
Layer_8
  10
526.86102
  20
-67.907837
  0
SEQEND
  0
POLYLINE
  5
57f
  8
Layer_8
  62
254
  66
1
  10
0
  20
0
  30
0
  0
VERTEX
  5
57f
  8
Layer_8
  10
527.13757
  20
-67.907837
  0
VERTEX
  5
580
  8
Layer_8
  10
527.69061
  20
-67.907837
  0
SEQEND
  0
POLYLINE
  5
582
  8
Layer_8
  62
254
  66
1
  10
0
  20
0
  30
0
  0
VERTEX
  5
582
  8
Layer_8
  10
527.9671
  20
-67.907837
  0
VERTEX
  5
583
  8
Layer_8
  10
528.52014
  20
-67.907837
  0
SEQEND
  0
POLYLINE
  5
585
  8
Layer_8
  62
254
  66
1
  10
0
  20
0
  30
0
  0
VERTEX
  5
585
  8
Layer_8
  10
528.79663
  20
-67.907837
  0
VERTEX
  5
586
  8
Layer_8
  10
529.34967
  20
-67.907837
  0
SEQEND
  0
POLYLINE
  5
588
  8
Layer_8
  62
254
  66
1
  10
0
  20
0
  30
0
  0
VERTEX
  5
588
  8
Layer_8
  10
529.62616
  20
-67.907837
  0
VERTEX
  5
589
  8
Layer_8
  10
530.1792
  20
-67.907837
  0
SEQEND
  0
POLYLINE
  5
58b
  8
Layer_8
  62
254
  66
1
  10
0
  20
0
  30
0
  0
VERTEX
  5
58b
  8
Layer_8
  10
530.45575
  20
-67.907837
  0
VERTEX
  5
58c
  8
Layer_8
  10
531.00873
  20
-67.907837
  0
SEQEND
  0
POLYLINE
  5
58e
  8
Layer_8
  62
254
  66
1
  10
0
  20
0
  30
0
  0
VERTEX
  5
58e
  8
Layer_8
  10
531.28528
  20
-67.907837
  0
VERTEX
  5
58f
  8
Layer_8
  10
531.83832
  20
-67.907837
  0
SEQEND
  0
POLYLINE
  5
591
  8
Layer_8
  62
254
  66
1
  10
0
  20
0
  30
0
  0
VERTEX
  5
591
  8
Layer_8
  10
532.11481
  20
-67.907837
  0
VERTEX
  5
592
  8
Layer_8
  10
532.66785
  20
-67.907837
  0
SEQEND
  0
POLYLINE
  5
594
  8
Layer_8
  62
254
  66
1
  10
0
  20
0
  30
0
  0
VERTEX
  5
594
  8
Layer_8
  10
532.94434
  20
-67.907837
  0
VERTEX
  5
595
  8
Layer_8
  10
533.49738
  20
-67.907837
  0
SEQEND
  0
POLYLINE
  5
597
  8
Layer_8
  62
254
  66
1
  10
0
  20
0
  30
0
  0
VERTEX
  5
597
  8
Layer_8
  10
533.77393
  20
-67.907837
  0
VERTEX
  5
598
  8
Layer_8
  10
534.3269
  20
-67.907837
  0
SEQEND
  0
POLYLINE
  5
59a
  8
Layer_8
  62
254
  66
1
  10
0
  20
0
  30
0
  0
VERTEX
  5
59a
  8
Layer_8
  10
534.60345
  20
-67.907837
  0
VERTEX
  5
59b
  8
Layer_8
  10
535.15649
  20
-67.907837
  0
SEQEND
  0
POLYLINE
  5
59d
  8
Layer_8
  62
254
  66
1
  10
0
  20
0
  30
0
  0
VERTEX
  5
59d
  8
Layer_8
  10
535.43298
  20
-67.907837
  0
VERTEX
  5
59e
  8
Layer_8
  10
535.98602
  20
-67.907837
  0
SEQEND
  0
POLYLINE
  5
5a0
  8
Layer_8
  62
254
  66
1
  10
0
  20
0
  30
0
  0
VERTEX
  5
5a0
  8
Layer_8
  10
536.26251
  20
-67.907837
  0
VERTEX
  5
5a1
  8
Layer_8
  10
536.81555
  20
-67.907837
  0
SEQEND
  0
POLYLINE
  5
5a3
  8
Layer_8
  62
254
  66
1
  10
0
  20
0
  30
0
  0
VERTEX
  5
5a3
  8
Layer_8
  10
537.09204
  20
-67.907837
  0
VERTEX
  5
5a4
  8
Layer_8
  10
537.64508
  20
-67.907837
  0
SEQEND
  0
POLYLINE
  5
5a6
  8
Layer_8
  62
254
  66
1
  10
0
  20
0
  30
0
  0
VERTEX
  5
5a6
  8
Layer_8
  10
537.92163
  20
-67.907837
  0
VERTEX
  5
5a7
  8
Layer_8
  10
538.47461
  20
-67.907837
  0
SEQEND
  0
POLYLINE
  5
5a9
  8
Layer_8
  62
254
  66
1
  10
0
  20
0
  30
0
  0
VERTEX
  5
5a9
  8
Layer_8
  10
538.75116
  20
-67.907837
  0
VERTEX
  5
5aa
  8
Layer_8
  10
539.3042
  20
-67.907837
  0
SEQEND
  0
POLYLINE
  5
5ac
  8
Layer_8
  62
254
  66
1
  10
0
  20
0
  30
0
  0
VERTEX
  5
5ac
  8
Layer_8
  10
539.58069
  20
-67.907837
  0
VERTEX
  5
5ad
  8
Layer_8
  10
540.13373
  20
-67.907837
  0
SEQEND
  0
POLYLINE
  5
5af
  8
Layer_8
  62
254
  66
1
  10
0
  20
0
  30
0
  0
VERTEX
  5
5af
  8
Layer_8
  10
540.41022
  20
-67.907837
  0
VERTEX
  5
5b0
  8
Layer_8
  10
540.96326
  20
-67.907837
  0
SEQEND
  0
POLYLINE
  5
5b2
  8
Layer_8
  62
254
  66
1
  10
0
  20
0
  30
0
  0
VERTEX
  5
5b2
  8
Layer_8
  10
541.23975
  20
-67.907837
  0
VERTEX
  5
5b3
  8
Layer_8
  10
541.79279
  20
-67.907837
  0
SEQEND
  0
POLYLINE
  5
5b5
  8
Layer_8
  62
254
  66
1
  10
0
  20
0
  30
0
  0
VERTEX
  5
5b5
  8
Layer_8
  10
542.06934
  20
-67.907837
  0
VERTEX
  5
5b6
  8
Layer_8
  10
542.62238
  20
-67.907837
  0
SEQEND
  0
POLYLINE
  5
5b8
  8
Layer_8
  62
254
  66
1
  10
0
  20
0
  30
0
  0
VERTEX
  5
5b8
  8
Layer_8
  10
542.89886
  20
-67.907837
  0
VERTEX
  5
5b9
  8
Layer_8
  10
543.4519
  20
-67.907837
  0
SEQEND
  0
POLYLINE
  5
5bb
  8
Layer_8
  62
254
  66
1
  10
0
  20
0
  30
0
  0
VERTEX
  5
5bb
  8
Layer_8
  10
543.72839
  20
-67.907837
  0
VERTEX
  5
5bc
  8
Layer_8
  10
544.28143
  20
-67.907837
  0
SEQEND
  0
POLYLINE
  5
5be
  8
Layer_8
  62
254
  66
1
  10
0
  20
0
  30
0
  0
VERTEX
  5
5be
  8
Layer_8
  10
544.55792
  20
-67.907837
  0
VERTEX
  5
5bf
  8
Layer_8
  10
545.11096
  20
-67.907837
  0
SEQEND
  0
POLYLINE
  5
5c1
  8
Layer_8
  62
254
  66
1
  10
0
  20
0
  30
0
  0
VERTEX
  5
5c1
  8
Layer_8
  10
545.38751
  20
-67.907837
  0
VERTEX
  5
5c2
  8
Layer_8
  10
545.94049
  20
-67.907837
  0
SEQEND
  0
POLYLINE
  5
5c4
  8
Layer_8
  62
254
  66
1
  10
0
  20
0
  30
0
  0
VERTEX
  5
5c4
  8
Layer_8
  10
546.21704
  20
-67.907837
  0
VERTEX
  5
5c5
  8
Layer_8
  10
546.77008
  20
-67.907837
  0
SEQEND
  0
POLYLINE
  5
5c7
  8
Layer_8
  62
254
  66
1
  10
0
  20
0
  30
0
  0
VERTEX
  5
5c7
  8
Layer_8
  10
547.04657
  20
-67.907837
  0
VERTEX
  5
5c8
  8
Layer_8
  10
547.59961
  20
-67.907837
  0
SEQEND
  0
POLYLINE
  5
5ca
  8
Layer_8
  62
254
  66
1
  10
0
  20
0
  30
0
  0
VERTEX
  5
5ca
  8
Layer_8
  10
547.8761
  20
-67.907837
  0
VERTEX
  5
5cb
  8
Layer_8
  10
548.42914
  20
-67.907837
  0
SEQEND
  0
POLYLINE
  5
5cd
  8
Layer_8
  62
254
  66
1
  10
0
  20
0
  30
0
  0
VERTEX
  5
5cd
  8
Layer_8
  10
548.70569
  20
-67.907837
  0
VERTEX
  5
5ce
  8
Layer_8
  10
549.25867
  20
-67.907837
  0
SEQEND
  0
POLYLINE
  5
5d0
  8
Layer_8
  62
254
  66
1
  10
0
  20
0
  30
0
  0
VERTEX
  5
5d0
  8
Layer_8
  10
549.53522
  20
-67.907837
  0
VERTEX
  5
5d1
  8
Layer_8
  10
550.08826
  20
-67.907837
  0
SEQEND
  0
POLYLINE
  5
5d3
  8
Layer_8
  62
254
  66
1
  10
0
  20
0
  30
0
  0
VERTEX
  5
5d3
  8
Layer_8
  10
550.36475
  20
-67.907837
  0
VERTEX
  5
5d4
  8
Layer_8
  10
550.91779
  20
-67.907837
  0
SEQEND
  0
POLYLINE
  5
5d6
  8
Layer_8
  62
254
  66
1
  10
0
  20
0
  30
0
  0
VERTEX
  5
5d6
  8
Layer_8
  10
551.19427
  20
-67.907837
  0
VERTEX
  5
5d7
  8
Layer_8
  10
551.74731
  20
-67.907837
  0
SEQEND
  0
POLYLINE
  5
5d9
  8
Layer_8
  62
254
  66
1
  10
0
  20
0
  30
0
  0
VERTEX
  5
5d9
  8
Layer_8
  10
552.0238
  20
-67.907837
  0
VERTEX
  5
5da
  8
Layer_8
  10
552.57684
  20
-67.907837
  0
SEQEND
  0
POLYLINE
  5
5dc
  8
Layer_8
  62
254
  66
1
  10
0
  20
0
  30
0
  0
VERTEX
  5
5dc
  8
Layer_8
  10
552.85339
  20
-67.907837
  0
VERTEX
  5
5dd
  8
Layer_8
  10
553.40637
  20
-67.907837
  0
SEQEND
  0
POLYLINE
  5
5df
  8
Layer_8
  62
254
  66
1
  10
0
  20
0
  30
0
  0
VERTEX
  5
5df
  8
Layer_8
  10
553.68292
  20
-67.907837
  0
VERTEX
  5
5e0
  8
Layer_8
  10
554.23596
  20
-67.907837
  0
SEQEND
  0
POLYLINE
  5
5e2
  8
Layer_8
  62
254
  66
1
  10
0
  20
0
  30
0
  0
VERTEX
  5
5e2
  8
Layer_8
  10
554.51245
  20
-67.907837
  0
VERTEX
  5
5e3
  8
Layer_8
  10
555.06549
  20
-67.907837
  0
SEQEND
  0
POLYLINE
  5
5e5
  8
Layer_8
  62
254
  66
1
  10
0
  20
0
  30
0
  0
VERTEX
  5
5e5
  8
Layer_8
  10
555.34198
  20
-67.907837
  0
VERTEX
  5
5e6
  8
Layer_8
  10
555.89502
  20
-67.907837
  0
SEQEND
  0
POLYLINE
  5
5e8
  8
Layer_8
  62
254
  66
1
  10
0
  20
0
  30
0
  0
VERTEX
  5
5e8
  8
Layer_8
  10
556.17151
  20
-67.907837
  0
VERTEX
  5
5e9
  8
Layer_8
  10
556.72455
  20
-67.907837
  0
SEQEND
  0
POLYLINE
  5
5eb
  8
Layer_8
  62
254
  66
1
  10
0
  20
0
  30
0
  0
VERTEX
  5
5eb
  8
Layer_8
  10
557.0011
  20
-67.907837
  0
VERTEX
  5
5ec
  8
Layer_8
  10
557.55408
  20
-67.907837
  0
SEQEND
  0
POLYLINE
  5
5ee
  8
Layer_8
  62
254
  66
1
  10
0
  20
0
  30
0
  0
VERTEX
  5
5ee
  8
Layer_8
  10
557.83063
  20
-67.907837
  0
VERTEX
  5
5ef
  8
Layer_8
  10
558.38367
  20
-67.907837
  0
SEQEND
  0
POLYLINE
  5
5f1
  8
Layer_8
  62
254
  66
1
  10
0
  20
0
  30
0
  0
VERTEX
  5
5f1
  8
Layer_8
  10
558.66016
  20
-67.907837
  0
VERTEX
  5
5f2
  8
Layer_8
  10
559.2132
  20
-67.907837
  0
SEQEND
  0
POLYLINE
  5
5f4
  8
Layer_8
  62
254
  66
1
  10
0
  20
0
  30
0
  0
VERTEX
  5
5f4
  8
Layer_8
  10
559.48969
  20
-67.907837
  0
VERTEX
  5
5f5
  8
Layer_8
  10
560.04272
  20
-67.907837
  0
SEQEND
  0
POLYLINE
  5
5f7
  8
Layer_8
  62
254
  66
1
  10
0
  20
0
  30
0
  0
VERTEX
  5
5f7
  8
Layer_8
  10
560.31927
  20
-67.907837
  0
VERTEX
  5
5f8
  8
Layer_8
  10
560.87225
  20
-67.907837
  0
SEQEND
  0
POLYLINE
  5
5fa
  8
Layer_8
  62
254
  66
1
  10
0
  20
0
  30
0
  0
VERTEX
  5
5fa
  8
Layer_8
  10
561.1488
  20
-67.907837
  0
VERTEX
  5
5fb
  8
Layer_8
  10
561.70184
  20
-67.907837
  0
SEQEND
  0
POLYLINE
  5
5fd
  8
Layer_8
  62
254
  66
1
  10
0
  20
0
  30
0
  0
VERTEX
  5
5fd
  8
Layer_8
  10
561.97833
  20
-67.907837
  0
VERTEX
  5
5fe
  8
Layer_8
  10
562.53137
  20
-67.907837
  0
SEQEND
  0
POLYLINE
  5
600
  8
Layer_8
  62
254
  66
1
  10
0
  20
0
  30
0
  0
VERTEX
  5
600
  8
Layer_8
  10
562.80786
  20
-67.907837
  0
VERTEX
  5
601
  8
Layer_8
  10
563.3609
  20
-67.907837
  0
SEQEND
  0
POLYLINE
  5
603
  8
Layer_8
  62
254
  66
1
  10
0
  20
0
  30
0
  0
VERTEX
  5
603
  8
Layer_8
  10
563.63739
  20
-67.907837
  0
VERTEX
  5
604
  8
Layer_8
  10
564.19043
  20
-67.907837
  0
SEQEND
  0
POLYLINE
  5
606
  8
Layer_8
  62
254
  66
1
  10
0
  20
0
  30
0
  0
VERTEX
  5
606
  8
Layer_8
  10
564.46698
  20
-67.907837
  0
VERTEX
  5
607
  8
Layer_8
  10
565.02002
  20
-67.907837
  0
SEQEND
  0
POLYLINE
  5
609
  8
Layer_8
  62
254
  66
1
  10
0
  20
0
  30
0
  0
VERTEX
  5
609
  8
Layer_8
  10
565.29651
  20
-67.907837
  0
VERTEX
  5
60a
  8
Layer_8
  10
565.84955
  20
-67.907837
  0
SEQEND
  0
POLYLINE
  5
60c
  8
Layer_8
  62
254
  66
1
  10
0
  20
0
  30
0
  0
VERTEX
  5
60c
  8
Layer_8
  10
566.12604
  20
-67.907837
  0
VERTEX
  5
60d
  8
Layer_8
  10
566.67908
  20
-67.907837
  0
SEQEND
  0
POLYLINE
  5
60f
  8
Layer_8
  62
254
  66
1
  10
0
  20
0
  30
0
  0
VERTEX
  5
60f
  8
Layer_8
  10
566.95557
  20
-67.907837
  0
VERTEX
  5
610
  8
Layer_8
  10
567.50861
  20
-67.907837
  0
SEQEND
  0
POLYLINE
  5
612
  8
Layer_8
  62
254
  66
1
  10
0
  20
0
  30
0
  0
VERTEX
  5
612
  8
Layer_8
  10
567.78516
  20
-67.907837
  0
VERTEX
  5
613
  8
Layer_8
  10
568.33813
  20
-67.907837
  0
SEQEND
  0
POLYLINE
  5
615
  8
Layer_8
  62
254
  66
1
  10
0
  20
0
  30
0
  0
VERTEX
  5
615
  8
Layer_8
  10
568.61469
  20
-67.907837
  0
VERTEX
  5
616
  8
Layer_8
  10
569.16772
  20
-67.907837
  0
SEQEND
  0
POLYLINE
  5
618
  8
Layer_8
  62
254
  66
1
  10
0
  20
0
  30
0
  0
VERTEX
  5
618
  8
Layer_8
  10
569.44421
  20
-67.907837
  0
VERTEX
  5
619
  8
Layer_8
  10
569.99725
  20
-67.907837
  0
SEQEND
  0
POLYLINE
  5
61b
  8
Layer_8
  62
254
  66
1
  10
0
  20
0
  30
0
  0
VERTEX
  5
61b
  8
Layer_8
  10
570.27374
  20
-67.907837
  0
VERTEX
  5
61c
  8
Layer_8
  10
570.82678
  20
-67.907837
  0
SEQEND
  0
POLYLINE
  5
61e
  8
Layer_8
  62
254
  66
1
  10
0
  20
0
  30
0
  0
VERTEX
  5
61e
  8
Layer_8
  10
571.10327
  20
-67.907837
  0
VERTEX
  5
61f
  8
Layer_8
  10
571.65631
  20
-67.907837
  0
SEQEND
  0
POLYLINE
  5
621
  8
Layer_8
  62
254
  66
1
  10
0
  20
0
  30
0
  0
VERTEX
  5
621
  8
Layer_8
  10
571.93286
  20
-67.907837
  0
VERTEX
  5
622
  8
Layer_8
  10
572.48584
  20
-67.907837
  0
SEQEND
  0
POLYLINE
  5
624
  8
Layer_8
  62
254
  66
1
  10
0
  20
0
  30
0
  0
VERTEX
  5
624
  8
Layer_8
  10
572.76239
  20
-67.907837
  0
VERTEX
  5
625
  8
Layer_8
  10
573.31543
  20
-67.907837
  0
SEQEND
  0
POLYLINE
  5
627
  8
Layer_8
  62
254
  66
1
  10
0
  20
0
  30
0
  0
VERTEX
  5
627
  8
Layer_8
  10
573.59192
  20
-67.907837
  0
VERTEX
  5
628
  8
Layer_8
  10
574.14496
  20
-67.907837
  0
SEQEND
  0
POLYLINE
  5
62a
  8
Layer_8
  62
254
  66
1
  10
0
  20
0
  30
0
  0
VERTEX
  5
62a
  8
Layer_8
  10
574.42145
  20
-67.907837
  0
VERTEX
  5
62b
  8
Layer_8
  10
574.97449
  20
-67.907837
  0
SEQEND
  0
POLYLINE
  5
62d
  8
Layer_8
  62
254
  66
1
  10
0
  20
0
  30
0
  0
VERTEX
  5
62d
  8
Layer_8
  10
575.25104
  20
-67.907837
  0
VERTEX
  5
62e
  8
Layer_8
  10
575.79303
  20
-67.907837
  0
SEQEND
  0
POLYLINE
  5
630
  8
Layer_8
  62
254
  66
1
  10
0
  20
0
  30
0
  0
VERTEX
  5
630
  8
Layer_8
  10
576.25262
  20
-67.907837
  0
VERTEX
  5
631
  8
Layer_8
  10
595.68628
  20
-67.907837
  0
SEQEND
  0
POLYLINE
  5
633
  8
Layer_8
  62
254
  66
1
  10
0
  20
0
  30
0
  0
VERTEX
  5
633
  8
Layer_8
  10
586.35968
  20
-67.907837
  0
VERTEX
  5
634
  8
Layer_8
  10
586.35968
  20
-74.288849
  0
SEQEND
  0
POLYLINE
  5
636
  8
Layer_8
  62
254
  66
1
  10
0
  20
0
  30
0
  0
VERTEX
  5
636
  8
Layer_8
  10
596.42328
  20
-67.907837
  0
VERTEX
  5
637
  8
Layer_8
  10
596.97626
  20
-67.907845
  0
SEQEND
  0
POLYLINE
  5
639
  8
Layer_8
  62
254
  66
1
  10
0
  20
0
  30
0
  0
VERTEX
  5
639
  8
Layer_8
  10
597.25281
  20
-67.907845
  0
VERTEX
  5
63a
  8
Layer_8
  10
597.80585
  20
-67.907852
  0
SEQEND
  0
POLYLINE
  5
63c
  8
Layer_8
  62
254
  66
1
  10
0
  20
0
  30
0
  0
VERTEX
  5
63c
  8
Layer_8
  10
598.08234
  20
-67.907852
  0
VERTEX
  5
63d
  8
Layer_8
  10
598.63538
  20
-67.907852
  0
SEQEND
  0
POLYLINE
  5
63f
  8
Layer_8
  62
254
  66
1
  10
0
  20
0
  30
0
  0
VERTEX
  5
63f
  8
Layer_8
  10
598.91187
  20
-67.90786
  0
VERTEX
  5
640
  8
Layer_8
  10
599.4649
  20
-67.90786
  0
SEQEND
  0
POLYLINE
  5
642
  8
Layer_8
  62
254
  66
1
  10
0
  20
0
  30
0
  0
VERTEX
  5
642
  8
Layer_8
  10
599.74146
  20
-67.907867
  0
VERTEX
  5
643
  8
Layer_8
  10
600.29443
  20
-67.907867
  0
SEQEND
  0
POLYLINE
  5
645
  8
Layer_8
  62
254
  66
1
  10
0
  20
0
  30
0
  0
VERTEX
  5
645
  8
Layer_8
  10
600.57098
  20
-67.907867
  0
VERTEX
  5
646
  8
Layer_8
  10
601.12402
  20
-67.907875
  0
SEQEND
  0
POLYLINE
  5
648
  8
Layer_8
  62
254
  66
1
  10
0
  20
0
  30
0
  0
VERTEX
  5
648
  8
Layer_8
  10
601.40051
  20
-67.907883
  0
VERTEX
  5
649
  8
Layer_8
  10
601.95355
  20
-67.907883
  0
SEQEND
  0
POLYLINE
  5
64b
  8
Layer_8
  62
254
  66
1
  10
0
  20
0
  30
0
  0
VERTEX
  5
64b
  8
Layer_8
  10
602.23004
  20
-67.907883
  0
VERTEX
  5
64c
  8
Layer_8
  10
602.78308
  20
-67.90789
  0
SEQEND
  0
POLYLINE
  5
64e
  8
Layer_8
  62
254
  66
1
  10
0
  20
0
  30
0
  0
VERTEX
  5
64e
  8
Layer_8
  10
603.05957
  20
-67.90789
  0
VERTEX
  5
64f
  8
Layer_8
  10
603.61261
  20
-67.907898
  0
SEQEND
  0
POLYLINE
  5
651
  8
Layer_8
  62
254
  66
1
  10
0
  20
0
  30
0
  0
VERTEX
  5
651
  8
Layer_8
  10
603.88916
  20
-67.907898
  0
VERTEX
  5
652
  8
Layer_8
  10
604.44214
  20
-67.907898
  0
SEQEND
  0
POLYLINE
  5
654
  8
Layer_8
  62
254
  66
1
  10
0
  20
0
  30
0
  0
VERTEX
  5
654
  8
Layer_8
  10
604.71869
  20
-67.907906
  0
VERTEX
  5
655
  8
Layer_8
  10
605.27173
  20
-67.907913
  0
SEQEND
  0
POLYLINE
  5
657
  8
Layer_8
  62
254
  66
1
  10
0
  20
0
  30
0
  0
VERTEX
  5
657
  8
Layer_8
  10
605.54822
  20
-67.907913
  0
VERTEX
  5
658
  8
Layer_8
  10
606.10126
  20
-67.907913
  0
SEQEND
  0
POLYLINE
  5
65a
  8
Layer_8
  62
254
  66
1
  10
0
  20
0
  30
0
  0
VERTEX
  5
65a
  8
Layer_8
  10
606.37775
  20
-67.907921
  0
VERTEX
  5
65b
  8
Layer_8
  10
606.93079
  20
-67.907921
  0
SEQEND
  0
POLYLINE
  5
65d
  8
Layer_8
  62
254
  66
1
  10
0
  20
0
  30
0
  0
VERTEX
  5
65d
  8
Layer_8
  10
607.20734
  20
-67.907928
  0
VERTEX
  5
65e
  8
Layer_8
  10
607.76031
  20
-67.907928
  0
SEQEND
  0
POLYLINE
  5
660
  8
Layer_8
  62
254
  66
1
  10
0
  20
0
  30
0
  0
VERTEX
  5
660
  8
Layer_8
  10
608.03687
  20
-67.907928
  0
VERTEX
  5
661
  8
Layer_8
  10
608.5899
  20
-67.907936
  0
SEQEND
  0
POLYLINE
  5
663
  8
Layer_8
  62
254
  66
1
  10
0
  20
0
  30
0
  0
VERTEX
  5
663
  8
Layer_8
  10
608.86639
  20
-67.907944
  0
VERTEX
  5
664
  8
Layer_8
  10
609.41943
  20
-67.907944
  0
SEQEND
  0
POLYLINE
  5
666
  8
Layer_8
  62
254
  66
1
  10
0
  20
0
  30
0
  0
VERTEX
  5
666
  8
Layer_8
  10
609.69592
  20
-67.907944
  0
VERTEX
  5
667
  8
Layer_8
  10
610.24896
  20
-67.907951
  0
SEQEND
  0
POLYLINE
  5
669
  8
Layer_8
  62
254
  66
1
  10
0
  20
0
  30
0
  0
VERTEX
  5
669
  8
Layer_8
  10
610.52545
  20
-67.907951
  0
VERTEX
  5
66a
  8
Layer_8
  10
610.5752
  20
-67.907951
  0
SEQEND
  0
POLYLINE
  5
66c
  8
Layer_8
  62
254
  66
1
  10
0
  20
0
  30
0
  0
VERTEX
  5
66c
  8
Layer_8
  10
610.7254
  20
-58.786957
  0
VERTEX
  5
66d
  8
Layer_8
  10
611.27844
  20
-58.786957
  0
SEQEND
  0
POLYLINE
  5
66f
  8
Layer_8
  62
254
  66
1
  10
0
  20
0
  30
0
  0
VERTEX
  5
66f
  8
Layer_8
  10
611.55493
  20
-58.786957
  0
VERTEX
  5
670
  8
Layer_8
  10
612.10797
  20
-58.786957
  0
SEQEND
  0
POLYLINE
  5
672
  8
Layer_8
  62
254
  66
1
  10
0
  20
0
  30
0
  0
VERTEX
  5
672
  8
Layer_8
  10
612.38446
  20
-58.786957
  0
VERTEX
  5
673
  8
Layer_8
  10
612.9375
  20
-58.786957
  0
SEQEND
  0
POLYLINE
  5
675
  8
Layer_8
  62
254
  66
1
  10
0
  20
0
  30
0
  0
VERTEX
  5
675
  8
Layer_8
  10
613.21399
  20
-58.786957
  0
VERTEX
  5
676
  8
Layer_8
  10
613.76703
  20
-58.786957
  0
SEQEND
  0
POLYLINE
  5
678
  8
Layer_8
  62
254
  66
1
  10
0
  20
0
  30
0
  0
VERTEX
  5
678
  8
Layer_8
  10
614.04358
  20
-58.786957
  0
VERTEX
  5
679
  8
Layer_8
  10
614.59656
  20
-58.786957
  0
SEQEND
  0
POLYLINE
  5
67b
  8
Layer_8
  62
254
  66
1
  10
0
  20
0
  30
0
  0
VERTEX
  5
67b
  8
Layer_8
  10
614.87311
  20
-58.786957
  0
VERTEX
  5
67c
  8
Layer_8
  10
615.42615
  20
-58.786957
  0
SEQEND
  0
POLYLINE
  5
67e
  8
Layer_8
  62
254
  66
1
  10
0
  20
0
  30
0
  0
VERTEX
  5
67e
  8
Layer_8
  10
615.70264
  20
-58.786957
  0
VERTEX
  5
67f
  8
Layer_8
  10
616.25568
  20
-58.786957
  0
SEQEND
  0
POLYLINE
  5
681
  8
Layer_8
  62
254
  66
1
  10
0
  20
0
  30
0
  0
VERTEX
  5
681
  8
Layer_8
  10
616.53217
  20
-58.786957
  0
VERTEX
  5
682
  8
Layer_8
  10
617.08521
  20
-58.786957
  0
SEQEND
  0
POLYLINE
  5
684
  8
Layer_8
  62
254
  66
1
  10
0
  20
0
  30
0
  0
VERTEX
  5
684
  8
Layer_8
  10
617.36169
  20
-58.786957
  0
VERTEX
  5
685
  8
Layer_8
  10
617.91473
  20
-58.786957
  0
SEQEND
  0
POLYLINE
  5
687
  8
Layer_8
  62
254
  66
1
  10
0
  20
0
  30
0
  0
VERTEX
  5
687
  8
Layer_8
  10
618.19128
  20
-58.786957
  0
VERTEX
  5
688
  8
Layer_8
  10
618.74426
  20
-58.786957
  0
SEQEND
  0
POLYLINE
  5
68a
  8
Layer_8
  62
254
  66
1
  10
0
  20
0
  30
0
  0
VERTEX
  5
68a
  8
Layer_8
  10
619.02081
  20
-58.786957
  0
VERTEX
  5
68b
  8
Layer_8
  10
619.57385
  20
-58.786957
  0
SEQEND
  0
POLYLINE
  5
68d
  8
Layer_8
  62
254
  66
1
  10
0
  20
0
  30
0
  0
VERTEX
  5
68d
  8
Layer_8
  10
619.85034
  20
-58.786957
  0
VERTEX
  5
68e
  8
Layer_8
  10
620.40338
  20
-58.786957
  0
SEQEND
  0
POLYLINE
  5
690
  8
Layer_8
  62
254
  66
1
  10
0
  20
0
  30
0
  0
VERTEX
  5
690
  8
Layer_8
  10
620.67987
  20
-58.786957
  0
VERTEX
  5
691
  8
Layer_8
  10
621.23291
  20
-58.786957
  0
SEQEND
  0
POLYLINE
  5
693
  8
Layer_8
  62
254
  66
1
  10
0
  20
0
  30
0
  0
VERTEX
  5
693
  8
Layer_8
  10
621.50946
  20
-58.786957
  0
VERTEX
  5
694
  8
Layer_8
  10
622.06244
  20
-58.786957
  0
SEQEND
  0
POLYLINE
  5
696
  8
Layer_8
  62
254
  66
1
  10
0
  20
0
  30
0
  0
VERTEX
  5
696
  8
Layer_8
  10
622.33899
  20
-58.786957
  0
VERTEX
  5
697
  8
Layer_8
  10
622.89203
  20
-58.786957
  0
SEQEND
  0
POLYLINE
  5
699
  8
Layer_8
  62
254
  66
1
  10
0
  20
0
  30
0
  0
VERTEX
  5
699
  8
Layer_8
  10
623.16852
  20
-58.786957
  0
VERTEX
  5
69a
  8
Layer_8
  10
623.72156
  20
-58.786957
  0
SEQEND
  0
POLYLINE
  5
69c
  8
Layer_8
  62
254
  66
1
  10
0
  20
0
  30
0
  0
VERTEX
  5
69c
  8
Layer_8
  10
623.99805
  20
-58.786957
  0
VERTEX
  5
69d
  8
Layer_8
  10
624.55109
  20
-58.786957
  0
SEQEND
  0
POLYLINE
  5
69f
  8
Layer_8
  62
254
  66
1
  10
0
  20
0
  30
0
  0
VERTEX
  5
69f
  8
Layer_8
  10
624.82764
  20
-58.786957
  0
VERTEX
  5
6a0
  8
Layer_8
  10
625.38062
  20
-58.786957
  0
SEQEND
  0
POLYLINE
  5
6a2
  8
Layer_8
  62
254
  66
1
  10
0
  20
0
  30
0
  0
VERTEX
  5
6a2
  8
Layer_8
  10
625.65717
  20
-58.786957
  0
VERTEX
  5
6a3
  8
Layer_8
  10
626.21021
  20
-58.786957
  0
SEQEND
  0
POLYLINE
  5
6a5
  8
Layer_8
  62
254
  66
1
  10
0
  20
0
  30
0
  0
VERTEX
  5
6a5
  8
Layer_8
  10
626.48669
  20
-58.786957
  0
VERTEX
  5
6a6
  8
Layer_8
  10
627.03973
  20
-58.786957
  0
SEQEND
  0
POLYLINE
  5
6a8
  8
Layer_8
  62
254
  66
1
  10
0
  20
0
  30
0
  0
VERTEX
  5
6a8
  8
Layer_8
  10
627.31622
  20
-58.786957
  0
VERTEX
  5
6a9
  8
Layer_8
  10
627.86926
  20
-58.786957
  0
SEQEND
  0
POLYLINE
  5
6ab
  8
Layer_8
  62
254
  66
1
  10
0
  20
0
  30
0
  0
VERTEX
  5
6ab
  8
Layer_8
  10
628.14575
  20
-58.786957
  0
VERTEX
  5
6ac
  8
Layer_8
  10
628.69879
  20
-58.786957
  0
SEQEND
  0
POLYLINE
  5
6ae
  8
Layer_8
  62
254
  66
1
  10
0
  20
0
  30
0
  0
VERTEX
  5
6ae
  8
Layer_8
  10
628.97534
  20
-58.786957
  0
VERTEX
  5
6af
  8
Layer_8
  10
629.52832
  20
-58.786957
  0
SEQEND
  0
POLYLINE
  5
6b1
  8
Layer_8
  62
254
  66
1
  10
0
  20
0
  30
0
  0
VERTEX
  5
6b1
  8
Layer_8
  10
629.80487
  20
-58.786957
  0
VERTEX
  5
6b2
  8
Layer_8
  10
630.35791
  20
-58.786957
  0
SEQEND
  0
POLYLINE
  5
6b4
  8
Layer_8
  62
254
  66
1
  10
0
  20
0
  30
0
  0
VERTEX
  5
6b4
  8
Layer_8
  10
630.6344
  20
-58.786957
  0
VERTEX
  5
6b5
  8
Layer_8
  10
631.18744
  20
-58.786957
  0
SEQEND
  0
POLYLINE
  5
6b7
  8
Layer_8
  62
254
  66
1
  10
0
  20
0
  30
0
  0
VERTEX
  5
6b7
  8
Layer_8
  10
631.46393
  20
-58.786957
  0
VERTEX
  5
6b8
  8
Layer_8
  10
632.01697
  20
-58.786957
  0
SEQEND
  0
POLYLINE
  5
6ba
  8
Layer_8
  62
254
  66
1
  10
0
  20
0
  30
0
  0
VERTEX
  5
6ba
  8
Layer_8
  10
632.29346
  20
-58.786957
  0
VERTEX
  5
6bb
  8
Layer_8
  10
632.8465
  20
-58.786957
  0
SEQEND
  0
POLYLINE
  5
6bd
  8
Layer_8
  62
254
  66
1
  10
0
  20
0
  30
0
  0
VERTEX
  5
6bd
  8
Layer_8
  10
633.12305
  20
-58.786957
  0
VERTEX
  5
6be
  8
Layer_8
  10
633.67603
  20
-58.786957
  0
SEQEND
  0
POLYLINE
  5
6c0
  8
Layer_8
  62
254
  66
1
  10
0
  20
0
  30
0
  0
VERTEX
  5
6c0
  8
Layer_8
  10
633.95258
  20
-58.786957
  0
VERTEX
  5
6c1
  8
Layer_8
  10
634.50562
  20
-58.786957
  0
SEQEND
  0
POLYLINE
  5
6c3
  8
Layer_8
  62
254
  66
1
  10
0
  20
0
  30
0
  0
VERTEX
  5
6c3
  8
Layer_8
  10
634.7821
  20
-58.786957
  0
VERTEX
  5
6c4
  8
Layer_8
  10
635.33514
  20
-58.786957
  0
SEQEND
  0
POLYLINE
  5
6c6
  8
Layer_8
  62
254
  66
1
  10
0
  20
0
  30
0
  0
VERTEX
  5
6c6
  8
Layer_8
  10
635.61163
  20
-58.786957
  0
VERTEX
  5
6c7
  8
Layer_8
  10
636.16467
  20
-58.786957
  0
SEQEND
  0
POLYLINE
  5
6c9
  8
Layer_8
  62
254
  66
1
  10
0
  20
0
  30
0
  0
VERTEX
  5
6c9
  8
Layer_8
  10
636.44122
  20
-58.786957
  0
VERTEX
  5
6ca
  8
Layer_8
  10
636.9942
  20
-58.786957
  0
SEQEND
  0
POLYLINE
  5
6cc
  8
Layer_8
  62
254
  66
1
  10
0
  20
0
  30
0
  0
VERTEX
  5
6cc
  8
Layer_8
  10
637.27075
  20
-58.786957
  0
VERTEX
  5
6cd
  8
Layer_8
  10
637.82379
  20
-58.786957
  0
SEQEND
  0
POLYLINE
  5
6cf
  8
Layer_8
  62
254
  66
1
  10
0
  20
0
  30
0
  0
VERTEX
  5
6cf
  8
Layer_8
  10
638.10028
  20
-58.786957
  0
VERTEX
  5
6d0
  8
Layer_8
  10
638.65332
  20
-58.786957
  0
SEQEND
  0
POLYLINE
  5
6d2
  8
Layer_8
  62
254
  66
1
  10
0
  20
0
  30
0
  0
VERTEX
  5
6d2
  8
Layer_8
  10
638.92981
  20
-58.786957
  0
VERTEX
  5
6d3
  8
Layer_8
  10
639.48285
  20
-58.786957
  0
SEQEND
  0
POLYLINE
  5
6d5
  8
Layer_8
  62
254
  66
1
  10
0
  20
0
  30
0
  0
VERTEX
  5
6d5
  8
Layer_8
  10
639.75934
  20
-58.786957
  0
VERTEX
  5
6d6
  8
Layer_8
  10
640.31238
  20
-58.786957
  0
SEQEND
  0
POLYLINE
  5
6d8
  8
Layer_8
  62
254
  66
1
  10
0
  20
0
  30
0
  0
VERTEX
  5
6d8
  8
Layer_8
  10
640.58893
  20
-58.786957
  0
VERTEX
  5
6d9
  8
Layer_8
  10
641.14191
  20
-58.786957
  0
SEQEND
  0
POLYLINE
  5
6db
  8
Layer_8
  62
254
  66
1
  10
0
  20
0
  30
0
  0
VERTEX
  5
6db
  8
Layer_8
  10
641.41846
  20
-58.786957
  0
VERTEX
  5
6dc
  8
Layer_8
  10
641.9715
  20
-58.786957
  0
SEQEND
  0
POLYLINE
  5
6de
  8
Layer_8
  62
254
  66
1
  10
0
  20
0
  30
0
  0
VERTEX
  5
6de
  8
Layer_8
  10
642.24799
  20
-58.786957
  0
VERTEX
  5
6df
  8
Layer_8
  10
642.80103
  20
-58.786957
  0
SEQEND
  0
POLYLINE
  5
6e1
  8
Layer_8
  62
254
  66
1
  10
0
  20
0
  30
0
  0
VERTEX
  5
6e1
  8
Layer_8
  10
643.07751
  20
-58.786957
  0
VERTEX
  5
6e2
  8
Layer_8
  10
643.63055
  20
-58.786957
  0
SEQEND
  0
POLYLINE
  5
6e4
  8
Layer_8
  62
254
  66
1
  10
0
  20
0
  30
0
  0
VERTEX
  5
6e4
  8
Layer_8
  10
643.9071
  20
-58.786957
  0
VERTEX
  5
6e5
  8
Layer_8
  10
644.46008
  20
-58.786957
  0
SEQEND
  0
POLYLINE
  5
6e7
  8
Layer_8
  62
254
  66
1
  10
0
  20
0
  30
0
  0
VERTEX
  5
6e7
  8
Layer_8
  10
644.73663
  20
-58.786957
  0
VERTEX
  5
6e8
  8
Layer_8
  10
645.28967
  20
-58.786957
  0
SEQEND
  0
POLYLINE
  5
6ea
  8
Layer_8
  62
254
  66
1
  10
0
  20
0
  30
0
  0
VERTEX
  5
6ea
  8
Layer_8
  10
645.56616
  20
-58.786957
  0
VERTEX
  5
6eb
  8
Layer_8
  10
646.1192
  20
-58.786957
  0
SEQEND
  0
POLYLINE
  5
6ed
  8
Layer_8
  62
254
  66
1
  10
0
  20
0
  30
0
  0
VERTEX
  5
6ed
  8
Layer_8
  10
646.39569
  20
-58.786957
  0
VERTEX
  5
6ee
  8
Layer_8
  10
646.94873
  20
-58.786957
  0
SEQEND
  0
POLYLINE
  5
6f0
  8
Layer_8
  62
254
  66
1
  10
0
  20
0
  30
0
  0
VERTEX
  5
6f0
  8
Layer_8
  10
647.22522
  20
-58.786957
  0
VERTEX
  5
6f1
  8
Layer_8
  10
647.77826
  20
-58.786957
  0
SEQEND
  0
POLYLINE
  5
6f3
  8
Layer_8
  62
254
  66
1
  10
0
  20
0
  30
0
  0
VERTEX
  5
6f3
  8
Layer_8
  10
648.05481
  20
-58.786957
  0
VERTEX
  5
6f4
  8
Layer_8
  10
648.60779
  20
-58.786957
  0
SEQEND
  0
POLYLINE
  5
6f6
  8
Layer_8
  62
254
  66
1
  10
0
  20
0
  30
0
  0
VERTEX
  5
6f6
  8
Layer_8
  10
648.88434
  20
-58.786957
  0
VERTEX
  5
6f7
  8
Layer_8
  10
649.43738
  20
-58.786957
  0
SEQEND
  0
POLYLINE
  5
6f9
  8
Layer_8
  62
254
  66
1
  10
0
  20
0
  30
0
  0
VERTEX
  5
6f9
  8
Layer_8
  10
649.71387
  20
-58.786957
  0
VERTEX
  5
6fa
  8
Layer_8
  10
650.26691
  20
-58.786957
  0
SEQEND
  0
POLYLINE
  5
6fc
  8
Layer_8
  62
254
  66
1
  10
0
  20
0
  30
0
  0
VERTEX
  5
6fc
  8
Layer_8
  10
650.5434
  20
-58.786957
  0
VERTEX
  5
6fd
  8
Layer_8
  10
651.09644
  20
-58.786957
  0
SEQEND
  0
POLYLINE
  5
6ff
  8
Layer_8
  62
254
  66
1
  10
0
  20
0
  30
0
  0
VERTEX
  5
6ff
  8
Layer_8
  10
651.37292
  20
-58.786957
  0
VERTEX
  5
700
  8
Layer_8
  10
651.92596
  20
-58.786957
  0
SEQEND
  0
POLYLINE
  5
702
  8
Layer_8
  62
254
  66
1
  10
0
  20
0
  30
0
  0
VERTEX
  5
702
  8
Layer_8
  10
652.20251
  20
-58.786957
  0
VERTEX
  5
703
  8
Layer_8
  10
652.75555
  20
-58.786957
  0
SEQEND
  0
POLYLINE
  5
705
  8
Layer_8
  62
254
  66
1
  10
0
  20
0
  30
0
  0
VERTEX
  5
705
  8
Layer_8
  10
653.03204
  20
-58.786957
  0
VERTEX
  5
706
  8
Layer_8
  10
653.58508
  20
-58.786957
  0
SEQEND
  0
POLYLINE
  5
708
  8
Layer_8
  62
254
  66
1
  10
0
  20
0
  30
0
  0
VERTEX
  5
708
  8
Layer_8
  10
653.86157
  20
-58.786957
  0
VERTEX
  5
709
  8
Layer_8
  10
654.41461
  20
-58.786957
  0
SEQEND
  0
POLYLINE
  5
70b
  8
Layer_8
  62
254
  66
1
  10
0
  20
0
  30
0
  0
VERTEX
  5
70b
  8
Layer_8
  10
654.6911
  20
-58.786957
  0
VERTEX
  5
70c
  8
Layer_8
  10
655.24414
  20
-58.786957
  0
SEQEND
  0
POLYLINE
  5
70e
  8
Layer_8
  62
254
  66
1
  10
0
  20
0
  30
0
  0
VERTEX
  5
70e
  8
Layer_8
  10
655.52069
  20
-58.786957
  0
VERTEX
  5
70f
  8
Layer_8
  10
656.07373
  20
-58.786957
  0
SEQEND
  0
POLYLINE
  5
711
  8
Layer_8
  62
254
  66
1
  10
0
  20
0
  30
0
  0
VERTEX
  5
711
  8
Layer_8
  10
656.35022
  20
-58.786957
  0
VERTEX
  5
712
  8
Layer_8
  10
656.90326
  20
-58.786957
  0
SEQEND
  0
POLYLINE
  5
714
  8
Layer_8
  62
254
  66
1
  10
0
  20
0
  30
0
  0
VERTEX
  5
714
  8
Layer_8
  10
657.17975
  20
-58.786957
  0
VERTEX
  5
715
  8
Layer_8
  10
657.73279
  20
-58.786957
  0
SEQEND
  0
POLYLINE
  5
717
  8
Layer_8
  62
254
  66
1
  10
0
  20
0
  30
0
  0
VERTEX
  5
717
  8
Layer_8
  10
658.00928
  20
-58.786957
  0
VERTEX
  5
718
  8
Layer_8
  10
658.56232
  20
-58.786957
  0
SEQEND
  0
POLYLINE
  5
71a
  8
Layer_8
  62
254
  66
1
  10
0
  20
0
  30
0
  0
VERTEX
  5
71a
  8
Layer_8
  10
658.83887
  20
-58.786957
  0
VERTEX
  5
71b
  8
Layer_8
  10
659.39185
  20
-58.786957
  0
SEQEND
  0
POLYLINE
  5
71d
  8
Layer_8
  62
254
  66
1
  10
0
  20
0
  30
0
  0
VERTEX
  5
71d
  8
Layer_8
  10
659.6684
  20
-58.786957
  0
VERTEX
  5
71e
  8
Layer_8
  10
660.22144
  20
-58.786957
  0
SEQEND
  0
POLYLINE
  5
720
  8
Layer_8
  62
254
  66
1
  10
0
  20
0
  30
0
  0
VERTEX
  5
720
  8
Layer_8
  10
660.49792
  20
-58.786957
  0
VERTEX
  5
721
  8
Layer_8
  10
661.05096
  20
-58.786957
  0
SEQEND
  0
POLYLINE
  5
723
  8
Layer_8
  62
254
  66
1
  10
0
  20
0
  30
0
  0
VERTEX
  5
723
  8
Layer_8
  10
661.32745
  20
-58.786957
  0
VERTEX
  5
724
  8
Layer_8
  10
661.88049
  20
-58.786957
  0
SEQEND
  0
POLYLINE
  5
726
  8
Layer_8
  62
254
  66
1
  10
0
  20
0
  30
0
  0
VERTEX
  5
726
  8
Layer_8
  10
662.15698
  20
-58.786957
  0
VERTEX
  5
727
  8
Layer_8
  10
662.71002
  20
-58.786957
  0
SEQEND
  0
POLYLINE
  5
729
  8
Layer_8
  62
254
  66
1
  10
0
  20
0
  30
0
  0
VERTEX
  5
729
  8
Layer_8
  10
662.98657
  20
-58.786957
  0
VERTEX
  5
72a
  8
Layer_8
  10
663.53955
  20
-58.786957
  0
SEQEND
  0
POLYLINE
  5
72c
  8
Layer_8
  62
254
  66
1
  10
0
  20
0
  30
0
  0
VERTEX
  5
72c
  8
Layer_8
  10
663.8161
  20
-58.786957
  0
VERTEX
  5
72d
  8
Layer_8
  10
664.36914
  20
-58.786957
  0
SEQEND
  0
POLYLINE
  5
72f
  8
Layer_8
  62
254
  66
1
  10
0
  20
0
  30
0
  0
VERTEX
  5
72f
  8
Layer_8
  10
664.64563
  20
-58.786957
  0
VERTEX
  5
730
  8
Layer_8
  10
665.19867
  20
-58.786957
  0
SEQEND
  0
POLYLINE
  5
732
  8
Layer_8
  62
254
  66
1
  10
0
  20
0
  30
0
  0
VERTEX
  5
732
  8
Layer_8
  10
665.47516
  20
-58.786957
  0
VERTEX
  5
733
  8
Layer_8
  10
666.0282
  20
-58.786957
  0
SEQEND
  0
POLYLINE
  5
735
  8
Layer_8
  62
254
  66
1
  10
0
  20
0
  30
0
  0
VERTEX
  5
735
  8
Layer_8
  10
666.30469
  20
-58.786957
  0
VERTEX
  5
736
  8
Layer_8
  10
666.85773
  20
-58.786957
  0
SEQEND
  0
POLYLINE
  5
738
  8
Layer_8
  62
254
  66
1
  10
0
  20
0
  30
0
  0
VERTEX
  5
738
  8
Layer_8
  10
667.13428
  20
-58.786957
  0
VERTEX
  5
739
  8
Layer_8
  10
667.68726
  20
-58.786957
  0
SEQEND
  0
POLYLINE
  5
73b
  8
Layer_8
  62
254
  66
1
  10
0
  20
0
  30
0
  0
VERTEX
  5
73b
  8
Layer_8
  10
667.96381
  20
-58.786957
  0
VERTEX
  5
73c
  8
Layer_8
  10
668.51685
  20
-58.786957
  0
SEQEND
  0
POLYLINE
  5
73e
  8
Layer_8
  62
254
  66
1
  10
0
  20
0
  30
0
  0
VERTEX
  5
73e
  8
Layer_8
  10
668.79333
  20
-58.786957
  0
VERTEX
  5
73f
  8
Layer_8
  10
669.34637
  20
-58.786957
  0
SEQEND
  0
POLYLINE
  5
741
  8
Layer_8
  62
254
  66
1
  10
0
  20
0
  30
0
  0
VERTEX
  5
741
  8
Layer_8
  10
669.62286
  20
-58.786957
  0
VERTEX
  5
742
  8
Layer_8
  10
670.1759
  20
-58.786957
  0
SEQEND
  0
POLYLINE
  5
744
  8
Layer_8
  62
254
  66
1
  10
0
  20
0
  30
0
  0
VERTEX
  5
744
  8
Layer_8
  10
670.45245
  20
-58.786957
  0
VERTEX
  5
745
  8
Layer_8
  10
671.00549
  20
-58.786957
  0
SEQEND
  0
POLYLINE
  5
747
  8
Layer_8
  62
254
  66
1
  10
0
  20
0
  30
0
  0
VERTEX
  5
747
  8
Layer_8
  10
671.28198
  20
-58.786957
  0
VERTEX
  5
748
  8
Layer_8
  10
671.83502
  20
-58.786957
  0
SEQEND
  0
POLYLINE
  5
74a
  8
Layer_8
  62
254
  66
1
  10
0
  20
0
  30
0
  0
VERTEX
  5
74a
  8
Layer_8
  10
672.11151
  20
-58.786957
  0
VERTEX
  5
74b
  8
Layer_8
  10
672.66455
  20
-58.786957
  0
SEQEND
  0
POLYLINE
  5
74d
  8
Layer_8
  62
254
  66
1
  10
0
  20
0
  30
0
  0
VERTEX
  5
74d
  8
Layer_8
  10
672.94104
  20
-58.786957
  0
VERTEX
  5
74e
  8
Layer_8
  10
673.49408
  20
-58.786957
  0
SEQEND
  0
POLYLINE
  5
750
  8
Layer_8
  62
254
  66
1
  10
0
  20
0
  30
0
  0
VERTEX
  5
750
  8
Layer_8
  10
673.77063
  20
-58.786957
  0
VERTEX
  5
751
  8
Layer_8
  10
674.32361
  20
-58.786957
  0
SEQEND
  0
POLYLINE
  5
753
  8
Layer_8
  62
254
  66
1
  10
0
  20
0
  30
0
  0
VERTEX
  5
753
  8
Layer_8
  10
674.60016
  20
-58.786957
  0
VERTEX
  5
754
  8
Layer_8
  10
675.1532
  20
-58.786957
  0
SEQEND
  0
POLYLINE
  5
756
  8
Layer_8
  62
254
  66
1
  10
0
  20
0
  30
0
  0
VERTEX
  5
756
  8
Layer_8
  10
675.42969
  20
-58.786957
  0
VERTEX
  5
757
  8
Layer_8
  10
675.98273
  20
-58.786957
  0
SEQEND
  0
POLYLINE
  5
759
  8
Layer_8
  62
254
  66
1
  10
0
  20
0
  30
0
  0
VERTEX
  5
759
  8
Layer_8
  10
676.25922
  20
-58.786957
  0
VERTEX
  5
75a
  8
Layer_8
  10
676.81226
  20
-58.786957
  0
SEQEND
  0
POLYLINE
  5
75c
  8
Layer_8
  62
254
  66
1
  10
0
  20
0
  30
0
  0
VERTEX
  5
75c
  8
Layer_8
  10
677.08875
  20
-58.786957
  0
VERTEX
  5
75d
  8
Layer_8
  10
677.64178
  20
-58.786957
  0
SEQEND
  0
POLYLINE
  5
75f
  8
Layer_8
  62
254
  66
1
  10
0
  20
0
  30
0
  0
VERTEX
  5
75f
  8
Layer_8
  10
677.91833
  20
-58.786957
  0
VERTEX
  5
760
  8
Layer_8
  10
678.47131
  20
-58.786957
  0
SEQEND
  0
POLYLINE
  5
762
  8
Layer_8
  62
254
  66
1
  10
0
  20
0
  30
0
  0
VERTEX
  5
762
  8
Layer_8
  10
678.74786
  20
-58.786957
  0
VERTEX
  5
763
  8
Layer_8
  10
679.3009
  20
-58.786957
  0
SEQEND
  0
POLYLINE
  5
765
  8
Layer_8
  62
254
  66
1
  10
0
  20
0
  30
0
  0
VERTEX
  5
765
  8
Layer_8
  10
679.57739
  20
-58.786957
  0
VERTEX
  5
766
  8
Layer_8
  10
680.13043
  20
-58.786957
  0
SEQEND
  0
POLYLINE
  5
768
  8
Layer_8
  62
254
  66
1
  10
0
  20
0
  30
0
  0
VERTEX
  5
768
  8
Layer_8
  10
680.40692
  20
-58.786957
  0
VERTEX
  5
769
  8
Layer_8
  10
680.95996
  20
-58.786957
  0
SEQEND
  0
POLYLINE
  5
76b
  8
Layer_8
  62
254
  66
1
  10
0
  20
0
  30
0
  0
VERTEX
  5
76b
  8
Layer_8
  10
681.23645
  20
-58.786957
  0
VERTEX
  5
76c
  8
Layer_8
  10
681.78949
  20
-58.786957
  0
SEQEND
  0
POLYLINE
  5
76e
  8
Layer_8
  62
254
  66
1
  10
0
  20
0
  30
0
  0
VERTEX
  5
76e
  8
Layer_8
  10
682.06604
  20
-58.786957
  0
VERTEX
  5
76f
  8
Layer_8
  10
682.61902
  20
-58.786957
  0
SEQEND
  0
POLYLINE
  5
771
  8
Layer_8
  62
254
  66
1
  10
0
  20
0
  30
0
  0
VERTEX
  5
771
  8
Layer_8
  10
682.89557
  20
-58.786957
  0
VERTEX
  5
772
  8
Layer_8
  10
683.44861
  20
-58.786957
  0
SEQEND
  0
POLYLINE
  5
774
  8
Layer_8
  62
254
  66
1
  10
0
  20
0
  30
0
  0
VERTEX
  5
774
  8
Layer_8
  10
683.7251
  20
-58.786957
  0
VERTEX
  5
775
  8
Layer_8
  10
684.27814
  20
-58.786957
  0
SEQEND
  0
POLYLINE
  5
777
  8
Layer_8
  62
254
  66
1
  10
0
  20
0
  30
0
  0
VERTEX
  5
777
  8
Layer_8
  10
684.55463
  20
-58.786957
  0
VERTEX
  5
778
  8
Layer_8
  10
685.10767
  20
-58.786957
  0
SEQEND
  0
POLYLINE
  5
77a
  8
Layer_8
  62
254
  66
1
  10
0
  20
0
  30
0
  0
VERTEX
  5
77a
  8
Layer_8
  10
685.38422
  20
-58.786957
  0
VERTEX
  5
77b
  8
Layer_8
  10
685.93719
  20
-58.786957
  0
SEQEND
  0
POLYLINE
  5
77d
  8
Layer_8
  62
254
  66
1
  10
0
  20
0
  30
0
  0
VERTEX
  5
77d
  8
Layer_8
  10
686.21375
  20
-58.786957
  0
VERTEX
  5
77e
  8
Layer_8
  10
686.76678
  20
-58.786957
  0
SEQEND
  0
POLYLINE
  5
780
  8
Layer_8
  62
254
  66
1
  10
0
  20
0
  30
0
  0
VERTEX
  5
780
  8
Layer_8
  10
687.04327
  20
-58.786957
  0
VERTEX
  5
781
  8
Layer_8
  10
687.59631
  20
-58.786957
  0
SEQEND
  0
POLYLINE
  5
783
  8
Layer_8
  62
254
  66
1
  10
0
  20
0
  30
0
  0
VERTEX
  5
783
  8
Layer_8
  10
687.8728
  20
-58.786957
  0
VERTEX
  5
784
  8
Layer_8
  10
688.42584
  20
-58.786957
  0
SEQEND
  0
POLYLINE
  5
786
  8
Layer_8
  62
254
  66
1
  10
0
  20
0
  30
0
  0
VERTEX
  5
786
  8
Layer_8
  10
688.70239
  20
-58.786957
  0
VERTEX
  5
787
  8
Layer_8
  10
689.25537
  20
-58.786957
  0
SEQEND
  0
POLYLINE
  5
789
  8
Layer_8
  62
254
  66
1
  10
0
  20
0
  30
0
  0
VERTEX
  5
789
  8
Layer_8
  10
689.53192
  20
-58.786957
  0
VERTEX
  5
78a
  8
Layer_8
  10
690.08496
  20
-58.786957
  0
SEQEND
  0
POLYLINE
  5
78c
  8
Layer_8
  62
254
  66
1
  10
0
  20
0
  30
0
  0
VERTEX
  5
78c
  8
Layer_8
  10
690.36145
  20
-58.786957
  0
VERTEX
  5
78d
  8
Layer_8
  10
690.91449
  20
-58.786957
  0
SEQEND
  0
POLYLINE
  5
78f
  8
Layer_8
  62
254
  66
1
  10
0
  20
0
  30
0
  0
VERTEX
  5
78f
  8
Layer_8
  10
691.19098
  20
-58.786957
  0
VERTEX
  5
790
  8
Layer_8
  10
691.74402
  20
-58.786957
  0
SEQEND
  0
POLYLINE
  5
792
  8
Layer_8
  62
254
  66
1
  10
0
  20
0
  30
0
  0
VERTEX
  5
792
  8
Layer_8
  10
692.02051
  20
-58.786957
  0
VERTEX
  5
793
  8
Layer_8
  10
692.57355
  20
-58.786957
  0
SEQEND
  0
POLYLINE
  5
795
  8
Layer_8
  62
254
  66
1
  10
0
  20
0
  30
0
  0
VERTEX
  5
795
  8
Layer_8
  10
692.8501
  20
-58.786957
  0
VERTEX
  5
796
  8
Layer_8
  10
693.40308
  20
-58.786957
  0
SEQEND
  0
POLYLINE
  5
798
  8
Layer_8
  62
254
  66
1
  10
0
  20
0
  30
0
  0
VERTEX
  5
798
  8
Layer_8
  10
693.67963
  20
-58.786957
  0
VERTEX
  5
799
  8
Layer_8
  10
694.23267
  20
-58.786957
  0
SEQEND
  0
POLYLINE
  5
79b
  8
Layer_8
  62
254
  66
1
  10
0
  20
0
  30
0
  0
VERTEX
  5
79b
  8
Layer_8
  10
694.50916
  20
-58.786957
  0
VERTEX
  5
79c
  8
Layer_8
  10
695.06219
  20
-58.786957
  0
SEQEND
  0
POLYLINE
  5
79e
  8
Layer_8
  62
254
  66
1
  10
0
  20
0
  30
0
  0
VERTEX
  5
79e
  8
Layer_8
  10
695.33868
  20
-58.786957
  0
VERTEX
  5
79f
  8
Layer_8
  10
695.89172
  20
-58.786957
  0
SEQEND
  0
POLYLINE
  5
7a1
  8
Layer_8
  62
254
  66
1
  10
0
  20
0
  30
0
  0
VERTEX
  5
7a1
  8
Layer_8
  10
696.16821
  20
-58.786957
  0
VERTEX
  5
7a2
  8
Layer_8
  10
696.72125
  20
-58.786957
  0
SEQEND
  0
POLYLINE
  5
7a4
  8
Layer_8
  62
254
  66
1
  10
0
  20
0
  30
0
  0
VERTEX
  5
7a4
  8
Layer_8
  10
696.9978
  20
-58.786957
  0
VERTEX
  5
7a5
  8
Layer_8
  10
697.55078
  20
-58.786957
  0
SEQEND
  0
POLYLINE
  5
7a7
  8
Layer_8
  62
254
  66
1
  10
0
  20
0
  30
0
  0
VERTEX
  5
7a7
  8
Layer_8
  10
697.82733
  20
-58.786957
  0
VERTEX
  5
7a8
  8
Layer_8
  10
698.38037
  20
-58.786957
  0
SEQEND
  0
POLYLINE
  5
7aa
  8
Layer_8
  62
254
  66
1
  10
0
  20
0
  30
0
  0
VERTEX
  5
7aa
  8
Layer_8
  10
698.38037
  20
-58.786957
  0
VERTEX
  5
7ab
  8
Layer_8
  10
698.93341
  20
-58.786957
  0
SEQEND
  0
POLYLINE
  5
7ad
  8
Layer_8
  62
254
  66
1
  10
0
  20
0
  30
0
  0
VERTEX
  5
7ad
  8
Layer_8
  10
699.2099
  20
-58.786957
  0
VERTEX
  5
7ae
  8
Layer_8
  10
699.76294
  20
-58.786957
  0
SEQEND
  0
POLYLINE
  5
7b0
  8
Layer_8
  62
254
  66
1
  10
0
  20
0
  30
0
  0
VERTEX
  5
7b0
  8
Layer_8
  10
700.03943
  20
-58.786957
  0
VERTEX
  5
7b1
  8
Layer_8
  10
700.59247
  20
-58.786957
  0
SEQEND
  0
POLYLINE
  5
7b3
  8
Layer_8
  62
254
  66
1
  10
0
  20
0
  30
0
  0
VERTEX
  5
7b3
  8
Layer_8
  10
700.86896
  20
-58.786957
  0
VERTEX
  5
7b4
  8
Layer_8
  10
701.422
  20
-58.786957
  0
SEQEND
  0
POLYLINE
  5
7b6
  8
Layer_8
  62
254
  66
1
  10
0
  20
0
  30
0
  0
VERTEX
  5
7b6
  8
Layer_8
  10
701.69855
  20
-58.786957
  0
VERTEX
  5
7b7
  8
Layer_8
  10
702.25159
  20
-58.786957
  0
SEQEND
  0
POLYLINE
  5
7b9
  8
Layer_8
  62
254
  66
1
  10
0
  20
0
  30
0
  0
VERTEX
  5
7b9
  8
Layer_8
  10
702.52808
  20
-58.786957
  0
VERTEX
  5
7ba
  8
Layer_8
  10
703.08112
  20
-58.786957
  0
SEQEND
  0
POLYLINE
  5
7bc
  8
Layer_8
  62
254
  66
1
  10
0
  20
0
  30
0
  0
VERTEX
  5
7bc
  8
Layer_8
  10
703.3576
  20
-58.786957
  0
VERTEX
  5
7bd
  8
Layer_8
  10
703.91064
  20
-58.786957
  0
SEQEND
  0
POLYLINE
  5
7bf
  8
Layer_8
  62
254
  66
1
  10
0
  20
0
  30
0
  0
VERTEX
  5
7bf
  8
Layer_8
  10
704.18713
  20
-58.786957
  0
VERTEX
  5
7c0
  8
Layer_8
  10
704.74017
  20
-58.786957
  0
SEQEND
  0
POLYLINE
  5
7c2
  8
Layer_8
  62
254
  66
1
  10
0
  20
0
  30
0
  0
VERTEX
  5
7c2
  8
Layer_8
  10
705.01672
  20
-58.786957
  0
VERTEX
  5
7c3
  8
Layer_8
  10
705.5697
  20
-58.786957
  0
SEQEND
  0
POLYLINE
  5
7c5
  8
Layer_8
  62
254
  66
1
  10
0
  20
0
  30
0
  0
VERTEX
  5
7c5
  8
Layer_8
  10
705.84625
  20
-58.786957
  0
VERTEX
  5
7c6
  8
Layer_8
  10
706.39929
  20
-58.786957
  0
SEQEND
  0
POLYLINE
  5
7c8
  8
Layer_8
  62
254
  66
1
  10
0
  20
0
  30
0
  0
VERTEX
  5
7c8
  8
Layer_8
  10
706.67578
  20
-58.786957
  0
VERTEX
  5
7c9
  8
Layer_8
  10
707.22882
  20
-58.786957
  0
SEQEND
  0
POLYLINE
  5
7cb
  8
Layer_8
  62
254
  66
1
  10
0
  20
0
  30
0
  0
VERTEX
  5
7cb
  8
Layer_8
  10
707.50531
  20
-58.786957
  0
VERTEX
  5
7cc
  8
Layer_8
  10
708.05835
  20
-58.786957
  0
SEQEND
  0
POLYLINE
  5
7ce
  8
Layer_8
  62
254
  66
1
  10
0
  20
0
  30
0
  0
VERTEX
  5
7ce
  8
Layer_8
  10
708.33484
  20
-58.786957
  0
VERTEX
  5
7cf
  8
Layer_8
  10
708.88788
  20
-58.786957
  0
SEQEND
  0
POLYLINE
  5
7d1
  8
Layer_8
  62
254
  66
1
  10
0
  20
0
  30
0
  0
VERTEX
  5
7d1
  8
Layer_8
  10
709.16443
  20
-58.786957
  0
VERTEX
  5
7d2
  8
Layer_8
  10
709.71741
  20
-58.786957
  0
SEQEND
  0
POLYLINE
  5
7d4
  8
Layer_8
  62
254
  66
1
  10
0
  20
0
  30
0
  0
VERTEX
  5
7d4
  8
Layer_8
  10
709.99396
  20
-58.786957
  0
VERTEX
  5
7d5
  8
Layer_8
  10
710.547
  20
-58.786957
  0
SEQEND
  0
POLYLINE
  5
7d7
  8
Layer_8
  62
254
  66
1
  10
0
  20
0
  30
0
  0
VERTEX
  5
7d7
  8
Layer_8
  10
710.82349
  20
-58.786957
  0
VERTEX
  5
7d8
  8
Layer_8
  10
711.37653
  20
-58.786957
  0
SEQEND
  0
POLYLINE
  5
7da
  8
Layer_8
  62
254
  66
1
  10
0
  20
0
  30
0
  0
VERTEX
  5
7da
  8
Layer_8
  10
711.65302
  20
-58.786957
  0
VERTEX
  5
7db
  8
Layer_8
  10
712.20605
  20
-58.786957
  0
SEQEND
  0
POLYLINE
  5
7dd
  8
Layer_8
  62
254
  66
1
  10
0
  20
0
  30
0
  0
VERTEX
  5
7dd
  8
Layer_8
  10
712.48254
  20
-58.786957
  0
VERTEX
  5
7de
  8
Layer_8
  10
713.03558
  20
-58.786957
  0
SEQEND
  0
POLYLINE
  5
7e0
  8
Layer_8
  62
254
  66
1
  10
0
  20
0
  30
0
  0
VERTEX
  5
7e0
  8
Layer_8
  10
713.31213
  20
-58.786957
  0
VERTEX
  5
7e1
  8
Layer_8
  10
713.86517
  20
-58.786957
  0
SEQEND
  0
POLYLINE
  5
7e3
  8
Layer_8
  62
254
  66
1
  10
0
  20
0
  30
0
  0
VERTEX
  5
7e3
  8
Layer_8
  10
714.14166
  20
-58.786957
  0
VERTEX
  5
7e4
  8
Layer_8
  10
714.6947
  20
-58.786957
  0
SEQEND
  0
POLYLINE
  5
7e6
  8
Layer_8
  62
254
  66
1
  10
0
  20
0
  30
0
  0
VERTEX
  5
7e6
  8
Layer_8
  10
714.97119
  20
-58.786957
  0
VERTEX
  5
7e7
  8
Layer_8
  10
715.52423
  20
-58.786957
  0
SEQEND
  0
POLYLINE
  5
7e9
  8
Layer_8
  62
254
  66
1
  10
0
  20
0
  30
0
  0
VERTEX
  5
7e9
  8
Layer_8
  10
715.80072
  20
-58.786957
  0
VERTEX
  5
7ea
  8
Layer_8
  10
716.35376
  20
-58.786957
  0
SEQEND
  0
POLYLINE
  5
7ec
  8
Layer_8
  62
254
  66
1
  10
0
  20
0
  30
0
  0
VERTEX
  5
7ec
  8
Layer_8
  10
716.63031
  20
-58.786957
  0
VERTEX
  5
7ed
  8
Layer_8
  10
717.18335
  20
-58.786957
  0
SEQEND
  0
POLYLINE
  5
7ef
  8
Layer_8
  62
254
  66
1
  10
0
  20
0
  30
0
  0
VERTEX
  5
7ef
  8
Layer_8
  10
717.45984
  20
-58.786957
  0
VERTEX
  5
7f0
  8
Layer_8
  10
717.99921
  20
-58.786957
  0
SEQEND
  0
POLYLINE
  5
7f2
  8
Layer_8
  62
254
  66
1
  10
0
  20
0
  30
0
  0
VERTEX
  5
7f2
  8
Layer_8
  10
610.57513
  20
-78.455795
  0
VERTEX
  5
7f3
  8
Layer_8
  10
611.12817
  20
-78.455795
  0
SEQEND
  0
POLYLINE
  5
7f5
  8
Layer_8
  62
254
  66
1
  10
0
  20
0
  30
0
  0
VERTEX
  5
7f5
  8
Layer_8
  10
611.40466
  20
-78.455795
  0
VERTEX
  5
7f6
  8
Layer_8
  10
611.9577
  20
-78.455803
  0
SEQEND
  0
POLYLINE
  5
7f8
  8
Layer_8
  62
254
  66
1
  10
0
  20
0
  30
0
  0
VERTEX
  5
7f8
  8
Layer_8
  10
612.23425
  20
-78.455811
  0
VERTEX
  5
7f9
  8
Layer_8
  10
612.78723
  20
-78.455811
  0
SEQEND
  0
POLYLINE
  5
7fb
  8
Layer_8
  62
254
  66
1
  10
0
  20
0
  30
0
  0
VERTEX
  5
7fb
  8
Layer_8
  10
613.06378
  20
-78.455811
  0
VERTEX
  5
7fc
  8
Layer_8
  10
613.61682
  20
-78.455818
  0
SEQEND
  0
POLYLINE
  5
7fe
  8
Layer_8
  62
254
  66
1
  10
0
  20
0
  30
0
  0
VERTEX
  5
7fe
  8
Layer_8
  10
613.89331
  20
-78.455818
  0
VERTEX
  5
7ff
  8
Layer_8
  10
614.44635
  20
-78.455826
  0
SEQEND
  0
POLYLINE
  5
801
  8
Layer_8
  62
254
  66
1
  10
0
  20
0
  30
0
  0
VERTEX
  5
801
  8
Layer_8
  10
614.72284
  20
-78.455826
  0
VERTEX
  5
802
  8
Layer_8
  10
615.27588
  20
-78.455833
  0
SEQEND
  0
POLYLINE
  5
804
  8
Layer_8
  62
254
  66
1
  10
0
  20
0
  30
0
  0
VERTEX
  5
804
  8
Layer_8
  10
615.55237
  20
-78.455833
  0
VERTEX
  5
805
  8
Layer_8
  10
616.10541
  20
-78.455841
  0
SEQEND
  0
POLYLINE
  5
807
  8
Layer_8
  62
254
  66
1
  10
0
  20
0
  30
0
  0
VERTEX
  5
807
  8
Layer_8
  10
616.38196
  20
-78.455841
  0
VERTEX
  5
808
  8
Layer_8
  10
616.93494
  20
-78.455841
  0
SEQEND
  0
POLYLINE
  5
80a
  8
Layer_8
  62
254
  66
1
  10
0
  20
0
  30
0
  0
VERTEX
  5
80a
  8
Layer_8
  10
617.21149
  20
-78.455841
  0
VERTEX
  5
80b
  8
Layer_8
  10
617.76453
  20
-78.455856
  0
SEQEND
  0
POLYLINE
  5
80d
  8
Layer_8
  62
254
  66
1
  10
0
  20
0
  30
0
  0
VERTEX
  5
80d
  8
Layer_8
  10
618.04102
  20
-78.455856
  0
VERTEX
  5
80e
  8
Layer_8
  10
618.59406
  20
-78.455856
  0
SEQEND
  0
POLYLINE
  5
810
  8
Layer_8
  62
254
  66
1
  10
0
  20
0
  30
0
  0
VERTEX
  5
810
  8
Layer_8
  10
618.87054
  20
-78.455856
  0
VERTEX
  5
811
  8
Layer_8
  10
619.42358
  20
-78.455864
  0
SEQEND
  0
POLYLINE
  5
813
  8
Layer_8
  62
254
  66
1
  10
0
  20
0
  30
0
  0
VERTEX
  5
813
  8
Layer_8
  10
619.70007
  20
-78.455864
  0
VERTEX
  5
814
  8
Layer_8
  10
619.77313
  20
-78.455864
  0
SEQEND
  0
POLYLINE
  5
816
  8
Layer_8
  62
254
  66
1
  10
0
  20
0
  30
0
  0
VERTEX
  5
816
  8
Layer_8
  10
620.37939
  20
-78.455551
  0
VERTEX
  5
817
  8
Layer_8
  10
640.28839
  20
-78.455719
  0
SEQEND
  0
POLYLINE
  5
819
  8
Layer_8
  62
254
  66
1
  10
0
  20
0
  30
0
  0
VERTEX
  5
819
  8
Layer_8
  10
630.33386
  20
-78.455627
  0
VERTEX
  5
81a
  8
Layer_8
  10
630.33386
  20
-84.793472
  0
SEQEND
  0
POLYLINE
  5
81c
  8
Layer_8
  62
254
  66
1
  10
0
  20
0
  30
0
  0
VERTEX
  5
81c
  8
Layer_8
  10
641.50482
  20
-78.455627
  0
VERTEX
  5
81d
  8
Layer_8
  10
642.05786
  20
-78.455635
  0
SEQEND
  0
POLYLINE
  5
81f
  8
Layer_8
  62
254
  66
1
  10
0
  20
0
  30
0
  0
VERTEX
  5
81f
  8
Layer_8
  10
642.33435
  20
-78.455643
  0
VERTEX
  5
820
  8
Layer_8
  10
642.88739
  20
-78.455643
  0
SEQEND
  0
POLYLINE
  5
822
  8
Layer_8
  62
254
  66
1
  10
0
  20
0
  30
0
  0
VERTEX
  5
822
  8
Layer_8
  10
643.16388
  20
-78.455643
  0
VERTEX
  5
823
  8
Layer_8
  10
643.71692
  20
-78.45565
  0
SEQEND
  0
POLYLINE
  5
825
  8
Layer_8
  62
254
  66
1
  10
0
  20
0
  30
0
  0
VERTEX
  5
825
  8
Layer_8
  10
643.99341
  20
-78.45565
  0
VERTEX
  5
826
  8
Layer_8
  10
644.54645
  20
-78.455658
  0
SEQEND
  0
POLYLINE
  5
828
  8
Layer_8
  62
254
  66
1
  10
0
  20
0
  30
0
  0
VERTEX
  5
828
  8
Layer_8
  10
644.823
  20
-78.455658
  0
VERTEX
  5
829
  8
Layer_8
  10
645.37604
  20
-78.455658
  0
SEQEND
  0
POLYLINE
  5
82b
  8
Layer_8
  62
254
  66
1
  10
0
  20
0
  30
0
  0
VERTEX
  5
82b
  8
Layer_8
  10
645.65253
  20
-78.455658
  0
VERTEX
  5
82c
  8
Layer_8
  10
646.20557
  20
-78.455673
  0
SEQEND
  0
POLYLINE
  5
82e
  8
Layer_8
  62
254
  66
1
  10
0
  20
0
  30
0
  0
VERTEX
  5
82e
  8
Layer_8
  10
646.48206
  20
-78.455673
  0
VERTEX
  5
82f
  8
Layer_8
  10
647.0351
  20
-78.455673
  0
SEQEND
  0
POLYLINE
  5
831
  8
Layer_8
  62
254
  66
1
  10
0
  20
0
  30
0
  0
VERTEX
  5
831
  8
Layer_8
  10
647.31158
  20
-78.455681
  0
VERTEX
  5
832
  8
Layer_8
  10
647.86462
  20
-78.455688
  0
SEQEND
  0
POLYLINE
  5
834
  8
Layer_8
  62
254
  66
1
  10
0
  20
0
  30
0
  0
VERTEX
  5
834
  8
Layer_8
  10
648.14117
  20
-78.455688
  0
VERTEX
  5
835
  8
Layer_8
  10
648.69415
  20
-78.455688
  0
SEQEND
  0
POLYLINE
  5
837
  8
Layer_8
  62
254
  66
1
  10
0
  20
0
  30
0
  0
VERTEX
  5
837
  8
Layer_8
  10
648.9707
  20
-78.455688
  0
VERTEX
  5
838
  8
Layer_8
  10
649.52374
  20
-78.455696
  0
SEQEND
  0
POLYLINE
  5
83a
  8
Layer_8
  62
254
  66
1
  10
0
  20
0
  30
0
  0
VERTEX
  5
83a
  8
Layer_8
  10
649.80023
  20
-78.455696
  0
VERTEX
  5
83b
  8
Layer_8
  10
650.35327
  20
-78.455704
  0
SEQEND
  0
POLYLINE
  5
83d
  8
Layer_8
  62
254
  66
1
  10
0
  20
0
  30
0
  0
VERTEX
  5
83d
  8
Layer_8
  10
650.62976
  20
-78.455704
  0
VERTEX
  5
83e
  8
Layer_8
  10
651.1828
  20
-78.455711
  0
SEQEND
  0
POLYLINE
  5
840
  8
Layer_8
  62
254
  66
1
  10
0
  20
0
  30
0
  0
VERTEX
  5
840
  8
Layer_8
  10
651.45935
  20
-78.455719
  0
VERTEX
  5
841
  8
Layer_8
  10
652.01233
  20
-78.455719
  0
SEQEND
  0
POLYLINE
  5
843
  8
Layer_8
  62
254
  66
1
  10
0
  20
0
  30
0
  0
VERTEX
  5
843
  8
Layer_8
  10
652.28888
  20
-78.455719
  0
VERTEX
  5
844
  8
Layer_8
  10
652.84192
  20
-78.455719
  0
SEQEND
  0
POLYLINE
  5
846
  8
Layer_8
  62
254
  66
1
  10
0
  20
0
  30
0
  0
VERTEX
  5
846
  8
Layer_8
  10
653.11841
  20
-78.455727
  0
VERTEX
  5
847
  8
Layer_8
  10
653.67145
  20
-78.455734
  0
SEQEND
  0
POLYLINE
  5
849
  8
Layer_8
  62
254
  66
1
  10
0
  20
0
  30
0
  0
VERTEX
  5
849
  8
Layer_8
  10
653.94794
  20
-78.455734
  0
VERTEX
  5
84a
  8
Layer_8
  10
654.50098
  20
-78.455734
  0
SEQEND
  0
POLYLINE
  5
84c
  8
Layer_8
  62
254
  66
1
  10
0
  20
0
  30
0
  0
VERTEX
  5
84c
  8
Layer_8
  10
654.77747
  20
-78.455734
  0
VERTEX
  5
84d
  8
Layer_8
  10
655.33051
  20
-78.455742
  0
SEQEND
  0
POLYLINE
  5
84f
  8
Layer_8
  62
254
  66
1
  10
0
  20
0
  30
0
  0
VERTEX
  5
84f
  8
Layer_8
  10
655.60706
  20
-78.45575
  0
VERTEX
  5
850
  8
Layer_8
  10
656.16003
  20
-78.45575
  0
SEQEND
  0
POLYLINE
  5
852
  8
Layer_8
  62
254
  66
1
  10
0
  20
0
  30
0
  0
VERTEX
  5
852
  8
Layer_8
  10
656.43658
  20
-78.45575
  0
VERTEX
  5
853
  8
Layer_8
  10
656.98962
  20
-78.455757
  0
SEQEND
  0
POLYLINE
  5
855
  8
Layer_8
  62
254
  66
1
  10
0
  20
0
  30
0
  0
VERTEX
  5
855
  8
Layer_8
  10
657.26611
  20
-78.455765
  0
VERTEX
  5
856
  8
Layer_8
  10
657.81915
  20
-78.455765
  0
SEQEND
  0
POLYLINE
  5
858
  8
Layer_8
  62
254
  66
1
  10
0
  20
0
  30
0
  0
VERTEX
  5
858
  8
Layer_8
  10
658.09564
  20
-78.455765
  0
VERTEX
  5
859
  8
Layer_8
  10
658.64868
  20
-78.455772
  0
SEQEND
  0
POLYLINE
  5
85b
  8
Layer_8
  62
254
  66
1
  10
0
  20
0
  30
0
  0
VERTEX
  5
85b
  8
Layer_8
  10
658.92517
  20
-78.455772
  0
VERTEX
  5
85c
  8
Layer_8
  10
659.47821
  20
-78.45578
  0
SEQEND
  0
POLYLINE
  5
85e
  8
Layer_8
  62
254
  66
1
  10
0
  20
0
  30
0
  0
VERTEX
  5
85e
  8
Layer_8
  10
659.75476
  20
-78.45578
  0
VERTEX
  5
85f
  8
Layer_8
  10
660.30774
  20
-78.45578
  0
SEQEND
  0
POLYLINE
  5
861
  8
Layer_8
  62
254
  66
1
  10
0
  20
0
  30
0
  0
VERTEX
  5
861
  8
Layer_8
  10
660.58429
  20
-78.45578
  0
VERTEX
  5
862
  8
Layer_8
  10
661.13733
  20
-78.455795
  0
SEQEND
  0
POLYLINE
  5
864
  8
Layer_8
  62
254
  66
1
  10
0
  20
0
  30
0
  0
VERTEX
  5
864
  8
Layer_8
  10
661.41382
  20
-78.455795
  0
VERTEX
  5
865
  8
Layer_8
  10
661.96686
  20
-78.455795
  0
SEQEND
  0
POLYLINE
  5
867
  8
Layer_8
  62
254
  66
1
  10
0
  20
0
  30
0
  0
VERTEX
  5
867
  8
Layer_8
  10
662.24341
  20
-78.455803
  0
VERTEX
  5
868
  8
Layer_8
  10
662.79639
  20
-78.455811
  0
SEQEND
  0
POLYLINE
  5
86a
  8
Layer_8
  62
254
  66
1
  10
0
  20
0
  30
0
  0
VERTEX
  5
86a
  8
Layer_8
  10
663.07294
  20
-78.455811
  0
VERTEX
  5
86b
  8
Layer_8
  10
663.62598
  20
-78.455811
  0
SEQEND
  0
POLYLINE
  5
86d
  8
Layer_8
  62
254
  66
1
  10
0
  20
0
  30
0
  0
VERTEX
  5
86d
  8
Layer_8
  10
663.90247
  20
-78.455811
  0
VERTEX
  5
86e
  8
Layer_8
  10
664.45551
  20
-78.455818
  0
SEQEND
  0
POLYLINE
  5
870
  8
Layer_8
  62
254
  66
1
  10
0
  20
0
  30
0
  0
VERTEX
  5
870
  8
Layer_8
  10
664.73199
  20
-78.455818
  0
VERTEX
  5
871
  8
Layer_8
  10
665.28503
  20
-78.455826
  0
SEQEND
  0
POLYLINE
  5
873
  8
Layer_8
  62
254
  66
1
  10
0
  20
0
  30
0
  0
VERTEX
  5
873
  8
Layer_8
  10
665.56152
  20
-78.455826
  0
VERTEX
  5
874
  8
Layer_8
  10
666.11456
  20
-78.455833
  0
SEQEND
  0
POLYLINE
  5
876
  8
Layer_8
  62
254
  66
1
  10
0
  20
0
  30
0
  0
VERTEX
  5
876
  8
Layer_8
  10
666.39111
  20
-78.455841
  0
VERTEX
  5
877
  8
Layer_8
  10
666.94409
  20
-78.455841
  0
SEQEND
  0
POLYLINE
  5
879
  8
Layer_8
  62
254
  66
1
  10
0
  20
0
  30
0
  0
VERTEX
  5
879
  8
Layer_8
  10
667.22064
  20
-78.455841
  0
VERTEX
  5
87a
  8
Layer_8
  10
667.77368
  20
-78.455841
  0
SEQEND
  0
POLYLINE
  5
87c
  8
Layer_8
  62
254
  66
1
  10
0
  20
0
  30
0
  0
VERTEX
  5
87c
  8
Layer_8
  10
668.05017
  20
-78.455849
  0
VERTEX
  5
87d
  8
Layer_8
  10
668.60321
  20
-78.455856
  0
SEQEND
  0
POLYLINE
  5
87f
  8
Layer_8
  62
254
  66
1
  10
0
  20
0
  30
0
  0
VERTEX
  5
87f
  8
Layer_8
  10
668.8797
  20
-78.455856
  0
VERTEX
  5
880
  8
Layer_8
  10
669.43274
  20
-78.455856
  0
SEQEND
  0
POLYLINE
  5
882
  8
Layer_8
  62
254
  66
1
  10
0
  20
0
  30
0
  0
VERTEX
  5
882
  8
Layer_8
  10
669.70923
  20
-78.455856
  0
VERTEX
  5
883
  8
Layer_8
  10
670.26227
  20
-78.455864
  0
SEQEND
  0
POLYLINE
  5
885
  8
Layer_8
  62
254
  66
1
  10
0
  20
0
  30
0
  0
VERTEX
  5
885
  8
Layer_8
  10
670.53882
  20
-78.455872
  0
VERTEX
  5
886
  8
Layer_8
  10
671.0918
  20
-78.455872
  0
SEQEND
  0
POLYLINE
  5
888
  8
Layer_8
  62
254
  66
1
  10
0
  20
0
  30
0
  0
VERTEX
  5
888
  8
Layer_8
  10
671.36835
  20
-78.455872
  0
VERTEX
  5
889
  8
Layer_8
  10
671.92139
  20
-78.455879
  0
SEQEND
  0
POLYLINE
  5
88b
  8
Layer_8
  62
254
  66
1
  10
0
  20
0
  30
0
  0
VERTEX
  5
88b
  8
Layer_8
  10
672.19788
  20
-78.455887
  0
VERTEX
  5
88c
  8
Layer_8
  10
672.75092
  20
-78.455887
  0
SEQEND
  0
POLYLINE
  5
88e
  8
Layer_8
  62
254
  66
1
  10
0
  20
0
  30
0
  0
VERTEX
  5
88e
  8
Layer_8
  10
673.0274
  20
-78.455887
  0
VERTEX
  5
88f
  8
Layer_8
  10
673.58044
  20
-78.455887
  0
SEQEND
  0
POLYLINE
  5
891
  8
Layer_8
  62
254
  66
1
  10
0
  20
0
  30
0
  0
VERTEX
  5
891
  8
Layer_8
  10
673.85699
  20
-78.455894
  0
VERTEX
  5
892
  8
Layer_8
  10
674.40997
  20
-78.455902
  0
SEQEND
  0
POLYLINE
  5
894
  8
Layer_8
  62
254
  66
1
  10
0
  20
0
  30
0
  0
VERTEX
  5
894
  8
Layer_8
  10
674.68652
  20
-78.455902
  0
VERTEX
  5
895
  8
Layer_8
  10
675.23956
  20
-78.45591
  0
SEQEND
  0
POLYLINE
  5
897
  8
Layer_8
  62
254
  66
1
  10
0
  20
0
  30
0
  0
VERTEX
  5
897
  8
Layer_8
  10
675.51605
  20
-78.45591
  0
VERTEX
  5
898
  8
Layer_8
  10
676.06909
  20
-78.455917
  0
SEQEND
  0
POLYLINE
  5
89a
  8
Layer_8
  62
254
  66
1
  10
0
  20
0
  30
0
  0
VERTEX
  5
89a
  8
Layer_8
  10
676.34558
  20
-78.455917
  0
VERTEX
  5
89b
  8
Layer_8
  10
676.89862
  20
-78.455917
  0
SEQEND
  0
POLYLINE
  5
89d
  8
Layer_8
  62
254
  66
1
  10
0
  20
0
  30
0
  0
VERTEX
  5
89d
  8
Layer_8
  10
677.17517
  20
-78.455917
  0
VERTEX
  5
89e
  8
Layer_8
  10
677.72815
  20
-78.455933
  0
SEQEND
  0
POLYLINE
  5
8a0
  8
Layer_8
  62
254
  66
1
  10
0
  20
0
  30
0
  0
VERTEX
  5
8a0
  8
Layer_8
  10
678.0047
  20
-78.455933
  0
VERTEX
  5
8a1
  8
Layer_8
  10
678.55774
  20
-78.455933
  0
SEQEND
  0
POLYLINE
  5
8a3
  8
Layer_8
  62
254
  66
1
  10
0
  20
0
  30
0
  0
VERTEX
  5
8a3
  8
Layer_8
  10
678.83423
  20
-78.455933
  0
VERTEX
  5
8a4
  8
Layer_8
  10
679.38727
  20
-78.45594
  0
SEQEND
  0
POLYLINE
  5
8a6
  8
Layer_8
  62
254
  66
1
  10
0
  20
0
  30
0
  0
VERTEX
  5
8a6
  8
Layer_8
  10
679.66376
  20
-78.45594
  0
VERTEX
  5
8a7
  8
Layer_8
  10
680.2168
  20
-78.455948
  0
SEQEND
  0
POLYLINE
  5
8a9
  8
Layer_8
  62
254
  66
1
  10
0
  20
0
  30
0
  0
VERTEX
  5
8a9
  8
Layer_8
  10
680.49329
  20
-78.455948
  0
VERTEX
  5
8aa
  8
Layer_8
  10
681.04633
  20
-78.455956
  0
SEQEND
  0
POLYLINE
  5
8ac
  8
Layer_8
  62
254
  66
1
  10
0
  20
0
  30
0
  0
VERTEX
  5
8ac
  8
Layer_8
  10
681.32288
  20
-78.455956
  0
VERTEX
  5
8ad
  8
Layer_8
  10
681.87585
  20
-78.455963
  0
SEQEND
  0
POLYLINE
  5
8af
  8
Layer_8
  62
254
  66
1
  10
0
  20
0
  30
0
  0
VERTEX
  5
8af
  8
Layer_8
  10
682.1524
  20
-78.455963
  0
VERTEX
  5
8b0
  8
Layer_8
  10
682.70544
  20
-78.455963
  0
SEQEND
  0
POLYLINE
  5
8b2
  8
Layer_8
  62
254
  66
1
  10
0
  20
0
  30
0
  0
VERTEX
  5
8b2
  8
Layer_8
  10
682.98193
  20
-78.455971
  0
VERTEX
  5
8b3
  8
Layer_8
  10
683.53497
  20
-78.455978
  0
SEQEND
  0
POLYLINE
  5
8b5
  8
Layer_8
  62
254
  66
1
  10
0
  20
0
  30
0
  0
VERTEX
  5
8b5
  8
Layer_8
  10
683.81146
  20
-78.455978
  0
VERTEX
  5
8b6
  8
Layer_8
  10
684.3645
  20
-78.455978
  0
SEQEND
  0
POLYLINE
  5
8b8
  8
Layer_8
  62
254
  66
1
  10
0
  20
0
  30
0
  0
VERTEX
  5
8b8
  8
Layer_8
  10
684.64099
  20
-78.455978
  0
VERTEX
  5
8b9
  8
Layer_8
  10
685.19403
  20
-78.455994
  0
SEQEND
  0
POLYLINE
  5
8bb
  8
Layer_8
  62
254
  66
1
  10
0
  20
0
  30
0
  0
VERTEX
  5
8bb
  8
Layer_8
  10
685.47058
  20
-78.455994
  0
VERTEX
  5
8bc
  8
Layer_8
  10
686.02356
  20
-78.455994
  0
SEQEND
  0
POLYLINE
  5
8be
  8
Layer_8
  62
254
  66
1
  10
0
  20
0
  30
0
  0
VERTEX
  5
8be
  8
Layer_8
  10
686.30011
  20
-78.455994
  0
VERTEX
  5
8bf
  8
Layer_8
  10
686.85315
  20
-78.456001
  0
SEQEND
  0
POLYLINE
  5
8c1
  8
Layer_8
  62
254
  66
1
  10
0
  20
0
  30
0
  0
VERTEX
  5
8c1
  8
Layer_8
  10
687.12964
  20
-78.456009
  0
VERTEX
  5
8c2
  8
Layer_8
  10
687.68268
  20
-78.456009
  0
SEQEND
  0
POLYLINE
  5
8c4
  8
Layer_8
  62
254
  66
1
  10
0
  20
0
  30
0
  0
VERTEX
  5
8c4
  8
Layer_8
  10
687.95917
  20
-78.456009
  0
VERTEX
  5
8c5
  8
Layer_8
  10
688.51221
  20
-78.456009
  0
SEQEND
  0
POLYLINE
  5
8c7
  8
Layer_8
  62
254
  66
1
  10
0
  20
0
  30
0
  0
VERTEX
  5
8c7
  8
Layer_8
  10
688.78876
  20
-78.456017
  0
VERTEX
  5
8c8
  8
Layer_8
  10
689.34174
  20
-78.456024
  0
SEQEND
  0
POLYLINE
  5
8ca
  8
Layer_8
  62
254
  66
1
  10
0
  20
0
  30
0
  0
VERTEX
  5
8ca
  8
Layer_8
  10
689.61829
  20
-78.456024
  0
VERTEX
  5
8cb
  8
Layer_8
  10
690.17133
  20
-78.456032
  0
SEQEND
  0
POLYLINE
  5
8cd
  8
Layer_8
  62
254
  66
1
  10
0
  20
0
  30
0
  0
VERTEX
  5
8cd
  8
Layer_8
  10
690.44781
  20
-78.456032
  0
VERTEX
  5
8ce
  8
Layer_8
  10
691.00085
  20
-78.456039
  0
SEQEND
  0
POLYLINE
  5
8d0
  8
Layer_8
  62
254
  66
1
  10
0
  20
0
  30
0
  0
VERTEX
  5
8d0
  8
Layer_8
  10
691.27734
  20
-78.456039
  0
VERTEX
  5
8d1
  8
Layer_8
  10
691.83038
  20
-78.456039
  0
SEQEND
  0
POLYLINE
  5
8d3
  8
Layer_8
  62
254
  66
1
  10
0
  20
0
  30
0
  0
VERTEX
  5
8d3
  8
Layer_8
  10
692.10693
  20
-78.456039
  0
VERTEX
  5
8d4
  8
Layer_8
  10
692.65991
  20
-78.456047
  0
SEQEND
  0
POLYLINE
  5
8d6
  8
Layer_8
  62
254
  66
1
  10
0
  20
0
  30
0
  0
VERTEX
  5
8d6
  8
Layer_8
  10
692.93646
  20
-78.456055
  0
VERTEX
  5
8d7
  8
Layer_8
  10
693.4895
  20
-78.456055
  0
SEQEND
  0
POLYLINE
  5
8d9
  8
Layer_8
  62
254
  66
1
  10
0
  20
0
  30
0
  0
VERTEX
  5
8d9
  8
Layer_8
  10
693.76599
  20
-78.456055
  0
VERTEX
  5
8da
  8
Layer_8
  10
694.31903
  20
-78.456062
  0
SEQEND
  0
POLYLINE
  5
8dc
  8
Layer_8
  62
254
  66
1
  10
0
  20
0
  30
0
  0
VERTEX
  5
8dc
  8
Layer_8
  10
694.59552
  20
-78.456062
  0
VERTEX
  5
8dd
  8
Layer_8
  10
695.14856
  20
-78.45607
  0
SEQEND
  0
POLYLINE
  5
8df
  8
Layer_8
  62
254
  66
1
  10
0
  20
0
  30
0
  0
VERTEX
  5
8df
  8
Layer_8
  10
695.42505
  20
-78.45607
  0
VERTEX
  5
8e0
  8
Layer_8
  10
695.97809
  20
-78.456078
  0
SEQEND
  0
POLYLINE
  5
8e2
  8
Layer_8
  62
254
  66
1
  10
0
  20
0
  30
0
  0
VERTEX
  5
8e2
  8
Layer_8
  10
696.25464
  20
-78.456078
  0
VERTEX
  5
8e3
  8
Layer_8
  10
696.80762
  20
-78.456085
  0
SEQEND
  0
POLYLINE
  5
8e5
  8
Layer_8
  62
254
  66
1
  10
0
  20
0
  30
0
  0
VERTEX
  5
8e5
  8
Layer_8
  10
697.08417
  20
-78.456085
  0
VERTEX
  5
8e6
  8
Layer_8
  10
697.63721
  20
-78.456085
  0
SEQEND
  0
POLYLINE
  5
8e8
  8
Layer_8
  62
254
  66
1
  10
0
  20
0
  30
0
  0
VERTEX
  5
8e8
  8
Layer_8
  10
697.9137
  20
-78.456093
  0
VERTEX
  5
8e9
  8
Layer_8
  10
698.38019
  20
-78.456093
  0
SEQEND
  0
POLYLINE
  5
8eb
  8
Layer_8
  62
254
  66
1
  10
0
  20
0
  30
0
  0
VERTEX
  5
8eb
  8
Layer_8
  10
474.1347
  20
-34.161812
  0
VERTEX
  5
8ec
  8
Layer_8
  10
481.98801
  20
-34.294498
  0
SEQEND
  0
POLYLINE
  5
8ee
  8
Layer_8
  62
254
  66
1
  10
0
  20
0
  30
0
  0
VERTEX
  5
8ee
  8
Layer_8
  10
481.98801
  20
-34.294498
  0
VERTEX
  5
8ef
  8
Layer_8
  10
482.07962
  20
-34.346851
  0
SEQEND
  0
POLYLINE
  5
8f1
  8
Layer_8
  62
254
  66
1
  10
0
  20
0
  30
0
  0
VERTEX
  5
8f1
  8
Layer_8
  10
482.07962
  20
-34.346851
  42
-0.09999565
  0
VERTEX
  5
8f2
  8
Layer_8
  10
483.92517
  20
-35.826702
  0
SEQEND
  0
POLYLINE
  5
8f4
  8
Layer_8
  62
254
  66
1
  10
0
  20
0
  30
0
  0
VERTEX
  5
8f4
  8
Layer_8
  10
483.92517
  20
-35.826702
  42
-0.13565933
  0
VERTEX
  5
8f5
  8
Layer_8
  10
484.49432
  20
-37.501457
  0
SEQEND
  0
POLYLINE
  5
8f7
  8
Layer_8
  62
254
  66
1
  10
0
  20
0
  30
0
  0
VERTEX
  5
8f7
  8
Layer_8
  10
484.49432
  20
-37.501457
  0
VERTEX
  5
8f8
  8
Layer_8
  10
484.53668
  20
-37.839764
  0
SEQEND
  0
POLYLINE
  5
8fa
  8
Layer_8
  62
254
  66
1
  10
0
  20
0
  30
0
  0
VERTEX
  5
8fa
  8
Layer_8
  10
484.53668
  20
-37.839764
  42
0.0027167817
  0
VERTEX
  5
8fb
  8
Layer_8
  10
484.62265
  20
-38.479263
  0
SEQEND
  0
POLYLINE
  5
8fd
  8
Layer_8
  62
254
  66
1
  10
0
  20
0
  30
0
  0
VERTEX
  5
8fd
  8
Layer_8
  10
484.62265
  20
-38.479263
  0
VERTEX
  5
8fe
  8
Layer_8
  10
484.63062
  20
-38.541012
  0
SEQEND
  0
POLYLINE
  5
900
  8
Layer_8
  62
254
  66
1
  10
0
  20
0
  30
0
  0
VERTEX
  5
900
  8
Layer_8
  10
484.63062
  20
-38.541012
  42
-0.056147
  0
VERTEX
  5
901
  8
Layer_8
  10
484.66199
  20
-39.396343
  0
SEQEND
  0
POLYLINE
  5
903
  8
Layer_8
  62
254
  66
1
  10
0
  20
0
  30
0
  0
VERTEX
  5
903
  8
Layer_8
  10
576.38666
  20
-9.518713
  0
VERTEX
  5
904
  8
Layer_8
  10
595.82031
  20
-9.518713
  0
SEQEND
  0
POLYLINE
  5
906
  8
Layer_8
  62
254
  66
1
  10
0
  20
0
  30
0
  0
VERTEX
  5
906
  8
Layer_8
  10
512.92523
  20
-9.5282974
  0
VERTEX
  5
907
  8
Layer_8
  10
513.47827
  20
-9.5282974
  0
SEQEND
  0
POLYLINE
  5
909
  8
Layer_8
  62
254
  66
1
  10
0
  20
0
  30
0
  0
VERTEX
  5
909
  8
Layer_8
  10
513.75476
  20
-9.5282974
  0
VERTEX
  5
90a
  8
Layer_8
  10
514.3078
  20
-9.5282974
  0
SEQEND
  0
POLYLINE
  5
90c
  8
Layer_8
  62
254
  66
1
  10
0
  20
0
  30
0
  0
VERTEX
  5
90c
  8
Layer_8
  10
514.58435
  20
-9.5282974
  0
VERTEX
  5
90d
  8
Layer_8
  10
515.13733
  20
-9.5282974
  0
SEQEND
  0
POLYLINE
  5
90f
  8
Layer_8
  62
254
  66
1
  10
0
  20
0
  30
0
  0
VERTEX
  5
90f
  8
Layer_8
  10
515.41388
  20
-9.5282974
  0
VERTEX
  5
910
  8
Layer_8
  10
515.96692
  20
-9.5282974
  0
SEQEND
  0
POLYLINE
  5
912
  8
Layer_8
  62
254
  66
1
  10
0
  20
0
  30
0
  0
VERTEX
  5
912
  8
Layer_8
  10
516.24341
  20
-9.5282974
  0
VERTEX
  5
913
  8
Layer_8
  10
516.79645
  20
-9.5282974
  0
SEQEND
  0
POLYLINE
  5
915
  8
Layer_8
  62
254
  66
1
  10
0
  20
0
  30
0
  0
VERTEX
  5
915
  8
Layer_8
  10
517.07294
  20
-9.5282974
  0
VERTEX
  5
916
  8
Layer_8
  10
517.62598
  20
-9.5282974
  0
SEQEND
  0
POLYLINE
  5
918
  8
Layer_8
  62
254
  66
1
  10
0
  20
0
  30
0
  0
VERTEX
  5
918
  8
Layer_8
  10
517.90253
  20
-9.5282974
  0
VERTEX
  5
919
  8
Layer_8
  10
518.45551
  20
-9.5282974
  0
SEQEND
  0
POLYLINE
  5
91b
  8
Layer_8
  62
254
  66
1
  10
0
  20
0
  30
0
  0
VERTEX
  5
91b
  8
Layer_8
  10
518.73206
  20
-9.5282974
  0
VERTEX
  5
91c
  8
Layer_8
  10
519.2851
  20
-9.5282974
  0
SEQEND
  0
POLYLINE
  5
91e
  8
Layer_8
  62
254
  66
1
  10
0
  20
0
  30
0
  0
VERTEX
  5
91e
  8
Layer_8
  10
519.56158
  20
-9.5282974
  0
VERTEX
  5
91f
  8
Layer_8
  10
520.11462
  20
-9.5282974
  0
SEQEND
  0
POLYLINE
  5
921
  8
Layer_8
  62
254
  66
1
  10
0
  20
0
  30
0
  0
VERTEX
  5
921
  8
Layer_8
  10
520.39111
  20
-9.5282974
  0
VERTEX
  5
922
  8
Layer_8
  10
520.94415
  20
-9.5282974
  0
SEQEND
  0
POLYLINE
  5
924
  8
Layer_8
  62
254
  66
1
  10
0
  20
0
  30
0
  0
VERTEX
  5
924
  8
Layer_8
  10
521.2207
  20
-9.5282974
  0
VERTEX
  5
925
  8
Layer_8
  10
521.77368
  20
-9.5282974
  0
SEQEND
  0
POLYLINE
  5
927
  8
Layer_8
  62
254
  66
1
  10
0
  20
0
  30
0
  0
VERTEX
  5
927
  8
Layer_8
  10
522.05023
  20
-9.5282974
  0
VERTEX
  5
928
  8
Layer_8
  10
522.60327
  20
-9.5282974
  0
SEQEND
  0
POLYLINE
  5
92a
  8
Layer_8
  62
254
  66
1
  10
0
  20
0
  30
0
  0
VERTEX
  5
92a
  8
Layer_8
  10
522.87976
  20
-9.5282974
  0
VERTEX
  5
92b
  8
Layer_8
  10
523.4328
  20
-9.5282974
  0
SEQEND
  0
POLYLINE
  5
92d
  8
Layer_8
  62
254
  66
1
  10
0
  20
0
  30
0
  0
VERTEX
  5
92d
  8
Layer_8
  10
523.70929
  20
-9.5282974
  0
VERTEX
  5
92e
  8
Layer_8
  10
524.26233
  20
-9.5282974
  0
SEQEND
  0
POLYLINE
  5
930
  8
Layer_8
  62
254
  66
1
  10
0
  20
0
  30
0
  0
VERTEX
  5
930
  8
Layer_8
  10
524.53882
  20
-9.5282974
  0
VERTEX
  5
931
  8
Layer_8
  10
525.09186
  20
-9.5282974
  0
SEQEND
  0
POLYLINE
  5
933
  8
Layer_8
  62
254
  66
1
  10
0
  20
0
  30
0
  0
VERTEX
  5
933
  8
Layer_8
  10
525.36841
  20
-9.5282974
  0
VERTEX
  5
934
  8
Layer_8
  10
525.92139
  20
-9.5282974
  0
SEQEND
  0
POLYLINE
  5
936
  8
Layer_8
  62
254
  66
1
  10
0
  20
0
  30
0
  0
VERTEX
  5
936
  8
Layer_8
  10
526.19794
  20
-9.5282974
  0
VERTEX
  5
937
  8
Layer_8
  10
526.75098
  20
-9.5282974
  0
SEQEND
  0
POLYLINE
  5
939
  8
Layer_8
  62
254
  66
1
  10
0
  20
0
  30
0
  0
VERTEX
  5
939
  8
Layer_8
  10
527.02747
  20
-9.5282974
  0
VERTEX
  5
93a
  8
Layer_8
  10
527.58051
  20
-9.5282974
  0
SEQEND
  0
POLYLINE
  5
93c
  8
Layer_8
  62
254
  66
1
  10
0
  20
0
  30
0
  0
VERTEX
  5
93c
  8
Layer_8
  10
527.85699
  20
-9.5282974
  0
VERTEX
  5
93d
  8
Layer_8
  10
528.41003
  20
-9.5282974
  0
SEQEND
  0
POLYLINE
  5
93f
  8
Layer_8
  62
254
  66
1
  10
0
  20
0
  30
0
  0
VERTEX
  5
93f
  8
Layer_8
  10
528.68652
  20
-9.5282974
  0
VERTEX
  5
940
  8
Layer_8
  10
529.23956
  20
-9.5282974
  0
SEQEND
  0
POLYLINE
  5
942
  8
Layer_8
  62
254
  66
1
  10
0
  20
0
  30
0
  0
VERTEX
  5
942
  8
Layer_8
  10
529.51611
  20
-9.5282974
  0
VERTEX
  5
943
  8
Layer_8
  10
530.06909
  20
-9.5282974
  0
SEQEND
  0
POLYLINE
  5
945
  8
Layer_8
  62
254
  66
1
  10
0
  20
0
  30
0
  0
VERTEX
  5
945
  8
Layer_8
  10
530.34564
  20
-9.5282974
  0
VERTEX
  5
946
  8
Layer_8
  10
530.89868
  20
-9.5282974
  0
SEQEND
  0
POLYLINE
  5
948
  8
Layer_8
  62
254
  66
1
  10
0
  20
0
  30
0
  0
VERTEX
  5
948
  8
Layer_8
  10
531.17517
  20
-9.5282974
  0
VERTEX
  5
949
  8
Layer_8
  10
531.72821
  20
-9.5282974
  0
SEQEND
  0
POLYLINE
  5
94b
  8
Layer_8
  62
254
  66
1
  10
0
  20
0
  30
0
  0
VERTEX
  5
94b
  8
Layer_8
  10
532.0047
  20
-9.5282974
  0
VERTEX
  5
94c
  8
Layer_8
  10
532.55774
  20
-9.5282974
  0
SEQEND
  0
POLYLINE
  5
94e
  8
Layer_8
  62
254
  66
1
  10
0
  20
0
  30
0
  0
VERTEX
  5
94e
  8
Layer_8
  10
532.83429
  20
-9.5282974
  0
VERTEX
  5
94f
  8
Layer_8
  10
533.38727
  20
-9.5282974
  0
SEQEND
  0
POLYLINE
  5
951
  8
Layer_8
  62
254
  66
1
  10
0
  20
0
  30
0
  0
VERTEX
  5
951
  8
Layer_8
  10
533.66382
  20
-9.5282974
  0
VERTEX
  5
952
  8
Layer_8
  10
534.21686
  20
-9.5282974
  0
SEQEND
  0
POLYLINE
  5
954
  8
Layer_8
  62
254
  66
1
  10
0
  20
0
  30
0
  0
VERTEX
  5
954
  8
Layer_8
  10
534.49335
  20
-9.5282974
  0
VERTEX
  5
955
  8
Layer_8
  10
535.04639
  20
-9.5282974
  0
SEQEND
  0
POLYLINE
  5
957
  8
Layer_8
  62
254
  66
1
  10
0
  20
0
  30
0
  0
VERTEX
  5
957
  8
Layer_8
  10
535.32288
  20
-9.5282974
  0
VERTEX
  5
958
  8
Layer_8
  10
535.87592
  20
-9.5282974
  0
SEQEND
  0
POLYLINE
  5
95a
  8
Layer_8
  62
254
  66
1
  10
0
  20
0
  30
0
  0
VERTEX
  5
95a
  8
Layer_8
  10
536.15247
  20
-9.5282974
  0
VERTEX
  5
95b
  8
Layer_8
  10
536.70544
  20
-9.5282974
  0
SEQEND
  0
POLYLINE
  5
95d
  8
Layer_8
  62
254
  66
1
  10
0
  20
0
  30
0
  0
VERTEX
  5
95d
  8
Layer_8
  10
536.98199
  20
-9.5282974
  0
VERTEX
  5
95e
  8
Layer_8
  10
537.53503
  20
-9.5282974
  0
SEQEND
  0
POLYLINE
  5
960
  8
Layer_8
  62
254
  66
1
  10
0
  20
0
  30
0
  0
VERTEX
  5
960
  8
Layer_8
  10
537.81152
  20
-9.5282974
  0
VERTEX
  5
961
  8
Layer_8
  10
538.36456
  20
-9.5282974
  0
SEQEND
  0
POLYLINE
  5
963
  8
Layer_8
  62
254
  66
1
  10
0
  20
0
  30
0
  0
VERTEX
  5
963
  8
Layer_8
  10
538.64105
  20
-9.5282974
  0
VERTEX
  5
964
  8
Layer_8
  10
539.19409
  20
-9.5282974
  0
SEQEND
  0
POLYLINE
  5
966
  8
Layer_8
  62
254
  66
1
  10
0
  20
0
  30
0
  0
VERTEX
  5
966
  8
Layer_8
  10
539.47058
  20
-9.5282974
  0
VERTEX
  5
967
  8
Layer_8
  10
540.02362
  20
-9.5282974
  0
SEQEND
  0
POLYLINE
  5
969
  8
Layer_8
  62
254
  66
1
  10
0
  20
0
  30
0
  0
VERTEX
  5
969
  8
Layer_8
  10
540.30017
  20
-9.5282974
  0
VERTEX
  5
96a
  8
Layer_8
  10
540.85315
  20
-9.5282974
  0
SEQEND
  0
POLYLINE
  5
96c
  8
Layer_8
  62
254
  66
1
  10
0
  20
0
  30
0
  0
VERTEX
  5
96c
  8
Layer_8
  10
541.1297
  20
-9.5282974
  0
VERTEX
  5
96d
  8
Layer_8
  10
541.68274
  20
-9.5282974
  0
SEQEND
  0
POLYLINE
  5
96f
  8
Layer_8
  62
254
  66
1
  10
0
  20
0
  30
0
  0
VERTEX
  5
96f
  8
Layer_8
  10
541.95923
  20
-9.5282974
  0
VERTEX
  5
970
  8
Layer_8
  10
542.51227
  20
-9.5282974
  0
SEQEND
  0
POLYLINE
  5
972
  8
Layer_8
  62
254
  66
1
  10
0
  20
0
  30
0
  0
VERTEX
  5
972
  8
Layer_8
  10
542.78876
  20
-9.5282974
  0
VERTEX
  5
973
  8
Layer_8
  10
543.3418
  20
-9.5282974
  0
SEQEND
  0
POLYLINE
  5
975
  8
Layer_8
  62
254
  66
1
  10
0
  20
0
  30
0
  0
VERTEX
  5
975
  8
Layer_8
  10
543.61829
  20
-9.5282974
  0
VERTEX
  5
976
  8
Layer_8
  10
544.17133
  20
-9.5282974
  0
SEQEND
  0
POLYLINE
  5
978
  8
Layer_8
  62
254
  66
1
  10
0
  20
0
  30
0
  0
VERTEX
  5
978
  8
Layer_8
  10
544.44788
  20
-9.5282974
  0
VERTEX
  5
979
  8
Layer_8
  10
545.00085
  20
-9.5282974
  0
SEQEND
  0
POLYLINE
  5
97b
  8
Layer_8
  62
254
  66
1
  10
0
  20
0
  30
0
  0
VERTEX
  5
97b
  8
Layer_8
  10
545.2774
  20
-9.5282974
  0
VERTEX
  5
97c
  8
Layer_8
  10
545.83044
  20
-9.5282974
  0
SEQEND
  0
POLYLINE
  5
97e
  8
Layer_8
  62
254
  66
1
  10
0
  20
0
  30
0
  0
VERTEX
  5
97e
  8
Layer_8
  10
546.10693
  20
-9.5282974
  0
VERTEX
  5
97f
  8
Layer_8
  10
546.65997
  20
-9.5282974
  0
SEQEND
  0
POLYLINE
  5
981
  8
Layer_8
  62
254
  66
1
  10
0
  20
0
  30
0
  0
VERTEX
  5
981
  8
Layer_8
  10
546.93646
  20
-9.5282974
  0
VERTEX
  5
982
  8
Layer_8
  10
547.4895
  20
-9.5282974
  0
SEQEND
  0
POLYLINE
  5
984
  8
Layer_8
  62
254
  66
1
  10
0
  20
0
  30
0
  0
VERTEX
  5
984
  8
Layer_8
  10
547.76605
  20
-9.5282974
  0
VERTEX
  5
985
  8
Layer_8
  10
548.31903
  20
-9.5282974
  0
SEQEND
  0
POLYLINE
  5
987
  8
Layer_8
  62
254
  66
1
  10
0
  20
0
  30
0
  0
VERTEX
  5
987
  8
Layer_8
  10
548.59558
  20
-9.5282974
  0
VERTEX
  5
988
  8
Layer_8
  10
549.14862
  20
-9.5282974
  0
SEQEND
  0
POLYLINE
  5
98a
  8
Layer_8
  62
254
  66
1
  10
0
  20
0
  30
0
  0
VERTEX
  5
98a
  8
Layer_8
  10
549.42511
  20
-9.5282974
  0
VERTEX
  5
98b
  8
Layer_8
  10
549.97815
  20
-9.5282974
  0
SEQEND
  0
POLYLINE
  5
98d
  8
Layer_8
  62
254
  66
1
  10
0
  20
0
  30
0
  0
VERTEX
  5
98d
  8
Layer_8
  10
550.25464
  20
-9.5282974
  0
VERTEX
  5
98e
  8
Layer_8
  10
550.80768
  20
-9.5282974
  0
SEQEND
  0
POLYLINE
  5
990
  8
Layer_8
  62
254
  66
1
  10
0
  20
0
  30
0
  0
VERTEX
  5
990
  8
Layer_8
  10
551.08423
  20
-9.5282974
  0
VERTEX
  5
991
  8
Layer_8
  10
551.63721
  20
-9.5282974
  0
SEQEND
  0
POLYLINE
  5
993
  8
Layer_8
  62
254
  66
1
  10
0
  20
0
  30
0
  0
VERTEX
  5
993
  8
Layer_8
  10
551.91376
  20
-9.5282974
  0
VERTEX
  5
994
  8
Layer_8
  10
552.4668
  20
-9.5282974
  0
SEQEND
  0
POLYLINE
  5
996
  8
Layer_8
  62
254
  66
1
  10
0
  20
0
  30
0
  0
VERTEX
  5
996
  8
Layer_8
  10
552.74329
  20
-9.5282974
  0
VERTEX
  5
997
  8
Layer_8
  10
553.29633
  20
-9.5282974
  0
SEQEND
  0
POLYLINE
  5
999
  8
Layer_8
  62
254
  66
1
  10
0
  20
0
  30
0
  0
VERTEX
  5
999
  8
Layer_8
  10
553.57281
  20
-9.5282974
  0
VERTEX
  5
99a
  8
Layer_8
  10
554.12585
  20
-9.5282974
  0
SEQEND
  0
POLYLINE
  5
99c
  8
Layer_8
  62
254
  66
1
  10
0
  20
0
  30
0
  0
VERTEX
  5
99c
  8
Layer_8
  10
554.40234
  20
-9.5282974
  0
VERTEX
  5
99d
  8
Layer_8
  10
554.95538
  20
-9.5282974
  0
SEQEND
  0
POLYLINE
  5
99f
  8
Layer_8
  62
254
  66
1
  10
0
  20
0
  30
0
  0
VERTEX
  5
99f
  8
Layer_8
  10
555.23193
  20
-9.5282974
  0
VERTEX
  5
9a0
  8
Layer_8
  10
555.78491
  20
-9.5282974
  0
SEQEND
  0
POLYLINE
  5
9a2
  8
Layer_8
  62
254
  66
1
  10
0
  20
0
  30
0
  0
VERTEX
  5
9a2
  8
Layer_8
  10
556.06146
  20
-9.5282974
  0
VERTEX
  5
9a3
  8
Layer_8
  10
556.6145
  20
-9.5282974
  0
SEQEND
  0
POLYLINE
  5
9a5
  8
Layer_8
  62
254
  66
1
  10
0
  20
0
  30
0
  0
VERTEX
  5
9a5
  8
Layer_8
  10
556.89099
  20
-9.5282974
  0
VERTEX
  5
9a6
  8
Layer_8
  10
557.44403
  20
-9.5282974
  0
SEQEND
  0
POLYLINE
  5
9a8
  8
Layer_8
  62
254
  66
1
  10
0
  20
0
  30
0
  0
VERTEX
  5
9a8
  8
Layer_8
  10
557.72052
  20
-9.5282974
  0
VERTEX
  5
9a9
  8
Layer_8
  10
558.27356
  20
-9.5282974
  0
SEQEND
  0
POLYLINE
  5
9ab
  8
Layer_8
  62
254
  66
1
  10
0
  20
0
  30
0
  0
VERTEX
  5
9ab
  8
Layer_8
  10
558.55005
  20
-9.5282974
  0
VERTEX
  5
9ac
  8
Layer_8
  10
559.10309
  20
-9.5282974
  0
SEQEND
  0
POLYLINE
  5
9ae
  8
Layer_8
  62
254
  66
1
  10
0
  20
0
  30
0
  0
VERTEX
  5
9ae
  8
Layer_8
  10
559.37964
  20
-9.5282974
  0
VERTEX
  5
9af
  8
Layer_8
  10
559.93268
  20
-9.5282974
  0
SEQEND
  0
POLYLINE
  5
9b1
  8
Layer_8
  62
254
  66
1
  10
0
  20
0
  30
0
  0
VERTEX
  5
9b1
  8
Layer_8
  10
560.20917
  20
-9.5282974
  0
VERTEX
  5
9b2
  8
Layer_8
  10
560.76221
  20
-9.5282974
  0
SEQEND
  0
POLYLINE
  5
9b4
  8
Layer_8
  62
254
  66
1
  10
0
  20
0
  30
0
  0
VERTEX
  5
9b4
  8
Layer_8
  10
561.0387
  20
-9.5282974
  0
VERTEX
  5
9b5
  8
Layer_8
  10
561.59174
  20
-9.5282974
  0
SEQEND
  0
POLYLINE
  5
9b7
  8
Layer_8
  62
254
  66
1
  10
0
  20
0
  30
0
  0
VERTEX
  5
9b7
  8
Layer_8
  10
561.86823
  20
-9.5282974
  0
VERTEX
  5
9b8
  8
Layer_8
  10
562.42126
  20
-9.5282974
  0
SEQEND
  0
POLYLINE
  5
9ba
  8
Layer_8
  62
254
  66
1
  10
0
  20
0
  30
0
  0
VERTEX
  5
9ba
  8
Layer_8
  10
562.69781
  20
-9.5282974
  0
VERTEX
  5
9bb
  8
Layer_8
  10
563.25079
  20
-9.5282974
  0
SEQEND
  0
POLYLINE
  5
9bd
  8
Layer_8
  62
254
  66
1
  10
0
  20
0
  30
0
  0
VERTEX
  5
9bd
  8
Layer_8
  10
563.52734
  20
-9.5282974
  0
VERTEX
  5
9be
  8
Layer_8
  10
564.08038
  20
-9.5282974
  0
SEQEND
  0
POLYLINE
  5
9c0
  8
Layer_8
  62
254
  66
1
  10
0
  20
0
  30
0
  0
VERTEX
  5
9c0
  8
Layer_8
  10
564.35687
  20
-9.5282974
  0
VERTEX
  5
9c1
  8
Layer_8
  10
564.90991
  20
-9.5282974
  0
SEQEND
  0
POLYLINE
  5
9c3
  8
Layer_8
  62
254
  66
1
  10
0
  20
0
  30
0
  0
VERTEX
  5
9c3
  8
Layer_8
  10
565.1864
  20
-9.5282974
  0
VERTEX
  5
9c4
  8
Layer_8
  10
565.73944
  20
-9.5282974
  0
SEQEND
  0
POLYLINE
  5
9c6
  8
Layer_8
  62
254
  66
1
  10
0
  20
0
  30
0
  0
VERTEX
  5
9c6
  8
Layer_8
  10
566.01599
  20
-9.5282974
  0
VERTEX
  5
9c7
  8
Layer_8
  10
566.56897
  20
-9.5282974
  0
SEQEND
  0
POLYLINE
  5
9c9
  8
Layer_8
  62
254
  66
1
  10
0
  20
0
  30
0
  0
VERTEX
  5
9c9
  8
Layer_8
  10
566.84552
  20
-9.5282974
  0
VERTEX
  5
9ca
  8
Layer_8
  10
567.39856
  20
-9.5282974
  0
SEQEND
  0
POLYLINE
  5
9cc
  8
Layer_8
  62
254
  66
1
  10
0
  20
0
  30
0
  0
VERTEX
  5
9cc
  8
Layer_8
  10
567.67505
  20
-9.5282974
  0
VERTEX
  5
9cd
  8
Layer_8
  10
568.22809
  20
-9.5282974
  0
SEQEND
  0
POLYLINE
  5
9cf
  8
Layer_8
  62
254
  66
1
  10
0
  20
0
  30
0
  0
VERTEX
  5
9cf
  8
Layer_8
  10
568.50458
  20
-9.5282974
  0
VERTEX
  5
9d0
  8
Layer_8
  10
569.05762
  20
-9.5282974
  0
SEQEND
  0
POLYLINE
  5
9d2
  8
Layer_8
  62
254
  66
1
  10
0
  20
0
  30
0
  0
VERTEX
  5
9d2
  8
Layer_8
  10
569.33411
  20
-9.5282974
  0
VERTEX
  5
9d3
  8
Layer_8
  10
569.88715
  20
-9.5282974
  0
SEQEND
  0
POLYLINE
  5
9d5
  8
Layer_8
  62
254
  66
1
  10
0
  20
0
  30
0
  0
VERTEX
  5
9d5
  8
Layer_8
  10
570.1637
  20
-9.5282974
  0
VERTEX
  5
9d6
  8
Layer_8
  10
570.71667
  20
-9.5282974
  0
SEQEND
  0
POLYLINE
  5
9d8
  8
Layer_8
  62
254
  66
1
  10
0
  20
0
  30
0
  0
VERTEX
  5
9d8
  8
Layer_8
  10
570.99323
  20
-9.5282974
  0
VERTEX
  5
9d9
  8
Layer_8
  10
571.54626
  20
-9.5282974
  0
SEQEND
  0
POLYLINE
  5
9db
  8
Layer_8
  62
254
  66
1
  10
0
  20
0
  30
0
  0
VERTEX
  5
9db
  8
Layer_8
  10
571.82275
  20
-9.5282974
  0
VERTEX
  5
9dc
  8
Layer_8
  10
572.37579
  20
-9.5282974
  0
SEQEND
  0
POLYLINE
  5
9de
  8
Layer_8
  62
254
  66
1
  10
0
  20
0
  30
0
  0
VERTEX
  5
9de
  8
Layer_8
  10
572.65228
  20
-9.5282974
  0
VERTEX
  5
9df
  8
Layer_8
  10
573.20532
  20
-9.5282974
  0
SEQEND
  0
POLYLINE
  5
9e1
  8
Layer_8
  62
254
  66
1
  10
0
  20
0
  30
0
  0
VERTEX
  5
9e1
  8
Layer_8
  10
573.48181
  20
-9.5282974
  0
VERTEX
  5
9e2
  8
Layer_8
  10
574.03485
  20
-9.5282974
  0
SEQEND
  0
POLYLINE
  5
9e4
  8
Layer_8
  62
254
  66
1
  10
0
  20
0
  30
0
  0
VERTEX
  5
9e4
  8
Layer_8
  10
574.3114
  20
-9.5282974
  0
VERTEX
  5
9e5
  8
Layer_8
  10
574.86444
  20
-9.5282974
  0
SEQEND
  0
POLYLINE
  5
9e7
  8
Layer_8
  62
254
  66
1
  10
0
  20
0
  30
0
  0
VERTEX
  5
9e7
  8
Layer_8
  10
575.14093
  20
-9.5282974
  0
VERTEX
  5
9e8
  8
Layer_8
  10
575.69397
  20
-9.5282974
  0
SEQEND
  0
POLYLINE
  5
9ea
  8
Layer_8
  62
254
  66
1
  10
0
  20
0
  30
0
  0
VERTEX
  5
9ea
  8
Layer_8
  10
586.10352
  20
-9.518713
  0
VERTEX
  5
9eb
  8
Layer_8
  10
586.10352
  20
-4.5928097
  0
SEQEND
  0
POLYLINE
  5
9ed
  8
Layer_8
  62
254
  66
1
  10
0
  20
0
  30
0
  0
VERTEX
  5
9ed
  8
Layer_8
  10
597.51038
  20
-9.4939671
  0
VERTEX
  5
9ee
  8
Layer_8
  10
598.06342
  20
-9.4927387
  0
SEQEND
  0
POLYLINE
  5
9f0
  8
Layer_8
  62
254
  66
1
  10
0
  20
0
  30
0
  0
VERTEX
  5
9f0
  8
Layer_8
  10
598.3399
  20
-9.4921284
  0
VERTEX
  5
9f1
  8
Layer_8
  10
598.89294
  20
-9.4909
  0
SEQEND
  0
POLYLINE
  5
9f3
  8
Layer_8
  62
254
  66
1
  10
0
  20
0
  30
0
  0
VERTEX
  5
9f3
  8
Layer_8
  10
599.16949
  20
-9.4902878
  0
VERTEX
  5
9f4
  8
Layer_8
  10
599.72247
  20
-9.4890594
  0
SEQEND
  0
POLYLINE
  5
9f6
  8
Layer_8
  62
254
  66
1
  10
0
  20
0
  30
0
  0
VERTEX
  5
9f6
  8
Layer_8
  10
599.99902
  20
-9.4884491
  0
VERTEX
  5
9f7
  8
Layer_8
  10
600.552
  20
-9.4872208
  0
SEQEND
  0
POLYLINE
  5
9f9
  8
Layer_8
  62
254
  66
1
  10
0
  20
0
  30
0
  0
VERTEX
  5
9f9
  8
Layer_8
  10
600.82855
  20
-9.4866085
  0
VERTEX
  5
9fa
  8
Layer_8
  10
601.38159
  20
-9.4853802
  0
SEQEND
  0
POLYLINE
  5
9fc
  8
Layer_8
  62
254
  66
1
  10
0
  20
0
  30
0
  0
VERTEX
  5
9fc
  8
Layer_8
  10
601.65808
  20
-9.4847679
  0
VERTEX
  5
9fd
  8
Layer_8
  10
602.21112
  20
-9.4835415
  0
SEQEND
  0
POLYLINE
  5
9ff
  8
Layer_8
  62
254
  66
1
  10
0
  20
0
  30
0
  0
VERTEX
  5
9ff
  8
Layer_8
  10
602.48761
  20
-9.4829273
  0
VERTEX
  5
a00
  8
Layer_8
  10
603.04065
  20
-9.4817009
  0
SEQEND
  0
POLYLINE
  5
a02
  8
Layer_8
  62
254
  66
1
  10
0
  20
0
  30
0
  0
VERTEX
  5
a02
  8
Layer_8
  10
603.31714
  20
-9.4810886
  0
VERTEX
  5
a03
  8
Layer_8
  10
603.87018
  20
-9.4798622
  0
SEQEND
  0
POLYLINE
  5
a05
  8
Layer_8
  62
254
  66
1
  10
0
  20
0
  30
0
  0
VERTEX
  5
a05
  8
Layer_8
  10
604.14673
  20
-9.479248
  0
VERTEX
  5
a06
  8
Layer_8
  10
604.69971
  20
-9.4780216
  0
SEQEND
  0
POLYLINE
  5
a08
  8
Layer_8
  62
254
  66
1
  10
0
  20
0
  30
0
  0
VERTEX
  5
a08
  8
Layer_8
  10
604.97626
  20
-9.4774094
  0
VERTEX
  5
a09
  8
Layer_8
  10
605.5293
  20
-9.4761829
  0
SEQEND
  0
POLYLINE
  5
a0b
  8
Layer_8
  62
254
  66
1
  10
0
  20
0
  30
0
  0
VERTEX
  5
a0b
  8
Layer_8
  10
605.80579
  20
-9.4755688
  0
VERTEX
  5
a0c
  8
Layer_8
  10
606.35883
  20
-9.4743423
  0
SEQEND
  0
POLYLINE
  5
a0e
  8
Layer_8
  62
254
  66
1
  10
0
  20
0
  30
0
  0
VERTEX
  5
a0e
  8
Layer_8
  10
606.63531
  20
-9.4737301
  0
VERTEX
  5
a0f
  8
Layer_8
  10
607.18835
  20
-9.4725037
  0
SEQEND
  0
POLYLINE
  5
a11
  8
Layer_8
  62
254
  66
1
  10
0
  20
0
  30
0
  0
VERTEX
  5
a11
  8
Layer_8
  10
607.46484
  20
-9.4718895
  0
VERTEX
  5
a12
  8
Layer_8
  10
608.01788
  20
-9.470665
  0
SEQEND
  0
POLYLINE
  5
a14
  8
Layer_8
  62
254
  66
1
  10
0
  20
0
  30
0
  0
VERTEX
  5
a14
  8
Layer_8
  10
608.29443
  20
-9.4700508
  0
VERTEX
  5
a15
  8
Layer_8
  10
608.84741
  20
-9.4688244
  0
SEQEND
  0
POLYLINE
  5
a17
  8
Layer_8
  62
254
  66
1
  10
0
  20
0
  30
0
  0
VERTEX
  5
a17
  8
Layer_8
  10
609.12396
  20
-9.4682102
  0
VERTEX
  5
a18
  8
Layer_8
  10
609.677
  20
-9.4669857
  0
SEQEND
  0
POLYLINE
  5
a1a
  8
Layer_8
  62
254
  66
1
  10
0
  20
0
  30
0
  0
VERTEX
  5
a1a
  8
Layer_8
  10
609.95349
  20
-9.4663715
  0
VERTEX
  5
a1b
  8
Layer_8
  10
610.27502
  20
-9.4656582
  0
SEQEND
  0
POLYLINE
  5
a1d
  8
Layer_8
  62
254
  66
1
  10
0
  20
0
  30
0
  0
VERTEX
  5
a1d
  8
Layer_8
  10
512.92523
  20
9.8944588
  0
VERTEX
  5
a1e
  8
Layer_8
  10
566.49884
  20
9.784729
  0
SEQEND
  0
POLYLINE
  5
a20
  8
Layer_8
  62
254
  66
1
  10
0
  20
0
  30
0
  0
VERTEX
  5
a20
  8
Layer_8
  10
566.49884
  20
9.784729
  0
VERTEX
  5
a21
  8
Layer_8
  10
595.78271
  20
9.7247505
  0
SEQEND
  0
POLYLINE
  5
a23
  8
Layer_8
  62
254
  66
1
  10
0
  20
0
  30
0
  0
VERTEX
  5
a23
  8
Layer_8
  10
595.78271
  20
9.7247505
  0
VERTEX
  5
a24
  8
Layer_8
  10
610.2323
  20
9.7818871
  0
SEQEND
  0
POLYLINE
  5
a26
  8
Layer_8
  62
254
  66
1
  10
0
  20
0
  30
0
  0
VERTEX
  5
a26
  8
Layer_8
  10
610.2323
  20
9.7818871
  0
VERTEX
  5
a27
  8
Layer_8
  10
610.29749
  20
-19.600159
  0
SEQEND
  0
POLYLINE
  5
a29
  8
Layer_8
  62
254
  66
1
  10
0
  20
0
  30
0
  0
VERTEX
  5
a29
  8
Layer_8
  10
610.29749
  20
-19.600159
  0
VERTEX
  5
a2a
  8
Layer_8
  10
600.31799
  20
-28.624527
  0
SEQEND
  0
POLYLINE
  5
a2c
  8
Layer_8
  62
254
  66
1
  10
0
  20
0
  30
0
  0
VERTEX
  5
a2c
  8
Layer_8
  10
600.31799
  20
-28.624527
  0
VERTEX
  5
a2d
  8
Layer_8
  10
600.10297
  20
-28.62435
  0
SEQEND
  0
POLYLINE
  5
a2f
  8
Layer_8
  62
254
  66
1
  10
0
  20
0
  30
0
  0
VERTEX
  5
a2f
  8
Layer_8
  10
599.82642
  20
-28.624121
  0
VERTEX
  5
a30
  8
Layer_8
  10
599.27338
  20
-28.623663
  0
SEQEND
  0
POLYLINE
  5
a32
  8
Layer_8
  62
254
  66
1
  10
0
  20
0
  30
0
  0
VERTEX
  5
a32
  8
Layer_8
  10
598.99689
  20
-28.623434
  0
VERTEX
  5
a33
  8
Layer_8
  10
598.44385
  20
-28.622976
  0
SEQEND
  0
POLYLINE
  5
a35
  8
Layer_8
  62
254
  66
1
  10
0
  20
0
  30
0
  0
VERTEX
  5
a35
  8
Layer_8
  10
598.16736
  20
-28.622747
  0
VERTEX
  5
a36
  8
Layer_8
  10
597.61432
  20
-28.62229
  0
SEQEND
  0
POLYLINE
  5
a38
  8
Layer_8
  62
254
  66
1
  10
0
  20
0
  30
0
  0
VERTEX
  5
a38
  8
Layer_8
  10
597.33783
  20
-28.622061
  0
VERTEX
  5
a39
  8
Layer_8
  10
596.78479
  20
-28.621603
  0
SEQEND
  0
POLYLINE
  5
a3b
  8
Layer_8
  62
254
  66
1
  10
0
  20
0
  30
0
  0
VERTEX
  5
a3b
  8
Layer_8
  10
596.50824
  20
-28.621372
  0
VERTEX
  5
a3c
  8
Layer_8
  10
595.95526
  20
-28.620916
  0
SEQEND
  0
POLYLINE
  5
a3e
  8
Layer_8
  62
254
  66
1
  10
0
  20
0
  30
0
  0
VERTEX
  5
a3e
  8
Layer_8
  10
595.67871
  20
-28.620687
  0
VERTEX
  5
a3f
  8
Layer_8
  10
595.12567
  20
-28.62023
  0
SEQEND
  0
POLYLINE
  5
a41
  8
Layer_8
  62
254
  66
1
  10
0
  20
0
  30
0
  0
VERTEX
  5
a41
  8
Layer_8
  10
594.84918
  20
-28.620001
  0
VERTEX
  5
a42
  8
Layer_8
  10
594.29614
  20
-28.619543
  0
SEQEND
  0
POLYLINE
  5
a44
  8
Layer_8
  62
254
  66
1
  10
0
  20
0
  30
0
  0
VERTEX
  5
a44
  8
Layer_8
  10
594.01965
  20
-28.619314
  0
VERTEX
  5
a45
  8
Layer_8
  10
593.46661
  20
-28.618856
  0
SEQEND
  0
POLYLINE
  5
a47
  8
Layer_8
  62
254
  66
1
  10
0
  20
0
  30
0
  0
VERTEX
  5
a47
  8
Layer_8
  10
593.19012
  20
-28.618628
  0
VERTEX
  5
a48
  8
Layer_8
  10
592.63708
  20
-28.61817
  0
SEQEND
  0
POLYLINE
  5
a4a
  8
Layer_8
  62
254
  66
1
  10
0
  20
0
  30
0
  0
VERTEX
  5
a4a
  8
Layer_8
  10
592.36053
  20
-28.617941
  0
VERTEX
  5
a4b
  8
Layer_8
  10
591.80756
  20
-28.617483
  0
SEQEND
  0
POLYLINE
  5
a4d
  8
Layer_8
  62
254
  66
1
  10
0
  20
0
  30
0
  0
VERTEX
  5
a4d
  8
Layer_8
  10
591.53101
  20
-28.617254
  0
VERTEX
  5
a4e
  8
Layer_8
  10
590.97797
  20
-28.616796
  0
SEQEND
  0
POLYLINE
  5
a50
  8
Layer_8
  62
254
  66
1
  10
0
  20
0
  30
0
  0
VERTEX
  5
a50
  8
Layer_8
  10
590.70148
  20
-28.616568
  0
VERTEX
  5
a51
  8
Layer_8
  10
590.14844
  20
-28.61611
  0
SEQEND
  0
POLYLINE
  5
a53
  8
Layer_8
  62
254
  66
1
  10
0
  20
0
  30
0
  0
VERTEX
  5
a53
  8
Layer_8
  10
589.87195
  20
-28.615881
  0
VERTEX
  5
a54
  8
Layer_8
  10
589.31891
  20
-28.615423
  0
SEQEND
  0
POLYLINE
  5
a56
  8
Layer_8
  62
254
  66
1
  10
0
  20
0
  30
0
  0
VERTEX
  5
a56
  8
Layer_8
  10
589.04236
  20
-28.615194
  0
VERTEX
  5
a57
  8
Layer_8
  10
588.48938
  20
-28.614737
  0
SEQEND
  0
POLYLINE
  5
a59
  8
Layer_8
  62
254
  66
1
  10
0
  20
0
  30
0
  0
VERTEX
  5
a59
  8
Layer_8
  10
588.21283
  20
-28.614508
  0
VERTEX
  5
a5a
  8
Layer_8
  10
587.65979
  20
-28.61405
  0
SEQEND
  0
POLYLINE
  5
a5c
  8
Layer_8
  62
254
  66
1
  10
0
  20
0
  30
0
  0
VERTEX
  5
a5c
  8
Layer_8
  10
587.3833
  20
-28.613821
  0
VERTEX
  5
a5d
  8
Layer_8
  10
586.83026
  20
-28.613363
  0
SEQEND
  0
POLYLINE
  5
a5f
  8
Layer_8
  62
254
  66
1
  10
0
  20
0
  30
0
  0
VERTEX
  5
a5f
  8
Layer_8
  10
586.55377
  20
-28.613134
  0
VERTEX
  5
a60
  8
Layer_8
  10
586.00073
  20
-28.612677
  0
SEQEND
  0
POLYLINE
  5
a62
  8
Layer_8
  62
254
  66
1
  10
0
  20
0
  30
0
  0
VERTEX
  5
a62
  8
Layer_8
  10
585.72424
  20
-28.612446
  0
VERTEX
  5
a63
  8
Layer_8
  10
585.1712
  20
-28.611988
  0
SEQEND
  0
POLYLINE
  5
a65
  8
Layer_8
  62
254
  66
1
  10
0
  20
0
  30
0
  0
VERTEX
  5
a65
  8
Layer_8
  10
584.89465
  20
-28.611759
  0
VERTEX
  5
a66
  8
Layer_8
  10
584.34167
  20
-28.611301
  0
SEQEND
  0
POLYLINE
  5
a68
  8
Layer_8
  62
254
  66
1
  10
0
  20
0
  30
0
  0
VERTEX
  5
a68
  8
Layer_8
  10
584.06512
  20
-28.611073
  0
VERTEX
  5
a69
  8
Layer_8
  10
583.51208
  20
-28.610615
  0
SEQEND
  0
POLYLINE
  5
a6b
  8
Layer_8
  62
254
  66
1
  10
0
  20
0
  30
0
  0
VERTEX
  5
a6b
  8
Layer_8
  10
583.2356
  20
-28.610386
  0
VERTEX
  5
a6c
  8
Layer_8
  10
582.68256
  20
-28.609928
  0
SEQEND
  0
POLYLINE
  5
a6e
  8
Layer_8
  62
254
  66
1
  10
0
  20
0
  30
0
  0
VERTEX
  5
a6e
  8
Layer_8
  10
582.40607
  20
-28.609699
  0
VERTEX
  5
a6f
  8
Layer_8
  10
581.85303
  20
-28.609241
  0
SEQEND
  0
POLYLINE
  5
a71
  8
Layer_8
  62
254
  66
1
  10
0
  20
0
  30
0
  0
VERTEX
  5
a71
  8
Layer_8
  10
581.57654
  20
-28.609013
  0
VERTEX
  5
a72
  8
Layer_8
  10
581.0235
  20
-28.608555
  0
SEQEND
  0
POLYLINE
  5
a74
  8
Layer_8
  62
254
  66
1
  10
0
  20
0
  30
0
  0
VERTEX
  5
a74
  8
Layer_8
  10
580.74695
  20
-28.608326
  0
VERTEX
  5
a75
  8
Layer_8
  10
580.19391
  20
-28.607868
  0
SEQEND
  0
POLYLINE
  5
a77
  8
Layer_8
  62
254
  66
1
  10
0
  20
0
  30
0
  0
VERTEX
  5
a77
  8
Layer_8
  10
579.91742
  20
-28.607639
  0
VERTEX
  5
a78
  8
Layer_8
  10
579.36438
  20
-28.607183
  0
SEQEND
  0
POLYLINE
  5
a7a
  8
Layer_8
  62
254
  66
1
  10
0
  20
0
  30
0
  0
VERTEX
  5
a7a
  8
Layer_8
  10
579.08789
  20
-28.606955
  0
VERTEX
  5
a7b
  8
Layer_8
  10
578.53485
  20
-28.606497
  0
SEQEND
  0
POLYLINE
  5
a7d
  8
Layer_8
  62
254
  66
1
  10
0
  20
0
  30
0
  0
VERTEX
  5
a7d
  8
Layer_8
  10
578.25836
  20
-28.606268
  0
VERTEX
  5
a7e
  8
Layer_8
  10
577.70532
  20
-28.60581
  0
SEQEND
  0
POLYLINE
  5
a80
  8
Layer_8
  62
254
  66
1
  10
0
  20
0
  30
0
  0
VERTEX
  5
a80
  8
Layer_8
  10
577.42877
  20
-28.605581
  0
VERTEX
  5
a81
  8
Layer_8
  10
576.87579
  20
-28.605124
  0
SEQEND
  0
POLYLINE
  5
a83
  8
Layer_8
  62
254
  66
1
  10
0
  20
0
  30
0
  0
VERTEX
  5
a83
  8
Layer_8
  10
576.59924
  20
-28.604895
  0
VERTEX
  5
a84
  8
Layer_8
  10
576.0462
  20
-28.604437
  0
SEQEND
  0
POLYLINE
  5
a86
  8
Layer_8
  62
254
  66
1
  10
0
  20
0
  30
0
  0
VERTEX
  5
a86
  8
Layer_8
  10
575.76971
  20
-28.604208
  0
VERTEX
  5
a87
  8
Layer_8
  10
575.21667
  20
-28.60375
  0
SEQEND
  0
POLYLINE
  5
a89
  8
Layer_8
  62
254
  66
1
  10
0
  20
0
  30
0
  0
VERTEX
  5
a89
  8
Layer_8
  10
574.94019
  20
-28.603519
  0
VERTEX
  5
a8a
  8
Layer_8
  10
574.38715
  20
-28.603062
  0
SEQEND
  0
POLYLINE
  5
a8c
  8
Layer_8
  62
254
  66
1
  10
0
  20
0
  30
0
  0
VERTEX
  5
a8c
  8
Layer_8
  10
574.11066
  20
-28.602833
  0
VERTEX
  5
a8d
  8
Layer_8
  10
573.55762
  20
-28.602375
  0
SEQEND
  0
POLYLINE
  5
a8f
  8
Layer_8
  62
254
  66
1
  10
0
  20
0
  30
0
  0
VERTEX
  5
a8f
  8
Layer_8
  10
573.28107
  20
-28.602146
  0
VERTEX
  5
a90
  8
Layer_8
  10
572.72803
  20
-28.601688
  0
SEQEND
  0
POLYLINE
  5
a92
  8
Layer_8
  62
254
  66
1
  10
0
  20
0
  30
0
  0
VERTEX
  5
a92
  8
Layer_8
  10
572.45154
  20
-28.60146
  0
VERTEX
  5
a93
  8
Layer_8
  10
571.8985
  20
-28.601002
  0
SEQEND
  0
POLYLINE
  5
a95
  8
Layer_8
  62
254
  66
1
  10
0
  20
0
  30
0
  0
VERTEX
  5
a95
  8
Layer_8
  10
571.62201
  20
-28.600773
  0
VERTEX
  5
a96
  8
Layer_8
  10
571.06897
  20
-28.600315
  0
SEQEND
  0
POLYLINE
  5
a98
  8
Layer_8
  62
254
  66
1
  10
0
  20
0
  30
0
  0
VERTEX
  5
a98
  8
Layer_8
  10
570.79248
  20
-28.600086
  0
VERTEX
  5
a99
  8
Layer_8
  10
570.23944
  20
-28.599628
  0
SEQEND
  0
POLYLINE
  5
a9b
  8
Layer_8
  62
254
  66
1
  10
0
  20
0
  30
0
  0
VERTEX
  5
a9b
  8
Layer_8
  10
569.96289
  20
-28.5994
  0
VERTEX
  5
a9c
  8
Layer_8
  10
569.40991
  20
-28.598942
  0
SEQEND
  0
POLYLINE
  5
a9e
  8
Layer_8
  62
254
  66
1
  10
0
  20
0
  30
0
  0
VERTEX
  5
a9e
  8
Layer_8
  10
569.13336
  20
-28.598713
  0
VERTEX
  5
a9f
  8
Layer_8
  10
568.58032
  20
-28.598255
  0
SEQEND
  0
POLYLINE
  5
aa1
  8
Layer_8
  62
254
  66
1
  10
0
  20
0
  30
0
  0
VERTEX
  5
aa1
  8
Layer_8
  10
568.30383
  20
-28.598026
  0
VERTEX
  5
aa2
  8
Layer_8
  10
567.75079
  20
-28.597569
  0
SEQEND
  0
POLYLINE
  5
aa4
  8
Layer_8
  62
254
  66
1
  10
0
  20
0
  30
0
  0
VERTEX
  5
aa4
  8
Layer_8
  10
567.4743
  20
-28.59734
  0
VERTEX
  5
aa5
  8
Layer_8
  10
566.92126
  20
-28.596882
  0
SEQEND
  0
POLYLINE
  5
aa7
  8
Layer_8
  62
254
  66
1
  10
0
  20
0
  30
0
  0
VERTEX
  5
aa7
  8
Layer_8
  10
566.64478
  20
-28.596653
  0
VERTEX
  5
aa8
  8
Layer_8
  10
566.09174
  20
-28.596195
  0
SEQEND
  0
POLYLINE
  5
aaa
  8
Layer_8
  62
254
  66
1
  10
0
  20
0
  30
0
  0
VERTEX
  5
aaa
  8
Layer_8
  10
565.81519
  20
-28.595966
  0
VERTEX
  5
aab
  8
Layer_8
  10
565.26221
  20
-28.595509
  0
SEQEND
  0
POLYLINE
  5
aad
  8
Layer_8
  62
254
  66
1
  10
0
  20
0
  30
0
  0
VERTEX
  5
aad
  8
Layer_8
  10
564.98566
  20
-28.59528
  0
VERTEX
  5
aae
  8
Layer_8
  10
564.43262
  20
-28.594822
  0
SEQEND
  0
POLYLINE
  5
ab0
  8
Layer_8
  62
254
  66
1
  10
0
  20
0
  30
0
  0
VERTEX
  5
ab0
  8
Layer_8
  10
564.15613
  20
-28.594593
  0
VERTEX
  5
ab1
  8
Layer_8
  10
563.60309
  20
-28.594135
  0
SEQEND
  0
POLYLINE
  5
ab3
  8
Layer_8
  62
254
  66
1
  10
0
  20
0
  30
0
  0
VERTEX
  5
ab3
  8
Layer_8
  10
563.3266
  20
-28.593906
  0
VERTEX
  5
ab4
  8
Layer_8
  10
562.77356
  20
-28.593449
  0
SEQEND
  0
POLYLINE
  5
ab6
  8
Layer_8
  62
254
  66
1
  10
0
  20
0
  30
0
  0
VERTEX
  5
ab6
  8
Layer_8
  10
562.49707
  20
-28.59322
  0
VERTEX
  5
ab7
  8
Layer_8
  10
561.94403
  20
-28.592762
  0
SEQEND
  0
POLYLINE
  5
ab9
  8
Layer_8
  62
254
  66
1
  10
0
  20
0
  30
0
  0
VERTEX
  5
ab9
  8
Layer_8
  10
561.66748
  20
-28.592533
  0
VERTEX
  5
aba
  8
Layer_8
  10
561.11444
  20
-28.592075
  0
SEQEND
  0
POLYLINE
  5
abc
  8
Layer_8
  62
254
  66
1
  10
0
  20
0
  30
0
  0
VERTEX
  5
abc
  8
Layer_8
  10
560.83795
  20
-28.591846
  0
VERTEX
  5
abd
  8
Layer_8
  10
560.28491
  20
-28.591389
  0
SEQEND
  0
POLYLINE
  5
abf
  8
Layer_8
  62
254
  66
1
  10
0
  20
0
  30
0
  0
VERTEX
  5
abf
  8
Layer_8
  10
560.00842
  20
-28.59116
  0
VERTEX
  5
ac0
  8
Layer_8
  10
559.45538
  20
-28.590702
  0
SEQEND
  0
POLYLINE
  5
ac2
  8
Layer_8
  62
254
  66
1
  10
0
  20
0
  30
0
  0
VERTEX
  5
ac2
  8
Layer_8
  10
559.17889
  20
-28.590473
  0
VERTEX
  5
ac3
  8
Layer_8
  10
558.62585
  20
-28.590015
  0
SEQEND
  0
POLYLINE
  5
ac5
  8
Layer_8
  62
254
  66
1
  10
0
  20
0
  30
0
  0
VERTEX
  5
ac5
  8
Layer_8
  10
558.3493
  20
-28.589787
  0
VERTEX
  5
ac6
  8
Layer_8
  10
557.79633
  20
-28.589329
  0
SEQEND
  0
POLYLINE
  5
ac8
  8
Layer_8
  62
254
  66
1
  10
0
  20
0
  30
0
  0
VERTEX
  5
ac8
  8
Layer_8
  10
557.51978
  20
-28.5891
  0
VERTEX
  5
ac9
  8
Layer_8
  10
556.96674
  20
-28.588642
  0
SEQEND
  0
POLYLINE
  5
acb
  8
Layer_8
  62
254
  66
1
  10
0
  20
0
  30
0
  0
VERTEX
  5
acb
  8
Layer_8
  10
556.69025
  20
-28.588413
  0
VERTEX
  5
acc
  8
Layer_8
  10
556.13721
  20
-28.587955
  0
SEQEND
  0
POLYLINE
  5
ace
  8
Layer_8
  62
254
  66
1
  10
0
  20
0
  30
0
  0
VERTEX
  5
ace
  8
Layer_8
  10
555.86072
  20
-28.587727
  0
VERTEX
  5
acf
  8
Layer_8
  10
555.30768
  20
-28.587269
  0
SEQEND
  0
POLYLINE
  5
ad1
  8
Layer_8
  62
254
  66
1
  10
0
  20
0
  30
0
  0
VERTEX
  5
ad1
  8
Layer_8
  10
555.03119
  20
-28.58704
  0
VERTEX
  5
ad2
  8
Layer_8
  10
554.47815
  20
-28.586582
  0
SEQEND
  0
POLYLINE
  5
ad4
  8
Layer_8
  62
254
  66
1
  10
0
  20
0
  30
0
  0
VERTEX
  5
ad4
  8
Layer_8
  10
554.2016
  20
-28.586353
  0
VERTEX
  5
ad5
  8
Layer_8
  10
553.64862
  20
-28.585896
  0
SEQEND
  0
POLYLINE
  5
ad7
  8
Layer_8
  62
254
  66
1
  10
0
  20
0
  30
0
  0
VERTEX
  5
ad7
  8
Layer_8
  10
553.37207
  20
-28.585667
  0
VERTEX
  5
ad8
  8
Layer_8
  10
552.81903
  20
-28.585209
  0
SEQEND
  0
POLYLINE
  5
ada
  8
Layer_8
  62
254
  66
1
  10
0
  20
0
  30
0
  0
VERTEX
  5
ada
  8
Layer_8
  10
552.54254
  20
-28.58498
  0
VERTEX
  5
adb
  8
Layer_8
  10
551.9895
  20
-28.584522
  0
SEQEND
  0
POLYLINE
  5
add
  8
Layer_8
  62
254
  66
1
  10
0
  20
0
  30
0
  0
VERTEX
  5
add
  8
Layer_8
  10
551.71301
  20
-28.584293
  0
VERTEX
  5
ade
  8
Layer_8
  10
551.15997
  20
-28.583836
  0
SEQEND
  0
POLYLINE
  5
ae0
  8
Layer_8
  62
254
  66
1
  10
0
  20
0
  30
0
  0
VERTEX
  5
ae0
  8
Layer_8
  10
550.88342
  20
-28.583607
  0
VERTEX
  5
ae1
  8
Layer_8
  10
550.33044
  20
-28.583149
  0
SEQEND
  0
POLYLINE
  5
ae3
  8
Layer_8
  62
254
  66
1
  10
0
  20
0
  30
0
  0
VERTEX
  5
ae3
  8
Layer_8
  10
550.05389
  20
-28.58292
  0
VERTEX
  5
ae4
  8
Layer_8
  10
549.50085
  20
-28.582462
  0
SEQEND
  0
POLYLINE
  5
ae6
  8
Layer_8
  62
254
  66
1
  10
0
  20
0
  30
0
  0
VERTEX
  5
ae6
  8
Layer_8
  10
549.22437
  20
-28.582233
  0
VERTEX
  5
ae7
  8
Layer_8
  10
548.67133
  20
-28.581776
  0
SEQEND
  0
POLYLINE
  5
ae9
  8
Layer_8
  62
254
  66
1
  10
0
  20
0
  30
0
  0
VERTEX
  5
ae9
  8
Layer_8
  10
548.39484
  20
-28.581547
  0
VERTEX
  5
aea
  8
Layer_8
  10
547.8418
  20
-28.581089
  0
SEQEND
  0
POLYLINE
  5
aec
  8
Layer_8
  62
254
  66
1
  10
0
  20
0
  30
0
  0
VERTEX
  5
aec
  8
Layer_8
  10
547.56531
  20
-28.58086
  0
VERTEX
  5
aed
  8
Layer_8
  10
547.01227
  20
-28.580402
  0
SEQEND
  0
POLYLINE
  5
aef
  8
Layer_8
  62
254
  66
1
  10
0
  20
0
  30
0
  0
VERTEX
  5
aef
  8
Layer_8
  10
546.73572
  20
-28.580173
  0
VERTEX
  5
af0
  8
Layer_8
  10
546.18274
  20
-28.579716
  0
SEQEND
  0
POLYLINE
  5
af2
  8
Layer_8
  62
254
  66
1
  10
0
  20
0
  30
0
  0
VERTEX
  5
af2
  8
Layer_8
  10
545.90619
  20
-28.579487
  0
VERTEX
  5
af3
  8
Layer_8
  10
545.35315
  20
-28.579029
  0
SEQEND
  0
POLYLINE
  5
af5
  8
Layer_8
  62
254
  66
1
  10
0
  20
0
  30
0
  0
VERTEX
  5
af5
  8
Layer_8
  10
545.07666
  20
-28.5788
  0
VERTEX
  5
af6
  8
Layer_8
  10
544.52362
  20
-28.578342
  0
SEQEND
  0
POLYLINE
  5
af8
  8
Layer_8
  62
254
  66
1
  10
0
  20
0
  30
0
  0
VERTEX
  5
af8
  8
Layer_8
  10
544.24713
  20
-28.578114
  0
VERTEX
  5
af9
  8
Layer_8
  10
543.69409
  20
-28.577656
  0
SEQEND
  0
POLYLINE
  5
afb
  8
Layer_8
  62
254
  66
1
  10
0
  20
0
  30
0
  0
VERTEX
  5
afb
  8
Layer_8
  10
543.4176
  20
-28.577427
  0
VERTEX
  5
afc
  8
Layer_8
  10
542.86456
  20
-28.576969
  0
SEQEND
  0
POLYLINE
  5
afe
  8
Layer_8
  62
254
  66
1
  10
0
  20
0
  30
0
  0
VERTEX
  5
afe
  8
Layer_8
  10
542.58801
  20
-28.57674
  0
VERTEX
  5
aff
  8
Layer_8
  10
542.03503
  20
-28.576283
  0
SEQEND
  0
POLYLINE
  5
b01
  8
Layer_8
  62
254
  66
1
  10
0
  20
0
  30
0
  0
VERTEX
  5
b01
  8
Layer_8
  10
541.75848
  20
-28.576054
  0
VERTEX
  5
b02
  8
Layer_8
  10
541.20544
  20
-28.575596
  0
SEQEND
  0
POLYLINE
  5
b04
  8
Layer_8
  62
254
  66
1
  10
0
  20
0
  30
0
  0
VERTEX
  5
b04
  8
Layer_8
  10
540.92896
  20
-28.575367
  0
VERTEX
  5
b05
  8
Layer_8
  10
540.37592
  20
-28.574909
  0
SEQEND
  0
POLYLINE
  5
b07
  8
Layer_8
  62
254
  66
1
  10
0
  20
0
  30
0
  0
VERTEX
  5
b07
  8
Layer_8
  10
540.09943
  20
-28.57468
  0
VERTEX
  5
b08
  8
Layer_8
  10
539.54639
  20
-28.574223
  0
SEQEND
  0
POLYLINE
  5
b0a
  8
Layer_8
  62
254
  66
1
  10
0
  20
0
  30
0
  0
VERTEX
  5
b0a
  8
Layer_8
  10
539.26984
  20
-28.573994
  0
VERTEX
  5
b0b
  8
Layer_8
  10
538.71686
  20
-28.573536
  0
SEQEND
  0
POLYLINE
  5
b0d
  8
Layer_8
  62
254
  66
1
  10
0
  20
0
  30
0
  0
VERTEX
  5
b0d
  8
Layer_8
  10
538.44031
  20
-28.573307
  0
VERTEX
  5
b0e
  8
Layer_8
  10
537.88727
  20
-28.572849
  0
SEQEND
  0
POLYLINE
  5
b10
  8
Layer_8
  62
254
  66
1
  10
0
  20
0
  30
0
  0
VERTEX
  5
b10
  8
Layer_8
  10
537.61078
  20
-28.57262
  0
VERTEX
  5
b11
  8
Layer_8
  10
537.05774
  20
-28.572163
  0
SEQEND
  0
POLYLINE
  5
b13
  8
Layer_8
  62
254
  66
1
  10
0
  20
0
  30
0
  0
VERTEX
  5
b13
  8
Layer_8
  10
536.78125
  20
-28.571934
  0
VERTEX
  5
b14
  8
Layer_8
  10
536.22821
  20
-28.571476
  0
SEQEND
  0
POLYLINE
  5
b16
  8
Layer_8
  62
254
  66
1
  10
0
  20
0
  30
0
  0
VERTEX
  5
b16
  8
Layer_8
  10
535.95172
  20
-28.571247
  0
VERTEX
  5
b17
  8
Layer_8
  10
535.39868
  20
-28.570789
  0
SEQEND
  0
POLYLINE
  5
b19
  8
Layer_8
  62
254
  66
1
  10
0
  20
0
  30
0
  0
VERTEX
  5
b19
  8
Layer_8
  10
535.12213
  20
-28.57056
  0
VERTEX
  5
b1a
  8
Layer_8
  10
534.56909
  20
-28.570103
  0
SEQEND
  0
POLYLINE
  5
b1c
  8
Layer_8
  62
254
  66
1
  10
0
  20
0
  30
0
  0
VERTEX
  5
b1c
  8
Layer_8
  10
534.2926
  20
-28.569874
  0
VERTEX
  5
b1d
  8
Layer_8
  10
533.73956
  20
-28.569416
  0
SEQEND
  0
POLYLINE
  5
b1f
  8
Layer_8
  62
254
  66
1
  10
0
  20
0
  30
0
  0
VERTEX
  5
b1f
  8
Layer_8
  10
533.46307
  20
-28.569187
  0
VERTEX
  5
b20
  8
Layer_8
  10
532.91003
  20
-28.568729
  0
SEQEND
  0
POLYLINE
  5
b22
  8
Layer_8
  62
254
  66
1
  10
0
  20
0
  30
0
  0
VERTEX
  5
b22
  8
Layer_8
  10
532.63354
  20
-28.568501
  0
VERTEX
  5
b23
  8
Layer_8
  10
532.08051
  20
-28.568043
  0
SEQEND
  0
POLYLINE
  5
b25
  8
Layer_8
  62
254
  66
1
  10
0
  20
0
  30
0
  0
VERTEX
  5
b25
  8
Layer_8
  10
531.80396
  20
-28.567814
  0
VERTEX
  5
b26
  8
Layer_8
  10
531.25098
  20
-28.567356
  0
SEQEND
  0
POLYLINE
  5
b28
  8
Layer_8
  62
254
  66
1
  10
0
  20
0
  30
0
  0
VERTEX
  5
b28
  8
Layer_8
  10
530.97443
  20
-28.567127
  0
VERTEX
  5
b29
  8
Layer_8
  10
530.42139
  20
-28.566669
  0
SEQEND
  0
POLYLINE
  5
b2b
  8
Layer_8
  62
254
  66
1
  10
0
  20
0
  30
0
  0
VERTEX
  5
b2b
  8
Layer_8
  10
530.1449
  20
-28.566441
  0
VERTEX
  5
b2c
  8
Layer_8
  10
529.59186
  20
-28.565983
  0
SEQEND
  0
POLYLINE
  5
b2e
  8
Layer_8
  62
254
  66
1
  10
0
  20
0
  30
0
  0
VERTEX
  5
b2e
  8
Layer_8
  10
529.31537
  20
-28.565754
  0
VERTEX
  5
b2f
  8
Layer_8
  10
528.76233
  20
-28.565296
  0
SEQEND
  0
POLYLINE
  5
b31
  8
Layer_8
  62
254
  66
1
  10
0
  20
0
  30
0
  0
VERTEX
  5
b31
  8
Layer_8
  10
528.48584
  20
-28.565067
  0
VERTEX
  5
b32
  8
Layer_8
  10
527.9328
  20
-28.56461
  0
SEQEND
  0
POLYLINE
  5
b34
  8
Layer_8
  62
254
  66
1
  10
0
  20
0
  30
0
  0
VERTEX
  5
b34
  8
Layer_8
  10
527.65625
  20
-28.564381
  0
VERTEX
  5
b35
  8
Layer_8
  10
527.10327
  20
-28.563923
  0
SEQEND
  0
POLYLINE
  5
b37
  8
Layer_8
  62
254
  66
1
  10
0
  20
0
  30
0
  0
VERTEX
  5
b37
  8
Layer_8
  10
526.82672
  20
-28.563694
  0
VERTEX
  5
b38
  8
Layer_8
  10
526.27368
  20
-28.563236
  0
SEQEND
  0
POLYLINE
  5
b3a
  8
Layer_8
  62
254
  66
1
  10
0
  20
0
  30
0
  0
VERTEX
  5
b3a
  8
Layer_8
  10
525.99719
  20
-28.563007
  0
VERTEX
  5
b3b
  8
Layer_8
  10
525.44415
  20
-28.56255
  0
SEQEND
  0
POLYLINE
  5
b3d
  8
Layer_8
  62
254
  66
1
  10
0
  20
0
  30
0
  0
VERTEX
  5
b3d
  8
Layer_8
  10
525.16766
  20
-28.562321
  0
VERTEX
  5
b3e
  8
Layer_8
  10
524.61462
  20
-28.561863
  0
SEQEND
  0
POLYLINE
  5
b40
  8
Layer_8
  62
254
  66
1
  10
0
  20
0
  30
0
  0
VERTEX
  5
b40
  8
Layer_8
  10
524.33813
  20
-28.561634
  0
VERTEX
  5
b41
  8
Layer_8
  10
523.7851
  20
-28.561176
  0
SEQEND
  0
POLYLINE
  5
b43
  8
Layer_8
  62
254
  66
1
  10
0
  20
0
  30
0
  0
VERTEX
  5
b43
  8
Layer_8
  10
523.50854
  20
-28.560947
  0
VERTEX
  5
b44
  8
Layer_8
  10
522.95557
  20
-28.56049
  0
SEQEND
  0
POLYLINE
  5
b46
  8
Layer_8
  62
254
  66
1
  10
0
  20
0
  30
0
  0
VERTEX
  5
b46
  8
Layer_8
  10
522.67902
  20
-28.560261
  0
VERTEX
  5
b47
  8
Layer_8
  10
522.12598
  20
-28.559803
  0
SEQEND
  0
POLYLINE
  5
b49
  8
Layer_8
  62
254
  66
1
  10
0
  20
0
  30
0
  0
VERTEX
  5
b49
  8
Layer_8
  10
521.84949
  20
-28.559574
  0
VERTEX
  5
b4a
  8
Layer_8
  10
521.29645
  20
-28.559116
  0
SEQEND
  0
POLYLINE
  5
b4c
  8
Layer_8
  62
254
  66
1
  10
0
  20
0
  30
0
  0
VERTEX
  5
b4c
  8
Layer_8
  10
521.01996
  20
-28.558887
  0
VERTEX
  5
b4d
  8
Layer_8
  10
520.46692
  20
-28.55843
  0
SEQEND
  0
POLYLINE
  5
b4f
  8
Layer_8
  62
254
  66
1
  10
0
  20
0
  30
0
  0
VERTEX
  5
b4f
  8
Layer_8
  10
520.19037
  20
-28.558201
  0
VERTEX
  5
b50
  8
Layer_8
  10
519.63739
  20
-28.557743
  0
SEQEND
  0
POLYLINE
  5
b52
  8
Layer_8
  62
254
  66
1
  10
0
  20
0
  30
0
  0
VERTEX
  5
b52
  8
Layer_8
  10
519.36084
  20
-28.557514
  0
VERTEX
  5
b53
  8
Layer_8
  10
518.8078
  20
-28.557056
  0
SEQEND
  0
POLYLINE
  5
b55
  8
Layer_8
  62
254
  66
1
  10
0
  20
0
  30
0
  0
VERTEX
  5
b55
  8
Layer_8
  10
518.53131
  20
-28.556828
  0
VERTEX
  5
b56
  8
Layer_8
  10
517.97827
  20
-28.55637
  0
SEQEND
  0
POLYLINE
  5
b58
  8
Layer_8
  62
254
  66
1
  10
0
  20
0
  30
0
  0
VERTEX
  5
b58
  8
Layer_8
  10
517.70178
  20
-28.556141
  0
VERTEX
  5
b59
  8
Layer_8
  10
517.14874
  20
-28.555683
  0
SEQEND
  0
POLYLINE
  5
b5b
  8
Layer_8
  62
254
  66
1
  10
0
  20
0
  30
0
  0
VERTEX
  5
b5b
  8
Layer_8
  10
516.87219
  20
-28.555454
  0
VERTEX
  5
b5c
  8
Layer_8
  10
516.31921
  20
-28.554996
  0
SEQEND
  0
POLYLINE
  5
b5e
  8
Layer_8
  62
254
  66
1
  10
0
  20
0
  30
0
  0
VERTEX
  5
b5e
  8
Layer_8
  10
516.04266
  20
-28.554768
  0
VERTEX
  5
b5f
  8
Layer_8
  10
515.48962
  20
-28.55431
  0
SEQEND
  0
POLYLINE
  5
b61
  8
Layer_8
  62
254
  66
1
  10
0
  20
0
  30
0
  0
VERTEX
  5
b61
  8
Layer_8
  10
515.21313
  20
-28.554081
  0
VERTEX
  5
b62
  8
Layer_8
  10
514.6601
  20
-28.553623
  0
SEQEND
  0
POLYLINE
  5
b64
  8
Layer_8
  62
254
  66
1
  10
0
  20
0
  30
0
  0
VERTEX
  5
b64
  8
Layer_8
  10
514.38361
  20
-28.553394
  0
VERTEX
  5
b65
  8
Layer_8
  10
513.83057
  20
-28.552937
  0
SEQEND
  0
POLYLINE
  5
b67
  8
Layer_8
  62
254
  66
1
  10
0
  20
0
  30
0
  0
VERTEX
  5
b67
  8
Layer_8
  10
513.55408
  20
-28.552708
  0
VERTEX
  5
b68
  8
Layer_8
  10
513.00104
  20
-28.55225
  0
SEQEND
  0
POLYLINE
  5
b6a
  8
Layer_8
  62
254
  66
1
  10
0
  20
0
  30
0
  0
VERTEX
  5
b6a
  8
Layer_8
  10
513.00104
  20
-28.55225
  0
VERTEX
  5
b6b
  8
Layer_8
  10
512.448
  20
-28.555595
  0
SEQEND
  0
POLYLINE
  5
b6d
  8
Layer_8
  62
254
  66
1
  10
0
  20
0
  30
0
  0
VERTEX
  5
b6d
  8
Layer_8
  10
512.17151
  20
-28.55727
  0
VERTEX
  5
b6e
  8
Layer_8
  10
511.61847
  20
-28.560616
  0
SEQEND
  0
POLYLINE
  5
b70
  8
Layer_8
  62
254
  66
1
  10
0
  20
0
  30
0
  0
VERTEX
  5
b70
  8
Layer_8
  10
511.34198
  20
-28.562288
  0
VERTEX
  5
b71
  8
Layer_8
  10
510.78894
  20
-28.565634
  0
SEQEND
  0
POLYLINE
  5
b73
  8
Layer_8
  62
254
  66
1
  10
0
  20
0
  30
0
  0
VERTEX
  5
b73
  8
Layer_8
  10
510.51245
  20
-28.567307
  0
VERTEX
  5
b74
  8
Layer_8
  10
509.95941
  20
-28.570652
  0
SEQEND
  0
POLYLINE
  5
b76
  8
Layer_8
  62
254
  66
1
  10
0
  20
0
  30
0
  0
VERTEX
  5
b76
  8
Layer_8
  10
509.68292
  20
-28.572327
  0
VERTEX
  5
b77
  8
Layer_8
  10
509.12991
  20
-28.575672
  0
SEQEND
  0
POLYLINE
  5
b79
  8
Layer_8
  62
254
  66
1
  10
0
  20
0
  30
0
  0
VERTEX
  5
b79
  8
Layer_8
  10
508.85339
  20
-28.577345
  0
VERTEX
  5
b7a
  8
Layer_8
  10
508.30038
  20
-28.580692
  0
SEQEND
  0
POLYLINE
  5
b7c
  8
Layer_8
  62
254
  66
1
  10
0
  20
0
  30
0
  0
VERTEX
  5
b7c
  8
Layer_8
  10
508.02386
  20
-28.582363
  0
VERTEX
  5
b7d
  8
Layer_8
  10
507.47086
  20
-28.585711
  0
SEQEND
  0
POLYLINE
  5
b7f
  8
Layer_8
  62
254
  66
1
  10
0
  20
0
  30
0
  0
VERTEX
  5
b7f
  8
Layer_8
  10
507.19434
  20
-28.587383
  0
VERTEX
  5
b80
  8
Layer_8
  10
506.64133
  20
-28.590729
  0
SEQEND
  0
POLYLINE
  5
b82
  8
Layer_8
  62
254
  66
1
  10
0
  20
0
  30
0
  0
VERTEX
  5
b82
  8
Layer_8
  10
506.36481
  20
-28.592403
  0
VERTEX
  5
b83
  8
Layer_8
  10
505.8118
  20
-28.595749
  0
SEQEND
  0
POLYLINE
  5
b85
  8
Layer_8
  62
254
  66
1
  10
0
  20
0
  30
0
  0
VERTEX
  5
b85
  8
Layer_8
  10
505.53528
  20
-28.597422
  0
VERTEX
  5
b86
  8
Layer_8
  10
504.98227
  20
-28.600767
  0
SEQEND
  0
POLYLINE
  5
b88
  8
Layer_8
  62
254
  66
1
  10
0
  20
0
  30
0
  0
VERTEX
  5
b88
  8
Layer_8
  10
504.70575
  20
-28.60244
  0
VERTEX
  5
b89
  8
Layer_8
  10
504.15274
  20
-28.605785
  0
SEQEND
  0
POLYLINE
  5
b8b
  8
Layer_8
  62
254
  66
1
  10
0
  20
0
  30
0
  0
VERTEX
  5
b8b
  8
Layer_8
  10
503.87622
  20
-28.60746
  0
VERTEX
  5
b8c
  8
Layer_8
  10
503.32321
  20
-28.610806
  0
SEQEND
  0
POLYLINE
  5
b8e
  8
Layer_8
  62
254
  66
1
  10
0
  20
0
  30
0
  0
VERTEX
  5
b8e
  8
Layer_8
  10
503.04669
  20
-28.612478
  0
VERTEX
  5
b8f
  8
Layer_8
  10
502.49368
  20
-28.615826
  0
SEQEND
  0
POLYLINE
  5
b91
  8
Layer_8
  62
254
  66
1
  10
0
  20
0
  30
0
  0
VERTEX
  5
b91
  8
Layer_8
  10
502.21716
  20
-28.617496
  0
VERTEX
  5
b92
  8
Layer_8
  10
501.66415
  20
-28.620844
  0
SEQEND
  0
POLYLINE
  5
b94
  8
Layer_8
  62
254
  66
1
  10
0
  20
0
  30
0
  0
VERTEX
  5
b94
  8
Layer_8
  10
501.38766
  20
-28.622517
  0
VERTEX
  5
b95
  8
Layer_8
  10
500.83463
  20
-28.625862
  0
SEQEND
  0
POLYLINE
  5
b97
  8
Layer_8
  62
254
  66
1
  10
0
  20
0
  30
0
  0
VERTEX
  5
b97
  8
Layer_8
  10
500.55811
  20
-28.627537
  0
VERTEX
  5
b98
  8
Layer_8
  10
500.00513
  20
-28.630882
  0
SEQEND
  0
POLYLINE
  5
b9a
  8
Layer_8
  62
254
  66
1
  10
0
  20
0
  30
0
  0
VERTEX
  5
b9a
  8
Layer_8
  10
499.72858
  20
-28.632555
  0
VERTEX
  5
b9b
  8
Layer_8
  10
499.17557
  20
-28.6359
  0
SEQEND
  0
POLYLINE
  5
b9d
  8
Layer_8
  62
254
  66
1
  10
0
  20
0
  30
0
  0
VERTEX
  5
b9d
  8
Layer_8
  10
498.89908
  20
-28.637573
  0
VERTEX
  5
b9e
  8
Layer_8
  10
498.34604
  20
-28.640921
  0
SEQEND
  0
POLYLINE
  5
ba0
  8
Layer_8
  62
254
  66
1
  10
0
  20
0
  30
0
  0
VERTEX
  5
ba0
  8
Layer_8
  10
498.06955
  20
-28.642593
  0
VERTEX
  5
ba1
  8
Layer_8
  10
497.51654
  20
-28.645939
  0
SEQEND
  0
POLYLINE
  5
ba3
  8
Layer_8
  62
254
  66
1
  10
0
  20
0
  30
0
  0
VERTEX
  5
ba3
  8
Layer_8
  10
497.24002
  20
-28.647612
  0
VERTEX
  5
ba4
  8
Layer_8
  10
496.68701
  20
-28.650959
  0
SEQEND
  0
POLYLINE
  5
ba6
  8
Layer_8
  62
254
  66
1
  10
0
  20
0
  30
0
  0
VERTEX
  5
ba6
  8
Layer_8
  10
496.41049
  20
-28.652632
  0
VERTEX
  5
ba7
  8
Layer_8
  10
495.85748
  20
-28.655977
  0
SEQEND
  0
POLYLINE
  5
ba9
  8
Layer_8
  62
254
  66
1
  10
0
  20
0
  30
0
  0
VERTEX
  5
ba9
  8
Layer_8
  10
495.58096
  20
-28.65765
  0
VERTEX
  5
baa
  8
Layer_8
  10
495.02795
  20
-28.660995
  0
SEQEND
  0
POLYLINE
  5
bac
  8
Layer_8
  62
254
  66
1
  10
0
  20
0
  30
0
  0
VERTEX
  5
bac
  8
Layer_8
  10
494.75143
  20
-28.66267
  0
VERTEX
  5
bad
  8
Layer_8
  10
494.19843
  20
-28.666016
  0
SEQEND
  0
POLYLINE
  5
baf
  8
Layer_8
  62
254
  66
1
  10
0
  20
0
  30
0
  0
VERTEX
  5
baf
  8
Layer_8
  10
493.92191
  20
-28.667688
  0
VERTEX
  5
bb0
  8
Layer_8
  10
493.3689
  20
-28.671034
  0
SEQEND
  0
POLYLINE
  5
bb2
  8
Layer_8
  62
254
  66
1
  10
0
  20
0
  30
0
  0
VERTEX
  5
bb2
  8
Layer_8
  10
717.99921
  20
-19.290649
  0
VERTEX
  5
bb3
  8
Layer_8
  10
717.76599
  20
-19.290649
  0
SEQEND
  0
POLYLINE
  5
bb5
  8
Layer_8
  62
254
  66
1
  10
0
  20
0
  30
0
  0
VERTEX
  5
bb5
  8
Layer_8
  10
717.48944
  20
-19.290649
  0
VERTEX
  5
bb6
  8
Layer_8
  10
716.9364
  20
-19.290649
  0
SEQEND
  0
POLYLINE
  5
bb8
  8
Layer_8
  62
254
  66
1
  10
0
  20
0
  30
0
  0
VERTEX
  5
bb8
  8
Layer_8
  10
716.65991
  20
-19.290649
  0
VERTEX
  5
bb9
  8
Layer_8
  10
716.10687
  20
-19.290649
  0
SEQEND
  0
POLYLINE
  5
bbb
  8
Layer_8
  62
254
  66
1
  10
0
  20
0
  30
0
  0
VERTEX
  5
bbb
  8
Layer_8
  10
715.83038
  20
-19.290649
  0
VERTEX
  5
bbc
  8
Layer_8
  10
715.27734
  20
-19.290649
  0
SEQEND
  0
POLYLINE
  5
bbe
  8
Layer_8
  62
254
  66
1
  10
0
  20
0
  30
0
  0
VERTEX
  5
bbe
  8
Layer_8
  10
715.00085
  20
-19.290649
  0
VERTEX
  5
bbf
  8
Layer_8
  10
714.44781
  20
-19.290649
  0
SEQEND
  0
POLYLINE
  5
bc1
  8
Layer_8
  62
254
  66
1
  10
0
  20
0
  30
0
  0
VERTEX
  5
bc1
  8
Layer_8
  10
714.17126
  20
-19.290649
  0
VERTEX
  5
bc2
  8
Layer_8
  10
713.61829
  20
-19.290649
  0
SEQEND
  0
POLYLINE
  5
bc4
  8
Layer_8
  62
254
  66
1
  10
0
  20
0
  30
0
  0
VERTEX
  5
bc4
  8
Layer_8
  10
713.34174
  20
-19.290649
  0
VERTEX
  5
bc5
  8
Layer_8
  10
712.7887
  20
-19.290649
  0
SEQEND
  0
POLYLINE
  5
bc7
  8
Layer_8
  62
254
  66
1
  10
0
  20
0
  30
0
  0
VERTEX
  5
bc7
  8
Layer_8
  10
712.51221
  20
-19.290649
  0
VERTEX
  5
bc8
  8
Layer_8
  10
711.95917
  20
-19.290649
  0
SEQEND
  0
POLYLINE
  5
bca
  8
Layer_8
  62
254
  66
1
  10
0
  20
0
  30
0
  0
VERTEX
  5
bca
  8
Layer_8
  10
711.68268
  20
-19.290649
  0
VERTEX
  5
bcb
  8
Layer_8
  10
711.12964
  20
-19.290649
  0
SEQEND
  0
POLYLINE
  5
bcd
  8
Layer_8
  62
254
  66
1
  10
0
  20
0
  30
0
  0
VERTEX
  5
bcd
  8
Layer_8
  10
710.85309
  20
-19.290649
  0
VERTEX
  5
bce
  8
Layer_8
  10
710.30005
  20
-19.290649
  0
SEQEND
  0
POLYLINE
  5
bd0
  8
Layer_8
  62
254
  66
1
  10
0
  20
0
  30
0
  0
VERTEX
  5
bd0
  8
Layer_8
  10
710.02356
  20
-19.290649
  0
VERTEX
  5
bd1
  8
Layer_8
  10
709.47052
  20
-19.290649
  0
SEQEND
  0
POLYLINE
  5
bd3
  8
Layer_8
  62
254
  66
1
  10
0
  20
0
  30
0
  0
VERTEX
  5
bd3
  8
Layer_8
  10
709.19403
  20
-19.290649
  0
VERTEX
  5
bd4
  8
Layer_8
  10
708.64099
  20
-19.290649
  0
SEQEND
  0
POLYLINE
  5
bd6
  8
Layer_8
  62
254
  66
1
  10
0
  20
0
  30
0
  0
VERTEX
  5
bd6
  8
Layer_8
  10
708.3645
  20
-19.290649
  0
VERTEX
  5
bd7
  8
Layer_8
  10
707.81146
  20
-19.290649
  0
SEQEND
  0
POLYLINE
  5
bd9
  8
Layer_8
  62
254
  66
1
  10
0
  20
0
  30
0
  0
VERTEX
  5
bd9
  8
Layer_8
  10
707.53491
  20
-19.290649
  0
VERTEX
  5
bda
  8
Layer_8
  10
706.98193
  20
-19.290649
  0
SEQEND
  0
POLYLINE
  5
bdc
  8
Layer_8
  62
254
  66
1
  10
0
  20
0
  30
0
  0
VERTEX
  5
bdc
  8
Layer_8
  10
706.70538
  20
-19.290649
  0
VERTEX
  5
bdd
  8
Layer_8
  10
706.15234
  20
-19.290649
  0
SEQEND
  0
POLYLINE
  5
bdf
  8
Layer_8
  62
254
  66
1
  10
0
  20
0
  30
0
  0
VERTEX
  5
bdf
  8
Layer_8
  10
705.87585
  20
-19.290649
  0
VERTEX
  5
be0
  8
Layer_8
  10
705.32281
  20
-19.290649
  0
SEQEND
  0
POLYLINE
  5
be2
  8
Layer_8
  62
254
  66
1
  10
0
  20
0
  30
0
  0
VERTEX
  5
be2
  8
Layer_8
  10
705.04633
  20
-19.290649
  0
VERTEX
  5
be3
  8
Layer_8
  10
704.49329
  20
-19.290649
  0
SEQEND
  0
POLYLINE
  5
be5
  8
Layer_8
  62
254
  66
1
  10
0
  20
0
  30
0
  0
VERTEX
  5
be5
  8
Layer_8
  10
704.2168
  20
-19.290649
  0
VERTEX
  5
be6
  8
Layer_8
  10
703.66376
  20
-19.290649
  0
SEQEND
  0
POLYLINE
  5
be8
  8
Layer_8
  62
254
  66
1
  10
0
  20
0
  30
0
  0
VERTEX
  5
be8
  8
Layer_8
  10
703.38721
  20
-19.290649
  0
VERTEX
  5
be9
  8
Layer_8
  10
702.83423
  20
-19.290649
  0
SEQEND
  0
POLYLINE
  5
beb
  8
Layer_8
  62
254
  66
1
  10
0
  20
0
  30
0
  0
VERTEX
  5
beb
  8
Layer_8
  10
702.55768
  20
-19.290649
  0
VERTEX
  5
bec
  8
Layer_8
  10
702.00464
  20
-19.290649
  0
SEQEND
  0
POLYLINE
  5
bee
  8
Layer_8
  62
254
  66
1
  10
0
  20
0
  30
0
  0
VERTEX
  5
bee
  8
Layer_8
  10
701.72815
  20
-19.290649
  0
VERTEX
  5
bef
  8
Layer_8
  10
701.17511
  20
-19.290649
  0
SEQEND
  0
POLYLINE
  5
bf1
  8
Layer_8
  62
254
  66
1
  10
0
  20
0
  30
0
  0
VERTEX
  5
bf1
  8
Layer_8
  10
700.89862
  20
-19.290649
  0
VERTEX
  5
bf2
  8
Layer_8
  10
700.34558
  20
-19.290649
  0
SEQEND
  0
POLYLINE
  5
bf4
  8
Layer_8
  62
254
  66
1
  10
0
  20
0
  30
0
  0
VERTEX
  5
bf4
  8
Layer_8
  10
700.06909
  20
-19.290649
  0
VERTEX
  5
bf5
  8
Layer_8
  10
699.51605
  20
-19.290649
  0
SEQEND
  0
POLYLINE
  5
bf7
  8
Layer_8
  62
254
  66
1
  10
0
  20
0
  30
0
  0
VERTEX
  5
bf7
  8
Layer_8
  10
699.2395
  20
-19.290649
  0
VERTEX
  5
bf8
  8
Layer_8
  10
698.68652
  20
-19.290649
  0
SEQEND
  0
POLYLINE
  5
bfa
  8
Layer_8
  62
254
  66
1
  10
0
  20
0
  30
0
  0
VERTEX
  5
bfa
  8
Layer_8
  10
698.68652
  20
-19.290649
  0
VERTEX
  5
bfb
  8
Layer_8
  10
698.13348
  20
-19.292585
  0
SEQEND
  0
POLYLINE
  5
bfd
  8
Layer_8
  62
254
  66
1
  10
0
  20
0
  30
0
  0
VERTEX
  5
bfd
  8
Layer_8
  10
697.85693
  20
-19.293554
  0
VERTEX
  5
bfe
  8
Layer_8
  10
697.30396
  20
-19.29549
  0
SEQEND
  0
POLYLINE
  5
c00
  8
Layer_8
  62
254
  66
1
  10
0
  20
0
  30
0
  0
VERTEX
  5
c00
  8
Layer_8
  10
697.0274
  20
-19.296459
  0
VERTEX
  5
c01
  8
Layer_8
  10
696.47437
  20
-19.298395
  0
SEQEND
  0
POLYLINE
  5
c03
  8
Layer_8
  62
254
  66
1
  10
0
  20
0
  30
0
  0
VERTEX
  5
c03
  8
Layer_8
  10
696.19788
  20
-19.299364
  0
VERTEX
  5
c04
  8
Layer_8
  10
695.64484
  20
-19.3013
  0
SEQEND
  0
POLYLINE
  5
c06
  8
Layer_8
  62
254
  66
1
  10
0
  20
0
  30
0
  0
VERTEX
  5
c06
  8
Layer_8
  10
695.36835
  20
-19.302269
  0
VERTEX
  5
c07
  8
Layer_8
  10
694.81531
  20
-19.304205
  0
SEQEND
  0
POLYLINE
  5
c09
  8
Layer_8
  62
254
  66
1
  10
0
  20
0
  30
0
  0
VERTEX
  5
c09
  8
Layer_8
  10
694.53882
  20
-19.305174
  0
VERTEX
  5
c0a
  8
Layer_8
  10
693.98578
  20
-19.30711
  0
SEQEND
  0
POLYLINE
  5
c0c
  8
Layer_8
  62
254
  66
1
  10
0
  20
0
  30
0
  0
VERTEX
  5
c0c
  8
Layer_8
  10
693.70929
  20
-19.308079
  0
VERTEX
  5
c0d
  8
Layer_8
  10
693.15625
  20
-19.310015
  0
SEQEND
  0
POLYLINE
  5
c0f
  8
Layer_8
  62
254
  66
1
  10
0
  20
0
  30
0
  0
VERTEX
  5
c0f
  8
Layer_8
  10
692.87976
  20
-19.310984
  0
VERTEX
  5
c10
  8
Layer_8
  10
692.32672
  20
-19.31292
  0
SEQEND
  0
POLYLINE
  5
c12
  8
Layer_8
  62
254
  66
1
  10
0
  20
0
  30
0
  0
VERTEX
  5
c12
  8
Layer_8
  10
692.05017
  20
-19.313889
  0
VERTEX
  5
c13
  8
Layer_8
  10
691.49719
  20
-19.315825
  0
SEQEND
  0
POLYLINE
  5
c15
  8
Layer_8
  62
254
  66
1
  10
0
  20
0
  30
0
  0
VERTEX
  5
c15
  8
Layer_8
  10
691.22064
  20
-19.316793
  0
VERTEX
  5
c16
  8
Layer_8
  10
690.66766
  20
-19.318727
  0
SEQEND
  0
POLYLINE
  5
c18
  8
Layer_8
  62
254
  66
1
  10
0
  20
0
  30
0
  0
VERTEX
  5
c18
  8
Layer_8
  10
690.39111
  20
-19.319696
  0
VERTEX
  5
c19
  8
Layer_8
  10
689.83807
  20
-19.321634
  0
SEQEND
  0
POLYLINE
  5
c1b
  8
Layer_8
  62
254
  66
1
  10
0
  20
0
  30
0
  0
VERTEX
  5
c1b
  8
Layer_8
  10
689.56158
  20
-19.322601
  0
VERTEX
  5
c1c
  8
Layer_8
  10
689.00854
  20
-19.324539
  0
SEQEND
  0
POLYLINE
  5
c1e
  8
Layer_8
  62
254
  66
1
  10
0
  20
0
  30
0
  0
VERTEX
  5
c1e
  8
Layer_8
  10
688.73206
  20
-19.325506
  0
VERTEX
  5
c1f
  8
Layer_8
  10
688.17902
  20
-19.327444
  0
SEQEND
  0
POLYLINE
  5
c21
  8
Layer_8
  62
254
  66
1
  10
0
  20
0
  30
0
  0
VERTEX
  5
c21
  8
Layer_8
  10
687.90253
  20
-19.328411
  0
VERTEX
  5
c22
  8
Layer_8
  10
687.34949
  20
-19.330349
  0
SEQEND
  0
POLYLINE
  5
c24
  8
Layer_8
  62
254
  66
1
  10
0
  20
0
  30
0
  0
VERTEX
  5
c24
  8
Layer_8
  10
687.073
  20
-19.331316
  0
VERTEX
  5
c25
  8
Layer_8
  10
686.51996
  20
-19.333252
  0
SEQEND
  0
POLYLINE
  5
c27
  8
Layer_8
  62
254
  66
1
  10
0
  20
0
  30
0
  0
VERTEX
  5
c27
  8
Layer_8
  10
686.24341
  20
-19.334221
  0
VERTEX
  5
c28
  8
Layer_8
  10
685.69043
  20
-19.336157
  0
SEQEND
  0
POLYLINE
  5
c2a
  8
Layer_8
  62
254
  66
1
  10
0
  20
0
  30
0
  0
VERTEX
  5
c2a
  8
Layer_8
  10
685.41388
  20
-19.337126
  0
VERTEX
  5
c2b
  8
Layer_8
  10
684.8609
  20
-19.339062
  0
SEQEND
  0
POLYLINE
  5
c2d
  8
Layer_8
  62
254
  66
1
  10
0
  20
0
  30
0
  0
VERTEX
  5
c2d
  8
Layer_8
  10
684.58435
  20
-19.340031
  0
VERTEX
  5
c2e
  8
Layer_8
  10
684.03137
  20
-19.341967
  0
SEQEND
  0
POLYLINE
  5
c30
  8
Layer_8
  62
254
  66
1
  10
0
  20
0
  30
0
  0
VERTEX
  5
c30
  8
Layer_8
  10
683.75482
  20
-19.342936
  0
VERTEX
  5
c31
  8
Layer_8
  10
683.20178
  20
-19.344872
  0
SEQEND
  0
POLYLINE
  5
c33
  8
Layer_8
  62
254
  66
1
  10
0
  20
0
  30
0
  0
VERTEX
  5
c33
  8
Layer_8
  10
682.92529
  20
-19.345839
  0
VERTEX
  5
c34
  8
Layer_8
  10
682.37225
  20
-19.347776
  0
SEQEND
  0
POLYLINE
  5
c36
  8
Layer_8
  62
254
  66
1
  10
0
  20
0
  30
0
  0
VERTEX
  5
c36
  8
Layer_8
  10
682.09576
  20
-19.348743
  0
VERTEX
  5
c37
  8
Layer_8
  10
681.54272
  20
-19.350681
  0
SEQEND
  0
POLYLINE
  5
c39
  8
Layer_8
  62
254
  66
1
  10
0
  20
0
  30
0
  0
VERTEX
  5
c39
  8
Layer_8
  10
681.26624
  20
-19.351648
  0
VERTEX
  5
c3a
  8
Layer_8
  10
680.7132
  20
-19.353586
  0
SEQEND
  0
POLYLINE
  5
c3c
  8
Layer_8
  62
254
  66
1
  10
0
  20
0
  30
0
  0
VERTEX
  5
c3c
  8
Layer_8
  10
680.43665
  20
-19.354555
  0
VERTEX
  5
c3d
  8
Layer_8
  10
679.88367
  20
-19.356491
  0
SEQEND
  0
POLYLINE
  5
c3f
  8
Layer_8
  62
254
  66
1
  10
0
  20
0
  30
0
  0
VERTEX
  5
c3f
  8
Layer_8
  10
679.60712
  20
-19.35746
  0
VERTEX
  5
c40
  8
Layer_8
  10
679.05414
  20
-19.359396
  0
SEQEND
  0
POLYLINE
  5
c42
  8
Layer_8
  62
254
  66
1
  10
0
  20
0
  30
0
  0
VERTEX
  5
c42
  8
Layer_8
  10
678.77759
  20
-19.360365
  0
VERTEX
  5
c43
  8
Layer_8
  10
678.22461
  20
-19.362301
  0
SEQEND
  0
POLYLINE
  5
c45
  8
Layer_8
  62
254
  66
1
  10
0
  20
0
  30
0
  0
VERTEX
  5
c45
  8
Layer_8
  10
677.94806
  20
-19.363268
  0
VERTEX
  5
c46
  8
Layer_8
  10
677.39502
  20
-19.365204
  0
SEQEND
  0
POLYLINE
  5
c48
  8
Layer_8
  62
254
  66
1
  10
0
  20
0
  30
0
  0
VERTEX
  5
c48
  8
Layer_8
  10
677.11853
  20
-19.366175
  0
VERTEX
  5
c49
  8
Layer_8
  10
676.56549
  20
-19.368109
  0
SEQEND
  0
POLYLINE
  5
c4b
  8
Layer_8
  62
254
  66
1
  10
0
  20
0
  30
0
  0
VERTEX
  5
c4b
  8
Layer_8
  10
676.289
  20
-19.369078
  0
VERTEX
  5
c4c
  8
Layer_8
  10
675.73596
  20
-19.371016
  0
SEQEND
  0
POLYLINE
  5
c4e
  8
Layer_8
  62
254
  66
1
  10
0
  20
0
  30
0
  0
VERTEX
  5
c4e
  8
Layer_8
  10
675.45947
  20
-19.371983
  0
VERTEX
  5
c4f
  8
Layer_8
  10
674.90643
  20
-19.37392
  0
SEQEND
  0
POLYLINE
  5
c51
  8
Layer_8
  62
254
  66
1
  10
0
  20
0
  30
0
  0
VERTEX
  5
c51
  8
Layer_8
  10
674.62988
  20
-19.374887
  0
VERTEX
  5
c52
  8
Layer_8
  10
674.0769
  20
-19.376825
  0
SEQEND
  0
POLYLINE
  5
c54
  8
Layer_8
  62
254
  66
1
  10
0
  20
0
  30
0
  0
VERTEX
  5
c54
  8
Layer_8
  10
673.80035
  20
-19.377792
  0
VERTEX
  5
c55
  8
Layer_8
  10
673.24738
  20
-19.379728
  0
SEQEND
  0
POLYLINE
  5
c57
  8
Layer_8
  62
254
  66
1
  10
0
  20
0
  30
0
  0
VERTEX
  5
c57
  8
Layer_8
  10
672.97083
  20
-19.380697
  0
VERTEX
  5
c58
  8
Layer_8
  10
672.41785
  20
-19.382633
  0
SEQEND
  0
POLYLINE
  5
c5a
  8
Layer_8
  62
254
  66
1
  10
0
  20
0
  30
0
  0
VERTEX
  5
c5a
  8
Layer_8
  10
672.1413
  20
-19.383602
  0
VERTEX
  5
c5b
  8
Layer_8
  10
671.58826
  20
-19.385538
  0
SEQEND
  0
POLYLINE
  5
c5d
  8
Layer_8
  62
254
  66
1
  10
0
  20
0
  30
0
  0
VERTEX
  5
c5d
  8
Layer_8
  10
671.31177
  20
-19.386505
  0
VERTEX
  5
c5e
  8
Layer_8
  10
670.75873
  20
-19.388443
  0
SEQEND
  0
POLYLINE
  5
c60
  8
Layer_8
  62
254
  66
1
  10
0
  20
0
  30
0
  0
VERTEX
  5
c60
  8
Layer_8
  10
670.48224
  20
-19.389412
  0
VERTEX
  5
c61
  8
Layer_8
  10
669.9292
  20
-19.391348
  0
SEQEND
  0
POLYLINE
  5
c63
  8
Layer_8
  62
254
  66
1
  10
0
  20
0
  30
0
  0
VERTEX
  5
c63
  8
Layer_8
  10
669.65271
  20
-19.392315
  0
VERTEX
  5
c64
  8
Layer_8
  10
669.09967
  20
-19.394253
  0
SEQEND
  0
POLYLINE
  5
c66
  8
Layer_8
  62
254
  66
1
  10
0
  20
0
  30
0
  0
VERTEX
  5
c66
  8
Layer_8
  10
668.82318
  20
-19.39522
  0
VERTEX
  5
c67
  8
Layer_8
  10
668.27014
  20
-19.397158
  0
SEQEND
  0
POLYLINE
  5
c69
  8
Layer_8
  62
254
  66
1
  10
0
  20
0
  30
0
  0
VERTEX
  5
c69
  8
Layer_8
  10
667.99359
  20
-19.398125
  0
VERTEX
  5
c6a
  8
Layer_8
  10
667.44061
  20
-19.400063
  0
SEQEND
  0
POLYLINE
  5
c6c
  8
Layer_8
  62
254
  66
1
  10
0
  20
0
  30
0
  0
VERTEX
  5
c6c
  8
Layer_8
  10
667.16406
  20
-19.401031
  0
VERTEX
  5
c6d
  8
Layer_8
  10
666.61108
  20
-19.402967
  0
SEQEND
  0
POLYLINE
  5
c6f
  8
Layer_8
  62
254
  66
1
  10
0
  20
0
  30
0
  0
VERTEX
  5
c6f
  8
Layer_8
  10
666.33453
  20
-19.403936
  0
VERTEX
  5
c70
  8
Layer_8
  10
665.78149
  20
-19.405872
  0
SEQEND
  0
POLYLINE
  5
c72
  8
Layer_8
  62
254
  66
1
  10
0
  20
0
  30
0
  0
VERTEX
  5
c72
  8
Layer_8
  10
665.505
  20
-19.406841
  0
VERTEX
  5
c73
  8
Layer_8
  10
664.95197
  20
-19.408775
  0
SEQEND
  0
POLYLINE
  5
c75
  8
Layer_8
  62
254
  66
1
  10
0
  20
0
  30
0
  0
VERTEX
  5
c75
  8
Layer_8
  10
664.67548
  20
-19.409744
  0
VERTEX
  5
c76
  8
Layer_8
  10
664.12244
  20
-19.41168
  0
SEQEND
  0
POLYLINE
  5
c78
  8
Layer_8
  62
254
  66
1
  10
0
  20
0
  30
0
  0
VERTEX
  5
c78
  8
Layer_8
  10
663.84595
  20
-19.412649
  0
VERTEX
  5
c79
  8
Layer_8
  10
663.29291
  20
-19.414585
  0
SEQEND
  0
POLYLINE
  5
c7b
  8
Layer_8
  62
254
  66
1
  10
0
  20
0
  30
0
  0
VERTEX
  5
c7b
  8
Layer_8
  10
663.01642
  20
-19.415554
  0
VERTEX
  5
c7c
  8
Layer_8
  10
662.46338
  20
-19.417492
  0
SEQEND
  0
POLYLINE
  5
c7e
  8
Layer_8
  62
254
  66
1
  10
0
  20
0
  30
0
  0
VERTEX
  5
c7e
  8
Layer_8
  10
662.18683
  20
-19.418459
  0
VERTEX
  5
c7f
  8
Layer_8
  10
661.63385
  20
-19.420397
  0
SEQEND
  0
POLYLINE
  5
c81
  8
Layer_8
  62
254
  66
1
  10
0
  20
0
  30
0
  0
VERTEX
  5
c81
  8
Layer_8
  10
661.3573
  20
-19.421364
  0
VERTEX
  5
c82
  8
Layer_8
  10
660.80432
  20
-19.4233
  0
SEQEND
  0
POLYLINE
  5
c84
  8
Layer_8
  62
254
  66
1
  10
0
  20
0
  30
0
  0
VERTEX
  5
c84
  8
Layer_8
  10
660.52777
  20
-19.424269
  0
VERTEX
  5
c85
  8
Layer_8
  10
659.97473
  20
-19.426205
  0
SEQEND
  0
POLYLINE
  5
c87
  8
Layer_8
  62
254
  66
1
  10
0
  20
0
  30
0
  0
VERTEX
  5
c87
  8
Layer_8
  10
659.69824
  20
-19.427172
  0
VERTEX
  5
c88
  8
Layer_8
  10
659.1452
  20
-19.42911
  0
SEQEND
  0
POLYLINE
  5
c8a
  8
Layer_8
  62
254
  66
1
  10
0
  20
0
  30
0
  0
VERTEX
  5
c8a
  8
Layer_8
  10
658.86871
  20
-19.430079
  0
VERTEX
  5
c8b
  8
Layer_8
  10
658.31567
  20
-19.432014
  0
SEQEND
  0
POLYLINE
  5
c8d
  8
Layer_8
  62
254
  66
1
  10
0
  20
0
  30
0
  0
VERTEX
  5
c8d
  8
Layer_8
  10
658.03918
  20
-19.432983
  0
VERTEX
  5
c8e
  8
Layer_8
  10
657.48615
  20
-19.434919
  0
SEQEND
  0
POLYLINE
  5
c90
  8
Layer_8
  62
254
  66
1
  10
0
  20
0
  30
0
  0
VERTEX
  5
c90
  8
Layer_8
  10
657.20966
  20
-19.435888
  0
VERTEX
  5
c91
  8
Layer_8
  10
656.65662
  20
-19.437824
  0
SEQEND
  0
POLYLINE
  5
c93
  8
Layer_8
  62
254
  66
1
  10
0
  20
0
  30
0
  0
VERTEX
  5
c93
  8
Layer_8
  10
656.38013
  20
-19.438791
  0
VERTEX
  5
c94
  8
Layer_8
  10
655.82709
  20
-19.440729
  0
SEQEND
  0
POLYLINE
  5
c96
  8
Layer_8
  62
254
  66
1
  10
0
  20
0
  30
0
  0
VERTEX
  5
c96
  8
Layer_8
  10
655.55054
  20
-19.441696
  0
VERTEX
  5
c97
  8
Layer_8
  10
654.99756
  20
-19.443634
  0
SEQEND
  0
POLYLINE
  5
c99
  8
Layer_8
  62
254
  66
1
  10
0
  20
0
  30
0
  0
VERTEX
  5
c99
  8
Layer_8
  10
654.72101
  20
-19.444601
  0
VERTEX
  5
c9a
  8
Layer_8
  10
654.16797
  20
-19.446539
  0
SEQEND
  0
POLYLINE
  5
c9c
  8
Layer_8
  62
254
  66
1
  10
0
  20
0
  30
0
  0
VERTEX
  5
c9c
  8
Layer_8
  10
653.89148
  20
-19.447506
  0
VERTEX
  5
c9d
  8
Layer_8
  10
653.33844
  20
-19.449444
  0
SEQEND
  0
POLYLINE
  5
c9f
  8
Layer_8
  62
254
  66
1
  10
0
  20
0
  30
0
  0
VERTEX
  5
c9f
  8
Layer_8
  10
653.06195
  20
-19.450413
  0
VERTEX
  5
ca0
  8
Layer_8
  10
652.50891
  20
-19.452347
  0
SEQEND
  0
POLYLINE
  5
ca2
  8
Layer_8
  62
254
  66
1
  10
0
  20
0
  30
0
  0
VERTEX
  5
ca2
  8
Layer_8
  10
652.23242
  20
-19.453316
  0
VERTEX
  5
ca3
  8
Layer_8
  10
651.67938
  20
-19.455252
  0
SEQEND
  0
POLYLINE
  5
ca5
  8
Layer_8
  62
254
  66
1
  10
0
  20
0
  30
0
  0
VERTEX
  5
ca5
  8
Layer_8
  10
651.40289
  20
-19.456221
  0
VERTEX
  5
ca6
  8
Layer_8
  10
650.84985
  20
-19.458157
  0
SEQEND
  0
POLYLINE
  5
ca8
  8
Layer_8
  62
254
  66
1
  10
0
  20
0
  30
0
  0
VERTEX
  5
ca8
  8
Layer_8
  10
650.57336
  20
-19.459126
  0
VERTEX
  5
ca9
  8
Layer_8
  10
650.02032
  20
-19.461061
  0
SEQEND
  0
POLYLINE
  5
cab
  8
Layer_8
  62
254
  66
1
  10
0
  20
0
  30
0
  0
VERTEX
  5
cab
  8
Layer_8
  10
649.74377
  20
-19.46203
  0
VERTEX
  5
cac
  8
Layer_8
  10
649.1908
  20
-19.463966
  0
SEQEND
  0
POLYLINE
  5
cae
  8
Layer_8
  62
254
  66
1
  10
0
  20
0
  30
0
  0
VERTEX
  5
cae
  8
Layer_8
  10
648.91425
  20
-19.464935
  0
VERTEX
  5
caf
  8
Layer_8
  10
648.36121
  20
-19.466871
  0
SEQEND
  0
POLYLINE
  5
cb1
  8
Layer_8
  62
254
  66
1
  10
0
  20
0
  30
0
  0
VERTEX
  5
cb1
  8
Layer_8
  10
648.08472
  20
-19.467838
  0
VERTEX
  5
cb2
  8
Layer_8
  10
647.53168
  20
-19.469776
  0
SEQEND
  0
POLYLINE
  5
cb4
  8
Layer_8
  62
254
  66
1
  10
0
  20
0
  30
0
  0
VERTEX
  5
cb4
  8
Layer_8
  10
647.25519
  20
-19.470745
  0
VERTEX
  5
cb5
  8
Layer_8
  10
646.70215
  20
-19.472681
  0
SEQEND
  0
POLYLINE
  5
cb7
  8
Layer_8
  62
254
  66
1
  10
0
  20
0
  30
0
  0
VERTEX
  5
cb7
  8
Layer_8
  10
646.42566
  20
-19.47365
  0
VERTEX
  5
cb8
  8
Layer_8
  10
645.87262
  20
-19.475586
  0
SEQEND
  0
POLYLINE
  5
cba
  8
Layer_8
  62
254
  66
1
  10
0
  20
0
  30
0
  0
VERTEX
  5
cba
  8
Layer_8
  10
645.59613
  20
-19.476555
  0
VERTEX
  5
cbb
  8
Layer_8
  10
645.04309
  20
-19.478491
  0
SEQEND
  0
POLYLINE
  5
cbd
  8
Layer_8
  62
254
  66
1
  10
0
  20
0
  30
0
  0
VERTEX
  5
cbd
  8
Layer_8
  10
644.7666
  20
-19.47946
  0
VERTEX
  5
cbe
  8
Layer_8
  10
644.21356
  20
-19.481396
  0
SEQEND
  0
POLYLINE
  5
cc0
  8
Layer_8
  62
254
  66
1
  10
0
  20
0
  30
0
  0
VERTEX
  5
cc0
  8
Layer_8
  10
643.93701
  20
-19.482363
  0
VERTEX
  5
cc1
  8
Layer_8
  10
643.38403
  20
-19.484301
  0
SEQEND
  0
POLYLINE
  5
cc3
  8
Layer_8
  62
254
  66
1
  10
0
  20
0
  30
0
  0
VERTEX
  5
cc3
  8
Layer_8
  10
643.10748
  20
-19.485268
  0
VERTEX
  5
cc4
  8
Layer_8
  10
642.55444
  20
-19.487206
  0
SEQEND
  0
POLYLINE
  5
cc6
  8
Layer_8
  62
254
  66
1
  10
0
  20
0
  30
0
  0
VERTEX
  5
cc6
  8
Layer_8
  10
642.27795
  20
-19.488173
  0
VERTEX
  5
cc7
  8
Layer_8
  10
641.72491
  20
-19.49011
  0
SEQEND
  0
POLYLINE
  5
cc9
  8
Layer_8
  62
254
  66
1
  10
0
  20
0
  30
0
  0
VERTEX
  5
cc9
  8
Layer_8
  10
641.44843
  20
-19.491077
  0
VERTEX
  5
cca
  8
Layer_8
  10
640.89539
  20
-19.493015
  0
SEQEND
  0
POLYLINE
  5
ccc
  8
Layer_8
  62
254
  66
1
  10
0
  20
0
  30
0
  0
VERTEX
  5
ccc
  8
Layer_8
  10
640.6189
  20
-19.493982
  0
VERTEX
  5
ccd
  8
Layer_8
  10
640.06586
  20
-19.495918
  0
SEQEND
  0
POLYLINE
  5
ccf
  8
Layer_8
  62
254
  66
1
  10
0
  20
0
  30
0
  0
VERTEX
  5
ccf
  8
Layer_8
  10
639.78937
  20
-19.496887
  0
VERTEX
  5
cd0
  8
Layer_8
  10
639.23633
  20
-19.498823
  0
SEQEND
  0
POLYLINE
  5
cd2
  8
Layer_8
  62
254
  66
1
  10
0
  20
0
  30
0
  0
VERTEX
  5
cd2
  8
Layer_8
  10
638.95984
  20
-19.499792
  0
VERTEX
  5
cd3
  8
Layer_8
  10
638.4068
  20
-19.501728
  0
SEQEND
  0
POLYLINE
  5
cd5
  8
Layer_8
  62
254
  66
1
  10
0
  20
0
  30
0
  0
VERTEX
  5
cd5
  8
Layer_8
  10
638.13025
  20
-19.502697
  0
VERTEX
  5
cd6
  8
Layer_8
  10
637.57727
  20
-19.504633
  0
SEQEND
  0
POLYLINE
  5
cd8
  8
Layer_8
  62
254
  66
1
  10
0
  20
0
  30
0
  0
VERTEX
  5
cd8
  8
Layer_8
  10
637.30072
  20
-19.505602
  0
VERTEX
  5
cd9
  8
Layer_8
  10
636.74774
  20
-19.507538
  0
SEQEND
  0
POLYLINE
  5
cdb
  8
Layer_8
  62
254
  66
1
  10
0
  20
0
  30
0
  0
VERTEX
  5
cdb
  8
Layer_8
  10
636.47119
  20
-19.508507
  0
VERTEX
  5
cdc
  8
Layer_8
  10
635.91815
  20
-19.510443
  0
SEQEND
  0
POLYLINE
  5
cde
  8
Layer_8
  62
254
  66
1
  10
0
  20
0
  30
0
  0
VERTEX
  5
cde
  8
Layer_8
  10
635.64166
  20
-19.511412
  0
VERTEX
  5
cdf
  8
Layer_8
  10
635.08862
  20
-19.513348
  0
SEQEND
  0
POLYLINE
  5
ce1
  8
Layer_8
  62
254
  66
1
  10
0
  20
0
  30
0
  0
VERTEX
  5
ce1
  8
Layer_8
  10
634.81213
  20
-19.514317
  0
VERTEX
  5
ce2
  8
Layer_8
  10
634.25909
  20
-19.516253
  0
SEQEND
  0
POLYLINE
  5
ce4
  8
Layer_8
  62
254
  66
1
  10
0
  20
0
  30
0
  0
VERTEX
  5
ce4
  8
Layer_8
  10
633.9826
  20
-19.517221
  0
VERTEX
  5
ce5
  8
Layer_8
  10
633.42957
  20
-19.519157
  0
SEQEND
  0
POLYLINE
  5
ce7
  8
Layer_8
  62
254
  66
1
  10
0
  20
0
  30
0
  0
VERTEX
  5
ce7
  8
Layer_8
  10
633.15308
  20
-19.520126
  0
VERTEX
  5
ce8
  8
Layer_8
  10
632.60004
  20
-19.522062
  0
SEQEND
  0
POLYLINE
  5
cea
  8
Layer_8
  62
254
  66
1
  10
0
  20
0
  30
0
  0
VERTEX
  5
cea
  8
Layer_8
  10
632.32349
  20
-19.523031
  0
VERTEX
  5
ceb
  8
Layer_8
  10
631.77051
  20
-19.524967
  0
SEQEND
  0
POLYLINE
  5
ced
  8
Layer_8
  62
254
  66
1
  10
0
  20
0
  30
0
  0
VERTEX
  5
ced
  8
Layer_8
  10
631.49396
  20
-19.525934
  0
VERTEX
  5
cee
  8
Layer_8
  10
630.94098
  20
-19.527872
  0
SEQEND
  0
POLYLINE
  5
cf0
  8
Layer_8
  62
254
  66
1
  10
0
  20
0
  30
0
  0
VERTEX
  5
cf0
  8
Layer_8
  10
630.66443
  20
-19.528839
  0
VERTEX
  5
cf1
  8
Layer_8
  10
630.11139
  20
-19.530777
  0
SEQEND
  0
POLYLINE
  5
cf3
  8
Layer_8
  62
254
  66
1
  10
0
  20
0
  30
0
  0
VERTEX
  5
cf3
  8
Layer_8
  10
629.8349
  20
-19.531744
  0
VERTEX
  5
cf4
  8
Layer_8
  10
629.28186
  20
-19.533682
  0
SEQEND
  0
POLYLINE
  5
cf6
  8
Layer_8
  62
254
  66
1
  10
0
  20
0
  30
0
  0
VERTEX
  5
cf6
  8
Layer_8
  10
629.00537
  20
-19.534649
  0
VERTEX
  5
cf7
  8
Layer_8
  10
628.45233
  20
-19.536587
  0
SEQEND
  0
POLYLINE
  5
cf9
  8
Layer_8
  62
254
  66
1
  10
0
  20
0
  30
0
  0
VERTEX
  5
cf9
  8
Layer_8
  10
628.17584
  20
-19.537554
  0
VERTEX
  5
cfa
  8
Layer_8
  10
627.6228
  20
-19.53949
  0
SEQEND
  0
POLYLINE
  5
cfc
  8
Layer_8
  62
254
  66
1
  10
0
  20
0
  30
0
  0
VERTEX
  5
cfc
  8
Layer_8
  10
627.34631
  20
-19.540459
  0
VERTEX
  5
cfd
  8
Layer_8
  10
626.79327
  20
-19.542395
  0
SEQEND
  0
POLYLINE
  5
cff
  8
Layer_8
  62
254
  66
1
  10
0
  20
0
  30
0
  0
VERTEX
  5
cff
  8
Layer_8
  10
626.51678
  20
-19.543364
  0
VERTEX
  5
d00
  8
Layer_8
  10
625.96375
  20
-19.5453
  0
SEQEND
  0
POLYLINE
  5
d02
  8
Layer_8
  62
254
  66
1
  10
0
  20
0
  30
0
  0
VERTEX
  5
d02
  8
Layer_8
  10
625.68719
  20
-19.546268
  0
VERTEX
  5
d03
  8
Layer_8
  10
625.13422
  20
-19.548204
  0
SEQEND
  0
POLYLINE
  5
d05
  8
Layer_8
  62
254
  66
1
  10
0
  20
0
  30
0
  0
VERTEX
  5
d05
  8
Layer_8
  10
624.85767
  20
-19.549173
  0
VERTEX
  5
d06
  8
Layer_8
  10
624.30469
  20
-19.551109
  0
SEQEND
  0
POLYLINE
  5
d08
  8
Layer_8
  62
254
  66
1
  10
0
  20
0
  30
0
  0
VERTEX
  5
d08
  8
Layer_8
  10
624.02814
  20
-19.552078
  0
VERTEX
  5
d09
  8
Layer_8
  10
623.4751
  20
-19.554014
  0
SEQEND
  0
POLYLINE
  5
d0b
  8
Layer_8
  62
254
  66
1
  10
0
  20
0
  30
0
  0
VERTEX
  5
d0b
  8
Layer_8
  10
623.19861
  20
-19.554983
  0
VERTEX
  5
d0c
  8
Layer_8
  10
622.64557
  20
-19.556919
  0
SEQEND
  0
POLYLINE
  5
d0e
  8
Layer_8
  62
254
  66
1
  10
0
  20
0
  30
0
  0
VERTEX
  5
d0e
  8
Layer_8
  10
622.36908
  20
-19.557888
  0
VERTEX
  5
d0f
  8
Layer_8
  10
621.81604
  20
-19.559824
  0
SEQEND
  0
POLYLINE
  5
d11
  8
Layer_8
  62
254
  66
1
  10
0
  20
0
  30
0
  0
VERTEX
  5
d11
  8
Layer_8
  10
621.53955
  20
-19.560793
  0
VERTEX
  5
d12
  8
Layer_8
  10
620.98651
  20
-19.562729
  0
SEQEND
  0
POLYLINE
  5
d14
  8
Layer_8
  62
254
  66
1
  10
0
  20
0
  30
0
  0
VERTEX
  5
d14
  8
Layer_8
  10
620.71002
  20
-19.563698
  0
VERTEX
  5
d15
  8
Layer_8
  10
620.15698
  20
-19.565634
  0
SEQEND
  0
POLYLINE
  5
d17
  8
Layer_8
  62
254
  66
1
  10
0
  20
0
  30
0
  0
VERTEX
  5
d17
  8
Layer_8
  10
619.88043
  20
-19.566603
  0
VERTEX
  5
d18
  8
Layer_8
  10
619.32745
  20
-19.568539
  0
SEQEND
  0
POLYLINE
  5
d1a
  8
Layer_8
  62
254
  66
1
  10
0
  20
0
  30
0
  0
VERTEX
  5
d1a
  8
Layer_8
  10
619.0509
  20
-19.569506
  0
VERTEX
  5
d1b
  8
Layer_8
  10
618.49792
  20
-19.571444
  0
SEQEND
  0
POLYLINE
  5
d1d
  8
Layer_8
  62
254
  66
1
  10
0
  20
0
  30
0
  0
VERTEX
  5
d1d
  8
Layer_8
  10
618.22137
  20
-19.572411
  0
VERTEX
  5
d1e
  8
Layer_8
  10
617.66833
  20
-19.574348
  0
SEQEND
  0
POLYLINE
  5
d20
  8
Layer_8
  62
254
  66
1
  10
0
  20
0
  30
0
  0
VERTEX
  5
d20
  8
Layer_8
  10
617.39185
  20
-19.575315
  0
VERTEX
  5
d21
  8
Layer_8
  10
616.83881
  20
-19.577253
  0
SEQEND
  0
POLYLINE
  5
d23
  8
Layer_8
  62
254
  66
1
  10
0
  20
0
  30
0
  0
VERTEX
  5
d23
  8
Layer_8
  10
616.56232
  20
-19.57822
  0
VERTEX
  5
d24
  8
Layer_8
  10
616.00928
  20
-19.580158
  0
SEQEND
  0
POLYLINE
  5
d26
  8
Layer_8
  62
254
  66
1
  10
0
  20
0
  30
0
  0
VERTEX
  5
d26
  8
Layer_8
  10
615.73279
  20
-19.581125
  0
VERTEX
  5
d27
  8
Layer_8
  10
615.17975
  20
-19.583063
  0
SEQEND
  0
POLYLINE
  5
d29
  8
Layer_8
  62
254
  66
1
  10
0
  20
0
  30
0
  0
VERTEX
  5
d29
  8
Layer_8
  10
614.90326
  20
-19.58403
  0
VERTEX
  5
d2a
  8
Layer_8
  10
614.35022
  20
-19.585966
  0
SEQEND
  0
POLYLINE
  5
d2c
  8
Layer_8
  62
254
  66
1
  10
0
  20
0
  30
0
  0
VERTEX
  5
d2c
  8
Layer_8
  10
614.07367
  20
-19.586935
  0
VERTEX
  5
d2d
  8
Layer_8
  10
613.52069
  20
-19.588871
  0
SEQEND
  0
POLYLINE
  5
d2f
  8
Layer_8
  62
254
  66
1
  10
0
  20
0
  30
0
  0
VERTEX
  5
d2f
  8
Layer_8
  10
613.24414
  20
-19.58984
  0
VERTEX
  5
d30
  8
Layer_8
  10
612.69116
  20
-19.591776
  0
SEQEND
  0
POLYLINE
  5
d32
  8
Layer_8
  62
254
  66
1
  10
0
  20
0
  30
0
  0
VERTEX
  5
d32
  8
Layer_8
  10
612.41461
  20
-19.592745
  0
VERTEX
  5
d33
  8
Layer_8
  10
611.86157
  20
-19.594681
  0
SEQEND
  0
POLYLINE
  5
d35
  8
Layer_8
  62
254
  66
1
  10
0
  20
0
  30
0
  0
VERTEX
  5
d35
  8
Layer_8
  10
611.58508
  20
-19.59565
  0
VERTEX
  5
d36
  8
Layer_8
  10
611.03204
  20
-19.597586
  0
SEQEND
  0
POLYLINE
  5
d38
  8
Layer_8
  62
254
  66
1
  10
0
  20
0
  30
0
  0
VERTEX
  5
d38
  8
Layer_8
  10
610.75555
  20
-19.598553
  0
VERTEX
  5
d39
  8
Layer_8
  10
610.29749
  20
-19.600159
  0
SEQEND
  0
POLYLINE
  5
d3b
  8
Layer_8
  62
254
  66
1
  10
0
  20
0
  30
0
  0
VERTEX
  5
d3b
  8
Layer_8
  10
698.5816
  20
10.755733
  42
-0.25846451
  0
VERTEX
  5
d3c
  8
Layer_8
  10
702.61475
  20
14.318962
  0
SEQEND
  0
POLYLINE
  5
d3e
  8
Layer_8
  62
254
  66
1
  10
0
  20
0
  30
0
  0
VERTEX
  5
d3e
  8
Layer_8
  10
702.61475
  20
14.318962
  0
VERTEX
  5
d3f
  8
Layer_8
  10
712.38751
  20
14.319
  0
SEQEND
  0
POLYLINE
  5
d41
  8
Layer_8
  62
254
  66
1
  10
0
  20
0
  30
0
  0
VERTEX
  5
d41
  8
Layer_8
  10
712.38751
  20
14.319
  42
-0.39681566
  0
VERTEX
  5
d42
  8
Layer_8
  10
717.99921
  20
9.4448814
  0
SEQEND
  0
POLYLINE
  5
d44
  8
Layer_8
  62
254
  66
1
  10
0
  20
0
  30
0
  0
VERTEX
  5
d44
  8
Layer_8
  10
717.99921
  20
9.4448814
  0
VERTEX
  5
d45
  8
Layer_8
  10
717.99921
  20
-39.396343
  0
SEQEND
  0
POLYLINE
  5
d47
  8
Layer_8
  62
254
  66
1
  10
0
  20
0
  30
0
  0
VERTEX
  5
d47
  8
Layer_8
  10
666.34698
  20
38.956436
  0
VERTEX
  5
d48
  8
Layer_8
  10
666.90002
  20
38.956459
  0
SEQEND
  0
POLYLINE
  5
d4a
  8
Layer_8
  62
254
  66
1
  10
0
  20
0
  30
0
  0
VERTEX
  5
d4a
  8
Layer_8
  10
667.17651
  20
38.956482
  0
VERTEX
  5
d4b
  8
Layer_8
  10
667.72955
  20
38.956512
  0
SEQEND
  0
POLYLINE
  5
d4d
  8
Layer_8
  62
254
  66
1
  10
0
  20
0
  30
0
  0
VERTEX
  5
d4d
  8
Layer_8
  10
668.0061
  20
38.95652
  0
VERTEX
  5
d4e
  8
Layer_8
  10
668.55908
  20
38.956558
  0
SEQEND
  0
POLYLINE
  5
d50
  8
Layer_8
  62
254
  66
1
  10
0
  20
0
  30
0
  0
VERTEX
  5
d50
  8
Layer_8
  10
668.83563
  20
38.956566
  0
VERTEX
  5
d51
  8
Layer_8
  10
669.38867
  20
38.956596
  0
SEQEND
  0
POLYLINE
  5
d53
  8
Layer_8
  62
254
  66
1
  10
0
  20
0
  30
0
  0
VERTEX
  5
d53
  8
Layer_8
  10
669.66516
  20
38.956612
  0
VERTEX
  5
d54
  8
Layer_8
  10
670.2182
  20
38.956642
  0
SEQEND
  0
POLYLINE
  5
d56
  8
Layer_8
  62
254
  66
1
  10
0
  20
0
  30
0
  0
VERTEX
  5
d56
  8
Layer_8
  10
670.49469
  20
38.956657
  0
VERTEX
  5
d57
  8
Layer_8
  10
671.04773
  20
38.95668
  0
SEQEND
  0
POLYLINE
  5
d59
  8
Layer_8
  62
254
  66
1
  10
0
  20
0
  30
0
  0
VERTEX
  5
d59
  8
Layer_8
  10
671.32422
  20
38.956696
  0
VERTEX
  5
d5a
  8
Layer_8
  10
671.87726
  20
38.956734
  0
SEQEND
  0
POLYLINE
  5
d5c
  8
Layer_8
  62
254
  66
1
  10
0
  20
0
  30
0
  0
VERTEX
  5
d5c
  8
Layer_8
  10
672.15381
  20
38.956741
  0
VERTEX
  5
d5d
  8
Layer_8
  10
672.70679
  20
38.956772
  0
SEQEND
  0
POLYLINE
  5
d5f
  8
Layer_8
  62
254
  66
1
  10
0
  20
0
  30
0
  0
VERTEX
  5
d5f
  8
Layer_8
  10
672.98334
  20
38.956795
  0
VERTEX
  5
d60
  8
Layer_8
  10
673.53638
  20
38.956818
  0
SEQEND
  0
POLYLINE
  5
d62
  8
Layer_8
  62
254
  66
1
  10
0
  20
0
  30
0
  0
VERTEX
  5
d62
  8
Layer_8
  10
673.81287
  20
38.956833
  0
VERTEX
  5
d63
  8
Layer_8
  10
674.36591
  20
38.956856
  0
SEQEND
  0
POLYLINE
  5
d65
  8
Layer_8
  62
254
  66
1
  10
0
  20
0
  30
0
  0
VERTEX
  5
d65
  8
Layer_8
  10
674.6424
  20
38.956879
  0
VERTEX
  5
d66
  8
Layer_8
  10
675.19543
  20
38.956909
  0
SEQEND
  0
POLYLINE
  5
d68
  8
Layer_8
  62
254
  66
1
  10
0
  20
0
  30
0
  0
VERTEX
  5
d68
  8
Layer_8
  10
675.47192
  20
38.956917
  0
VERTEX
  5
d69
  8
Layer_8
  10
676.02496
  20
38.956955
  0
SEQEND
  0
POLYLINE
  5
d6b
  8
Layer_8
  62
254
  66
1
  10
0
  20
0
  30
0
  0
VERTEX
  5
d6b
  8
Layer_8
  10
676.30151
  20
38.95697
  0
VERTEX
  5
d6c
  8
Layer_8
  10
676.85449
  20
38.956993
  0
SEQEND
  0
POLYLINE
  5
d6e
  8
Layer_8
  62
254
  66
1
  10
0
  20
0
  30
0
  0
VERTEX
  5
d6e
  8
Layer_8
  10
677.13104
  20
38.957008
  0
VERTEX
  5
d6f
  8
Layer_8
  10
677.68408
  20
38.957039
  0
SEQEND
  0
POLYLINE
  5
d71
  8
Layer_8
  62
254
  66
1
  10
0
  20
0
  30
0
  0
VERTEX
  5
d71
  8
Layer_8
  10
677.96057
  20
38.957054
  0
VERTEX
  5
d72
  8
Layer_8
  10
678.51361
  20
38.957085
  0
SEQEND
  0
POLYLINE
  5
d74
  8
Layer_8
  62
254
  66
1
  10
0
  20
0
  30
0
  0
VERTEX
  5
d74
  8
Layer_8
  10
678.7901
  20
38.957092
  0
VERTEX
  5
d75
  8
Layer_8
  10
679.34314
  20
38.95713
  0
SEQEND
  0
POLYLINE
  5
d77
  8
Layer_8
  62
254
  66
1
  10
0
  20
0
  30
0
  0
VERTEX
  5
d77
  8
Layer_8
  10
679.61969
  20
38.957146
  0
VERTEX
  5
d78
  8
Layer_8
  10
680.17267
  20
38.957169
  0
SEQEND
  0
POLYLINE
  5
d7a
  8
Layer_8
  62
254
  66
1
  10
0
  20
0
  30
0
  0
VERTEX
  5
d7a
  8
Layer_8
  10
680.44922
  20
38.957191
  0
VERTEX
  5
d7b
  8
Layer_8
  10
681.00226
  20
38.957214
  0
SEQEND
  0
POLYLINE
  5
d7d
  8
Layer_8
  62
254
  66
1
  10
0
  20
0
  30
0
  0
VERTEX
  5
d7d
  8
Layer_8
  10
681.27875
  20
38.95723
  0
VERTEX
  5
d7e
  8
Layer_8
  10
681.83179
  20
38.957268
  0
SEQEND
  0
POLYLINE
  5
d80
  8
Layer_8
  62
254
  66
1
  10
0
  20
0
  30
0
  0
VERTEX
  5
d80
  8
Layer_8
  10
682.10828
  20
38.957275
  0
VERTEX
  5
d81
  8
Layer_8
  10
682.66132
  20
38.957306
  0
SEQEND
  0
POLYLINE
  5
d83
  8
Layer_8
  62
254
  66
1
  10
0
  20
0
  30
0
  0
VERTEX
  5
d83
  8
Layer_8
  10
682.93787
  20
38.957321
  0
VERTEX
  5
d84
  8
Layer_8
  10
683.49084
  20
38.957352
  0
SEQEND
  0
POLYLINE
  5
d86
  8
Layer_8
  62
254
  66
1
  10
0
  20
0
  30
0
  0
VERTEX
  5
d86
  8
Layer_8
  10
683.7674
  20
38.957367
  0
VERTEX
  5
d87
  8
Layer_8
  10
684.32043
  20
38.95739
  0
SEQEND
  0
POLYLINE
  5
d89
  8
Layer_8
  62
254
  66
1
  10
0
  20
0
  30
0
  0
VERTEX
  5
d89
  8
Layer_8
  10
684.59692
  20
38.957405
  0
VERTEX
  5
d8a
  8
Layer_8
  10
685.14996
  20
38.957436
  0
SEQEND
  0
POLYLINE
  5
d8c
  8
Layer_8
  62
254
  66
1
  10
0
  20
0
  30
0
  0
VERTEX
  5
d8c
  8
Layer_8
  10
685.42645
  20
38.957451
  0
VERTEX
  5
d8d
  8
Layer_8
  10
685.97949
  20
38.957481
  0
SEQEND
  0
POLYLINE
  5
d8f
  8
Layer_8
  62
254
  66
1
  10
0
  20
0
  30
0
  0
VERTEX
  5
d8f
  8
Layer_8
  10
686.25598
  20
38.957489
  0
VERTEX
  5
d90
  8
Layer_8
  10
686.25598
  20
38.957489
  0
SEQEND
  0
POLYLINE
  5
d92
  8
Layer_8
  62
254
  66
1
  10
0
  20
0
  30
0
  0
VERTEX
  5
d92
  8
Layer_8
  10
676.30151
  20
53.767334
  0
VERTEX
  5
d93
  8
Layer_8
  10
676.30151
  20
54.05677
  0
SEQEND
  0
POLYLINE
  5
d95
  8
Layer_8
  62
254
  66
1
  10
0
  20
0
  30
0
  0
VERTEX
  5
d95
  8
Layer_8
  10
639.93622
  20
38.954559
  0
VERTEX
  5
d96
  8
Layer_8
  10
639.93622
  20
44.615135
  0
SEQEND
  0
POLYLINE
  5
d98
  8
Layer_8
  62
254
  66
1
  10
0
  20
0
  30
0
  0
VERTEX
  5
d98
  8
Layer_8
  10
639.93622
  20
44.615135
  42
0.41421356
  0
VERTEX
  5
d99
  8
Layer_8
  10
631.08777
  20
53.463593
  0
SEQEND
  0
POLYLINE
  5
d9b
  8
Layer_8
  62
254
  66
1
  10
0
  20
0
  30
0
  0
VERTEX
  5
d9b
  8
Layer_8
  10
631.08777
  20
53.463593
  0
VERTEX
  5
d9c
  8
Layer_8
  10
630.18591
  20
53.463593
  0
SEQEND
  0
POLYLINE
  5
d9e
  8
Layer_8
  62
254
  66
1
  10
0
  20
0
  30
0
  0
VERTEX
  5
d9e
  8
Layer_8
  10
630.18591
  20
53.463593
  0
VERTEX
  5
d9f
  8
Layer_8
  10
629.28412
  20
53.463593
  0
SEQEND
  0
POLYLINE
  5
da1
  8
Layer_8
  62
254
  66
1
  10
0
  20
0
  30
0
  0
VERTEX
  5
da1
  8
Layer_8
  10
629.28412
  20
53.463593
  42
0.41421356
  0
VERTEX
  5
da2
  8
Layer_8
  10
620.43567
  20
44.615135
  0
SEQEND
  0
POLYLINE
  5
da4
  8
Layer_8
  62
254
  66
1
  10
0
  20
0
  30
0
  0
VERTEX
  5
da4
  8
Layer_8
  10
620.43567
  20
44.615135
  0
VERTEX
  5
da5
  8
Layer_8
  10
620.43567
  20
38.954559
  0
SEQEND
  0
POLYLINE
  5
da7
  8
Layer_8
  62
254
  66
1
  10
0
  20
0
  30
0
  0
VERTEX
  5
da7
  8
Layer_8
  10
527.59827
  20
0.041606903
  0
VERTEX
  5
da8
  8
Layer_8
  10
538.47461
  20
0.041606903
  0
SEQEND
  0
POLYLINE
  5
daa
  8
Layer_8
  62
254
  66
1
  10
0
  20
0
  30
0
  0
VERTEX
  5
daa
  8
Layer_8
  10
532.61731
  20
-5.1095314
  0
VERTEX
  5
dab
  8
Layer_8
  10
532.61731
  20
5.3248215
  0
SEQEND
  0
POLYLINE
  5
dad
  8
Layer_8
  62
254
  66
1
  10
0
  20
0
  30
0
  0
VERTEX
  5
dad
  8
Layer_8
  10
566.49884
  20
9.784729
  42
-0.41421379
  0
VERTEX
  5
dae
  8
Layer_8
  10
561.5318
  20
14.772171
  0
SEQEND
  0
POLYLINE
  5
db0
  8
Layer_8
  62
254
  66
1
  10
0
  20
0
  30
0
  0
VERTEX
  5
db0
  8
Layer_8
  10
561.5318
  20
14.772171
  0
VERTEX
  5
db1
  8
Layer_8
  10
561.55286
  20
25.029774
  0
SEQEND
  0
POLYLINE
  5
db3
  8
Layer_8
  62
254
  66
1
  10
0
  20
0
  30
0
  0
VERTEX
  5
db3
  8
Layer_8
  10
561.55286
  20
25.029774
  42
-0.41421356
  0
VERTEX
  5
db4
  8
Layer_8
  10
565.98608
  20
29.444931
  0
SEQEND
  0
POLYLINE
  5
db6
  8
Layer_8
  62
254
  66
1
  10
0
  20
0
  30
0
  0
VERTEX
  5
db6
  8
Layer_8
  10
565.98608
  20
29.444931
  0
VERTEX
  5
db7
  8
Layer_8
  10
576.27625
  20
29.423851
  0
SEQEND
  0
POLYLINE
  5
db9
  8
Layer_8
  62
254
  66
1
  10
0
  20
0
  30
0
  0
VERTEX
  5
db9
  8
Layer_8
  10
576.27625
  20
29.423851
  0
VERTEX
  5
dba
  8
Layer_8
  10
576.28815
  20
35.214981
  0
SEQEND
  0
POLYLINE
  5
dbc
  8
Layer_8
  62
254
  66
1
  10
0
  20
0
  30
0
  0
VERTEX
  5
dbc
  8
Layer_8
  10
576.28815
  20
35.214981
  42
-0.41421344
  0
VERTEX
  5
dbd
  8
Layer_8
  10
585.15466
  20
44.045303
  0
SEQEND
  0
POLYLINE
  5
dbf
  8
Layer_8
  62
254
  66
1
  10
0
  20
0
  30
0
  0
VERTEX
  5
dbf
  8
Layer_8
  10
596.07605
  20
29.423851
  0
VERTEX
  5
dc0
  8
Layer_8
  10
595.52301
  20
29.423851
  0
SEQEND
  0
POLYLINE
  5
dc2
  8
Layer_8
  62
254
  66
1
  10
0
  20
0
  30
0
  0
VERTEX
  5
dc2
  8
Layer_8
  10
595.24652
  20
29.423851
  0
VERTEX
  5
dc3
  8
Layer_8
  10
594.69348
  20
29.423851
  0
SEQEND
  0
POLYLINE
  5
dc5
  8
Layer_8
  62
254
  66
1
  10
0
  20
0
  30
0
  0
VERTEX
  5
dc5
  8
Layer_8
  10
594.41699
  20
29.423851
  0
VERTEX
  5
dc6
  8
Layer_8
  10
593.86395
  20
29.423851
  0
SEQEND
  0
POLYLINE
  5
dc8
  8
Layer_8
  62
254
  66
1
  10
0
  20
0
  30
0
  0
VERTEX
  5
dc8
  8
Layer_8
  10
593.58746
  20
29.423851
  0
VERTEX
  5
dc9
  8
Layer_8
  10
593.03442
  20
29.423851
  0
SEQEND
  0
POLYLINE
  5
dcb
  8
Layer_8
  62
254
  66
1
  10
0
  20
0
  30
0
  0
VERTEX
  5
dcb
  8
Layer_8
  10
592.75787
  20
29.423851
  0
VERTEX
  5
dcc
  8
Layer_8
  10
592.20483
  20
29.423851
  0
SEQEND
  0
POLYLINE
  5
dce
  8
Layer_8
  62
254
  66
1
  10
0
  20
0
  30
0
  0
VERTEX
  5
dce
  8
Layer_8
  10
591.92834
  20
29.423851
  0
VERTEX
  5
dcf
  8
Layer_8
  10
591.37531
  20
29.423851
  0
SEQEND
  0
POLYLINE
  5
dd1
  8
Layer_8
  62
254
  66
1
  10
0
  20
0
  30
0
  0
VERTEX
  5
dd1
  8
Layer_8
  10
591.09882
  20
29.423851
  0
VERTEX
  5
dd2
  8
Layer_8
  10
590.54578
  20
29.423851
  0
SEQEND
  0
POLYLINE
  5
dd4
  8
Layer_8
  62
254
  66
1
  10
0
  20
0
  30
0
  0
VERTEX
  5
dd4
  8
Layer_8
  10
590.26929
  20
29.423851
  0
VERTEX
  5
dd5
  8
Layer_8
  10
589.71625
  20
29.423851
  0
SEQEND
  0
POLYLINE
  5
dd7
  8
Layer_8
  62
254
  66
1
  10
0
  20
0
  30
0
  0
VERTEX
  5
dd7
  8
Layer_8
  10
589.4397
  20
29.423851
  0
VERTEX
  5
dd8
  8
Layer_8
  10
588.88672
  20
29.423851
  0
SEQEND
  0
POLYLINE
  5
dda
  8
Layer_8
  62
254
  66
1
  10
0
  20
0
  30
0
  0
VERTEX
  5
dda
  8
Layer_8
  10
588.61017
  20
29.423851
  0
VERTEX
  5
ddb
  8
Layer_8
  10
588.05713
  20
29.423851
  0
SEQEND
  0
POLYLINE
  5
ddd
  8
Layer_8
  62
254
  66
1
  10
0
  20
0
  30
0
  0
VERTEX
  5
ddd
  8
Layer_8
  10
587.78064
  20
29.423851
  0
VERTEX
  5
dde
  8
Layer_8
  10
587.2276
  20
29.423851
  0
SEQEND
  0
POLYLINE
  5
de0
  8
Layer_8
  62
254
  66
1
  10
0
  20
0
  30
0
  0
VERTEX
  5
de0
  8
Layer_8
  10
586.95111
  20
29.423851
  0
VERTEX
  5
de1
  8
Layer_8
  10
586.39807
  20
29.423851
  0
SEQEND
  0
POLYLINE
  5
de3
  8
Layer_8
  62
254
  66
1
  10
0
  20
0
  30
0
  0
VERTEX
  5
de3
  8
Layer_8
  10
586.12158
  20
29.423851
  0
VERTEX
  5
de4
  8
Layer_8
  10
585.56854
  20
29.423851
  0
SEQEND
  0
POLYLINE
  5
de6
  8
Layer_8
  62
254
  66
1
  10
0
  20
0
  30
0
  0
VERTEX
  5
de6
  8
Layer_8
  10
585.29199
  20
29.423851
  0
VERTEX
  5
de7
  8
Layer_8
  10
584.73895
  20
29.423851
  0
SEQEND
  0
POLYLINE
  5
de9
  8
Layer_8
  62
254
  66
1
  10
0
  20
0
  30
0
  0
VERTEX
  5
de9
  8
Layer_8
  10
584.46246
  20
29.423851
  0
VERTEX
  5
dea
  8
Layer_8
  10
583.90942
  20
29.423851
  0
SEQEND
  0
POLYLINE
  5
dec
  8
Layer_8
  62
254
  66
1
  10
0
  20
0
  30
0
  0
VERTEX
  5
dec
  8
Layer_8
  10
583.63293
  20
29.423851
  0
VERTEX
  5
ded
  8
Layer_8
  10
583.0799
  20
29.423851
  0
SEQEND
  0
POLYLINE
  5
def
  8
Layer_8
  62
254
  66
1
  10
0
  20
0
  30
0
  0
VERTEX
  5
def
  8
Layer_8
  10
582.80341
  20
29.423851
  0
VERTEX
  5
df0
  8
Layer_8
  10
582.25037
  20
29.423851
  0
SEQEND
  0
POLYLINE
  5
df2
  8
Layer_8
  62
254
  66
1
  10
0
  20
0
  30
0
  0
VERTEX
  5
df2
  8
Layer_8
  10
581.97382
  20
29.423851
  0
VERTEX
  5
df3
  8
Layer_8
  10
581.42084
  20
29.423851
  0
SEQEND
  0
POLYLINE
  5
df5
  8
Layer_8
  62
254
  66
1
  10
0
  20
0
  30
0
  0
VERTEX
  5
df5
  8
Layer_8
  10
581.14429
  20
29.423851
  0
VERTEX
  5
df6
  8
Layer_8
  10
580.59125
  20
29.423851
  0
SEQEND
  0
POLYLINE
  5
df8
  8
Layer_8
  62
254
  66
1
  10
0
  20
0
  30
0
  0
VERTEX
  5
df8
  8
Layer_8
  10
580.31476
  20
29.423851
  0
VERTEX
  5
df9
  8
Layer_8
  10
579.76172
  20
29.423851
  0
SEQEND
  0
POLYLINE
  5
dfb
  8
Layer_8
  62
254
  66
1
  10
0
  20
0
  30
0
  0
VERTEX
  5
dfb
  8
Layer_8
  10
579.48523
  20
29.423851
  0
VERTEX
  5
dfc
  8
Layer_8
  10
578.93219
  20
29.423851
  0
SEQEND
  0
POLYLINE
  5
dfe
  8
Layer_8
  62
254
  66
1
  10
0
  20
0
  30
0
  0
VERTEX
  5
dfe
  8
Layer_8
  10
578.6557
  20
29.423851
  0
VERTEX
  5
dff
  8
Layer_8
  10
578.10266
  20
29.423851
  0
SEQEND
  0
POLYLINE
  5
e01
  8
Layer_8
  62
254
  66
1
  10
0
  20
0
  30
0
  0
VERTEX
  5
e01
  8
Layer_8
  10
577.82611
  20
29.423851
  0
VERTEX
  5
e02
  8
Layer_8
  10
577.27307
  20
29.423851
  0
SEQEND
  0
POLYLINE
  5
e04
  8
Layer_8
  62
254
  66
1
  10
0
  20
0
  30
0
  0
VERTEX
  5
e04
  8
Layer_8
  10
576.99658
  20
29.423851
  0
VERTEX
  5
e05
  8
Layer_8
  10
576.44354
  20
29.423851
  0
SEQEND
  0
POLYLINE
  5
e07
  8
Layer_8
  62
254
  66
1
  10
0
  20
0
  30
0
  0
VERTEX
  5
e07
  8
Layer_8
  10
610.26489
  20
-0.45713425
  0
VERTEX
  5
e08
  8
Layer_8
  10
610.81793
  20
-0.45713425
  0
SEQEND
  0
POLYLINE
  5
e0a
  8
Layer_8
  62
254
  66
1
  10
0
  20
0
  30
0
  0
VERTEX
  5
e0a
  8
Layer_8
  10
611.09442
  20
-0.45713425
  0
VERTEX
  5
e0b
  8
Layer_8
  10
611.64746
  20
-0.45713425
  0
SEQEND
  0
POLYLINE
  5
e0d
  8
Layer_8
  62
254
  66
1
  10
0
  20
0
  30
0
  0
VERTEX
  5
e0d
  8
Layer_8
  10
611.92401
  20
-0.45713425
  0
VERTEX
  5
e0e
  8
Layer_8
  10
612.47699
  20
-0.45713425
  0
SEQEND
  0
POLYLINE
  5
e10
  8
Layer_8
  62
254
  66
1
  10
0
  20
0
  30
0
  0
VERTEX
  5
e10
  8
Layer_8
  10
612.75354
  20
-0.45713425
  0
VERTEX
  5
e11
  8
Layer_8
  10
613.30658
  20
-0.45713425
  0
SEQEND
  0
POLYLINE
  5
e13
  8
Layer_8
  62
254
  66
1
  10
0
  20
0
  30
0
  0
VERTEX
  5
e13
  8
Layer_8
  10
613.58307
  20
-0.45713425
  0
VERTEX
  5
e14
  8
Layer_8
  10
614.13611
  20
-0.45713425
  0
SEQEND
  0
POLYLINE
  5
e16
  8
Layer_8
  62
254
  66
1
  10
0
  20
0
  30
0
  0
VERTEX
  5
e16
  8
Layer_8
  10
614.4126
  20
-0.45713425
  0
VERTEX
  5
e17
  8
Layer_8
  10
614.96564
  20
-0.45713425
  0
SEQEND
  0
POLYLINE
  5
e19
  8
Layer_8
  62
254
  66
1
  10
0
  20
0
  30
0
  0
VERTEX
  5
e19
  8
Layer_8
  10
615.24219
  20
-0.45713425
  0
VERTEX
  5
e1a
  8
Layer_8
  10
615.79517
  20
-0.45713425
  0
SEQEND
  0
POLYLINE
  5
e1c
  8
Layer_8
  62
254
  66
1
  10
0
  20
0
  30
0
  0
VERTEX
  5
e1c
  8
Layer_8
  10
616.07172
  20
-0.45713425
  0
VERTEX
  5
e1d
  8
Layer_8
  10
616.62476
  20
-0.45713425
  0
SEQEND
  0
POLYLINE
  5
e1f
  8
Layer_8
  62
254
  66
1
  10
0
  20
0
  30
0
  0
VERTEX
  5
e1f
  8
Layer_8
  10
616.90125
  20
-0.45713425
  0
VERTEX
  5
e20
  8
Layer_8
  10
617.45428
  20
-0.45713425
  0
SEQEND
  0
POLYLINE
  5
e22
  8
Layer_8
  62
254
  66
1
  10
0
  20
0
  30
0
  0
VERTEX
  5
e22
  8
Layer_8
  10
617.73077
  20
-0.45713425
  0
VERTEX
  5
e23
  8
Layer_8
  10
618.28381
  20
-0.45713425
  0
SEQEND
  0
POLYLINE
  5
e25
  8
Layer_8
  62
254
  66
1
  10
0
  20
0
  30
0
  0
VERTEX
  5
e25
  8
Layer_8
  10
618.5603
  20
-0.45713425
  0
VERTEX
  5
e26
  8
Layer_8
  10
619.11334
  20
-0.45713425
  0
SEQEND
  0
POLYLINE
  5
e28
  8
Layer_8
  62
254
  66
1
  10
0
  20
0
  30
0
  0
VERTEX
  5
e28
  8
Layer_8
  10
619.38989
  20
-0.45713425
  0
VERTEX
  5
e29
  8
Layer_8
  10
619.94287
  20
-0.45713425
  0
SEQEND
  0
POLYLINE
  5
e2b
  8
Layer_8
  62
254
  66
1
  10
0
  20
0
  30
0
  0
VERTEX
  5
e2b
  8
Layer_8
  10
620.21942
  20
-0.45713425
  0
VERTEX
  5
e2c
  8
Layer_8
  10
620.77246
  20
-0.45713425
  0
SEQEND
  0
POLYLINE
  5
e2e
  8
Layer_8
  62
254
  66
1
  10
0
  20
0
  30
0
  0
VERTEX
  5
e2e
  8
Layer_8
  10
621.04895
  20
-0.45713425
  0
VERTEX
  5
e2f
  8
Layer_8
  10
621.60199
  20
-0.45713425
  0
SEQEND
  0
POLYLINE
  5
e31
  8
Layer_8
  62
254
  66
1
  10
0
  20
0
  30
0
  0
VERTEX
  5
e31
  8
Layer_8
  10
621.87848
  20
-0.45713425
  0
VERTEX
  5
e32
  8
Layer_8
  10
622.43152
  20
-0.45713425
  0
SEQEND
  0
POLYLINE
  5
e34
  8
Layer_8
  62
254
  66
1
  10
0
  20
0
  30
0
  0
VERTEX
  5
e34
  8
Layer_8
  10
622.70807
  20
-0.45713425
  0
VERTEX
  5
e35
  8
Layer_8
  10
623.26105
  20
-0.45713425
  0
SEQEND
  0
POLYLINE
  5
e37
  8
Layer_8
  62
254
  66
1
  10
0
  20
0
  30
0
  0
VERTEX
  5
e37
  8
Layer_8
  10
623.5376
  20
-0.45713425
  0
VERTEX
  5
e38
  8
Layer_8
  10
624.09064
  20
-0.45713425
  0
SEQEND
  0
POLYLINE
  5
e3a
  8
Layer_8
  62
254
  66
1
  10
0
  20
0
  30
0
  0
VERTEX
  5
e3a
  8
Layer_8
  10
624.36713
  20
-0.45713425
  0
VERTEX
  5
e3b
  8
Layer_8
  10
624.92017
  20
-0.45713425
  0
SEQEND
  0
POLYLINE
  5
e3d
  8
Layer_8
  62
254
  66
1
  10
0
  20
0
  30
0
  0
VERTEX
  5
e3d
  8
Layer_8
  10
625.19666
  20
-0.45713425
  0
VERTEX
  5
e3e
  8
Layer_8
  10
625.74969
  20
-0.45713425
  0
SEQEND
  0
POLYLINE
  5
e40
  8
Layer_8
  62
254
  66
1
  10
0
  20
0
  30
0
  0
VERTEX
  5
e40
  8
Layer_8
  10
626.02618
  20
-0.45713425
  0
VERTEX
  5
e41
  8
Layer_8
  10
626.57922
  20
-0.45713425
  0
SEQEND
  0
POLYLINE
  5
e43
  8
Layer_8
  62
254
  66
1
  10
0
  20
0
  30
0
  0
VERTEX
  5
e43
  8
Layer_8
  10
626.85577
  20
-0.45713425
  0
VERTEX
  5
e44
  8
Layer_8
  10
627.40875
  20
-0.45713425
  0
SEQEND
  0
POLYLINE
  5
e46
  8
Layer_8
  62
254
  66
1
  10
0
  20
0
  30
0
  0
VERTEX
  5
e46
  8
Layer_8
  10
627.6853
  20
-0.45713425
  0
VERTEX
  5
e47
  8
Layer_8
  10
628.23834
  20
-0.45713425
  0
SEQEND
  0
POLYLINE
  5
e49
  8
Layer_8
  62
254
  66
1
  10
0
  20
0
  30
0
  0
VERTEX
  5
e49
  8
Layer_8
  10
628.51483
  20
-0.45713425
  0
VERTEX
  5
e4a
  8
Layer_8
  10
629.06787
  20
-0.45713425
  0
SEQEND
  0
POLYLINE
  5
e4c
  8
Layer_8
  62
254
  66
1
  10
0
  20
0
  30
0
  0
VERTEX
  5
e4c
  8
Layer_8
  10
629.34436
  20
-0.45713425
  0
VERTEX
  5
e4d
  8
Layer_8
  10
629.8974
  20
-0.45713425
  0
SEQEND
  0
POLYLINE
  5
e4f
  8
Layer_8
  62
254
  66
1
  10
0
  20
0
  30
0
  0
VERTEX
  5
e4f
  8
Layer_8
  10
630.17395
  20
-0.45713425
  0
VERTEX
  5
e50
  8
Layer_8
  10
630.72693
  20
-0.45713425
  0
SEQEND
  0
POLYLINE
  5
e52
  8
Layer_8
  62
254
  66
1
  10
0
  20
0
  30
0
  0
VERTEX
  5
e52
  8
Layer_8
  10
631.00348
  20
-0.45713425
  0
VERTEX
  5
e53
  8
Layer_8
  10
631.55652
  20
-0.45713425
  0
SEQEND
  0
POLYLINE
  5
e55
  8
Layer_8
  62
254
  66
1
  10
0
  20
0
  30
0
  0
VERTEX
  5
e55
  8
Layer_8
  10
631.83301
  20
-0.45713425
  0
VERTEX
  5
e56
  8
Layer_8
  10
632.38605
  20
-0.45713425
  0
SEQEND
  0
POLYLINE
  5
e58
  8
Layer_8
  62
254
  66
1
  10
0
  20
0
  30
0
  0
VERTEX
  5
e58
  8
Layer_8
  10
632.66254
  20
-0.45713425
  0
VERTEX
  5
e59
  8
Layer_8
  10
633.21558
  20
-0.45713425
  0
SEQEND
  0
POLYLINE
  5
e5b
  8
Layer_8
  62
254
  66
1
  10
0
  20
0
  30
0
  0
VERTEX
  5
e5b
  8
Layer_8
  10
633.49207
  20
-0.45713425
  0
VERTEX
  5
e5c
  8
Layer_8
  10
634.0451
  20
-0.45713425
  0
SEQEND
  0
POLYLINE
  5
e5e
  8
Layer_8
  62
254
  66
1
  10
0
  20
0
  30
0
  0
VERTEX
  5
e5e
  8
Layer_8
  10
634.32166
  20
-0.45713425
  0
VERTEX
  5
e5f
  8
Layer_8
  10
634.87463
  20
-0.45713425
  0
SEQEND
  0
POLYLINE
  5
e61
  8
Layer_8
  62
254
  66
1
  10
0
  20
0
  30
0
  0
VERTEX
  5
e61
  8
Layer_8
  10
635.15118
  20
-0.45713425
  0
VERTEX
  5
e62
  8
Layer_8
  10
635.70422
  20
-0.45713425
  0
SEQEND
  0
POLYLINE
  5
e64
  8
Layer_8
  62
254
  66
1
  10
0
  20
0
  30
0
  0
VERTEX
  5
e64
  8
Layer_8
  10
635.98071
  20
-0.45713425
  0
VERTEX
  5
e65
  8
Layer_8
  10
636.53375
  20
-0.45713425
  0
SEQEND
  0
POLYLINE
  5
e67
  8
Layer_8
  62
254
  66
1
  10
0
  20
0
  30
0
  0
VERTEX
  5
e67
  8
Layer_8
  10
636.81024
  20
-0.45713425
  0
VERTEX
  5
e68
  8
Layer_8
  10
637.36328
  20
-0.45713425
  0
SEQEND
  0
POLYLINE
  5
e6a
  8
Layer_8
  62
254
  66
1
  10
0
  20
0
  30
0
  0
VERTEX
  5
e6a
  8
Layer_8
  10
637.63977
  20
-0.45713425
  0
VERTEX
  5
e6b
  8
Layer_8
  10
638.19281
  20
-0.45713425
  0
SEQEND
  0
POLYLINE
  5
e6d
  8
Layer_8
  62
254
  66
1
  10
0
  20
0
  30
0
  0
VERTEX
  5
e6d
  8
Layer_8
  10
638.46936
  20
-0.45713425
  0
VERTEX
  5
e6e
  8
Layer_8
  10
639.0224
  20
-0.45713425
  0
SEQEND
  0
POLYLINE
  5
e70
  8
Layer_8
  62
254
  66
1
  10
0
  20
0
  30
0
  0
VERTEX
  5
e70
  8
Layer_8
  10
639.29889
  20
-0.45713425
  0
VERTEX
  5
e71
  8
Layer_8
  10
639.85193
  20
-0.45713425
  0
SEQEND
  0
POLYLINE
  5
e73
  8
Layer_8
  62
254
  66
1
  10
0
  20
0
  30
0
  0
VERTEX
  5
e73
  8
Layer_8
  10
640.12842
  20
-0.45713425
  0
VERTEX
  5
e74
  8
Layer_8
  10
640.68146
  20
-0.45713425
  0
SEQEND
  0
POLYLINE
  5
e76
  8
Layer_8
  62
254
  66
1
  10
0
  20
0
  30
0
  0
VERTEX
  5
e76
  8
Layer_8
  10
640.95795
  20
-0.45713425
  0
VERTEX
  5
e77
  8
Layer_8
  10
641.51099
  20
-0.45713425
  0
SEQEND
  0
POLYLINE
  5
e79
  8
Layer_8
  62
254
  66
1
  10
0
  20
0
  30
0
  0
VERTEX
  5
e79
  8
Layer_8
  10
641.78754
  20
-0.45713425
  0
VERTEX
  5
e7a
  8
Layer_8
  10
642.34052
  20
-0.45713425
  0
SEQEND
  0
POLYLINE
  5
e7c
  8
Layer_8
  62
254
  66
1
  10
0
  20
0
  30
0
  0
VERTEX
  5
e7c
  8
Layer_8
  10
642.61707
  20
-0.45713425
  0
VERTEX
  5
e7d
  8
Layer_8
  10
643.1701
  20
-0.45713425
  0
SEQEND
  0
POLYLINE
  5
e7f
  8
Layer_8
  62
254
  66
1
  10
0
  20
0
  30
0
  0
VERTEX
  5
e7f
  8
Layer_8
  10
643.44659
  20
-0.45713425
  0
VERTEX
  5
e80
  8
Layer_8
  10
643.99963
  20
-0.45713425
  0
SEQEND
  0
POLYLINE
  5
e82
  8
Layer_8
  62
254
  66
1
  10
0
  20
0
  30
0
  0
VERTEX
  5
e82
  8
Layer_8
  10
644.27612
  20
-0.45713425
  0
VERTEX
  5
e83
  8
Layer_8
  10
644.82916
  20
-0.45713425
  0
SEQEND
  0
POLYLINE
  5
e85
  8
Layer_8
  62
254
  66
1
  10
0
  20
0
  30
0
  0
VERTEX
  5
e85
  8
Layer_8
  10
645.10571
  20
-0.45713425
  0
VERTEX
  5
e86
  8
Layer_8
  10
645.65869
  20
-0.45713425
  0
SEQEND
  0
POLYLINE
  5
e88
  8
Layer_8
  62
254
  66
1
  10
0
  20
0
  30
0
  0
VERTEX
  5
e88
  8
Layer_8
  10
645.93524
  20
-0.45713425
  0
VERTEX
  5
e89
  8
Layer_8
  10
646.48828
  20
-0.45713425
  0
SEQEND
  0
POLYLINE
  5
e8b
  8
Layer_8
  62
254
  66
1
  10
0
  20
0
  30
0
  0
VERTEX
  5
e8b
  8
Layer_8
  10
646.76477
  20
-0.45713425
  0
VERTEX
  5
e8c
  8
Layer_8
  10
647.31781
  20
-0.45713425
  0
SEQEND
  0
POLYLINE
  5
e8e
  8
Layer_8
  62
254
  66
1
  10
0
  20
0
  30
0
  0
VERTEX
  5
e8e
  8
Layer_8
  10
647.5943
  20
-0.45713425
  0
VERTEX
  5
e8f
  8
Layer_8
  10
648.14734
  20
-0.45713425
  0
SEQEND
  0
POLYLINE
  5
e91
  8
Layer_8
  62
254
  66
1
  10
0
  20
0
  30
0
  0
VERTEX
  5
e91
  8
Layer_8
  10
648.42383
  20
-0.45713425
  0
VERTEX
  5
e92
  8
Layer_8
  10
648.97687
  20
-0.45713425
  0
SEQEND
  0
POLYLINE
  5
e94
  8
Layer_8
  62
254
  66
1
  10
0
  20
0
  30
0
  0
VERTEX
  5
e94
  8
Layer_8
  10
649.25342
  20
-0.45713425
  0
VERTEX
  5
e95
  8
Layer_8
  10
649.8064
  20
-0.45713425
  0
SEQEND
  0
POLYLINE
  5
e97
  8
Layer_8
  62
254
  66
1
  10
0
  20
0
  30
0
  0
VERTEX
  5
e97
  8
Layer_8
  10
650.08295
  20
-0.45713425
  0
VERTEX
  5
e98
  8
Layer_8
  10
650.63599
  20
-0.45713425
  0
SEQEND
  0
POLYLINE
  5
e9a
  8
Layer_8
  62
254
  66
1
  10
0
  20
0
  30
0
  0
VERTEX
  5
e9a
  8
Layer_8
  10
650.91248
  20
-0.45713425
  0
VERTEX
  5
e9b
  8
Layer_8
  10
651.46552
  20
-0.45713425
  0
SEQEND
  0
POLYLINE
  5
e9d
  8
Layer_8
  62
254
  66
1
  10
0
  20
0
  30
0
  0
VERTEX
  5
e9d
  8
Layer_8
  10
651.742
  20
-0.45713425
  0
VERTEX
  5
e9e
  8
Layer_8
  10
652.29504
  20
-0.45713425
  0
SEQEND
  0
POLYLINE
  5
ea0
  8
Layer_8
  62
254
  66
1
  10
0
  20
0
  30
0
  0
VERTEX
  5
ea0
  8
Layer_8
  10
652.57153
  20
-0.45713425
  0
VERTEX
  5
ea1
  8
Layer_8
  10
653.12457
  20
-0.45713425
  0
SEQEND
  0
POLYLINE
  5
ea3
  8
Layer_8
  62
254
  66
1
  10
0
  20
0
  30
0
  0
VERTEX
  5
ea3
  8
Layer_8
  10
653.40112
  20
-0.45713425
  0
VERTEX
  5
ea4
  8
Layer_8
  10
653.9541
  20
-0.45713425
  0
SEQEND
  0
POLYLINE
  5
ea6
  8
Layer_8
  62
254
  66
1
  10
0
  20
0
  30
0
  0
VERTEX
  5
ea6
  8
Layer_8
  10
654.23065
  20
-0.45713425
  0
VERTEX
  5
ea7
  8
Layer_8
  10
654.78369
  20
-0.45713425
  0
SEQEND
  0
POLYLINE
  5
ea9
  8
Layer_8
  62
254
  66
1
  10
0
  20
0
  30
0
  0
VERTEX
  5
ea9
  8
Layer_8
  10
655.06018
  20
-0.45713425
  0
VERTEX
  5
eaa
  8
Layer_8
  10
655.61322
  20
-0.45713425
  0
SEQEND
  0
POLYLINE
  5
eac
  8
Layer_8
  62
254
  66
1
  10
0
  20
0
  30
0
  0
VERTEX
  5
eac
  8
Layer_8
  10
655.88971
  20
-0.45713425
  0
VERTEX
  5
ead
  8
Layer_8
  10
656.44275
  20
-0.45713425
  0
SEQEND
  0
POLYLINE
  5
eaf
  8
Layer_8
  62
254
  66
1
  10
0
  20
0
  30
0
  0
VERTEX
  5
eaf
  8
Layer_8
  10
656.7193
  20
-0.45713425
  0
VERTEX
  5
eb0
  8
Layer_8
  10
657.27228
  20
-0.45713425
  0
SEQEND
  0
POLYLINE
  5
eb2
  8
Layer_8
  62
254
  66
1
  10
0
  20
0
  30
0
  0
VERTEX
  5
eb2
  8
Layer_8
  10
657.54883
  20
-0.45713425
  0
VERTEX
  5
eb3
  8
Layer_8
  10
658.10187
  20
-0.45713425
  0
SEQEND
  0
POLYLINE
  5
eb5
  8
Layer_8
  62
254
  66
1
  10
0
  20
0
  30
0
  0
VERTEX
  5
eb5
  8
Layer_8
  10
658.37836
  20
-0.45713425
  0
VERTEX
  5
eb6
  8
Layer_8
  10
658.9314
  20
-0.45713425
  0
SEQEND
  0
POLYLINE
  5
eb8
  8
Layer_8
  62
254
  66
1
  10
0
  20
0
  30
0
  0
VERTEX
  5
eb8
  8
Layer_8
  10
659.20789
  20
-0.45713425
  0
VERTEX
  5
eb9
  8
Layer_8
  10
659.76093
  20
-0.45713425
  0
SEQEND
  0
POLYLINE
  5
ebb
  8
Layer_8
  62
254
  66
1
  10
0
  20
0
  30
0
  0
VERTEX
  5
ebb
  8
Layer_8
  10
660.03748
  20
-0.45713425
  0
VERTEX
  5
ebc
  8
Layer_8
  10
660.59045
  20
-0.45713425
  0
SEQEND
  0
POLYLINE
  5
ebe
  8
Layer_8
  62
254
  66
1
  10
0
  20
0
  30
0
  0
VERTEX
  5
ebe
  8
Layer_8
  10
660.867
  20
-0.45713425
  0
VERTEX
  5
ebf
  8
Layer_8
  10
661.42004
  20
-0.45713425
  0
SEQEND
  0
POLYLINE
  5
ec1
  8
Layer_8
  62
254
  66
1
  10
0
  20
0
  30
0
  0
VERTEX
  5
ec1
  8
Layer_8
  10
661.69653
  20
-0.45713425
  0
VERTEX
  5
ec2
  8
Layer_8
  10
662.24957
  20
-0.45713425
  0
SEQEND
  0
POLYLINE
  5
ec4
  8
Layer_8
  62
254
  66
1
  10
0
  20
0
  30
0
  0
VERTEX
  5
ec4
  8
Layer_8
  10
662.52606
  20
-0.45713425
  0
VERTEX
  5
ec5
  8
Layer_8
  10
663.0791
  20
-0.45713425
  0
SEQEND
  0
POLYLINE
  5
ec7
  8
Layer_8
  62
254
  66
1
  10
0
  20
0
  30
0
  0
VERTEX
  5
ec7
  8
Layer_8
  10
663.35559
  20
-0.45713425
  0
VERTEX
  5
ec8
  8
Layer_8
  10
663.90863
  20
-0.45713425
  0
SEQEND
  0
POLYLINE
  5
eca
  8
Layer_8
  62
254
  66
1
  10
0
  20
0
  30
0
  0
VERTEX
  5
eca
  8
Layer_8
  10
664.18518
  20
-0.45713425
  0
VERTEX
  5
ecb
  8
Layer_8
  10
664.73816
  20
-0.45713425
  0
SEQEND
  0
POLYLINE
  5
ecd
  8
Layer_8
  62
254
  66
1
  10
0
  20
0
  30
0
  0
VERTEX
  5
ecd
  8
Layer_8
  10
665.01471
  20
-0.45713425
  0
VERTEX
  5
ece
  8
Layer_8
  10
665.56775
  20
-0.45713425
  0
SEQEND
  0
POLYLINE
  5
ed0
  8
Layer_8
  62
254
  66
1
  10
0
  20
0
  30
0
  0
VERTEX
  5
ed0
  8
Layer_8
  10
665.84424
  20
-0.45713425
  0
VERTEX
  5
ed1
  8
Layer_8
  10
666.39728
  20
-0.45713425
  0
SEQEND
  0
POLYLINE
  5
ed3
  8
Layer_8
  62
254
  66
1
  10
0
  20
0
  30
0
  0
VERTEX
  5
ed3
  8
Layer_8
  10
666.67377
  20
-0.45713425
  0
VERTEX
  5
ed4
  8
Layer_8
  10
667.22681
  20
-0.45713425
  0
SEQEND
  0
POLYLINE
  5
ed6
  8
Layer_8
  62
254
  66
1
  10
0
  20
0
  30
0
  0
VERTEX
  5
ed6
  8
Layer_8
  10
667.5033
  20
-0.45713425
  0
VERTEX
  5
ed7
  8
Layer_8
  10
668.05634
  20
-0.45713425
  0
SEQEND
  0
POLYLINE
  5
ed9
  8
Layer_8
  62
254
  66
1
  10
0
  20
0
  30
0
  0
VERTEX
  5
ed9
  8
Layer_8
  10
668.33289
  20
-0.45713425
  0
VERTEX
  5
eda
  8
Layer_8
  10
668.88593
  20
-0.45713425
  0
SEQEND
  0
POLYLINE
  5
edc
  8
Layer_8
  62
254
  66
1
  10
0
  20
0
  30
0
  0
VERTEX
  5
edc
  8
Layer_8
  10
669.16241
  20
-0.45713425
  0
VERTEX
  5
edd
  8
Layer_8
  10
669.71545
  20
-0.45713425
  0
SEQEND
  0
POLYLINE
  5
edf
  8
Layer_8
  62
254
  66
1
  10
0
  20
0
  30
0
  0
VERTEX
  5
edf
  8
Layer_8
  10
669.99194
  20
-0.45713425
  0
VERTEX
  5
ee0
  8
Layer_8
  10
670.54498
  20
-0.45713425
  0
SEQEND
  0
POLYLINE
  5
ee2
  8
Layer_8
  62
254
  66
1
  10
0
  20
0
  30
0
  0
VERTEX
  5
ee2
  8
Layer_8
  10
670.82153
  20
-0.45713425
  0
VERTEX
  5
ee3
  8
Layer_8
  10
671.37451
  20
-0.45713425
  0
SEQEND
  0
POLYLINE
  5
ee5
  8
Layer_8
  62
254
  66
1
  10
0
  20
0
  30
0
  0
VERTEX
  5
ee5
  8
Layer_8
  10
671.65106
  20
-0.45713425
  0
VERTEX
  5
ee6
  8
Layer_8
  10
672.2041
  20
-0.45713425
  0
SEQEND
  0
POLYLINE
  5
ee8
  8
Layer_8
  62
254
  66
1
  10
0
  20
0
  30
0
  0
VERTEX
  5
ee8
  8
Layer_8
  10
672.48059
  20
-0.45713425
  0
VERTEX
  5
ee9
  8
Layer_8
  10
673.03363
  20
-0.45713425
  0
SEQEND
  0
POLYLINE
  5
eeb
  8
Layer_8
  62
254
  66
1
  10
0
  20
0
  30
0
  0
VERTEX
  5
eeb
  8
Layer_8
  10
673.31012
  20
-0.45713425
  0
VERTEX
  5
eec
  8
Layer_8
  10
673.86316
  20
-0.45713425
  0
SEQEND
  0
POLYLINE
  5
eee
  8
Layer_8
  62
254
  66
1
  10
0
  20
0
  30
0
  0
VERTEX
  5
eee
  8
Layer_8
  10
674.13965
  20
-0.45713425
  0
VERTEX
  5
eef
  8
Layer_8
  10
674.69269
  20
-0.45713425
  0
SEQEND
  0
POLYLINE
  5
ef1
  8
Layer_8
  62
254
  66
1
  10
0
  20
0
  30
0
  0
VERTEX
  5
ef1
  8
Layer_8
  10
674.96924
  20
-0.45713425
  0
VERTEX
  5
ef2
  8
Layer_8
  10
675.52222
  20
-0.45713425
  0
SEQEND
  0
POLYLINE
  5
ef4
  8
Layer_8
  62
254
  66
1
  10
0
  20
0
  30
0
  0
VERTEX
  5
ef4
  8
Layer_8
  10
675.79877
  20
-0.45713425
  0
VERTEX
  5
ef5
  8
Layer_8
  10
676.35181
  20
-0.45713425
  0
SEQEND
  0
POLYLINE
  5
ef7
  8
Layer_8
  62
254
  66
1
  10
0
  20
0
  30
0
  0
VERTEX
  5
ef7
  8
Layer_8
  10
676.6283
  20
-0.45713425
  0
VERTEX
  5
ef8
  8
Layer_8
  10
677.18134
  20
-0.45713425
  0
SEQEND
  0
POLYLINE
  5
efa
  8
Layer_8
  62
254
  66
1
  10
0
  20
0
  30
0
  0
VERTEX
  5
efa
  8
Layer_8
  10
677.45782
  20
-0.45713425
  0
VERTEX
  5
efb
  8
Layer_8
  10
678.01086
  20
-0.45713425
  0
SEQEND
  0
POLYLINE
  5
efd
  8
Layer_8
  62
254
  66
1
  10
0
  20
0
  30
0
  0
VERTEX
  5
efd
  8
Layer_8
  10
678.28735
  20
-0.45713425
  0
VERTEX
  5
efe
  8
Layer_8
  10
678.84039
  20
-0.45713425
  0
SEQEND
  0
POLYLINE
  5
f00
  8
Layer_8
  62
254
  66
1
  10
0
  20
0
  30
0
  0
VERTEX
  5
f00
  8
Layer_8
  10
679.11694
  20
-0.45713425
  0
VERTEX
  5
f01
  8
Layer_8
  10
679.66992
  20
-0.45713425
  0
SEQEND
  0
POLYLINE
  5
f03
  8
Layer_8
  62
254
  66
1
  10
0
  20
0
  30
0
  0
VERTEX
  5
f03
  8
Layer_8
  10
679.94647
  20
-0.45713425
  0
VERTEX
  5
f04
  8
Layer_8
  10
680.49951
  20
-0.45713425
  0
SEQEND
  0
POLYLINE
  5
f06
  8
Layer_8
  62
254
  66
1
  10
0
  20
0
  30
0
  0
VERTEX
  5
f06
  8
Layer_8
  10
680.776
  20
-0.45713425
  0
VERTEX
  5
f07
  8
Layer_8
  10
681.32904
  20
-0.45713425
  0
SEQEND
  0
POLYLINE
  5
f09
  8
Layer_8
  62
254
  66
1
  10
0
  20
0
  30
0
  0
VERTEX
  5
f09
  8
Layer_8
  10
681.60553
  20
-0.45713425
  0
VERTEX
  5
f0a
  8
Layer_8
  10
682.15857
  20
-0.45713425
  0
SEQEND
  0
POLYLINE
  5
f0c
  8
Layer_8
  62
254
  66
1
  10
0
  20
0
  30
0
  0
VERTEX
  5
f0c
  8
Layer_8
  10
682.43506
  20
-0.45713425
  0
VERTEX
  5
f0d
  8
Layer_8
  10
682.9881
  20
-0.45713425
  0
SEQEND
  0
POLYLINE
  5
f0f
  8
Layer_8
  62
254
  66
1
  10
0
  20
0
  30
0
  0
VERTEX
  5
f0f
  8
Layer_8
  10
683.26465
  20
-0.45713425
  0
VERTEX
  5
f10
  8
Layer_8
  10
683.81769
  20
-0.45713425
  0
SEQEND
  0
POLYLINE
  5
f12
  8
Layer_8
  62
254
  66
1
  10
0
  20
0
  30
0
  0
VERTEX
  5
f12
  8
Layer_8
  10
684.09418
  20
-0.45713425
  0
VERTEX
  5
f13
  8
Layer_8
  10
684.64722
  20
-0.45713425
  0
SEQEND
  0
POLYLINE
  5
f15
  8
Layer_8
  62
254
  66
1
  10
0
  20
0
  30
0
  0
VERTEX
  5
f15
  8
Layer_8
  10
684.92371
  20
-0.45713425
  0
VERTEX
  5
f16
  8
Layer_8
  10
685.47675
  20
-0.45713425
  0
SEQEND
  0
POLYLINE
  5
f18
  8
Layer_8
  62
254
  66
1
  10
0
  20
0
  30
0
  0
VERTEX
  5
f18
  8
Layer_8
  10
685.75323
  20
-0.45713425
  0
VERTEX
  5
f19
  8
Layer_8
  10
686.30627
  20
-0.45713425
  0
SEQEND
  0
POLYLINE
  5
f1b
  8
Layer_8
  62
254
  66
1
  10
0
  20
0
  30
0
  0
VERTEX
  5
f1b
  8
Layer_8
  10
686.58282
  20
-0.45713425
  0
VERTEX
  5
f1c
  8
Layer_8
  10
687.13586
  20
-0.45713425
  0
SEQEND
  0
POLYLINE
  5
f1e
  8
Layer_8
  62
254
  66
1
  10
0
  20
0
  30
0
  0
VERTEX
  5
f1e
  8
Layer_8
  10
687.41235
  20
-0.45713425
  0
VERTEX
  5
f1f
  8
Layer_8
  10
687.96539
  20
-0.45713425
  0
SEQEND
  0
POLYLINE
  5
f21
  8
Layer_8
  62
254
  66
1
  10
0
  20
0
  30
0
  0
VERTEX
  5
f21
  8
Layer_8
  10
688.24188
  20
-0.45713425
  0
VERTEX
  5
f22
  8
Layer_8
  10
688.79492
  20
-0.45713425
  0
SEQEND
  0
POLYLINE
  5
f24
  8
Layer_8
  62
254
  66
1
  10
0
  20
0
  30
0
  0
VERTEX
  5
f24
  8
Layer_8
  10
689.07141
  20
-0.45713425
  0
VERTEX
  5
f25
  8
Layer_8
  10
689.62445
  20
-0.45713425
  0
SEQEND
  0
POLYLINE
  5
f27
  8
Layer_8
  62
254
  66
1
  10
0
  20
0
  30
0
  0
VERTEX
  5
f27
  8
Layer_8
  10
689.901
  20
-0.45713425
  0
VERTEX
  5
f28
  8
Layer_8
  10
690.45398
  20
-0.45713425
  0
SEQEND
  0
POLYLINE
  5
f2a
  8
Layer_8
  62
254
  66
1
  10
0
  20
0
  30
0
  0
VERTEX
  5
f2a
  8
Layer_8
  10
690.73053
  20
-0.45713425
  0
VERTEX
  5
f2b
  8
Layer_8
  10
691.28357
  20
-0.45713425
  0
SEQEND
  0
POLYLINE
  5
f2d
  8
Layer_8
  62
254
  66
1
  10
0
  20
0
  30
0
  0
VERTEX
  5
f2d
  8
Layer_8
  10
691.56006
  20
-0.45713425
  0
VERTEX
  5
f2e
  8
Layer_8
  10
692.1131
  20
-0.45713425
  0
SEQEND
  0
POLYLINE
  5
f30
  8
Layer_8
  62
254
  66
1
  10
0
  20
0
  30
0
  0
VERTEX
  5
f30
  8
Layer_8
  10
692.38959
  20
-0.45713425
  0
VERTEX
  5
f31
  8
Layer_8
  10
692.94263
  20
-0.45713425
  0
SEQEND
  0
POLYLINE
  5
f33
  8
Layer_8
  62
254
  66
1
  10
0
  20
0
  30
0
  0
VERTEX
  5
f33
  8
Layer_8
  10
693.21912
  20
-0.45713425
  0
VERTEX
  5
f34
  8
Layer_8
  10
693.77216
  20
-0.45713425
  0
SEQEND
  0
POLYLINE
  5
f36
  8
Layer_8
  62
254
  66
1
  10
0
  20
0
  30
0
  0
VERTEX
  5
f36
  8
Layer_8
  10
694.04871
  20
-0.45713425
  0
VERTEX
  5
f37
  8
Layer_8
  10
694.60168
  20
-0.45713425
  0
SEQEND
  0
POLYLINE
  5
f39
  8
Layer_8
  62
254
  66
1
  10
0
  20
0
  30
0
  0
VERTEX
  5
f39
  8
Layer_8
  10
694.87823
  20
-0.45713425
  0
VERTEX
  5
f3a
  8
Layer_8
  10
695.43127
  20
-0.45713425
  0
SEQEND
  0
POLYLINE
  5
f3c
  8
Layer_8
  62
254
  66
1
  10
0
  20
0
  30
0
  0
VERTEX
  5
f3c
  8
Layer_8
  10
695.70776
  20
-0.45713425
  0
VERTEX
  5
f3d
  8
Layer_8
  10
696.2608
  20
-0.45713425
  0
SEQEND
  0
POLYLINE
  5
f3f
  8
Layer_8
  62
254
  66
1
  10
0
  20
0
  30
0
  0
VERTEX
  5
f3f
  8
Layer_8
  10
696.53729
  20
-0.45713425
  0
VERTEX
  5
f40
  8
Layer_8
  10
697.09033
  20
-0.45713425
  0
SEQEND
  0
POLYLINE
  5
f42
  8
Layer_8
  62
254
  66
1
  10
0
  20
0
  30
0
  0
VERTEX
  5
f42
  8
Layer_8
  10
697.36682
  20
-0.45713425
  0
VERTEX
  5
f43
  8
Layer_8
  10
697.91986
  20
-0.45713425
  0
SEQEND
  0
POLYLINE
  5
f45
  8
Layer_8
  62
254
  66
1
  10
0
  20
0
  30
0
  0
VERTEX
  5
f45
  8
Layer_8
  10
698.19641
  20
-0.45713425
  0
VERTEX
  5
f46
  8
Layer_8
  10
698.62073
  20
-0.45713425
  0
SEQEND
  0
POLYLINE
  5
f48
  8
Layer_8
  62
254
  66
1
  10
0
  20
0
  30
0
  0
VERTEX
  5
f48
  8
Layer_8
  10
683.85181
  20
12.145241
  0
VERTEX
  5
f49
  8
Layer_8
  10
682.54291
  20
12.145241
  0
SEQEND
  0
POLYLINE
  5
f4b
  8
Layer_8
  62
254
  66
1
  10
0
  20
0
  30
0
  0
VERTEX
  5
f4b
  8
Layer_8
  10
682.54291
  20
12.145241
  0
VERTEX
  5
f4c
  8
Layer_8
  10
677.93921
  20
13.995743
  0
SEQEND
  0
POLYLINE
  5
f4e
  8
Layer_8
  62
254
  66
1
  10
0
  20
0
  30
0
  0
VERTEX
  5
f4e
  8
Layer_8
  10
677.93921
  20
13.995743
  0
VERTEX
  5
f4f
  8
Layer_8
  10
677.93921
  20
18.797905
  0
SEQEND
  0
POLYLINE
  5
f51
  8
Layer_8
  62
254
  66
1
  10
0
  20
0
  30
0
  0
VERTEX
  5
f51
  8
Layer_8
  10
677.93921
  20
18.797905
  0
VERTEX
  5
f52
  8
Layer_8
  10
677.93921
  20
23.600063
  0
SEQEND
  0
POLYLINE
  5
f54
  8
Layer_8
  62
254
  66
1
  10
0
  20
0
  30
0
  0
VERTEX
  5
f54
  8
Layer_8
  10
677.93921
  20
23.600063
  0
VERTEX
  5
f55
  8
Layer_8
  10
682.54291
  20
25.450573
  0
SEQEND
  0
POLYLINE
  5
f57
  8
Layer_8
  62
254
  66
1
  10
0
  20
0
  30
0
  0
VERTEX
  5
f57
  8
Layer_8
  10
682.54291
  20
25.450573
  0
VERTEX
  5
f58
  8
Layer_8
  10
683.85181
  20
25.450573
  0
SEQEND
  0
POLYLINE
  5
f5a
  8
Layer_8
  62
254
  66
1
  10
0
  20
0
  30
0
  0
VERTEX
  5
f5a
  8
Layer_8
  10
677.93921
  20
15.618927
  0
VERTEX
  5
f5b
  8
Layer_8
  10
681.88818
  20
15.618927
  0
SEQEND
  0
POLYLINE
  5
f5d
  8
Layer_8
  62
254
  66
1
  10
0
  20
0
  30
0
  0
VERTEX
  5
f5d
  8
Layer_8
  10
681.88818
  20
15.618927
  42
0.13761136
  0
VERTEX
  5
f5e
  8
Layer_8
  10
683.60858
  20
18.292702
  0
SEQEND
  0
POLYLINE
  5
f60
  8
Layer_8
  62
254
  66
1
  10
0
  20
0
  30
0
  0
VERTEX
  5
f60
  8
Layer_8
  10
683.60858
  20
18.292702
  42
0.071510222
  0
VERTEX
  5
f61
  8
Layer_8
  10
683.64502
  20
18.834885
  0
SEQEND
  0
POLYLINE
  5
f63
  8
Layer_8
  62
254
  66
1
  10
0
  20
0
  30
0
  0
VERTEX
  5
f63
  8
Layer_8
  10
683.64502
  20
18.834885
  42
0.02567273
  0
VERTEX
  5
f64
  8
Layer_8
  10
683.65173
  20
19.0994
  0
SEQEND
  0
POLYLINE
  5
f66
  8
Layer_8
  62
254
  66
1
  10
0
  20
0
  30
0
  0
VERTEX
  5
f66
  8
Layer_8
  10
683.65173
  20
19.0994
  42
0.18194519
  0
VERTEX
  5
f67
  8
Layer_8
  10
682.03607
  20
22.272709
  0
SEQEND
  0
POLYLINE
  5
f69
  8
Layer_8
  62
254
  66
1
  10
0
  20
0
  30
0
  0
VERTEX
  5
f69
  8
Layer_8
  10
682.03607
  20
22.272709
  0
VERTEX
  5
f6a
  8
Layer_8
  10
677.93921
  20
22.23505
  0
SEQEND
  0
ENDSEC
  0
EOF
