  0
SECTION
  2
HEADER
  9
$ACADVER
  1
AC1009
  0
ENDSEC
  0
SECTION
  2
TABLES
  0
TABLE
  2
LAYER
  70
1
  0
LAYER
  2
Layer_8
  70
0
  62
254
  6
CONTINUOUS
  0
ENDTAB
  0
ENDSEC
  0
SECTION
  2
ENTITIES
  0
CIRCLE
  5
90
  8
Layer_8
  62
254
  10
-14.532852
  20
347.00336
  30
0
  40
4.399992
  0
CIRCLE
  5
90
  8
Layer_8
  62
254
  10
-14.74498
  20
425.26196
  30
0
  40
4.4000206
  0
CIRCLE
  5
90
  8
Layer_8
  62
254
  10
112.31851
  20
328.82944
  30
0
  40
4.3999777
  0
CIRCLE
  5
90
  8
Layer_8
  62
254
  10
111.94796
  20
446.28003
  30
0
  40
4.3999596
  0
POLYLINE
  5
90
  8
Layer_8
  62
254
  66
1
  10
0
  20
0
  30
0
  0
VERTEX
  5
90
  8
Layer_8
  10
4.2451401
  20
396.53009
  0
VERTEX
  5
91
  8
Layer_8
  10
3.6921005
  20
396.53058
  0
SEQEND
  0
POLYLINE
  5
93
  8
Layer_8
  62
254
  66
1
  10
0
  20
0
  30
0
  0
VERTEX
  5
93
  8
Layer_8
  10
-20.440338
  20
415.60052
  0
VERTEX
  5
94
  8
Layer_8
  10
-19.887367
  20
415.60052
  0
SEQEND
  0
POLYLINE
  5
96
  8
Layer_8
  62
254
  66
1
  10
0
  20
0
  30
0
  0
VERTEX
  5
96
  8
Layer_8
  10
-22.099457
  20
415.60052
  0
VERTEX
  5
97
  8
Layer_8
  10
-21.546417
  20
415.60052
  0
SEQEND
  0
POLYLINE
  5
99
  8
Layer_8
  62
254
  66
1
  10
0
  20
0
  30
0
  0
VERTEX
  5
99
  8
Layer_8
  10
-23.758514
  20
415.60052
  0
VERTEX
  5
9a
  8
Layer_8
  10
-23.205475
  20
415.60052
  0
SEQEND
  0
POLYLINE
  5
9c
  8
Layer_8
  62
254
  66
1
  10
0
  20
0
  30
0
  0
VERTEX
  5
9c
  8
Layer_8
  10
-27.076698
  20
415.60052
  0
VERTEX
  5
9d
  8
Layer_8
  10
-26.523659
  20
415.60052
  0
SEQEND
  0
POLYLINE
  5
9f
  8
Layer_8
  62
254
  66
1
  10
0
  20
0
  30
0
  0
VERTEX
  5
9f
  8
Layer_8
  10
-19.610817
  20
415.60052
  0
VERTEX
  5
a0
  8
Layer_8
  10
-19.057777
  20
415.60052
  0
SEQEND
  0
POLYLINE
  5
a2
  8
Layer_8
  62
254
  66
1
  10
0
  20
0
  30
0
  0
VERTEX
  5
a2
  8
Layer_8
  10
-17.951759
  20
415.60052
  0
VERTEX
  5
a3
  8
Layer_8
  10
-17.39872
  20
415.60052
  0
SEQEND
  0
POLYLINE
  5
a5
  8
Layer_8
  62
254
  66
1
  10
0
  20
0
  30
0
  0
VERTEX
  5
a5
  8
Layer_8
  10
-25.417641
  20
415.60052
  0
VERTEX
  5
a6
  8
Layer_8
  10
-24.864594
  20
415.60052
  0
SEQEND
  0
POLYLINE
  5
a8
  8
Layer_8
  62
254
  66
1
  10
0
  20
0
  30
0
  0
VERTEX
  5
a8
  8
Layer_8
  10
-21.269928
  20
415.60052
  0
VERTEX
  5
a9
  8
Layer_8
  10
-20.716888
  20
415.60052
  0
SEQEND
  0
POLYLINE
  5
ab
  8
Layer_8
  62
254
  66
1
  10
0
  20
0
  30
0
  0
VERTEX
  5
ab
  8
Layer_8
  10
-26.247169
  20
415.60052
  0
VERTEX
  5
ac
  8
Layer_8
  10
-25.69413
  20
415.60052
  0
SEQEND
  0
POLYLINE
  5
ae
  8
Layer_8
  62
254
  66
1
  10
0
  20
0
  30
0
  0
VERTEX
  5
ae
  8
Layer_8
  10
-22.928986
  20
415.60052
  0
VERTEX
  5
af
  8
Layer_8
  10
-22.375946
  20
415.60052
  0
SEQEND
  0
POLYLINE
  5
b1
  8
Layer_8
  62
254
  66
1
  10
0
  20
0
  30
0
  0
VERTEX
  5
b1
  8
Layer_8
  10
-24.588051
  20
415.60052
  0
VERTEX
  5
b2
  8
Layer_8
  10
-24.035065
  20
415.60052
  0
SEQEND
  0
POLYLINE
  5
b4
  8
Layer_8
  62
254
  66
1
  10
0
  20
0
  30
0
  0
VERTEX
  5
b4
  8
Layer_8
  10
-18.781288
  20
415.60052
  0
VERTEX
  5
b5
  8
Layer_8
  10
-18.228249
  20
415.60052
  0
SEQEND
  0
POLYLINE
  5
b7
  8
Layer_8
  62
254
  66
1
  10
0
  20
0
  30
0
  0
VERTEX
  5
b7
  8
Layer_8
  10
-14.633575
  20
415.60052
  0
VERTEX
  5
b8
  8
Layer_8
  10
-14.080536
  20
415.60052
  0
SEQEND
  0
POLYLINE
  5
ba
  8
Layer_8
  62
254
  66
1
  10
0
  20
0
  30
0
  0
VERTEX
  5
ba
  8
Layer_8
  10
-16.292641
  20
415.60052
  0
VERTEX
  5
bb
  8
Layer_8
  10
-15.739594
  20
415.60052
  0
SEQEND
  0
POLYLINE
  5
bd
  8
Layer_8
  62
254
  66
1
  10
0
  20
0
  30
0
  0
VERTEX
  5
bd
  8
Layer_8
  10
-17.122169
  20
415.60052
  0
VERTEX
  5
be
  8
Layer_8
  10
-16.569183
  20
415.60052
  0
SEQEND
  0
POLYLINE
  5
c0
  8
Layer_8
  62
254
  66
1
  10
0
  20
0
  30
0
  0
VERTEX
  5
c0
  8
Layer_8
  10
-15.463104
  20
415.60052
  0
VERTEX
  5
c1
  8
Layer_8
  10
-14.910065
  20
415.60052
  0
SEQEND
  0
POLYLINE
  5
c3
  8
Layer_8
  62
254
  66
1
  10
0
  20
0
  30
0
  0
VERTEX
  5
c3
  8
Layer_8
  10
-13.803986
  20
415.60052
  0
VERTEX
  5
c4
  8
Layer_8
  10
-13.251007
  20
415.60052
  0
SEQEND
  0
POLYLINE
  5
c6
  8
Layer_8
  62
254
  66
1
  10
0
  20
0
  30
0
  0
VERTEX
  5
c6
  8
Layer_8
  10
130.53683
  20
346.67273
  0
VERTEX
  5
c7
  8
Layer_8
  10
131.08987
  20
346.67273
  0
SEQEND
  0
POLYLINE
  5
c9
  8
Layer_8
  62
254
  66
1
  10
0
  20
0
  30
0
  0
VERTEX
  5
c9
  8
Layer_8
  10
131.36642
  20
346.67273
  0
VERTEX
  5
ca
  8
Layer_8
  10
131.9194
  20
346.67273
  0
SEQEND
  0
POLYLINE
  5
cc
  8
Layer_8
  62
254
  66
1
  10
0
  20
0
  30
0
  0
VERTEX
  5
cc
  8
Layer_8
  10
129.70731
  20
346.67276
  0
VERTEX
  5
cd
  8
Layer_8
  10
130.26035
  20
346.67273
  0
SEQEND
  0
POLYLINE
  5
cf
  8
Layer_8
  62
254
  66
1
  10
0
  20
0
  30
0
  0
VERTEX
  5
cf
  8
Layer_8
  10
-90.753517
  20
390.96701
  0
VERTEX
  5
d0
  8
Layer_8
  10
-82.900208
  20
390.83432
  0
VERTEX
  5
d1
  8
Layer_8
  10
-82.808594
  20
390.78198
  42
-0.09999632
  0
VERTEX
  5
d2
  8
Layer_8
  10
-80.963043
  20
389.30212
  42
-0.13565546
  0
VERTEX
  5
d3
  8
Layer_8
  10
-80.393898
  20
387.62738
  0
VERTEX
  5
d4
  8
Layer_8
  10
-80.351532
  20
387.28906
  42
0.0027220278
  0
VERTEX
  5
d5
  8
Layer_8
  10
-80.265564
  20
386.64954
  0
VERTEX
  5
d6
  8
Layer_8
  10
-80.257599
  20
386.58783
  42
-0.056146308
  0
VERTEX
  5
d7
  8
Layer_8
  10
-80.226227
  20
385.73248
  0
SEQEND
  0
POLYLINE
  5
d9
  8
Layer_8
  62
254
  66
1
  10
0
  20
0
  30
0
  0
VERTEX
  5
d9
  8
Layer_8
  10
-51.133457
  20
415.60052
  0
VERTEX
  5
da
  8
Layer_8
  10
-50.580414
  20
415.60052
  0
SEQEND
  0
POLYLINE
  5
dc
  8
Layer_8
  62
254
  66
1
  10
0
  20
0
  30
0
  0
VERTEX
  5
dc
  8
Layer_8
  10
133.02548
  20
346.67273
  0
VERTEX
  5
dd
  8
Layer_8
  10
133.49197
  20
346.67273
  0
SEQEND
  0
POLYLINE
  5
df
  8
Layer_8
  62
254
  66
1
  10
0
  20
0
  30
0
  0
VERTEX
  5
df
  8
Layer_8
  10
-51.962986
  20
415.60052
  0
VERTEX
  5
e0
  8
Layer_8
  10
-51.409946
  20
415.60052
  0
SEQEND
  0
POLYLINE
  5
e2
  8
Layer_8
  62
254
  66
1
  10
0
  20
0
  30
0
  0
VERTEX
  5
e2
  8
Layer_8
  10
11.498444
  20
415.61011
  0
VERTEX
  5
e3
  8
Layer_8
  10
30.932098
  20
415.61011
  0
SEQEND
  0
POLYLINE
  5
e5
  8
Layer_8
  62
254
  66
1
  10
0
  20
0
  30
0
  0
VERTEX
  5
e5
  8
Layer_8
  10
-50.303864
  20
415.60052
  0
VERTEX
  5
e6
  8
Layer_8
  10
-49.750885
  20
415.60052
  0
SEQEND
  0
POLYLINE
  5
e8
  8
Layer_8
  62
254
  66
1
  10
0
  20
0
  30
0
  0
VERTEX
  5
e8
  8
Layer_8
  10
132.19595
  20
346.67273
  0
VERTEX
  5
e9
  8
Layer_8
  10
132.74899
  20
346.67273
  0
SEQEND
  0
POLYLINE
  5
eb
  8
Layer_8
  62
254
  66
1
  10
0
  20
0
  30
0
  0
VERTEX
  5
eb
  8
Layer_8
  10
-49.474335
  20
415.60052
  0
VERTEX
  5
ec
  8
Layer_8
  10
-48.921295
  20
415.60052
  0
SEQEND
  0
POLYLINE
  5
ee
  8
Layer_8
  62
254
  66
1
  10
0
  20
0
  30
0
  0
VERTEX
  5
ee
  8
Layer_8
  10
-48.644806
  20
415.60052
  0
VERTEX
  5
ef
  8
Layer_8
  10
-48.091766
  20
415.60052
  0
SEQEND
  0
POLYLINE
  5
f1
  8
Layer_8
  62
254
  66
1
  10
0
  20
0
  30
0
  0
VERTEX
  5
f1
  8
Layer_8
  10
-46.985687
  20
415.60052
  0
VERTEX
  5
f2
  8
Layer_8
  10
-46.432709
  20
415.60052
  0
SEQEND
  0
POLYLINE
  5
f4
  8
Layer_8
  62
254
  66
1
  10
0
  20
0
  30
0
  0
VERTEX
  5
f4
  8
Layer_8
  10
-46.156158
  20
415.60052
  0
VERTEX
  5
f5
  8
Layer_8
  10
-45.603119
  20
415.60052
  0
SEQEND
  0
POLYLINE
  5
f7
  8
Layer_8
  62
254
  66
1
  10
0
  20
0
  30
0
  0
VERTEX
  5
f7
  8
Layer_8
  10
-47.815277
  20
415.60052
  0
VERTEX
  5
f8
  8
Layer_8
  10
-47.262238
  20
415.60052
  0
SEQEND
  0
POLYLINE
  5
fa
  8
Layer_8
  62
254
  66
1
  10
0
  20
0
  30
0
  0
VERTEX
  5
fa
  8
Layer_8
  10
-34.54258
  20
415.60052
  0
VERTEX
  5
fb
  8
Layer_8
  10
-33.98954
  20
415.60052
  0
SEQEND
  0
POLYLINE
  5
fd
  8
Layer_8
  62
254
  66
1
  10
0
  20
0
  30
0
  0
VERTEX
  5
fd
  8
Layer_8
  10
-35.372108
  20
415.60052
  0
VERTEX
  5
fe
  8
Layer_8
  10
-34.81913
  20
415.60052
  0
SEQEND
  0
POLYLINE
  5
100
  8
Layer_8
  62
254
  66
1
  10
0
  20
0
  30
0
  0
VERTEX
  5
100
  8
Layer_8
  10
-37.031227
  20
415.60052
  0
VERTEX
  5
101
  8
Layer_8
  10
-36.478188
  20
415.60052
  0
SEQEND
  0
POLYLINE
  5
103
  8
Layer_8
  62
254
  66
1
  10
0
  20
0
  30
0
  0
VERTEX
  5
103
  8
Layer_8
  10
-43.667519
  20
415.60052
  0
VERTEX
  5
104
  8
Layer_8
  10
-43.11454
  20
415.60052
  0
SEQEND
  0
POLYLINE
  5
106
  8
Layer_8
  62
254
  66
1
  10
0
  20
0
  30
0
  0
VERTEX
  5
106
  8
Layer_8
  10
-37.860748
  20
415.60052
  0
VERTEX
  5
107
  8
Layer_8
  10
-37.307709
  20
415.60052
  0
SEQEND
  0
POLYLINE
  5
109
  8
Layer_8
  62
254
  66
1
  10
0
  20
0
  30
0
  0
VERTEX
  5
109
  8
Layer_8
  10
-45.326637
  20
415.60052
  0
VERTEX
  5
10a
  8
Layer_8
  10
-44.773598
  20
415.60052
  0
SEQEND
  0
POLYLINE
  5
10c
  8
Layer_8
  62
254
  66
1
  10
0
  20
0
  30
0
  0
VERTEX
  5
10c
  8
Layer_8
  10
-42.008453
  20
415.60052
  0
VERTEX
  5
10d
  8
Layer_8
  10
-41.455414
  20
415.60052
  0
SEQEND
  0
POLYLINE
  5
10f
  8
Layer_8
  62
254
  66
1
  10
0
  20
0
  30
0
  0
VERTEX
  5
10f
  8
Layer_8
  10
-33.713051
  20
415.60052
  0
VERTEX
  5
110
  8
Layer_8
  10
-33.160004
  20
415.60052
  0
SEQEND
  0
POLYLINE
  5
112
  8
Layer_8
  62
254
  66
1
  10
0
  20
0
  30
0
  0
VERTEX
  5
112
  8
Layer_8
  10
-36.201698
  20
415.60052
  0
VERTEX
  5
113
  8
Layer_8
  10
-35.648659
  20
415.60052
  0
SEQEND
  0
POLYLINE
  5
115
  8
Layer_8
  62
254
  66
1
  10
0
  20
0
  30
0
  0
VERTEX
  5
115
  8
Layer_8
  10
-38.690277
  20
415.60052
  0
VERTEX
  5
116
  8
Layer_8
  10
-38.137238
  20
415.60052
  0
SEQEND
  0
POLYLINE
  5
118
  8
Layer_8
  62
254
  66
1
  10
0
  20
0
  30
0
  0
VERTEX
  5
118
  8
Layer_8
  10
-40.349396
  20
415.60052
  0
VERTEX
  5
119
  8
Layer_8
  10
-39.796356
  20
415.60052
  0
SEQEND
  0
POLYLINE
  5
11b
  8
Layer_8
  62
254
  66
1
  10
0
  20
0
  30
0
  0
VERTEX
  5
11b
  8
Layer_8
  10
-44.497108
  20
415.60052
  0
VERTEX
  5
11c
  8
Layer_8
  10
-43.944069
  20
415.60052
  0
SEQEND
  0
POLYLINE
  5
11e
  8
Layer_8
  62
254
  66
1
  10
0
  20
0
  30
0
  0
VERTEX
  5
11e
  8
Layer_8
  10
-41.178925
  20
415.60052
  0
VERTEX
  5
11f
  8
Layer_8
  10
-40.625885
  20
415.60052
  0
SEQEND
  0
POLYLINE
  5
121
  8
Layer_8
  62
254
  66
1
  10
0
  20
0
  30
0
  0
VERTEX
  5
121
  8
Layer_8
  10
-42.83799
  20
415.60052
  0
VERTEX
  5
122
  8
Layer_8
  10
-42.28495
  20
415.60052
  0
SEQEND
  0
POLYLINE
  5
124
  8
Layer_8
  62
254
  66
1
  10
0
  20
0
  30
0
  0
VERTEX
  5
124
  8
Layer_8
  10
-39.519806
  20
415.60052
  0
VERTEX
  5
125
  8
Layer_8
  10
-38.966827
  20
415.60052
  0
SEQEND
  0
POLYLINE
  5
127
  8
Layer_8
  62
254
  66
1
  10
0
  20
0
  30
0
  0
VERTEX
  5
127
  8
Layer_8
  10
-28.735748
  20
415.60052
  0
VERTEX
  5
128
  8
Layer_8
  10
-28.182777
  20
415.60052
  0
SEQEND
  0
POLYLINE
  5
12a
  8
Layer_8
  62
254
  66
1
  10
0
  20
0
  30
0
  0
VERTEX
  5
12a
  8
Layer_8
  10
-31.224396
  20
415.60052
  0
VERTEX
  5
12b
  8
Layer_8
  10
-30.671356
  20
415.60052
  0
SEQEND
  0
POLYLINE
  5
12d
  8
Layer_8
  62
254
  66
1
  10
0
  20
0
  30
0
  0
VERTEX
  5
12d
  8
Layer_8
  10
-29.565338
  20
415.60052
  0
VERTEX
  5
12e
  8
Layer_8
  10
-29.012299
  20
415.60052
  0
SEQEND
  0
POLYLINE
  5
130
  8
Layer_8
  62
254
  66
1
  10
0
  20
0
  30
0
  0
VERTEX
  5
130
  8
Layer_8
  10
-32.883514
  20
415.60052
  0
VERTEX
  5
131
  8
Layer_8
  10
-32.330475
  20
415.60052
  0
SEQEND
  0
POLYLINE
  5
133
  8
Layer_8
  62
254
  66
1
  10
0
  20
0
  30
0
  0
VERTEX
  5
133
  8
Layer_8
  10
-30.394867
  20
415.60052
  0
VERTEX
  5
134
  8
Layer_8
  10
-29.841827
  20
415.60052
  0
SEQEND
  0
POLYLINE
  5
136
  8
Layer_8
  62
254
  66
1
  10
0
  20
0
  30
0
  0
VERTEX
  5
136
  8
Layer_8
  10
-32.053925
  20
415.60052
  0
VERTEX
  5
137
  8
Layer_8
  10
-31.500946
  20
415.60052
  0
SEQEND
  0
POLYLINE
  5
139
  8
Layer_8
  62
254
  66
1
  10
0
  20
0
  30
0
  0
VERTEX
  5
139
  8
Layer_8
  10
42.57663
  20
415.65692
  0
VERTEX
  5
13a
  8
Layer_8
  10
43.129669
  20
415.65814
  0
SEQEND
  0
POLYLINE
  5
13c
  8
Layer_8
  62
254
  66
1
  10
0
  20
0
  30
0
  0
VERTEX
  5
13c
  8
Layer_8
  10
43.406219
  20
415.65875
  0
VERTEX
  5
13d
  8
Layer_8
  10
43.959198
  20
415.65997
  0
SEQEND
  0
POLYLINE
  5
13f
  8
Layer_8
  62
254
  66
1
  10
0
  20
0
  30
0
  0
VERTEX
  5
13f
  8
Layer_8
  10
35.214752
  20
396.50446
  0
VERTEX
  5
140
  8
Layer_8
  10
35.429779
  20
396.50427
  0
VERTEX
  5
141
  8
Layer_8
  10
45.409271
  20
405.52866
  0
VERTEX
  5
142
  8
Layer_8
  10
45.344086
  20
434.91071
  0
VERTEX
  5
143
  8
Layer_8
  10
30.894485
  20
434.85358
  0
VERTEX
  5
144
  8
Layer_8
  10
1.6106262
  20
434.91354
  0
VERTEX
  5
145
  8
Layer_8
  10
-51.962986
  20
435.02328
  42
0.20094161
  0
VERTEX
  5
146
  8
Layer_8
  10
-53.613377
  20
438.96417
  42
0.20094246
  0
VERTEX
  5
147
  8
Layer_8
  10
-57.579567
  20
440.55289
  0
VERTEX
  5
148
  8
Layer_8
  10
-57.140076
  20
440.55975
  0
VERTEX
  5
149
  8
Layer_8
  10
-66.374603
  20
440.41559
  42
0.20864237
  0
VERTEX
  5
14a
  8
Layer_8
  10
-70.614967
  20
438.05542
  42
0.20864602
  0
VERTEX
  5
14b
  8
Layer_8
  10
-71.769104
  20
433.34171
  0
VERTEX
  5
14c
  8
Layer_8
  10
-71.681976
  20
396.45679
  0
VERTEX
  5
14d
  8
Layer_8
  10
-71.681976
  20
395.95679
  0
SEQEND
  0
POLYLINE
  5
14f
  8
Layer_8
  62
254
  66
1
  10
0
  20
0
  30
0
  0
VERTEX
  5
14f
  8
Layer_8
  10
-71.681976
  20
395.70679
  0
VERTEX
  5
150
  8
Layer_8
  10
-71.681976
  20
395.20679
  0
SEQEND
  0
POLYLINE
  5
152
  8
Layer_8
  62
254
  66
1
  10
0
  20
0
  30
0
  0
VERTEX
  5
152
  8
Layer_8
  10
-71.681976
  20
394.95679
  0
VERTEX
  5
153
  8
Layer_8
  10
-71.681976
  20
394.45679
  0
SEQEND
  0
POLYLINE
  5
155
  8
Layer_8
  62
254
  66
1
  10
0
  20
0
  30
0
  0
VERTEX
  5
155
  8
Layer_8
  10
-71.681976
  20
394.20679
  0
VERTEX
  5
156
  8
Layer_8
  10
-71.681976
  20
393.70679
  0
SEQEND
  0
POLYLINE
  5
158
  8
Layer_8
  62
254
  66
1
  10
0
  20
0
  30
0
  0
VERTEX
  5
158
  8
Layer_8
  10
-71.681976
  20
393.45679
  0
VERTEX
  5
159
  8
Layer_8
  10
-71.681976
  20
392.95679
  0
SEQEND
  0
POLYLINE
  5
15b
  8
Layer_8
  62
254
  66
1
  10
0
  20
0
  30
0
  0
VERTEX
  5
15b
  8
Layer_8
  10
-71.681976
  20
392.70679
  0
VERTEX
  5
15c
  8
Layer_8
  10
-71.681976
  20
392.20679
  0
SEQEND
  0
POLYLINE
  5
15e
  8
Layer_8
  62
254
  66
1
  10
0
  20
0
  30
0
  0
VERTEX
  5
15e
  8
Layer_8
  10
-71.681976
  20
391.95679
  0
VERTEX
  5
15f
  8
Layer_8
  10
-71.681976
  20
391.45679
  0
SEQEND
  0
POLYLINE
  5
161
  8
Layer_8
  62
254
  66
1
  10
0
  20
0
  30
0
  0
VERTEX
  5
161
  8
Layer_8
  10
-71.681976
  20
391.20679
  0
VERTEX
  5
162
  8
Layer_8
  10
-71.681976
  20
390.70679
  0
SEQEND
  0
POLYLINE
  5
164
  8
Layer_8
  62
254
  66
1
  10
0
  20
0
  30
0
  0
VERTEX
  5
164
  8
Layer_8
  10
-71.681976
  20
390.45679
  0
VERTEX
  5
165
  8
Layer_8
  10
-71.681976
  20
389.95679
  0
SEQEND
  0
POLYLINE
  5
167
  8
Layer_8
  62
254
  66
1
  10
0
  20
0
  30
0
  0
VERTEX
  5
167
  8
Layer_8
  10
-71.681976
  20
389.70679
  0
VERTEX
  5
168
  8
Layer_8
  10
-71.681976
  20
389.20679
  0
SEQEND
  0
POLYLINE
  5
16a
  8
Layer_8
  62
254
  66
1
  10
0
  20
0
  30
0
  0
VERTEX
  5
16a
  8
Layer_8
  10
-71.681976
  20
388.95679
  0
VERTEX
  5
16b
  8
Layer_8
  10
-71.681976
  20
388.45679
  0
SEQEND
  0
POLYLINE
  5
16d
  8
Layer_8
  62
254
  66
1
  10
0
  20
0
  30
0
  0
VERTEX
  5
16d
  8
Layer_8
  10
-71.681976
  20
388.20679
  0
VERTEX
  5
16e
  8
Layer_8
  10
-71.681976
  20
387.70679
  0
SEQEND
  0
POLYLINE
  5
170
  8
Layer_8
  62
254
  66
1
  10
0
  20
0
  30
0
  0
VERTEX
  5
170
  8
Layer_8
  10
-71.681976
  20
387.45679
  0
VERTEX
  5
171
  8
Layer_8
  10
-71.681976
  20
386.95679
  0
SEQEND
  0
POLYLINE
  5
173
  8
Layer_8
  62
254
  66
1
  10
0
  20
0
  30
0
  0
VERTEX
  5
173
  8
Layer_8
  10
-71.681976
  20
386.70679
  0
VERTEX
  5
174
  8
Layer_8
  10
-71.681976
  20
386.20679
  0
SEQEND
  0
POLYLINE
  5
176
  8
Layer_8
  62
254
  66
1
  10
0
  20
0
  30
0
  0
VERTEX
  5
176
  8
Layer_8
  10
-71.681976
  20
385.95679
  0
VERTEX
  5
177
  8
Layer_8
  10
-71.681976
  20
385.45679
  0
SEQEND
  0
POLYLINE
  5
179
  8
Layer_8
  62
254
  66
1
  10
0
  20
0
  30
0
  0
VERTEX
  5
179
  8
Layer_8
  10
-71.681976
  20
385.20679
  0
VERTEX
  5
17a
  8
Layer_8
  10
-71.681976
  20
384.70679
  0
SEQEND
  0
POLYLINE
  5
17c
  8
Layer_8
  62
254
  66
1
  10
0
  20
0
  30
0
  0
VERTEX
  5
17c
  8
Layer_8
  10
-71.681976
  20
384.45679
  0
VERTEX
  5
17d
  8
Layer_8
  10
-71.681976
  20
383.95679
  0
SEQEND
  0
POLYLINE
  5
17f
  8
Layer_8
  62
254
  66
1
  10
0
  20
0
  30
0
  0
VERTEX
  5
17f
  8
Layer_8
  10
-71.681976
  20
383.70679
  0
VERTEX
  5
180
  8
Layer_8
  10
-71.681976
  20
383.20679
  0
SEQEND
  0
POLYLINE
  5
182
  8
Layer_8
  62
254
  66
1
  10
0
  20
0
  30
0
  0
VERTEX
  5
182
  8
Layer_8
  10
-71.681976
  20
382.95679
  0
VERTEX
  5
183
  8
Layer_8
  10
-71.681976
  20
382.45679
  0
SEQEND
  0
POLYLINE
  5
185
  8
Layer_8
  62
254
  66
1
  10
0
  20
0
  30
0
  0
VERTEX
  5
185
  8
Layer_8
  10
-71.681976
  20
382.20679
  0
VERTEX
  5
186
  8
Layer_8
  10
-71.681976
  20
381.70679
  0
SEQEND
  0
POLYLINE
  5
188
  8
Layer_8
  62
254
  66
1
  10
0
  20
0
  30
0
  0
VERTEX
  5
188
  8
Layer_8
  10
-71.681976
  20
381.45679
  0
VERTEX
  5
189
  8
Layer_8
  10
-71.681976
  20
380.95679
  0
SEQEND
  0
POLYLINE
  5
18b
  8
Layer_8
  62
254
  66
1
  10
0
  20
0
  30
0
  0
VERTEX
  5
18b
  8
Layer_8
  10
-71.681976
  20
380.70679
  0
VERTEX
  5
18c
  8
Layer_8
  10
-71.681976
  20
380.20679
  0
SEQEND
  0
POLYLINE
  5
18e
  8
Layer_8
  62
254
  66
1
  10
0
  20
0
  30
0
  0
VERTEX
  5
18e
  8
Layer_8
  10
-71.681976
  20
379.95679
  0
VERTEX
  5
18f
  8
Layer_8
  10
-71.681976
  20
379.45679
  0
SEQEND
  0
POLYLINE
  5
191
  8
Layer_8
  62
254
  66
1
  10
0
  20
0
  30
0
  0
VERTEX
  5
191
  8
Layer_8
  10
-71.681976
  20
379.20679
  0
VERTEX
  5
192
  8
Layer_8
  10
-71.681976
  20
378.70679
  0
SEQEND
  0
POLYLINE
  5
194
  8
Layer_8
  62
254
  66
1
  10
0
  20
0
  30
0
  0
VERTEX
  5
194
  8
Layer_8
  10
-71.681976
  20
378.45679
  0
VERTEX
  5
195
  8
Layer_8
  10
-71.681976
  20
377.95679
  0
SEQEND
  0
POLYLINE
  5
197
  8
Layer_8
  62
254
  66
1
  10
0
  20
0
  30
0
  0
VERTEX
  5
197
  8
Layer_8
  10
-71.681976
  20
377.70679
  0
VERTEX
  5
198
  8
Layer_8
  10
-71.681976
  20
377.20679
  0
SEQEND
  0
POLYLINE
  5
19a
  8
Layer_8
  62
254
  66
1
  10
0
  20
0
  30
0
  0
VERTEX
  5
19a
  8
Layer_8
  10
-71.681976
  20
376.95679
  0
VERTEX
  5
19b
  8
Layer_8
  10
-71.681976
  20
376.45679
  0
SEQEND
  0
POLYLINE
  5
19d
  8
Layer_8
  62
254
  66
1
  10
0
  20
0
  30
0
  0
VERTEX
  5
19d
  8
Layer_8
  10
-71.681976
  20
376.20679
  0
VERTEX
  5
19e
  8
Layer_8
  10
-71.681976
  20
376.16763
  0
VERTEX
  5
19f
  8
Layer_8
  10
-71.769073
  20
338.12323
  42
0.41421356
  0
VERTEX
  5
1a0
  8
Layer_8
  10
-66.238808
  20
332.59296
  0
VERTEX
  5
1a1
  8
Layer_8
  10
-57.383148
  20
332.59296
  42
0.41421356
  0
VERTEX
  5
1a2
  8
Layer_8
  10
-51.852875
  20
338.12323
  0
VERTEX
  5
1a3
  8
Layer_8
  10
-51.852879
  20
376.16763
  0
VERTEX
  5
1a4
  8
Layer_8
  10
-51.852879
  20
376.72064
  0
SEQEND
  0
POLYLINE
  5
1a6
  8
Layer_8
  62
254
  66
1
  10
0
  20
0
  30
0
  0
VERTEX
  5
1a6
  8
Layer_8
  10
44.235748
  20
415.66061
  0
VERTEX
  5
1a7
  8
Layer_8
  10
44.788788
  20
415.66183
  0
SEQEND
  0
POLYLINE
  5
1a9
  8
Layer_8
  62
254
  66
1
  10
0
  20
0
  30
0
  0
VERTEX
  5
1a9
  8
Layer_8
  10
45.065277
  20
415.66245
  0
VERTEX
  5
1aa
  8
Layer_8
  10
45.38681
  20
415.66315
  0
SEQEND
  0
POLYLINE
  5
1ac
  8
Layer_8
  62
254
  66
1
  10
0
  20
0
  30
0
  0
VERTEX
  5
1ac
  8
Layer_8
  10
32.449615
  20
396.50677
  0
VERTEX
  5
1ad
  8
Layer_8
  10
31.896576
  20
396.5072
  0
SEQEND
  0
POLYLINE
  5
1af
  8
Layer_8
  62
254
  66
1
  10
0
  20
0
  30
0
  0
VERTEX
  5
1af
  8
Layer_8
  10
34.938202
  20
396.5047
  0
VERTEX
  5
1b0
  8
Layer_8
  10
34.385162
  20
396.50516
  0
SEQEND
  0
POLYLINE
  5
1b2
  8
Layer_8
  62
254
  66
1
  10
0
  20
0
  30
0
  0
VERTEX
  5
1b2
  8
Layer_8
  10
31.620026
  20
396.50745
  0
VERTEX
  5
1b3
  8
Layer_8
  10
31.067047
  20
396.5079
  0
SEQEND
  0
POLYLINE
  5
1b5
  8
Layer_8
  62
254
  66
1
  10
0
  20
0
  30
0
  0
VERTEX
  5
1b5
  8
Layer_8
  10
33.279144
  20
396.50607
  0
VERTEX
  5
1b6
  8
Layer_8
  10
32.726105
  20
396.50653
  0
SEQEND
  0
POLYLINE
  5
1b8
  8
Layer_8
  62
254
  66
1
  10
0
  20
0
  30
0
  0
VERTEX
  5
1b8
  8
Layer_8
  10
29.131439
  20
396.50952
  0
VERTEX
  5
1b9
  8
Layer_8
  10
28.5784
  20
396.50995
  0
SEQEND
  0
POLYLINE
  5
1bb
  8
Layer_8
  62
254
  66
1
  10
0
  20
0
  30
0
  0
VERTEX
  5
1bb
  8
Layer_8
  10
34.108673
  20
396.50537
  0
VERTEX
  5
1bc
  8
Layer_8
  10
33.555634
  20
396.50586
  0
SEQEND
  0
POLYLINE
  5
1be
  8
Layer_8
  62
254
  66
1
  10
0
  20
0
  30
0
  0
VERTEX
  5
1be
  8
Layer_8
  10
30.790497
  20
396.50812
  0
VERTEX
  5
1bf
  8
Layer_8
  10
30.237457
  20
396.50861
  0
SEQEND
  0
POLYLINE
  5
1c1
  8
Layer_8
  62
254
  66
1
  10
0
  20
0
  30
0
  0
VERTEX
  5
1c1
  8
Layer_8
  10
29.960968
  20
396.50882
  0
VERTEX
  5
1c2
  8
Layer_8
  10
29.407928
  20
396.50928
  0
SEQEND
  0
POLYLINE
  5
1c4
  8
Layer_8
  62
254
  66
1
  10
0
  20
0
  30
0
  0
VERTEX
  5
1c4
  8
Layer_8
  10
-12.144928
  20
415.60052
  0
VERTEX
  5
1c5
  8
Layer_8
  10
-11.591888
  20
415.60052
  0
SEQEND
  0
POLYLINE
  5
1c7
  8
Layer_8
  62
254
  66
1
  10
0
  20
0
  30
0
  0
VERTEX
  5
1c7
  8
Layer_8
  10
-11.315407
  20
415.60052
  0
VERTEX
  5
1c8
  8
Layer_8
  10
-10.762367
  20
415.60052
  0
SEQEND
  0
POLYLINE
  5
1ca
  8
Layer_8
  62
254
  66
1
  10
0
  20
0
  30
0
  0
VERTEX
  5
1ca
  8
Layer_8
  10
-9.6562881
  20
415.60052
  0
VERTEX
  5
1cb
  8
Layer_8
  10
-9.1033096
  20
415.60052
  0
SEQEND
  0
POLYLINE
  5
1cd
  8
Layer_8
  62
254
  66
1
  10
0
  20
0
  30
0
  0
VERTEX
  5
1cd
  8
Layer_8
  10
-10.485878
  20
415.60052
  0
VERTEX
  5
1ce
  8
Layer_8
  10
-9.9328384
  20
415.60052
  0
SEQEND
  0
POLYLINE
  5
1d0
  8
Layer_8
  62
254
  66
1
  10
0
  20
0
  30
0
  0
VERTEX
  5
1d0
  8
Layer_8
  10
-7.9972305
  20
415.60052
  0
VERTEX
  5
1d1
  8
Layer_8
  10
-7.4441833
  20
415.60052
  0
SEQEND
  0
POLYLINE
  5
1d3
  8
Layer_8
  62
254
  66
1
  10
0
  20
0
  30
0
  0
VERTEX
  5
1d3
  8
Layer_8
  10
-12.974457
  20
415.60052
  0
VERTEX
  5
1d4
  8
Layer_8
  10
-12.421417
  20
415.60052
  0
SEQEND
  0
POLYLINE
  5
1d6
  8
Layer_8
  62
254
  66
1
  10
0
  20
0
  30
0
  0
VERTEX
  5
1d6
  8
Layer_8
  10
-8.8267593
  20
415.60052
  0
VERTEX
  5
1d7
  8
Layer_8
  10
-8.2737198
  20
415.60052
  0
SEQEND
  0
POLYLINE
  5
1d9
  8
Layer_8
  62
254
  66
1
  10
0
  20
0
  30
0
  0
VERTEX
  5
1d9
  8
Layer_8
  10
-4.6790466
  20
415.60052
  0
VERTEX
  5
1da
  8
Layer_8
  10
-4.1260071
  20
415.60052
  0
SEQEND
  0
POLYLINE
  5
1dc
  8
Layer_8
  62
254
  66
1
  10
0
  20
0
  30
0
  0
VERTEX
  5
1dc
  8
Layer_8
  10
-2.1904068
  20
415.60052
  0
VERTEX
  5
1dd
  8
Layer_8
  10
-1.6374283
  20
415.60052
  0
SEQEND
  0
POLYLINE
  5
1df
  8
Layer_8
  62
254
  66
1
  10
0
  20
0
  30
0
  0
VERTEX
  5
1df
  8
Layer_8
  10
-5.5085754
  20
415.60052
  0
VERTEX
  5
1e0
  8
Layer_8
  10
-4.9555359
  20
415.60052
  0
SEQEND
  0
POLYLINE
  5
1e2
  8
Layer_8
  62
254
  66
1
  10
0
  20
0
  30
0
  0
VERTEX
  5
1e2
  8
Layer_8
  10
-1.360878
  20
415.60052
  0
VERTEX
  5
1e3
  8
Layer_8
  10
-0.80783844
  20
415.60052
  0
SEQEND
  0
POLYLINE
  5
1e5
  8
Layer_8
  62
254
  66
1
  10
0
  20
0
  30
0
  0
VERTEX
  5
1e5
  8
Layer_8
  10
-6.3381653
  20
415.60052
  0
VERTEX
  5
1e6
  8
Layer_8
  10
-5.7851257
  20
415.60052
  0
SEQEND
  0
POLYLINE
  5
1e8
  8
Layer_8
  62
254
  66
1
  10
0
  20
0
  30
0
  0
VERTEX
  5
1e8
  8
Layer_8
  10
-7.1676941
  20
415.60052
  0
VERTEX
  5
1e9
  8
Layer_8
  10
-6.6146545
  20
415.60052
  0
SEQEND
  0
POLYLINE
  5
1eb
  8
Layer_8
  62
254
  66
1
  10
0
  20
0
  30
0
  0
VERTEX
  5
1eb
  8
Layer_8
  10
-3.8495178
  20
415.60052
  0
VERTEX
  5
1ec
  8
Layer_8
  10
-3.2964783
  20
415.60052
  0
SEQEND
  0
POLYLINE
  5
1ee
  8
Layer_8
  62
254
  66
1
  10
0
  20
0
  30
0
  0
VERTEX
  5
1ee
  8
Layer_8
  10
-3.019989
  20
415.60052
  0
VERTEX
  5
1ef
  8
Layer_8
  10
-2.4669571
  20
415.60052
  0
SEQEND
  0
POLYLINE
  5
1f1
  8
Layer_8
  62
254
  66
1
  10
0
  20
0
  30
0
  0
VERTEX
  5
1f1
  8
Layer_8
  10
1.9573059
  20
415.60052
  0
VERTEX
  5
1f2
  8
Layer_8
  10
2.5103455
  20
415.60052
  0
SEQEND
  0
POLYLINE
  5
1f4
  8
Layer_8
  62
254
  66
1
  10
0
  20
0
  30
0
  0
VERTEX
  5
1f4
  8
Layer_8
  10
2.7868347
  20
415.60052
  0
VERTEX
  5
1f5
  8
Layer_8
  10
3.3398743
  20
415.60052
  0
SEQEND
  0
POLYLINE
  5
1f7
  8
Layer_8
  62
254
  66
1
  10
0
  20
0
  30
0
  0
VERTEX
  5
1f7
  8
Layer_8
  10
0.29817963
  20
415.60052
  0
VERTEX
  5
1f8
  8
Layer_8
  10
0.85121918
  20
415.60052
  0
SEQEND
  0
POLYLINE
  5
1fa
  8
Layer_8
  62
254
  66
1
  10
0
  20
0
  30
0
  0
VERTEX
  5
1fa
  8
Layer_8
  10
-0.53134918
  20
415.60052
  0
VERTEX
  5
1fb
  8
Layer_8
  10
0.021690369
  20
415.60052
  0
SEQEND
  0
POLYLINE
  5
1fd
  8
Layer_8
  62
254
  66
1
  10
0
  20
0
  30
0
  0
VERTEX
  5
1fd
  8
Layer_8
  10
1.1277695
  20
415.60052
  0
VERTEX
  5
1fe
  8
Layer_8
  10
1.6807556
  20
415.60052
  0
SEQEND
  0
POLYLINE
  5
200
  8
Layer_8
  62
254
  66
1
  10
0
  20
0
  30
0
  0
VERTEX
  5
200
  8
Layer_8
  10
4.4458923
  20
415.60052
  0
VERTEX
  5
201
  8
Layer_8
  10
4.9989319
  20
415.60052
  0
SEQEND
  0
POLYLINE
  5
203
  8
Layer_8
  62
254
  66
1
  10
0
  20
0
  30
0
  0
VERTEX
  5
203
  8
Layer_8
  10
3.6163635
  20
415.60052
  0
VERTEX
  5
204
  8
Layer_8
  10
4.1694031
  20
415.60052
  0
SEQEND
  0
POLYLINE
  5
206
  8
Layer_8
  62
254
  66
1
  10
0
  20
0
  30
0
  0
VERTEX
  5
206
  8
Layer_8
  10
8.5935898
  20
415.60052
  0
VERTEX
  5
207
  8
Layer_8
  10
9.1466293
  20
415.60052
  0
SEQEND
  0
POLYLINE
  5
209
  8
Layer_8
  62
254
  66
1
  10
0
  20
0
  30
0
  0
VERTEX
  5
209
  8
Layer_8
  10
9.4231796
  20
415.60052
  0
VERTEX
  5
20a
  8
Layer_8
  10
9.9762192
  20
415.60052
  0
SEQEND
  0
POLYLINE
  5
20c
  8
Layer_8
  62
254
  66
1
  10
0
  20
0
  30
0
  0
VERTEX
  5
20c
  8
Layer_8
  10
6.9345322
  20
415.60052
  0
VERTEX
  5
20d
  8
Layer_8
  10
7.4875717
  20
415.60052
  0
SEQEND
  0
POLYLINE
  5
20f
  8
Layer_8
  62
254
  66
1
  10
0
  20
0
  30
0
  0
VERTEX
  5
20f
  8
Layer_8
  10
21.215302
  20
415.61011
  0
VERTEX
  5
210
  8
Layer_8
  10
21.215302
  20
420.53601
  0
SEQEND
  0
POLYLINE
  5
212
  8
Layer_8
  62
254
  66
1
  10
0
  20
0
  30
0
  0
VERTEX
  5
212
  8
Layer_8
  10
6.105011
  20
415.60052
  0
VERTEX
  5
213
  8
Layer_8
  10
6.6580429
  20
415.60052
  0
SEQEND
  0
POLYLINE
  5
215
  8
Layer_8
  62
254
  66
1
  10
0
  20
0
  30
0
  0
VERTEX
  5
215
  8
Layer_8
  10
5.2754822
  20
415.60052
  0
VERTEX
  5
216
  8
Layer_8
  10
5.8284531
  20
415.60052
  0
SEQEND
  0
POLYLINE
  5
218
  8
Layer_8
  62
254
  66
1
  10
0
  20
0
  30
0
  0
VERTEX
  5
218
  8
Layer_8
  10
10.252716
  20
415.60052
  0
VERTEX
  5
219
  8
Layer_8
  10
10.805756
  20
415.60052
  0
SEQEND
  0
POLYLINE
  5
21b
  8
Layer_8
  62
254
  66
1
  10
0
  20
0
  30
0
  0
VERTEX
  5
21b
  8
Layer_8
  10
7.764061
  20
415.60052
  0
VERTEX
  5
21c
  8
Layer_8
  10
8.3171005
  20
415.60052
  0
SEQEND
  0
POLYLINE
  5
21e
  8
Layer_8
  62
254
  66
1
  10
0
  20
0
  30
0
  0
VERTEX
  5
21e
  8
Layer_8
  10
32.622162
  20
415.63486
  0
VERTEX
  5
21f
  8
Layer_8
  10
33.175201
  20
415.63608
  0
SEQEND
  0
POLYLINE
  5
221
  8
Layer_8
  62
254
  66
1
  10
0
  20
0
  30
0
  0
VERTEX
  5
221
  8
Layer_8
  10
35.110809
  20
415.64038
  0
VERTEX
  5
222
  8
Layer_8
  10
35.663788
  20
415.6416
  0
SEQEND
  0
POLYLINE
  5
224
  8
Layer_8
  62
254
  66
1
  10
0
  20
0
  30
0
  0
VERTEX
  5
224
  8
Layer_8
  10
41.747086
  20
415.65509
  0
VERTEX
  5
225
  8
Layer_8
  10
42.30014
  20
415.65631
  0
SEQEND
  0
POLYLINE
  5
227
  8
Layer_8
  62
254
  66
1
  10
0
  20
0
  30
0
  0
VERTEX
  5
227
  8
Layer_8
  10
35.940338
  20
415.64221
  0
VERTEX
  5
228
  8
Layer_8
  10
36.493378
  20
415.64343
  0
SEQEND
  0
POLYLINE
  5
22a
  8
Layer_8
  62
254
  66
1
  10
0
  20
0
  30
0
  0
VERTEX
  5
22a
  8
Layer_8
  10
37.599396
  20
415.64587
  0
VERTEX
  5
22b
  8
Layer_8
  10
38.152435
  20
415.64713
  0
SEQEND
  0
POLYLINE
  5
22d
  8
Layer_8
  62
254
  66
1
  10
0
  20
0
  30
0
  0
VERTEX
  5
22d
  8
Layer_8
  10
39.258514
  20
415.64957
  0
VERTEX
  5
22e
  8
Layer_8
  10
39.811493
  20
415.65082
  0
SEQEND
  0
POLYLINE
  5
230
  8
Layer_8
  62
254
  66
1
  10
0
  20
0
  30
0
  0
VERTEX
  5
230
  8
Layer_8
  10
40.917572
  20
415.65326
  0
VERTEX
  5
231
  8
Layer_8
  10
41.470612
  20
415.65448
  0
SEQEND
  0
POLYLINE
  5
233
  8
Layer_8
  62
254
  66
1
  10
0
  20
0
  30
0
  0
VERTEX
  5
233
  8
Layer_8
  10
34.281265
  20
415.63855
  0
VERTEX
  5
234
  8
Layer_8
  10
34.834259
  20
415.63977
  0
SEQEND
  0
POLYLINE
  5
236
  8
Layer_8
  62
254
  66
1
  10
0
  20
0
  30
0
  0
VERTEX
  5
236
  8
Layer_8
  10
33.451675
  20
415.63669
  0
VERTEX
  5
237
  8
Layer_8
  10
34.00473
  20
415.63794
  0
SEQEND
  0
POLYLINE
  5
239
  8
Layer_8
  62
254
  66
1
  10
0
  20
0
  30
0
  0
VERTEX
  5
239
  8
Layer_8
  10
38.428925
  20
415.64774
  0
VERTEX
  5
23a
  8
Layer_8
  10
38.981964
  20
415.64896
  0
SEQEND
  0
POLYLINE
  5
23c
  8
Layer_8
  62
254
  66
1
  10
0
  20
0
  30
0
  0
VERTEX
  5
23c
  8
Layer_8
  10
40.088043
  20
415.65143
  0
VERTEX
  5
23d
  8
Layer_8
  10
40.641083
  20
415.65265
  0
SEQEND
  0
POLYLINE
  5
23f
  8
Layer_8
  62
254
  66
1
  10
0
  20
0
  30
0
  0
VERTEX
  5
23f
  8
Layer_8
  10
36.769867
  20
415.64404
  0
VERTEX
  5
240
  8
Layer_8
  10
37.322906
  20
415.64526
  0
SEQEND
  0
POLYLINE
  5
242
  8
Layer_8
  62
254
  66
1
  10
0
  20
0
  30
0
  0
VERTEX
  5
242
  8
Layer_8
  10
-4.5689468
  20
357.22098
  0
VERTEX
  5
243
  8
Layer_8
  10
-4.0159683
  20
357.22098
  0
SEQEND
  0
POLYLINE
  5
245
  8
Layer_8
  62
254
  66
1
  10
0
  20
0
  30
0
  0
VERTEX
  5
245
  8
Layer_8
  10
-7.8871155
  20
357.22098
  0
VERTEX
  5
246
  8
Layer_8
  10
-7.334137
  20
357.22098
  0
SEQEND
  0
POLYLINE
  5
248
  8
Layer_8
  62
254
  66
1
  10
0
  20
0
  30
0
  0
VERTEX
  5
248
  8
Layer_8
  10
-2.9098892
  20
357.22098
  0
VERTEX
  5
249
  8
Layer_8
  10
-2.3568497
  20
357.22098
  0
SEQEND
  0
POLYLINE
  5
24b
  8
Layer_8
  62
254
  66
1
  10
0
  20
0
  30
0
  0
VERTEX
  5
24b
  8
Layer_8
  10
-3.739418
  20
357.22098
  0
VERTEX
  5
24c
  8
Layer_8
  10
-3.1863785
  20
357.22098
  0
SEQEND
  0
POLYLINE
  5
24e
  8
Layer_8
  62
254
  66
1
  10
0
  20
0
  30
0
  0
VERTEX
  5
24e
  8
Layer_8
  10
-10.375771
  20
357.22098
  0
VERTEX
  5
24f
  8
Layer_8
  10
-9.8227234
  20
357.22098
  0
SEQEND
  0
POLYLINE
  5
251
  8
Layer_8
  62
254
  66
1
  10
0
  20
0
  30
0
  0
VERTEX
  5
251
  8
Layer_8
  10
-7.0575867
  20
357.22098
  0
VERTEX
  5
252
  8
Layer_8
  10
-6.5045471
  20
357.22098
  0
SEQEND
  0
POLYLINE
  5
254
  8
Layer_8
  62
254
  66
1
  10
0
  20
0
  30
0
  0
VERTEX
  5
254
  8
Layer_8
  10
-6.2280579
  20
357.22098
  0
VERTEX
  5
255
  8
Layer_8
  10
-5.6750183
  20
357.22098
  0
SEQEND
  0
POLYLINE
  5
257
  8
Layer_8
  62
254
  66
1
  10
0
  20
0
  30
0
  0
VERTEX
  5
257
  8
Layer_8
  10
-5.3985291
  20
357.22098
  0
VERTEX
  5
258
  8
Layer_8
  10
-4.8454971
  20
357.22098
  0
SEQEND
  0
POLYLINE
  5
25a
  8
Layer_8
  62
254
  66
1
  10
0
  20
0
  30
0
  0
VERTEX
  5
25a
  8
Layer_8
  10
-9.5462341
  20
357.22098
  0
VERTEX
  5
25b
  8
Layer_8
  10
-8.9931946
  20
357.22098
  0
SEQEND
  0
POLYLINE
  5
25d
  8
Layer_8
  62
254
  66
1
  10
0
  20
0
  30
0
  0
VERTEX
  5
25d
  8
Layer_8
  10
-8.7167053
  20
357.22098
  0
VERTEX
  5
25e
  8
Layer_8
  10
-8.1636658
  20
357.22098
  0
SEQEND
  0
POLYLINE
  5
260
  8
Layer_8
  62
254
  66
1
  10
0
  20
0
  30
0
  0
VERTEX
  5
260
  8
Layer_8
  10
-2.0803604
  20
357.22098
  0
VERTEX
  5
261
  8
Layer_8
  10
-1.5273209
  20
357.22098
  0
SEQEND
  0
POLYLINE
  5
263
  8
Layer_8
  62
254
  66
1
  10
0
  20
0
  30
0
  0
VERTEX
  5
263
  8
Layer_8
  10
38.171356
  20
357.22095
  0
VERTEX
  5
264
  8
Layer_8
  10
38.724396
  20
357.22092
  0
SEQEND
  0
POLYLINE
  5
266
  8
Layer_8
  62
254
  66
1
  10
0
  20
0
  30
0
  0
VERTEX
  5
266
  8
Layer_8
  10
8.7037048
  20
357.22098
  0
VERTEX
  5
267
  8
Layer_8
  10
9.2567444
  20
357.22098
  0
SEQEND
  0
POLYLINE
  5
269
  8
Layer_8
  62
254
  66
1
  10
0
  20
0
  30
0
  0
VERTEX
  5
269
  8
Layer_8
  10
33.194122
  20
357.22095
  0
VERTEX
  5
26a
  8
Layer_8
  10
33.747162
  20
357.22095
  0
SEQEND
  0
POLYLINE
  5
26c
  8
Layer_8
  62
254
  66
1
  10
0
  20
0
  30
0
  0
VERTEX
  5
26c
  8
Layer_8
  10
4.5559921
  20
357.22098
  0
VERTEX
  5
26d
  8
Layer_8
  10
5.1090317
  20
357.22098
  0
SEQEND
  0
POLYLINE
  5
26f
  8
Layer_8
  62
254
  66
1
  10
0
  20
0
  30
0
  0
VERTEX
  5
26f
  8
Layer_8
  10
11.364403
  20
357.22098
  0
VERTEX
  5
270
  8
Layer_8
  10
30.798065
  20
357.22098
  0
SEQEND
  0
POLYLINE
  5
272
  8
Layer_8
  62
254
  66
1
  10
0
  20
0
  30
0
  0
VERTEX
  5
272
  8
Layer_8
  10
39.000946
  20
357.22092
  0
VERTEX
  5
273
  8
Layer_8
  10
39.553925
  20
357.22092
  0
SEQEND
  0
POLYLINE
  5
275
  8
Layer_8
  62
254
  66
1
  10
0
  20
0
  30
0
  0
VERTEX
  5
275
  8
Layer_8
  10
2.8969421
  20
357.22098
  0
VERTEX
  5
276
  8
Layer_8
  10
3.449913
  20
357.22098
  0
SEQEND
  0
POLYLINE
  5
278
  8
Layer_8
  62
254
  66
1
  10
0
  20
0
  30
0
  0
VERTEX
  5
278
  8
Layer_8
  10
31.535065
  20
357.22098
  0
VERTEX
  5
279
  8
Layer_8
  10
32.088043
  20
357.22098
  0
SEQEND
  0
POLYLINE
  5
27b
  8
Layer_8
  62
254
  66
1
  10
0
  20
0
  30
0
  0
VERTEX
  5
27b
  8
Layer_8
  10
7.874176
  20
357.22098
  0
VERTEX
  5
27c
  8
Layer_8
  10
8.4272156
  20
357.22098
  0
SEQEND
  0
POLYLINE
  5
27e
  8
Layer_8
  62
254
  66
1
  10
0
  20
0
  30
0
  0
VERTEX
  5
27e
  8
Layer_8
  10
0.40829468
  20
357.22098
  0
VERTEX
  5
27f
  8
Layer_8
  10
0.96133423
  20
357.22098
  0
SEQEND
  0
POLYLINE
  5
281
  8
Layer_8
  62
254
  66
1
  10
0
  20
0
  30
0
  0
VERTEX
  5
281
  8
Layer_8
  10
39.830475
  20
357.22092
  0
VERTEX
  5
282
  8
Layer_8
  10
40.383514
  20
357.22089
  0
SEQEND
  0
POLYLINE
  5
284
  8
Layer_8
  62
254
  66
1
  10
0
  20
0
  30
0
  0
VERTEX
  5
284
  8
Layer_8
  10
9.5332336
  20
357.22098
  0
VERTEX
  5
285
  8
Layer_8
  10
10.086273
  20
357.22098
  0
SEQEND
  0
POLYLINE
  5
287
  8
Layer_8
  62
254
  66
1
  10
0
  20
0
  30
0
  0
VERTEX
  5
287
  8
Layer_8
  10
1.2378235
  20
357.22098
  0
VERTEX
  5
288
  8
Layer_8
  10
1.790863
  20
357.22098
  0
SEQEND
  0
POLYLINE
  5
28a
  8
Layer_8
  62
254
  66
1
  10
0
  20
0
  30
0
  0
VERTEX
  5
28a
  8
Layer_8
  10
35.68277
  20
357.22095
  0
VERTEX
  5
28b
  8
Layer_8
  10
36.235809
  20
357.22095
  0
SEQEND
  0
POLYLINE
  5
28d
  8
Layer_8
  62
254
  66
1
  10
0
  20
0
  30
0
  0
VERTEX
  5
28d
  8
Layer_8
  10
3.7264709
  20
357.22098
  0
VERTEX
  5
28e
  8
Layer_8
  10
4.2795029
  20
357.22098
  0
SEQEND
  0
POLYLINE
  5
290
  8
Layer_8
  62
254
  66
1
  10
0
  20
0
  30
0
  0
VERTEX
  5
290
  8
Layer_8
  10
32.364594
  20
357.22098
  0
VERTEX
  5
291
  8
Layer_8
  10
32.917633
  20
357.22095
  0
SEQEND
  0
POLYLINE
  5
293
  8
Layer_8
  62
254
  66
1
  10
0
  20
0
  30
0
  0
VERTEX
  5
293
  8
Layer_8
  10
34.853241
  20
357.22095
  0
VERTEX
  5
294
  8
Layer_8
  10
35.406219
  20
357.22095
  0
SEQEND
  0
POLYLINE
  5
296
  8
Layer_8
  62
254
  66
1
  10
0
  20
0
  30
0
  0
VERTEX
  5
296
  8
Layer_8
  10
2.0673523
  20
357.22098
  0
VERTEX
  5
297
  8
Layer_8
  10
2.6203918
  20
357.22098
  0
SEQEND
  0
POLYLINE
  5
299
  8
Layer_8
  62
254
  66
1
  10
0
  20
0
  30
0
  0
VERTEX
  5
299
  8
Layer_8
  10
6.2150497
  20
357.22098
  0
VERTEX
  5
29a
  8
Layer_8
  10
6.7680893
  20
357.22098
  0
SEQEND
  0
POLYLINE
  5
29c
  8
Layer_8
  62
254
  66
1
  10
0
  20
0
  30
0
  0
VERTEX
  5
29c
  8
Layer_8
  10
-0.42123413
  20
357.22098
  0
VERTEX
  5
29d
  8
Layer_8
  10
0.13180542
  20
357.22098
  0
SEQEND
  0
POLYLINE
  5
29f
  8
Layer_8
  62
254
  66
1
  10
0
  20
0
  30
0
  0
VERTEX
  5
29f
  8
Layer_8
  10
40.660004
  20
357.22089
  0
VERTEX
  5
2a0
  8
Layer_8
  10
41.213043
  20
357.22089
  0
SEQEND
  0
POLYLINE
  5
2a2
  8
Layer_8
  62
254
  66
1
  10
0
  20
0
  30
0
  0
VERTEX
  5
2a2
  8
Layer_8
  10
5.3855209
  20
357.22098
  0
VERTEX
  5
2a3
  8
Layer_8
  10
5.9385605
  20
357.22098
  0
SEQEND
  0
POLYLINE
  5
2a5
  8
Layer_8
  62
254
  66
1
  10
0
  20
0
  30
0
  0
VERTEX
  5
2a5
  8
Layer_8
  10
34.023651
  20
357.22095
  0
VERTEX
  5
2a6
  8
Layer_8
  10
34.576675
  20
357.22095
  0
SEQEND
  0
POLYLINE
  5
2a8
  8
Layer_8
  62
254
  66
1
  10
0
  20
0
  30
0
  0
VERTEX
  5
2a8
  8
Layer_8
  10
10.362823
  20
357.22098
  0
VERTEX
  5
2a9
  8
Layer_8
  10
10.904816
  20
357.22098
  0
SEQEND
  0
POLYLINE
  5
2ab
  8
Layer_8
  62
254
  66
1
  10
0
  20
0
  30
0
  0
VERTEX
  5
2ab
  8
Layer_8
  10
21.471466
  20
357.22098
  0
VERTEX
  5
2ac
  8
Layer_8
  10
21.471466
  20
350.83997
  0
SEQEND
  0
POLYLINE
  5
2ae
  8
Layer_8
  62
254
  66
1
  10
0
  20
0
  30
0
  0
VERTEX
  5
2ae
  8
Layer_8
  10
36.512299
  20
357.22095
  0
VERTEX
  5
2af
  8
Layer_8
  10
37.065338
  20
357.22095
  0
SEQEND
  0
POLYLINE
  5
2b1
  8
Layer_8
  62
254
  66
1
  10
0
  20
0
  30
0
  0
VERTEX
  5
2b1
  8
Layer_8
  10
7.0446396
  20
357.22098
  0
VERTEX
  5
2b2
  8
Layer_8
  10
7.5976257
  20
357.22098
  0
SEQEND
  0
POLYLINE
  5
2b4
  8
Layer_8
  62
254
  66
1
  10
0
  20
0
  30
0
  0
VERTEX
  5
2b4
  8
Layer_8
  10
37.341827
  20
357.22095
  0
VERTEX
  5
2b5
  8
Layer_8
  10
37.894867
  20
357.22095
  0
SEQEND
  0
POLYLINE
  5
2b7
  8
Layer_8
  62
254
  66
1
  10
0
  20
0
  30
0
  0
VERTEX
  5
2b7
  8
Layer_8
  10
-1.250824
  20
357.22098
  0
VERTEX
  5
2b8
  8
Layer_8
  10
-0.69778442
  20
357.22098
  0
SEQEND
  0
POLYLINE
  5
2ba
  8
Layer_8
  62
254
  66
1
  10
0
  20
0
  30
0
  0
VERTEX
  5
2ba
  8
Layer_8
  10
43.97818
  20
357.22089
  0
VERTEX
  5
2bb
  8
Layer_8
  10
44.531219
  20
357.22089
  0
SEQEND
  0
POLYLINE
  5
2bd
  8
Layer_8
  62
254
  66
1
  10
0
  20
0
  30
0
  0
VERTEX
  5
2bd
  8
Layer_8
  10
43.148651
  20
357.22089
  0
VERTEX
  5
2be
  8
Layer_8
  10
43.701675
  20
357.22089
  0
SEQEND
  0
POLYLINE
  5
2c0
  8
Layer_8
  62
254
  66
1
  10
0
  20
0
  30
0
  0
VERTEX
  5
2c0
  8
Layer_8
  10
45.637238
  20
357.22089
  0
VERTEX
  5
2c1
  8
Layer_8
  10
45.686981
  20
357.22089
  0
SEQEND
  0
POLYLINE
  5
2c3
  8
Layer_8
  62
254
  66
1
  10
0
  20
0
  30
0
  0
VERTEX
  5
2c3
  8
Layer_8
  10
42.319122
  20
357.22089
  0
VERTEX
  5
2c4
  8
Layer_8
  10
42.872086
  20
357.22089
  0
SEQEND
  0
POLYLINE
  5
2c6
  8
Layer_8
  62
254
  66
1
  10
0
  20
0
  30
0
  0
VERTEX
  5
2c6
  8
Layer_8
  10
41.489532
  20
357.22089
  0
VERTEX
  5
2c7
  8
Layer_8
  10
42.042572
  20
357.22089
  0
SEQEND
  0
POLYLINE
  5
2c9
  8
Layer_8
  62
254
  66
1
  10
0
  20
0
  30
0
  0
VERTEX
  5
2c9
  8
Layer_8
  10
44.807709
  20
357.22089
  0
VERTEX
  5
2ca
  8
Layer_8
  10
45.360748
  20
357.22089
  0
SEQEND
  0
POLYLINE
  5
2cc
  8
Layer_8
  62
254
  66
1
  10
0
  20
0
  30
0
  0
VERTEX
  5
2cc
  8
Layer_8
  10
60.768951
  20
366.34186
  0
VERTEX
  5
2cd
  8
Layer_8
  10
61.321991
  20
366.34186
  0
SEQEND
  0
POLYLINE
  5
2cf
  8
Layer_8
  62
254
  66
1
  10
0
  20
0
  30
0
  0
VERTEX
  5
2cf
  8
Layer_8
  10
49.984894
  20
366.34186
  0
VERTEX
  5
2d0
  8
Layer_8
  10
50.537933
  20
366.34186
  0
SEQEND
  0
POLYLINE
  5
2d2
  8
Layer_8
  62
254
  66
1
  10
0
  20
0
  30
0
  0
VERTEX
  5
2d2
  8
Layer_8
  10
58.280304
  20
366.34186
  0
VERTEX
  5
2d3
  8
Layer_8
  10
58.833344
  20
366.34186
  0
SEQEND
  0
POLYLINE
  5
2d5
  8
Layer_8
  62
254
  66
1
  10
0
  20
0
  30
0
  0
VERTEX
  5
2d5
  8
Layer_8
  10
46.666718
  20
366.34186
  0
VERTEX
  5
2d6
  8
Layer_8
  10
47.219757
  20
366.34186
  0
SEQEND
  0
POLYLINE
  5
2d8
  8
Layer_8
  62
254
  66
1
  10
0
  20
0
  30
0
  0
VERTEX
  5
2d8
  8
Layer_8
  10
54.962128
  20
366.34186
  0
VERTEX
  5
2d9
  8
Layer_8
  10
55.515167
  20
366.34186
  0
SEQEND
  0
POLYLINE
  5
2db
  8
Layer_8
  62
254
  66
1
  10
0
  20
0
  30
0
  0
VERTEX
  5
2db
  8
Layer_8
  10
57.450775
  20
366.34186
  0
VERTEX
  5
2dc
  8
Layer_8
  10
58.003815
  20
366.34186
  0
SEQEND
  0
POLYLINE
  5
2de
  8
Layer_8
  62
254
  66
1
  10
0
  20
0
  30
0
  0
VERTEX
  5
2de
  8
Layer_8
  10
54.132599
  20
366.34186
  0
VERTEX
  5
2df
  8
Layer_8
  10
54.685638
  20
366.34186
  0
SEQEND
  0
POLYLINE
  5
2e1
  8
Layer_8
  62
254
  66
1
  10
0
  20
0
  30
0
  0
VERTEX
  5
2e1
  8
Layer_8
  10
64.087128
  20
366.34186
  0
VERTEX
  5
2e2
  8
Layer_8
  10
64.640106
  20
366.34186
  0
SEQEND
  0
POLYLINE
  5
2e4
  8
Layer_8
  62
254
  66
1
  10
0
  20
0
  30
0
  0
VERTEX
  5
2e4
  8
Layer_8
  10
49.155365
  20
366.34186
  0
VERTEX
  5
2e5
  8
Layer_8
  10
49.708344
  20
366.34186
  0
SEQEND
  0
POLYLINE
  5
2e7
  8
Layer_8
  62
254
  66
1
  10
0
  20
0
  30
0
  0
VERTEX
  5
2e7
  8
Layer_8
  10
50.814423
  20
366.34186
  0
VERTEX
  5
2e8
  8
Layer_8
  10
51.367462
  20
366.34186
  0
SEQEND
  0
POLYLINE
  5
2ea
  8
Layer_8
  62
254
  66
1
  10
0
  20
0
  30
0
  0
VERTEX
  5
2ea
  8
Layer_8
  10
59.939423
  20
366.34186
  0
VERTEX
  5
2eb
  8
Layer_8
  10
60.492401
  20
366.34186
  0
SEQEND
  0
POLYLINE
  5
2ed
  8
Layer_8
  62
254
  66
1
  10
0
  20
0
  30
0
  0
VERTEX
  5
2ed
  8
Layer_8
  10
56.621246
  20
366.34186
  0
VERTEX
  5
2ee
  8
Layer_8
  10
57.174225
  20
366.34186
  0
SEQEND
  0
POLYLINE
  5
2f0
  8
Layer_8
  62
254
  66
1
  10
0
  20
0
  30
0
  0
VERTEX
  5
2f0
  8
Layer_8
  10
48.325775
  20
366.34186
  0
VERTEX
  5
2f1
  8
Layer_8
  10
48.878815
  20
366.34186
  0
SEQEND
  0
POLYLINE
  5
2f3
  8
Layer_8
  62
254
  66
1
  10
0
  20
0
  30
0
  0
VERTEX
  5
2f3
  8
Layer_8
  10
51.643951
  20
366.34186
  0
VERTEX
  5
2f4
  8
Layer_8
  10
52.196991
  20
366.34186
  0
SEQEND
  0
POLYLINE
  5
2f6
  8
Layer_8
  62
254
  66
1
  10
0
  20
0
  30
0
  0
VERTEX
  5
2f6
  8
Layer_8
  10
47.496246
  20
366.34186
  0
VERTEX
  5
2f7
  8
Layer_8
  10
48.049286
  20
366.34186
  0
SEQEND
  0
POLYLINE
  5
2f9
  8
Layer_8
  62
254
  66
1
  10
0
  20
0
  30
0
  0
VERTEX
  5
2f9
  8
Layer_8
  10
61.59848
  20
366.34186
  0
VERTEX
  5
2fa
  8
Layer_8
  10
62.15152
  20
366.34186
  0
SEQEND
  0
POLYLINE
  5
2fc
  8
Layer_8
  62
254
  66
1
  10
0
  20
0
  30
0
  0
VERTEX
  5
2fc
  8
Layer_8
  10
63.257538
  20
366.34186
  0
VERTEX
  5
2fd
  8
Layer_8
  10
63.810577
  20
366.34186
  0
SEQEND
  0
POLYLINE
  5
2ff
  8
Layer_8
  62
254
  66
1
  10
0
  20
0
  30
0
  0
VERTEX
  5
2ff
  8
Layer_8
  10
52.47348
  20
366.34186
  0
VERTEX
  5
300
  8
Layer_8
  10
53.02652
  20
366.34186
  0
SEQEND
  0
POLYLINE
  5
302
  8
Layer_8
  62
254
  66
1
  10
0
  20
0
  30
0
  0
VERTEX
  5
302
  8
Layer_8
  10
62.428009
  20
366.34186
  0
VERTEX
  5
303
  8
Layer_8
  10
62.981049
  20
366.34186
  0
SEQEND
  0
POLYLINE
  5
305
  8
Layer_8
  62
254
  66
1
  10
0
  20
0
  30
0
  0
VERTEX
  5
305
  8
Layer_8
  10
53.30307
  20
366.34186
  0
VERTEX
  5
306
  8
Layer_8
  10
53.856049
  20
366.34186
  0
SEQEND
  0
POLYLINE
  5
308
  8
Layer_8
  62
254
  66
1
  10
0
  20
0
  30
0
  0
VERTEX
  5
308
  8
Layer_8
  10
45.837189
  20
366.34186
  0
VERTEX
  5
309
  8
Layer_8
  10
46.390228
  20
366.34186
  0
SEQEND
  0
POLYLINE
  5
30b
  8
Layer_8
  62
254
  66
1
  10
0
  20
0
  30
0
  0
VERTEX
  5
30b
  8
Layer_8
  10
59.109833
  20
366.34186
  0
VERTEX
  5
30c
  8
Layer_8
  10
59.662872
  20
366.34186
  0
SEQEND
  0
POLYLINE
  5
30e
  8
Layer_8
  62
254
  66
1
  10
0
  20
0
  30
0
  0
VERTEX
  5
30e
  8
Layer_8
  10
55.791656
  20
366.34186
  0
VERTEX
  5
30f
  8
Layer_8
  10
56.344696
  20
366.34186
  0
SEQEND
  0
POLYLINE
  5
311
  8
Layer_8
  62
254
  66
1
  10
0
  20
0
  30
0
  0
VERTEX
  5
311
  8
Layer_8
  10
74.041595
  20
366.34186
  0
VERTEX
  5
312
  8
Layer_8
  10
74.594635
  20
366.34186
  0
SEQEND
  0
POLYLINE
  5
314
  8
Layer_8
  62
254
  66
1
  10
0
  20
0
  30
0
  0
VERTEX
  5
314
  8
Layer_8
  10
84.825653
  20
366.34186
  0
VERTEX
  5
315
  8
Layer_8
  10
85.378693
  20
366.34186
  0
SEQEND
  0
POLYLINE
  5
317
  8
Layer_8
  62
254
  66
1
  10
0
  20
0
  30
0
  0
VERTEX
  5
317
  8
Layer_8
  10
76.530243
  20
366.34186
  0
VERTEX
  5
318
  8
Layer_8
  10
77.083282
  20
366.34186
  0
SEQEND
  0
POLYLINE
  5
31a
  8
Layer_8
  62
254
  66
1
  10
0
  20
0
  30
0
  0
VERTEX
  5
31a
  8
Layer_8
  10
82.337006
  20
366.34186
  0
VERTEX
  5
31b
  8
Layer_8
  10
82.890045
  20
366.34186
  0
SEQEND
  0
POLYLINE
  5
31d
  8
Layer_8
  62
254
  66
1
  10
0
  20
0
  30
0
  0
VERTEX
  5
31d
  8
Layer_8
  10
64.916656
  20
366.34186
  0
VERTEX
  5
31e
  8
Layer_8
  10
65.469696
  20
366.34186
  0
SEQEND
  0
POLYLINE
  5
320
  8
Layer_8
  62
254
  66
1
  10
0
  20
0
  30
0
  0
VERTEX
  5
320
  8
Layer_8
  10
79.848419
  20
366.34186
  0
VERTEX
  5
321
  8
Layer_8
  10
80.401459
  20
366.34186
  0
SEQEND
  0
POLYLINE
  5
323
  8
Layer_8
  62
254
  66
1
  10
0
  20
0
  30
0
  0
VERTEX
  5
323
  8
Layer_8
  10
71.553009
  20
366.34186
  0
VERTEX
  5
324
  8
Layer_8
  10
72.105988
  20
366.34186
  0
SEQEND
  0
POLYLINE
  5
326
  8
Layer_8
  62
254
  66
1
  10
0
  20
0
  30
0
  0
VERTEX
  5
326
  8
Layer_8
  10
75.700714
  20
366.34186
  0
VERTEX
  5
327
  8
Layer_8
  10
76.253693
  20
366.34186
  0
SEQEND
  0
POLYLINE
  5
329
  8
Layer_8
  62
254
  66
1
  10
0
  20
0
  30
0
  0
VERTEX
  5
329
  8
Layer_8
  10
79.01889
  20
366.34186
  0
VERTEX
  5
32a
  8
Layer_8
  10
79.571869
  20
366.34186
  0
SEQEND
  0
POLYLINE
  5
32c
  8
Layer_8
  62
254
  66
1
  10
0
  20
0
  30
0
  0
VERTEX
  5
32c
  8
Layer_8
  10
78.189285
  20
366.34186
  0
VERTEX
  5
32d
  8
Layer_8
  10
78.74234
  20
366.34186
  0
SEQEND
  0
POLYLINE
  5
32f
  8
Layer_8
  62
254
  66
1
  10
0
  20
0
  30
0
  0
VERTEX
  5
32f
  8
Layer_8
  10
66.575714
  20
366.34186
  0
VERTEX
  5
330
  8
Layer_8
  10
67.128754
  20
366.34186
  0
SEQEND
  0
POLYLINE
  5
332
  8
Layer_8
  62
254
  66
1
  10
0
  20
0
  30
0
  0
VERTEX
  5
332
  8
Layer_8
  10
87.314285
  20
366.34186
  0
VERTEX
  5
333
  8
Layer_8
  10
87.86734
  20
366.34186
  0
SEQEND
  0
POLYLINE
  5
335
  8
Layer_8
  62
254
  66
1
  10
0
  20
0
  30
0
  0
VERTEX
  5
335
  8
Layer_8
  10
68.234833
  20
366.34186
  0
VERTEX
  5
336
  8
Layer_8
  10
68.787811
  20
366.34186
  0
SEQEND
  0
POLYLINE
  5
338
  8
Layer_8
  62
254
  66
1
  10
0
  20
0
  30
0
  0
VERTEX
  5
338
  8
Layer_8
  10
80.677948
  20
366.34186
  0
VERTEX
  5
339
  8
Layer_8
  10
81.230988
  20
366.34186
  0
SEQEND
  0
POLYLINE
  5
33b
  8
Layer_8
  62
254
  66
1
  10
0
  20
0
  30
0
  0
VERTEX
  5
33b
  8
Layer_8
  10
77.359772
  20
366.34186
  0
VERTEX
  5
33c
  8
Layer_8
  10
77.912811
  20
366.34186
  0
SEQEND
  0
POLYLINE
  5
33e
  8
Layer_8
  62
254
  66
1
  10
0
  20
0
  30
0
  0
VERTEX
  5
33e
  8
Layer_8
  10
73.212067
  20
366.34186
  0
VERTEX
  5
33f
  8
Layer_8
  10
73.765106
  20
366.34186
  0
SEQEND
  0
POLYLINE
  5
341
  8
Layer_8
  62
254
  66
1
  10
0
  20
0
  30
0
  0
VERTEX
  5
341
  8
Layer_8
  10
67.405243
  20
366.34186
  0
VERTEX
  5
342
  8
Layer_8
  10
67.958282
  20
366.34186
  0
SEQEND
  0
POLYLINE
  5
344
  8
Layer_8
  62
254
  66
1
  10
0
  20
0
  30
0
  0
VERTEX
  5
344
  8
Layer_8
  10
86.484695
  20
366.34186
  0
VERTEX
  5
345
  8
Layer_8
  10
87.03775
  20
366.34186
  0
SEQEND
  0
POLYLINE
  5
347
  8
Layer_8
  62
254
  66
1
  10
0
  20
0
  30
0
  0
VERTEX
  5
347
  8
Layer_8
  10
83.996124
  20
366.34186
  0
VERTEX
  5
348
  8
Layer_8
  10
84.549164
  20
366.34186
  0
SEQEND
  0
POLYLINE
  5
34a
  8
Layer_8
  62
254
  66
1
  10
0
  20
0
  30
0
  0
VERTEX
  5
34a
  8
Layer_8
  10
65.746185
  20
366.34186
  0
VERTEX
  5
34b
  8
Layer_8
  10
66.299225
  20
366.34186
  0
SEQEND
  0
POLYLINE
  5
34d
  8
Layer_8
  62
254
  66
1
  10
0
  20
0
  30
0
  0
VERTEX
  5
34d
  8
Layer_8
  10
69.064362
  20
366.34186
  0
VERTEX
  5
34e
  8
Layer_8
  10
69.617401
  20
366.34186
  0
SEQEND
  0
POLYLINE
  5
350
  8
Layer_8
  62
254
  66
1
  10
0
  20
0
  30
0
  0
VERTEX
  5
350
  8
Layer_8
  10
81.507477
  20
366.34186
  0
VERTEX
  5
351
  8
Layer_8
  10
82.060516
  20
366.34186
  0
SEQEND
  0
POLYLINE
  5
353
  8
Layer_8
  62
254
  66
1
  10
0
  20
0
  30
0
  0
VERTEX
  5
353
  8
Layer_8
  10
74.871124
  20
366.34186
  0
VERTEX
  5
354
  8
Layer_8
  10
75.424164
  20
366.34186
  0
SEQEND
  0
POLYLINE
  5
356
  8
Layer_8
  62
254
  66
1
  10
0
  20
0
  30
0
  0
VERTEX
  5
356
  8
Layer_8
  10
72.382538
  20
366.34186
  0
VERTEX
  5
357
  8
Layer_8
  10
72.935577
  20
366.34186
  0
SEQEND
  0
POLYLINE
  5
359
  8
Layer_8
  62
254
  66
1
  10
0
  20
0
  30
0
  0
VERTEX
  5
359
  8
Layer_8
  10
69.89389
  20
366.34186
  0
VERTEX
  5
35a
  8
Layer_8
  10
70.44693
  20
366.34186
  0
SEQEND
  0
POLYLINE
  5
35c
  8
Layer_8
  62
254
  66
1
  10
0
  20
0
  30
0
  0
VERTEX
  5
35c
  8
Layer_8
  10
83.166595
  20
366.34186
  0
VERTEX
  5
35d
  8
Layer_8
  10
83.719574
  20
366.34186
  0
SEQEND
  0
POLYLINE
  5
35f
  8
Layer_8
  62
254
  66
1
  10
0
  20
0
  30
0
  0
VERTEX
  5
35f
  8
Layer_8
  10
70.723419
  20
366.34186
  0
VERTEX
  5
360
  8
Layer_8
  10
71.276459
  20
366.34186
  0
SEQEND
  0
POLYLINE
  5
362
  8
Layer_8
  62
254
  66
1
  10
0
  20
0
  30
0
  0
VERTEX
  5
362
  8
Layer_8
  10
85.655182
  20
366.34186
  0
VERTEX
  5
363
  8
Layer_8
  10
86.208221
  20
366.34186
  0
SEQEND
  0
POLYLINE
  5
365
  8
Layer_8
  62
254
  66
1
  10
0
  20
0
  30
0
  0
VERTEX
  5
365
  8
Layer_8
  10
92.291534
  20
366.34186
  0
VERTEX
  5
366
  8
Layer_8
  10
92.844574
  20
366.34186
  0
SEQEND
  0
POLYLINE
  5
368
  8
Layer_8
  62
254
  66
1
  10
0
  20
0
  30
0
  0
VERTEX
  5
368
  8
Layer_8
  10
93.121063
  20
366.34186
  0
VERTEX
  5
369
  8
Layer_8
  10
93.674103
  20
366.34186
  0
SEQEND
  0
POLYLINE
  5
36b
  8
Layer_8
  62
254
  66
1
  10
0
  20
0
  30
0
  0
VERTEX
  5
36b
  8
Layer_8
  10
93.950653
  20
366.34186
  0
VERTEX
  5
36c
  8
Layer_8
  10
94.503632
  20
366.34186
  0
SEQEND
  0
POLYLINE
  5
36e
  8
Layer_8
  62
254
  66
1
  10
0
  20
0
  30
0
  0
VERTEX
  5
36e
  8
Layer_8
  10
88.973358
  20
366.34186
  0
VERTEX
  5
36f
  8
Layer_8
  10
89.526398
  20
366.34186
  0
SEQEND
  0
POLYLINE
  5
371
  8
Layer_8
  62
254
  66
1
  10
0
  20
0
  30
0
  0
VERTEX
  5
371
  8
Layer_8
  10
94.780182
  20
366.34186
  0
VERTEX
  5
372
  8
Layer_8
  10
95.333221
  20
366.34186
  0
SEQEND
  0
POLYLINE
  5
374
  8
Layer_8
  62
254
  66
1
  10
0
  20
0
  30
0
  0
VERTEX
  5
374
  8
Layer_8
  10
91.462006
  20
366.34186
  0
VERTEX
  5
375
  8
Layer_8
  10
92.015045
  20
366.34186
  0
SEQEND
  0
POLYLINE
  5
377
  8
Layer_8
  62
254
  66
1
  10
0
  20
0
  30
0
  0
VERTEX
  5
377
  8
Layer_8
  10
95.609695
  20
366.34186
  0
VERTEX
  5
378
  8
Layer_8
  10
96.16275
  20
366.34186
  0
SEQEND
  0
POLYLINE
  5
37a
  8
Layer_8
  62
254
  66
1
  10
0
  20
0
  30
0
  0
VERTEX
  5
37a
  8
Layer_8
  10
90.632477
  20
366.34186
  0
VERTEX
  5
37b
  8
Layer_8
  10
91.185516
  20
366.34186
  0
SEQEND
  0
POLYLINE
  5
37d
  8
Layer_8
  62
254
  66
1
  10
0
  20
0
  30
0
  0
VERTEX
  5
37d
  8
Layer_8
  10
89.802887
  20
366.34186
  0
VERTEX
  5
37e
  8
Layer_8
  10
90.355927
  20
366.34186
  0
SEQEND
  0
POLYLINE
  5
380
  8
Layer_8
  62
254
  66
1
  10
0
  20
0
  30
0
  0
VERTEX
  5
380
  8
Layer_8
  10
97.268768
  20
366.34186
  0
VERTEX
  5
381
  8
Layer_8
  10
97.821808
  20
366.34186
  0
SEQEND
  0
POLYLINE
  5
383
  8
Layer_8
  62
254
  66
1
  10
0
  20
0
  30
0
  0
VERTEX
  5
383
  8
Layer_8
  10
96.43924
  20
366.34186
  0
VERTEX
  5
384
  8
Layer_8
  10
96.992279
  20
366.34186
  0
SEQEND
  0
POLYLINE
  5
386
  8
Layer_8
  62
254
  66
1
  10
0
  20
0
  30
0
  0
VERTEX
  5
386
  8
Layer_8
  10
88.143829
  20
366.34186
  0
VERTEX
  5
387
  8
Layer_8
  10
88.696869
  20
366.34186
  0
SEQEND
  0
POLYLINE
  5
389
  8
Layer_8
  62
254
  66
1
  10
0
  20
0
  30
0
  0
VERTEX
  5
389
  8
Layer_8
  10
-12.864418
  20
357.22098
  0
VERTEX
  5
38a
  8
Layer_8
  10
-12.311378
  20
357.22098
  0
SEQEND
  0
POLYLINE
  5
38c
  8
Layer_8
  62
254
  66
1
  10
0
  20
0
  30
0
  0
VERTEX
  5
38c
  8
Layer_8
  10
-12.034828
  20
357.22098
  0
VERTEX
  5
38d
  8
Layer_8
  10
-11.48185
  20
357.22098
  0
SEQEND
  0
POLYLINE
  5
38f
  8
Layer_8
  62
254
  66
1
  10
0
  20
0
  30
0
  0
VERTEX
  5
38f
  8
Layer_8
  10
-11.205299
  20
357.22098
  0
VERTEX
  5
390
  8
Layer_8
  10
-10.65226
  20
357.22098
  0
SEQEND
  0
POLYLINE
  5
392
  8
Layer_8
  62
254
  66
1
  10
0
  20
0
  30
0
  0
VERTEX
  5
392
  8
Layer_8
  10
128.79141
  20
366.34186
  0
VERTEX
  5
393
  8
Layer_8
  10
129.34445
  20
366.34186
  0
SEQEND
  0
POLYLINE
  5
395
  8
Layer_8
  62
254
  66
1
  10
0
  20
0
  30
0
  0
VERTEX
  5
395
  8
Layer_8
  10
146.7648
  20
366.34186
  0
VERTEX
  5
396
  8
Layer_8
  10
147.31784
  20
366.34186
  0
SEQEND
  0
POLYLINE
  5
398
  8
Layer_8
  62
254
  66
1
  10
0
  20
0
  30
0
  0
VERTEX
  5
398
  8
Layer_8
  10
81.593842
  20
346.67316
  0
VERTEX
  5
399
  8
Layer_8
  10
82.146881
  20
346.67316
  0
SEQEND
  0
POLYLINE
  5
39b
  8
Layer_8
  62
254
  66
1
  10
0
  20
0
  30
0
  0
VERTEX
  5
39b
  8
Layer_8
  10
120.496
  20
366.34186
  0
VERTEX
  5
39c
  8
Layer_8
  10
121.04897
  20
366.34186
  0
SEQEND
  0
POLYLINE
  5
39e
  8
Layer_8
  62
254
  66
1
  10
0
  20
0
  30
0
  0
VERTEX
  5
39e
  8
Layer_8
  10
46.516449
  20
346.67303
  0
VERTEX
  5
39f
  8
Layer_8
  10
47.069489
  20
346.67303
  0
SEQEND
  0
POLYLINE
  5
3a1
  8
Layer_8
  62
254
  66
1
  10
0
  20
0
  30
0
  0
VERTEX
  5
3a1
  8
Layer_8
  10
101.41647
  20
366.34186
  0
VERTEX
  5
3a2
  8
Layer_8
  10
101.96951
  20
366.34186
  0
SEQEND
  0
POLYLINE
  5
3a4
  8
Layer_8
  62
254
  66
1
  10
0
  20
0
  30
0
  0
VERTEX
  5
3a4
  8
Layer_8
  10
65.445648
  20
346.67319
  0
VERTEX
  5
3a5
  8
Layer_8
  10
65.445648
  20
340.33533
  0
SEQEND
  0
POLYLINE
  5
3a7
  8
Layer_8
  62
254
  66
1
  10
0
  20
0
  30
0
  0
VERTEX
  5
3a7
  8
Layer_8
  10
49.005096
  20
346.673
  0
VERTEX
  5
3a8
  8
Layer_8
  10
49.558136
  20
346.67297
  0
SEQEND
  0
POLYLINE
  5
3aa
  8
Layer_8
  62
254
  66
1
  10
0
  20
0
  30
0
  0
VERTEX
  5
3aa
  8
Layer_8
  10
132.10959
  20
366.34186
  0
VERTEX
  5
3ab
  8
Layer_8
  10
132.66257
  20
366.34186
  0
SEQEND
  0
POLYLINE
  5
3ad
  8
Layer_8
  62
254
  66
1
  10
0
  20
0
  30
0
  0
VERTEX
  5
3ad
  8
Layer_8
  10
151.7421
  20
366.34186
  0
VERTEX
  5
3ae
  8
Layer_8
  10
152.29514
  20
366.34186
  0
SEQEND
  0
POLYLINE
  5
3b0
  8
Layer_8
  62
254
  66
1
  10
0
  20
0
  30
0
  0
VERTEX
  5
3b0
  8
Layer_8
  10
109.71194
  20
366.34186
  0
VERTEX
  5
3b1
  8
Layer_8
  10
110.26498
  20
366.34186
  0
SEQEND
  0
POLYLINE
  5
3b3
  8
Layer_8
  62
254
  66
1
  10
0
  20
0
  30
0
  0
VERTEX
  5
3b3
  8
Layer_8
  10
84.082489
  20
346.67313
  0
VERTEX
  5
3b4
  8
Layer_8
  10
84.635529
  20
346.67313
  0
SEQEND
  0
POLYLINE
  5
3b6
  8
Layer_8
  62
254
  66
1
  10
0
  20
0
  30
0
  0
VERTEX
  5
3b6
  8
Layer_8
  10
55.49118
  20
346.67328
  0
VERTEX
  5
3b7
  8
Layer_8
  10
75.400177
  20
346.6731
  0
SEQEND
  0
POLYLINE
  5
3b9
  8
Layer_8
  62
254
  66
1
  10
0
  20
0
  30
0
  0
VERTEX
  5
3b9
  8
Layer_8
  10
145.93527
  20
366.34186
  0
VERTEX
  5
3ba
  8
Layer_8
  10
146.48831
  20
366.34186
  0
SEQEND
  0
POLYLINE
  5
3bc
  8
Layer_8
  62
254
  66
1
  10
0
  20
0
  30
0
  0
VERTEX
  5
3bc
  8
Layer_8
  10
53.152802
  20
346.67297
  0
VERTEX
  5
3bd
  8
Layer_8
  10
53.705841
  20
346.67297
  0
SEQEND
  0
POLYLINE
  5
3bf
  8
Layer_8
  62
254
  66
1
  10
0
  20
0
  30
0
  0
VERTEX
  5
3bf
  8
Layer_8
  10
50.664154
  20
346.67297
  0
VERTEX
  5
3c0
  8
Layer_8
  10
51.217194
  20
346.67297
  0
SEQEND
  0
POLYLINE
  5
3c2
  8
Layer_8
  62
254
  66
1
  10
0
  20
0
  30
0
  0
VERTEX
  5
3c2
  8
Layer_8
  10
141.78757
  20
366.34186
  0
VERTEX
  5
3c3
  8
Layer_8
  10
142.34061
  20
366.34186
  0
SEQEND
  0
POLYLINE
  5
3c5
  8
Layer_8
  62
254
  66
1
  10
0
  20
0
  30
0
  0
VERTEX
  5
3c5
  8
Layer_8
  10
134.0452
  20
366.34186
  0
VERTEX
  5
3c6
  8
Layer_8
  10
133.49216
  20
366.34186
  0
VERTEX
  5
3c7
  8
Layer_8
  10
132.93912
  20
366.34186
  0
SEQEND
  0
POLYLINE
  5
3c9
  8
Layer_8
  62
254
  66
1
  10
0
  20
0
  30
0
  0
VERTEX
  5
3c9
  8
Layer_8
  10
123.81418
  20
366.34186
  0
VERTEX
  5
3ca
  8
Layer_8
  10
124.36716
  20
366.34186
  0
SEQEND
  0
POLYLINE
  5
3cc
  8
Layer_8
  62
254
  66
1
  10
0
  20
0
  30
0
  0
VERTEX
  5
3cc
  8
Layer_8
  10
134.32169
  20
366.34186
  0
VERTEX
  5
3cd
  8
Layer_8
  10
134.87473
  20
366.34186
  0
SEQEND
  0
POLYLINE
  5
3cf
  8
Layer_8
  62
254
  66
1
  10
0
  20
0
  30
0
  0
VERTEX
  5
3cf
  8
Layer_8
  10
135.98074
  20
366.34186
  0
VERTEX
  5
3d0
  8
Layer_8
  10
136.53378
  20
366.34186
  0
SEQEND
  0
POLYLINE
  5
3d2
  8
Layer_8
  62
254
  66
1
  10
0
  20
0
  30
0
  0
VERTEX
  5
3d2
  8
Layer_8
  10
52.323273
  20
346.67297
  0
VERTEX
  5
3d3
  8
Layer_8
  10
52.876312
  20
346.67297
  0
SEQEND
  0
POLYLINE
  5
3d5
  8
Layer_8
  62
254
  66
1
  10
0
  20
0
  30
0
  0
VERTEX
  5
3d5
  8
Layer_8
  10
152.57162
  20
366.34186
  0
VERTEX
  5
3d6
  8
Layer_8
  10
153.11099
  20
366.34186
  0
SEQEND
  0
POLYLINE
  5
3d8
  8
Layer_8
  62
254
  66
1
  10
0
  20
0
  30
0
  0
VERTEX
  5
3d8
  8
Layer_8
  10
45.68692
  20
346.67303
  0
VERTEX
  5
3d9
  8
Layer_8
  10
46.23996
  20
346.67303
  0
SEQEND
  0
POLYLINE
  5
3db
  8
Layer_8
  62
254
  66
1
  10
0
  20
0
  30
0
  0
VERTEX
  5
3db
  8
Layer_8
  10
147.59433
  20
366.34186
  0
VERTEX
  5
3dc
  8
Layer_8
  10
148.14737
  20
366.34186
  0
SEQEND
  0
POLYLINE
  5
3de
  8
Layer_8
  62
254
  66
1
  10
0
  20
0
  30
0
  0
VERTEX
  5
3de
  8
Layer_8
  10
105.56424
  20
366.34186
  0
VERTEX
  5
3df
  8
Layer_8
  10
106.11728
  20
366.34186
  0
SEQEND
  0
POLYLINE
  5
3e1
  8
Layer_8
  62
254
  66
1
  10
0
  20
0
  30
0
  0
VERTEX
  5
3e1
  8
Layer_8
  10
150.91251
  20
366.34186
  0
VERTEX
  5
3e2
  8
Layer_8
  10
151.46555
  20
366.34186
  0
SEQEND
  0
POLYLINE
  5
3e4
  8
Layer_8
  62
254
  66
1
  10
0
  20
0
  30
0
  0
VERTEX
  5
3e4
  8
Layer_8
  10
139.29892
  20
366.34186
  0
VERTEX
  5
3e5
  8
Layer_8
  10
139.85196
  20
366.34186
  0
SEQEND
  0
POLYLINE
  5
3e7
  8
Layer_8
  62
254
  66
1
  10
0
  20
0
  30
0
  0
VERTEX
  5
3e7
  8
Layer_8
  10
85.741547
  20
346.6731
  0
VERTEX
  5
3e8
  8
Layer_8
  10
86.294586
  20
346.6731
  0
SEQEND
  0
POLYLINE
  5
3ea
  8
Layer_8
  62
254
  66
1
  10
0
  20
0
  30
0
  0
VERTEX
  5
3ea
  8
Layer_8
  10
108.88242
  20
366.34186
  0
VERTEX
  5
3eb
  8
Layer_8
  10
109.43539
  20
366.34186
  0
SEQEND
  0
POLYLINE
  5
3ed
  8
Layer_8
  62
254
  66
1
  10
0
  20
0
  30
0
  0
VERTEX
  5
3ed
  8
Layer_8
  10
86.571136
  20
346.6731
  0
VERTEX
  5
3ee
  8
Layer_8
  10
87.124115
  20
346.6731
  0
SEQEND
  0
POLYLINE
  5
3f0
  8
Layer_8
  62
254
  66
1
  10
0
  20
0
  30
0
  0
VERTEX
  5
3f0
  8
Layer_8
  10
150.08298
  20
366.34186
  0
VERTEX
  5
3f1
  8
Layer_8
  10
150.63602
  20
366.34186
  0
SEQEND
  0
POLYLINE
  5
3f3
  8
Layer_8
  62
254
  66
1
  10
0
  20
0
  30
0
  0
VERTEX
  5
3f3
  8
Layer_8
  10
148.42392
  20
366.34186
  0
VERTEX
  5
3f4
  8
Layer_8
  10
148.97696
  20
366.34186
  0
SEQEND
  0
POLYLINE
  5
3f6
  8
Layer_8
  62
254
  66
1
  10
0
  20
0
  30
0
  0
VERTEX
  5
3f6
  8
Layer_8
  10
136.81033
  20
366.34186
  0
VERTEX
  5
3f7
  8
Layer_8
  10
137.36337
  20
366.34186
  0
SEQEND
  0
POLYLINE
  5
3f9
  8
Layer_8
  62
254
  66
1
  10
0
  20
0
  30
0
  0
VERTEX
  5
3f9
  8
Layer_8
  10
135.15121
  20
366.34186
  0
VERTEX
  5
3fa
  8
Layer_8
  10
135.70425
  20
366.34186
  0
SEQEND
  0
POLYLINE
  5
3fc
  8
Layer_8
  62
254
  66
1
  10
0
  20
0
  30
0
  0
VERTEX
  5
3fc
  8
Layer_8
  10
124.64371
  20
366.34186
  0
VERTEX
  5
3fd
  8
Layer_8
  10
125.19675
  20
366.34186
  0
SEQEND
  0
POLYLINE
  5
3ff
  8
Layer_8
  62
254
  66
1
  10
0
  20
0
  30
0
  0
VERTEX
  5
3ff
  8
Layer_8
  10
103.90511
  20
366.34186
  0
VERTEX
  5
400
  8
Layer_8
  10
104.45816
  20
366.34186
  0
SEQEND
  0
POLYLINE
  5
402
  8
Layer_8
  62
254
  66
1
  10
0
  20
0
  30
0
  0
VERTEX
  5
402
  8
Layer_8
  10
103.07559
  20
366.34186
  0
VERTEX
  5
403
  8
Layer_8
  10
103.62863
  20
366.34186
  0
SEQEND
  0
POLYLINE
  5
405
  8
Layer_8
  62
254
  66
1
  10
0
  20
0
  30
0
  0
VERTEX
  5
405
  8
Layer_8
  10
54.811859
  20
346.67297
  0
VERTEX
  5
406
  8
Layer_8
  10
54.884918
  20
346.67297
  0
SEQEND
  0
POLYLINE
  5
408
  8
Layer_8
  62
254
  66
1
  10
0
  20
0
  30
0
  0
VERTEX
  5
408
  8
Layer_8
  10
130.45047
  20
366.34186
  0
VERTEX
  5
409
  8
Layer_8
  10
131.00351
  20
366.34186
  0
SEQEND
  0
POLYLINE
  5
40b
  8
Layer_8
  62
254
  66
1
  10
0
  20
0
  30
0
  0
VERTEX
  5
40b
  8
Layer_8
  10
113.85965
  20
366.34186
  0
VERTEX
  5
40c
  8
Layer_8
  10
114.41269
  20
366.34186
  0
SEQEND
  0
POLYLINE
  5
40e
  8
Layer_8
  62
254
  66
1
  10
0
  20
0
  30
0
  0
VERTEX
  5
40e
  8
Layer_8
  10
127.96188
  20
366.34186
  0
VERTEX
  5
40f
  8
Layer_8
  10
128.51486
  20
366.34186
  0
SEQEND
  0
POLYLINE
  5
411
  8
Layer_8
  62
254
  66
1
  10
0
  20
0
  30
0
  0
VERTEX
  5
411
  8
Layer_8
  10
118.00735
  20
366.34186
  0
VERTEX
  5
412
  8
Layer_8
  10
118.56039
  20
366.34186
  0
SEQEND
  0
POLYLINE
  5
414
  8
Layer_8
  62
254
  66
1
  10
0
  20
0
  30
0
  0
VERTEX
  5
414
  8
Layer_8
  10
142.6171
  20
366.34186
  0
VERTEX
  5
415
  8
Layer_8
  10
143.17014
  20
366.34186
  0
SEQEND
  0
POLYLINE
  5
417
  8
Layer_8
  62
254
  66
1
  10
0
  20
0
  30
0
  0
VERTEX
  5
417
  8
Layer_8
  10
143.44662
  20
366.34186
  0
VERTEX
  5
418
  8
Layer_8
  10
143.99966
  20
366.34186
  0
SEQEND
  0
POLYLINE
  5
41a
  8
Layer_8
  62
254
  66
1
  10
0
  20
0
  30
0
  0
VERTEX
  5
41a
  8
Layer_8
  10
53.98233
  20
346.67297
  0
VERTEX
  5
41b
  8
Layer_8
  10
54.53537
  20
346.67297
  0
SEQEND
  0
POLYLINE
  5
41d
  8
Layer_8
  62
254
  66
1
  10
0
  20
0
  30
0
  0
VERTEX
  5
41d
  8
Layer_8
  10
79.934784
  20
346.67316
  0
VERTEX
  5
41e
  8
Layer_8
  10
80.487823
  20
346.67316
  0
SEQEND
  0
POLYLINE
  5
420
  8
Layer_8
  62
254
  66
1
  10
0
  20
0
  30
0
  0
VERTEX
  5
420
  8
Layer_8
  10
102.24606
  20
366.34186
  0
VERTEX
  5
421
  8
Layer_8
  10
102.79904
  20
366.34186
  0
SEQEND
  0
POLYLINE
  5
423
  8
Layer_8
  62
254
  66
1
  10
0
  20
0
  30
0
  0
VERTEX
  5
423
  8
Layer_8
  10
110.54147
  20
366.34186
  0
VERTEX
  5
424
  8
Layer_8
  10
111.09451
  20
366.34186
  0
SEQEND
  0
POLYLINE
  5
426
  8
Layer_8
  62
254
  66
1
  10
0
  20
0
  30
0
  0
VERTEX
  5
426
  8
Layer_8
  10
76.616608
  20
346.67319
  0
VERTEX
  5
427
  8
Layer_8
  10
77.169647
  20
346.67319
  0
SEQEND
  0
POLYLINE
  5
429
  8
Layer_8
  62
254
  66
1
  10
0
  20
0
  30
0
  0
VERTEX
  5
429
  8
Layer_8
  10
129.62094
  20
366.34186
  0
VERTEX
  5
42a
  8
Layer_8
  10
130.17397
  20
366.34186
  0
SEQEND
  0
POLYLINE
  5
42c
  8
Layer_8
  62
254
  66
1
  10
0
  20
0
  30
0
  0
VERTEX
  5
42c
  8
Layer_8
  10
106.39377
  20
366.34186
  0
VERTEX
  5
42d
  8
Layer_8
  10
106.94681
  20
366.34186
  0
SEQEND
  0
POLYLINE
  5
42f
  8
Layer_8
  62
254
  66
1
  10
0
  20
0
  30
0
  0
VERTEX
  5
42f
  8
Layer_8
  10
126.30276
  20
366.34186
  0
VERTEX
  5
430
  8
Layer_8
  10
126.8558
  20
366.34186
  0
SEQEND
  0
POLYLINE
  5
432
  8
Layer_8
  62
254
  66
1
  10
0
  20
0
  30
0
  0
VERTEX
  5
432
  8
Layer_8
  10
113.03011
  20
366.34186
  0
VERTEX
  5
433
  8
Layer_8
  10
113.5831
  20
366.34186
  0
SEQEND
  0
POLYLINE
  5
435
  8
Layer_8
  62
254
  66
1
  10
0
  20
0
  30
0
  0
VERTEX
  5
435
  8
Layer_8
  10
137.63986
  20
366.34186
  0
VERTEX
  5
436
  8
Layer_8
  10
138.1929
  20
366.34186
  0
SEQEND
  0
POLYLINE
  5
438
  8
Layer_8
  62
254
  66
1
  10
0
  20
0
  30
0
  0
VERTEX
  5
438
  8
Layer_8
  10
84.912018
  20
346.67313
  0
VERTEX
  5
439
  8
Layer_8
  10
85.465057
  20
346.6731
  0
SEQEND
  0
POLYLINE
  5
43b
  8
Layer_8
  62
254
  66
1
  10
0
  20
0
  30
0
  0
VERTEX
  5
43b
  8
Layer_8
  10
125.47324
  20
366.34186
  0
VERTEX
  5
43c
  8
Layer_8
  10
126.02628
  20
366.34186
  0
SEQEND
  0
POLYLINE
  5
43e
  8
Layer_8
  62
254
  66
1
  10
0
  20
0
  30
0
  0
VERTEX
  5
43e
  8
Layer_8
  10
121.32553
  20
366.34186
  0
VERTEX
  5
43f
  8
Layer_8
  10
121.87856
  20
366.34186
  0
SEQEND
  0
POLYLINE
  5
441
  8
Layer_8
  62
254
  66
1
  10
0
  20
0
  30
0
  0
VERTEX
  5
441
  8
Layer_8
  10
82.42337
  20
346.67316
  0
VERTEX
  5
442
  8
Layer_8
  10
82.97641
  20
346.67313
  0
SEQEND
  0
POLYLINE
  5
444
  8
Layer_8
  62
254
  66
1
  10
0
  20
0
  30
0
  0
VERTEX
  5
444
  8
Layer_8
  10
47.346039
  20
346.673
  0
VERTEX
  5
445
  8
Layer_8
  10
47.899017
  20
346.673
  0
SEQEND
  0
POLYLINE
  5
447
  8
Layer_8
  62
254
  66
1
  10
0
  20
0
  30
0
  0
VERTEX
  5
447
  8
Layer_8
  10
48.175568
  20
346.673
  0
VERTEX
  5
448
  8
Layer_8
  10
48.728607
  20
346.673
  0
SEQEND
  0
POLYLINE
  5
44a
  8
Layer_8
  62
254
  66
1
  10
0
  20
0
  30
0
  0
VERTEX
  5
44a
  8
Layer_8
  10
80.764313
  20
346.67316
  0
VERTEX
  5
44b
  8
Layer_8
  10
81.317352
  20
346.67316
  0
SEQEND
  0
POLYLINE
  5
44d
  8
Layer_8
  62
254
  66
1
  10
0
  20
0
  30
0
  0
VERTEX
  5
44d
  8
Layer_8
  10
117.17783
  20
366.34186
  0
VERTEX
  5
44e
  8
Layer_8
  10
117.7308
  20
366.34186
  0
SEQEND
  0
POLYLINE
  5
450
  8
Layer_8
  62
254
  66
1
  10
0
  20
0
  30
0
  0
VERTEX
  5
450
  8
Layer_8
  10
114.68918
  20
366.34186
  0
VERTEX
  5
451
  8
Layer_8
  10
115.24222
  20
366.34186
  0
SEQEND
  0
POLYLINE
  5
453
  8
Layer_8
  62
254
  66
1
  10
0
  20
0
  30
0
  0
VERTEX
  5
453
  8
Layer_8
  10
104.73465
  20
366.34186
  0
VERTEX
  5
454
  8
Layer_8
  10
105.28769
  20
366.34186
  0
SEQEND
  0
POLYLINE
  5
456
  8
Layer_8
  62
254
  66
1
  10
0
  20
0
  30
0
  0
VERTEX
  5
456
  8
Layer_8
  10
51.493744
  20
346.67297
  0
VERTEX
  5
457
  8
Layer_8
  10
52.046722
  20
346.67297
  0
SEQEND
  0
POLYLINE
  5
459
  8
Layer_8
  62
254
  66
1
  10
0
  20
0
  30
0
  0
VERTEX
  5
459
  8
Layer_8
  10
111.371
  20
366.34186
  0
VERTEX
  5
45a
  8
Layer_8
  10
111.92404
  20
366.34186
  0
SEQEND
  0
POLYLINE
  5
45c
  8
Layer_8
  62
254
  66
1
  10
0
  20
0
  30
0
  0
VERTEX
  5
45c
  8
Layer_8
  10
118.83688
  20
366.34186
  0
VERTEX
  5
45d
  8
Layer_8
  10
119.38992
  20
366.34186
  0
SEQEND
  0
POLYLINE
  5
45f
  8
Layer_8
  62
254
  66
1
  10
0
  20
0
  30
0
  0
VERTEX
  5
45f
  8
Layer_8
  10
79.105194
  20
346.67316
  0
VERTEX
  5
460
  8
Layer_8
  10
79.658234
  20
346.67316
  0
SEQEND
  0
POLYLINE
  5
462
  8
Layer_8
  62
254
  66
1
  10
0
  20
0
  30
0
  0
VERTEX
  5
462
  8
Layer_8
  10
122.15506
  20
366.34186
  0
VERTEX
  5
463
  8
Layer_8
  10
122.7081
  20
366.34186
  0
SEQEND
  0
POLYLINE
  5
465
  8
Layer_8
  62
254
  66
1
  10
0
  20
0
  30
0
  0
VERTEX
  5
465
  8
Layer_8
  10
49.834625
  20
346.67297
  0
VERTEX
  5
466
  8
Layer_8
  10
50.387665
  20
346.67297
  0
SEQEND
  0
POLYLINE
  5
468
  8
Layer_8
  62
254
  66
1
  10
0
  20
0
  30
0
  0
VERTEX
  5
468
  8
Layer_8
  10
144.27621
  20
366.34186
  0
VERTEX
  5
469
  8
Layer_8
  10
144.82919
  20
366.34186
  0
SEQEND
  0
POLYLINE
  5
46b
  8
Layer_8
  62
254
  66
1
  10
0
  20
0
  30
0
  0
VERTEX
  5
46b
  8
Layer_8
  10
116.34824
  20
366.34186
  0
VERTEX
  5
46c
  8
Layer_8
  10
116.90128
  20
366.34186
  0
SEQEND
  0
POLYLINE
  5
46e
  8
Layer_8
  62
254
  66
1
  10
0
  20
0
  30
0
  0
VERTEX
  5
46e
  8
Layer_8
  10
127.13229
  20
366.34186
  0
VERTEX
  5
46f
  8
Layer_8
  10
127.68533
  20
366.34186
  0
SEQEND
  0
POLYLINE
  5
471
  8
Layer_8
  62
254
  66
1
  10
0
  20
0
  30
0
  0
VERTEX
  5
471
  8
Layer_8
  10
119.66641
  20
366.34186
  0
VERTEX
  5
472
  8
Layer_8
  10
120.21945
  20
366.34186
  0
SEQEND
  0
POLYLINE
  5
474
  8
Layer_8
  62
254
  66
1
  10
0
  20
0
  30
0
  0
VERTEX
  5
474
  8
Layer_8
  10
145.10574
  20
366.34186
  0
VERTEX
  5
475
  8
Layer_8
  10
145.65878
  20
366.34186
  0
SEQEND
  0
POLYLINE
  5
477
  8
Layer_8
  62
254
  66
1
  10
0
  20
0
  30
0
  0
VERTEX
  5
477
  8
Layer_8
  10
140.95804
  20
366.34186
  0
VERTEX
  5
478
  8
Layer_8
  10
141.51108
  20
366.34186
  0
SEQEND
  0
POLYLINE
  5
47a
  8
Layer_8
  62
254
  66
1
  10
0
  20
0
  30
0
  0
VERTEX
  5
47a
  8
Layer_8
  10
115.51871
  20
366.34186
  0
VERTEX
  5
47b
  8
Layer_8
  10
116.07175
  20
366.34186
  0
SEQEND
  0
POLYLINE
  5
47d
  8
Layer_8
  62
254
  66
1
  10
0
  20
0
  30
0
  0
VERTEX
  5
47d
  8
Layer_8
  10
138.46938
  20
366.34186
  0
VERTEX
  5
47e
  8
Layer_8
  10
139.02243
  20
366.34186
  0
SEQEND
  0
POLYLINE
  5
480
  8
Layer_8
  62
254
  66
1
  10
0
  20
0
  30
0
  0
VERTEX
  5
480
  8
Layer_8
  10
112.20053
  20
366.34186
  0
VERTEX
  5
481
  8
Layer_8
  10
112.75356
  20
366.34186
  0
SEQEND
  0
POLYLINE
  5
483
  8
Layer_8
  62
254
  66
1
  10
0
  20
0
  30
0
  0
VERTEX
  5
483
  8
Layer_8
  10
107.2233
  20
366.34186
  0
VERTEX
  5
484
  8
Layer_8
  10
107.77634
  20
366.34186
  0
SEQEND
  0
POLYLINE
  5
486
  8
Layer_8
  62
254
  66
1
  10
0
  20
0
  30
0
  0
VERTEX
  5
486
  8
Layer_8
  10
83.25296
  20
346.67313
  0
VERTEX
  5
487
  8
Layer_8
  10
83.805939
  20
346.67313
  0
SEQEND
  0
POLYLINE
  5
489
  8
Layer_8
  62
254
  66
1
  10
0
  20
0
  30
0
  0
VERTEX
  5
489
  8
Layer_8
  10
108.05283
  20
366.34186
  0
VERTEX
  5
48a
  8
Layer_8
  10
108.60587
  20
366.34186
  0
SEQEND
  0
POLYLINE
  5
48c
  8
Layer_8
  62
254
  66
1
  10
0
  20
0
  30
0
  0
VERTEX
  5
48c
  8
Layer_8
  10
131.28
  20
366.34186
  0
VERTEX
  5
48d
  8
Layer_8
  10
131.83304
  20
366.34186
  0
SEQEND
  0
POLYLINE
  5
48f
  8
Layer_8
  62
254
  66
1
  10
0
  20
0
  30
0
  0
VERTEX
  5
48f
  8
Layer_8
  10
149.25345
  20
366.34186
  0
VERTEX
  5
490
  8
Layer_8
  10
149.80649
  20
366.34186
  0
SEQEND
  0
POLYLINE
  5
492
  8
Layer_8
  62
254
  66
1
  10
0
  20
0
  30
0
  0
VERTEX
  5
492
  8
Layer_8
  10
122.98459
  20
366.34186
  0
VERTEX
  5
493
  8
Layer_8
  10
123.53763
  20
366.34186
  0
SEQEND
  0
POLYLINE
  5
495
  8
Layer_8
  62
254
  66
1
  10
0
  20
0
  30
0
  0
VERTEX
  5
495
  8
Layer_8
  10
78.275665
  20
346.67316
  0
VERTEX
  5
496
  8
Layer_8
  10
78.828705
  20
346.67316
  0
SEQEND
  0
POLYLINE
  5
498
  8
Layer_8
  62
254
  66
1
  10
0
  20
0
  30
0
  0
VERTEX
  5
498
  8
Layer_8
  10
77.446136
  20
346.67316
  0
VERTEX
  5
499
  8
Layer_8
  10
77.999176
  20
346.67316
  0
SEQEND
  0
POLYLINE
  5
49b
  8
Layer_8
  62
254
  66
1
  10
0
  20
0
  30
0
  0
VERTEX
  5
49b
  8
Layer_8
  10
140.12851
  20
366.34186
  0
VERTEX
  5
49c
  8
Layer_8
  10
140.68149
  20
366.34186
  0
SEQEND
  0
POLYLINE
  5
49e
  8
Layer_8
  62
254
  66
1
  10
0
  20
0
  30
0
  0
VERTEX
  5
49e
  8
Layer_8
  10
89.059723
  20
346.6731
  0
VERTEX
  5
49f
  8
Layer_8
  10
89.612762
  20
346.6731
  0
SEQEND
  0
POLYLINE
  5
4a1
  8
Layer_8
  62
254
  66
1
  10
0
  20
0
  30
0
  0
VERTEX
  5
4a1
  8
Layer_8
  10
87.400665
  20
346.6731
  0
VERTEX
  5
4a2
  8
Layer_8
  10
87.953705
  20
346.6731
  0
SEQEND
  0
POLYLINE
  5
4a4
  8
Layer_8
  62
254
  66
1
  10
0
  20
0
  30
0
  0
VERTEX
  5
4a4
  8
Layer_8
  10
88.230194
  20
346.6731
  0
VERTEX
  5
4a5
  8
Layer_8
  10
88.783234
  20
346.6731
  0
SEQEND
  0
POLYLINE
  5
4a7
  8
Layer_8
  62
254
  66
1
  10
0
  20
0
  30
0
  0
VERTEX
  5
4a7
  8
Layer_8
  10
89.889252
  20
346.6731
  0
VERTEX
  5
4a8
  8
Layer_8
  10
90.442291
  20
346.6731
  0
SEQEND
  0
POLYLINE
  5
4aa
  8
Layer_8
  62
254
  66
1
  10
0
  20
0
  30
0
  0
VERTEX
  5
4aa
  8
Layer_8
  10
103.16196
  20
346.67297
  0
VERTEX
  5
4ab
  8
Layer_8
  10
103.715
  20
346.67297
  0
SEQEND
  0
POLYLINE
  5
4ad
  8
Layer_8
  62
254
  66
1
  10
0
  20
0
  30
0
  0
VERTEX
  5
4ad
  8
Layer_8
  10
99.843765
  20
346.673
  0
VERTEX
  5
4ae
  8
Layer_8
  10
100.39682
  20
346.67297
  0
SEQEND
  0
POLYLINE
  5
4b0
  8
Layer_8
  62
254
  66
1
  10
0
  20
0
  30
0
  0
VERTEX
  5
4b0
  8
Layer_8
  10
90.718842
  20
346.67307
  0
VERTEX
  5
4b1
  8
Layer_8
  10
91.27182
  20
346.67307
  0
SEQEND
  0
POLYLINE
  5
4b3
  8
Layer_8
  62
254
  66
1
  10
0
  20
0
  30
0
  0
VERTEX
  5
4b3
  8
Layer_8
  10
96.525604
  20
346.67303
  0
VERTEX
  5
4b4
  8
Layer_8
  10
97.078644
  20
346.67303
  0
SEQEND
  0
POLYLINE
  5
4b6
  8
Layer_8
  62
254
  66
1
  10
0
  20
0
  30
0
  0
VERTEX
  5
4b6
  8
Layer_8
  10
97.355194
  20
346.67303
  0
VERTEX
  5
4b7
  8
Layer_8
  10
97.908173
  20
346.673
  0
SEQEND
  0
POLYLINE
  5
4b9
  8
Layer_8
  62
254
  66
1
  10
0
  20
0
  30
0
  0
VERTEX
  5
4b9
  8
Layer_8
  10
100.67331
  20
346.67297
  0
VERTEX
  5
4ba
  8
Layer_8
  10
101.22635
  20
346.67297
  0
SEQEND
  0
POLYLINE
  5
4bc
  8
Layer_8
  62
254
  66
1
  10
0
  20
0
  30
0
  0
VERTEX
  5
4bc
  8
Layer_8
  10
92.377899
  20
346.67303
  0
VERTEX
  5
4bd
  8
Layer_8
  10
92.930939
  20
346.67303
  0
SEQEND
  0
POLYLINE
  5
4bf
  8
Layer_8
  62
254
  66
1
  10
0
  20
0
  30
0
  0
VERTEX
  5
4bf
  8
Layer_8
  10
107.30966
  20
346.67291
  0
VERTEX
  5
4c0
  8
Layer_8
  10
107.8627
  20
346.67291
  0
SEQEND
  0
POLYLINE
  5
4c2
  8
Layer_8
  62
254
  66
1
  10
0
  20
0
  30
0
  0
VERTEX
  5
4c2
  8
Layer_8
  10
101.5029
  20
346.67297
  0
VERTEX
  5
4c3
  8
Layer_8
  10
102.05588
  20
346.67297
  0
SEQEND
  0
POLYLINE
  5
4c5
  8
Layer_8
  62
254
  66
1
  10
0
  20
0
  30
0
  0
VERTEX
  5
4c5
  8
Layer_8
  10
98.184723
  20
346.673
  0
VERTEX
  5
4c6
  8
Layer_8
  10
98.737762
  20
346.673
  0
SEQEND
  0
POLYLINE
  5
4c8
  8
Layer_8
  62
254
  66
1
  10
0
  20
0
  30
0
  0
VERTEX
  5
4c8
  8
Layer_8
  10
93.207428
  20
346.67303
  0
VERTEX
  5
4c9
  8
Layer_8
  10
93.760468
  20
346.67303
  0
SEQEND
  0
POLYLINE
  5
4cb
  8
Layer_8
  62
254
  66
1
  10
0
  20
0
  30
0
  0
VERTEX
  5
4cb
  8
Layer_8
  10
104.82101
  20
346.67297
  0
VERTEX
  5
4cc
  8
Layer_8
  10
105.37405
  20
346.67297
  0
SEQEND
  0
POLYLINE
  5
4ce
  8
Layer_8
  62
254
  66
1
  10
0
  20
0
  30
0
  0
VERTEX
  5
4ce
  8
Layer_8
  10
91.54837
  20
346.67307
  0
VERTEX
  5
4cf
  8
Layer_8
  10
92.10141
  20
346.67307
  0
SEQEND
  0
POLYLINE
  5
4d1
  8
Layer_8
  62
254
  66
1
  10
0
  20
0
  30
0
  0
VERTEX
  5
4d1
  8
Layer_8
  10
94.036957
  20
346.67303
  0
VERTEX
  5
4d2
  8
Layer_8
  10
94.589996
  20
346.67303
  0
SEQEND
  0
POLYLINE
  5
4d4
  8
Layer_8
  62
254
  66
1
  10
0
  20
0
  30
0
  0
VERTEX
  5
4d4
  8
Layer_8
  10
94.866547
  20
346.67303
  0
VERTEX
  5
4d5
  8
Layer_8
  10
95.419525
  20
346.67303
  0
SEQEND
  0
POLYLINE
  5
4d7
  8
Layer_8
  62
254
  66
1
  10
0
  20
0
  30
0
  0
VERTEX
  5
4d7
  8
Layer_8
  10
102.33243
  20
346.67297
  0
VERTEX
  5
4d8
  8
Layer_8
  10
102.88547
  20
346.67297
  0
SEQEND
  0
POLYLINE
  5
4da
  8
Layer_8
  62
254
  66
1
  10
0
  20
0
  30
0
  0
VERTEX
  5
4da
  8
Layer_8
  10
105.6506
  20
346.67294
  0
VERTEX
  5
4db
  8
Layer_8
  10
106.20358
  20
346.67294
  0
SEQEND
  0
POLYLINE
  5
4dd
  8
Layer_8
  62
254
  66
1
  10
0
  20
0
  30
0
  0
VERTEX
  5
4dd
  8
Layer_8
  10
106.48013
  20
346.67294
  0
VERTEX
  5
4de
  8
Layer_8
  10
107.03317
  20
346.67294
  0
SEQEND
  0
POLYLINE
  5
4e0
  8
Layer_8
  62
254
  66
1
  10
0
  20
0
  30
0
  0
VERTEX
  5
4e0
  8
Layer_8
  10
103.99149
  20
346.67297
  0
VERTEX
  5
4e1
  8
Layer_8
  10
104.54453
  20
346.67297
  0
SEQEND
  0
POLYLINE
  5
4e3
  8
Layer_8
  62
254
  66
1
  10
0
  20
0
  30
0
  0
VERTEX
  5
4e3
  8
Layer_8
  10
95.696075
  20
346.67303
  0
VERTEX
  5
4e4
  8
Layer_8
  10
96.249115
  20
346.67303
  0
SEQEND
  0
POLYLINE
  5
4e6
  8
Layer_8
  62
254
  66
1
  10
0
  20
0
  30
0
  0
VERTEX
  5
4e6
  8
Layer_8
  10
99.014252
  20
346.673
  0
VERTEX
  5
4e7
  8
Layer_8
  10
99.567291
  20
346.673
  0
SEQEND
  0
POLYLINE
  5
4e9
  8
Layer_8
  62
254
  66
1
  10
0
  20
0
  30
0
  0
VERTEX
  5
4e9
  8
Layer_8
  10
123.90054
  20
346.67279
  0
VERTEX
  5
4ea
  8
Layer_8
  10
124.45352
  20
346.67279
  0
SEQEND
  0
POLYLINE
  5
4ec
  8
Layer_8
  62
254
  66
1
  10
0
  20
0
  30
0
  0
VERTEX
  5
4ec
  8
Layer_8
  10
115.60507
  20
346.67285
  0
VERTEX
  5
4ed
  8
Layer_8
  10
116.15811
  20
346.67285
  0
SEQEND
  0
POLYLINE
  5
4ef
  8
Layer_8
  62
254
  66
1
  10
0
  20
0
  30
0
  0
VERTEX
  5
4ef
  8
Layer_8
  10
123.07095
  20
346.67279
  0
VERTEX
  5
4f0
  8
Layer_8
  10
123.62399
  20
346.67279
  0
SEQEND
  0
POLYLINE
  5
4f2
  8
Layer_8
  62
254
  66
1
  10
0
  20
0
  30
0
  0
VERTEX
  5
4f2
  8
Layer_8
  10
109.79831
  20
346.67291
  0
VERTEX
  5
4f3
  8
Layer_8
  10
110.35135
  20
346.67291
  0
SEQEND
  0
POLYLINE
  5
4f5
  8
Layer_8
  62
254
  66
1
  10
0
  20
0
  30
0
  0
VERTEX
  5
4f5
  8
Layer_8
  10
114.77554
  20
346.67288
  0
VERTEX
  5
4f6
  8
Layer_8
  10
115.32858
  20
346.67285
  0
SEQEND
  0
POLYLINE
  5
4f8
  8
Layer_8
  62
254
  66
1
  10
0
  20
0
  30
0
  0
VERTEX
  5
4f8
  8
Layer_8
  10
119.75278
  20
346.67285
  0
VERTEX
  5
4f9
  8
Layer_8
  10
120.30582
  20
346.67282
  0
SEQEND
  0
POLYLINE
  5
4fb
  8
Layer_8
  62
254
  66
1
  10
0
  20
0
  30
0
  0
VERTEX
  5
4fb
  8
Layer_8
  10
122.24142
  20
346.67279
  0
VERTEX
  5
4fc
  8
Layer_8
  10
122.79446
  20
346.67279
  0
SEQEND
  0
POLYLINE
  5
4fe
  8
Layer_8
  62
254
  66
1
  10
0
  20
0
  30
0
  0
VERTEX
  5
4fe
  8
Layer_8
  10
118.92325
  20
346.67285
  0
VERTEX
  5
4ff
  8
Layer_8
  10
119.47629
  20
346.67285
  0
SEQEND
  0
POLYLINE
  5
501
  8
Layer_8
  62
254
  66
1
  10
0
  20
0
  30
0
  0
VERTEX
  5
501
  8
Layer_8
  10
126.38913
  20
346.67279
  0
VERTEX
  5
502
  8
Layer_8
  10
126.94217
  20
346.67279
  0
SEQEND
  0
POLYLINE
  5
504
  8
Layer_8
  62
254
  66
1
  10
0
  20
0
  30
0
  0
VERTEX
  5
504
  8
Layer_8
  10
128.87778
  20
346.67276
  0
VERTEX
  5
505
  8
Layer_8
  10
129.43082
  20
346.67276
  0
SEQEND
  0
POLYLINE
  5
507
  8
Layer_8
  62
254
  66
1
  10
0
  20
0
  30
0
  0
VERTEX
  5
507
  8
Layer_8
  10
113.11649
  20
346.67288
  0
VERTEX
  5
508
  8
Layer_8
  10
113.66953
  20
346.67288
  0
SEQEND
  0
POLYLINE
  5
50a
  8
Layer_8
  62
254
  66
1
  10
0
  20
0
  30
0
  0
VERTEX
  5
50a
  8
Layer_8
  10
124.73007
  20
346.67279
  0
VERTEX
  5
50b
  8
Layer_8
  10
125.28311
  20
346.67279
  0
SEQEND
  0
POLYLINE
  5
50d
  8
Layer_8
  62
254
  66
1
  10
0
  20
0
  30
0
  0
VERTEX
  5
50d
  8
Layer_8
  10
125.55959
  20
346.67279
  0
VERTEX
  5
50e
  8
Layer_8
  10
126.11264
  20
346.67279
  0
SEQEND
  0
POLYLINE
  5
510
  8
Layer_8
  62
254
  66
1
  10
0
  20
0
  30
0
  0
VERTEX
  5
510
  8
Layer_8
  10
120.58237
  20
346.67282
  0
VERTEX
  5
511
  8
Layer_8
  10
121.13535
  20
346.67282
  0
SEQEND
  0
POLYLINE
  5
513
  8
Layer_8
  62
254
  66
1
  10
0
  20
0
  30
0
  0
VERTEX
  5
513
  8
Layer_8
  10
108.13918
  20
346.67291
  0
VERTEX
  5
514
  8
Layer_8
  10
108.69223
  20
346.67291
  0
SEQEND
  0
POLYLINE
  5
516
  8
Layer_8
  62
254
  66
1
  10
0
  20
0
  30
0
  0
VERTEX
  5
516
  8
Layer_8
  10
118.09372
  20
346.67285
  0
VERTEX
  5
517
  8
Layer_8
  10
118.64676
  20
346.67285
  0
SEQEND
  0
POLYLINE
  5
519
  8
Layer_8
  62
254
  66
1
  10
0
  20
0
  30
0
  0
VERTEX
  5
519
  8
Layer_8
  10
128.04825
  20
346.67276
  0
VERTEX
  5
51a
  8
Layer_8
  10
128.60129
  20
346.67276
  0
SEQEND
  0
POLYLINE
  5
51c
  8
Layer_8
  62
254
  66
1
  10
0
  20
0
  30
0
  0
VERTEX
  5
51c
  8
Layer_8
  10
117.26418
  20
346.67285
  0
VERTEX
  5
51d
  8
Layer_8
  10
117.81723
  20
346.67285
  0
SEQEND
  0
POLYLINE
  5
51f
  8
Layer_8
  62
254
  66
1
  10
0
  20
0
  30
0
  0
VERTEX
  5
51f
  8
Layer_8
  10
108.96877
  20
346.67291
  0
VERTEX
  5
520
  8
Layer_8
  10
109.52176
  20
346.67291
  0
SEQEND
  0
POLYLINE
  5
522
  8
Layer_8
  62
254
  66
1
  10
0
  20
0
  30
0
  0
VERTEX
  5
522
  8
Layer_8
  10
110.62784
  20
346.67291
  0
VERTEX
  5
523
  8
Layer_8
  10
111.18088
  20
346.67291
  0
SEQEND
  0
POLYLINE
  5
525
  8
Layer_8
  62
254
  66
1
  10
0
  20
0
  30
0
  0
VERTEX
  5
525
  8
Layer_8
  10
121.4119
  20
346.67282
  0
VERTEX
  5
526
  8
Layer_8
  10
121.96494
  20
346.67282
  0
SEQEND
  0
POLYLINE
  5
528
  8
Layer_8
  62
254
  66
1
  10
0
  20
0
  30
0
  0
VERTEX
  5
528
  8
Layer_8
  10
111.45737
  20
346.67291
  0
VERTEX
  5
529
  8
Layer_8
  10
112.01041
  20
346.67291
  0
SEQEND
  0
POLYLINE
  5
52b
  8
Layer_8
  62
254
  66
1
  10
0
  20
0
  30
0
  0
VERTEX
  5
52b
  8
Layer_8
  10
113.94601
  20
346.67288
  0
VERTEX
  5
52c
  8
Layer_8
  10
114.49905
  20
346.67288
  0
SEQEND
  0
POLYLINE
  5
52e
  8
Layer_8
  62
254
  66
1
  10
0
  20
0
  30
0
  0
VERTEX
  5
52e
  8
Layer_8
  10
127.21872
  20
346.67279
  0
VERTEX
  5
52f
  8
Layer_8
  10
127.7717
  20
346.67279
  0
SEQEND
  0
POLYLINE
  5
531
  8
Layer_8
  62
254
  66
1
  10
0
  20
0
  30
0
  0
VERTEX
  5
531
  8
Layer_8
  10
112.28696
  20
346.67291
  0
VERTEX
  5
532
  8
Layer_8
  10
112.83994
  20
346.67288
  0
SEQEND
  0
POLYLINE
  5
534
  8
Layer_8
  62
254
  66
1
  10
0
  20
0
  30
0
  0
VERTEX
  5
534
  8
Layer_8
  10
116.43466
  20
346.67285
  0
VERTEX
  5
535
  8
Layer_8
  10
116.98764
  20
346.67285
  0
SEQEND
  0
POLYLINE
  5
537
  8
Layer_8
  62
254
  66
1
  10
0
  20
0
  30
0
  0
VERTEX
  5
537
  8
Layer_8
  10
98.927887
  20
366.34186
  0
VERTEX
  5
538
  8
Layer_8
  10
99.480927
  20
366.34186
  0
SEQEND
  0
POLYLINE
  5
53a
  8
Layer_8
  62
254
  66
1
  10
0
  20
0
  30
0
  0
VERTEX
  5
53a
  8
Layer_8
  10
98.098358
  20
366.34186
  0
VERTEX
  5
53b
  8
Layer_8
  10
98.651337
  20
366.34186
  0
SEQEND
  0
POLYLINE
  5
53d
  8
Layer_8
  62
254
  66
1
  10
0
  20
0
  30
0
  0
VERTEX
  5
53d
  8
Layer_8
  10
99.757416
  20
366.34186
  0
VERTEX
  5
53e
  8
Layer_8
  10
100.31046
  20
366.34186
  0
SEQEND
  0
POLYLINE
  5
540
  8
Layer_8
  62
254
  66
1
  10
0
  20
0
  30
0
  0
VERTEX
  5
540
  8
Layer_8
  10
100.58694
  20
366.34186
  0
VERTEX
  5
541
  8
Layer_8
  10
101.13998
  20
366.34186
  0
SEQEND
  0
POLYLINE
  5
543
  8
Layer_8
  62
254
  66
1
  10
0
  20
0
  30
0
  0
VERTEX
  5
543
  8
Layer_8
  10
97.298615
  20
405.71036
  0
VERTEX
  5
544
  8
Layer_8
  10
96.745636
  20
405.70844
  0
SEQEND
  0
POLYLINE
  5
546
  8
Layer_8
  62
254
  66
1
  10
0
  20
0
  30
0
  0
VERTEX
  5
546
  8
Layer_8
  10
92.321442
  20
405.69293
  0
VERTEX
  5
547
  8
Layer_8
  10
91.768402
  20
405.69098
  0
SEQEND
  0
POLYLINE
  5
549
  8
Layer_8
  62
254
  66
1
  10
0
  20
0
  30
0
  0
VERTEX
  5
549
  8
Layer_8
  10
107.25308
  20
405.74524
  0
VERTEX
  5
54a
  8
Layer_8
  10
106.70004
  20
405.74329
  0
SEQEND
  0
POLYLINE
  5
54c
  8
Layer_8
  62
254
  66
1
  10
0
  20
0
  30
0
  0
VERTEX
  5
54c
  8
Layer_8
  10
102.27585
  20
405.72778
  0
VERTEX
  5
54d
  8
Layer_8
  10
101.72287
  20
405.72583
  0
SEQEND
  0
POLYLINE
  5
54f
  8
Layer_8
  62
254
  66
1
  10
0
  20
0
  30
0
  0
VERTEX
  5
54f
  8
Layer_8
  10
110.57126
  20
405.75684
  0
VERTEX
  5
550
  8
Layer_8
  10
110.01822
  20
405.75488
  0
SEQEND
  0
POLYLINE
  5
552
  8
Layer_8
  62
254
  66
1
  10
0
  20
0
  30
0
  0
VERTEX
  5
552
  8
Layer_8
  10
11.745392
  20
337.11374
  0
VERTEX
  5
553
  8
Layer_8
  10
11.192352
  20
337.11374
  0
VERTEX
  5
554
  8
Layer_8
  10
11.192352
  20
332.09128
  42
0.41421356
  0
VERTEX
  5
555
  8
Layer_8
  10
21.146805
  20
322.13678
  42
0.19891369
  0
VERTEX
  5
556
  8
Layer_8
  10
28.185883
  20
325.05234
  42
0.19891599
  0
VERTEX
  5
557
  8
Layer_8
  10
31.101532
  20
332.09131
  0
SEQEND
  0
POLYLINE
  5
559
  8
Layer_8
  62
254
  66
1
  10
0
  20
0
  30
0
  0
VERTEX
  5
559
  8
Layer_8
  10
95.639557
  20
405.70453
  0
VERTEX
  5
55a
  8
Layer_8
  10
95.086517
  20
405.70264
  0
SEQEND
  0
POLYLINE
  5
55c
  8
Layer_8
  62
254
  66
1
  10
0
  20
0
  30
0
  0
VERTEX
  5
55c
  8
Layer_8
  10
101.44632
  20
405.72488
  0
VERTEX
  5
55d
  8
Layer_8
  10
100.89328
  20
405.72296
  0
SEQEND
  0
POLYLINE
  5
55f
  8
Layer_8
  62
254
  66
1
  10
0
  20
0
  30
0
  0
VERTEX
  5
55f
  8
Layer_8
  10
133.49216
  20
366.8949
  0
VERTEX
  5
560
  8
Layer_8
  10
133.49216
  20
366.34186
  0
VERTEX
  5
561
  8
Layer_8
  10
133.49167
  20
307.07202
  0
VERTEX
  5
562
  8
Layer_8
  10
45.20462
  20
307.07275
  0
VERTEX
  5
563
  8
Layer_8
  10
45.204681
  20
317.68427
  0
VERTEX
  5
564
  8
Layer_8
  10
36.631683
  20
317.68433
  42
-0.41421356
  0
VERTEX
  5
565
  8
Layer_8
  10
31.101486
  20
323.21463
  0
VERTEX
  5
566
  8
Layer_8
  10
31.101532
  20
333.79559
  0
VERTEX
  5
567
  8
Layer_8
  10
31.101593
  20
337.11374
  0
VERTEX
  5
568
  8
Layer_8
  10
45.686798
  20
337.11365
  0
VERTEX
  5
569
  8
Layer_8
  10
45.687042
  20
366.34186
  0
VERTEX
  5
56a
  8
Layer_8
  10
35.29599
  20
376.16763
  0
VERTEX
  5
56b
  8
Layer_8
  10
35.249054
  20
376.16763
  0
SEQEND
  0
POLYLINE
  5
56d
  8
Layer_8
  62
254
  66
1
  10
0
  20
0
  30
0
  0
VERTEX
  5
56d
  8
Layer_8
  10
108.08261
  20
405.74811
  0
VERTEX
  5
56e
  8
Layer_8
  10
107.52963
  20
405.74619
  0
SEQEND
  0
POLYLINE
  5
570
  8
Layer_8
  62
254
  66
1
  10
0
  20
0
  30
0
  0
VERTEX
  5
570
  8
Layer_8
  10
108.91214
  20
405.75104
  0
VERTEX
  5
571
  8
Layer_8
  10
108.35916
  20
405.74908
  0
SEQEND
  0
POLYLINE
  5
573
  8
Layer_8
  62
254
  66
1
  10
0
  20
0
  30
0
  0
VERTEX
  5
573
  8
Layer_8
  10
111.40079
  20
405.75974
  0
VERTEX
  5
574
  8
Layer_8
  10
110.84775
  20
405.75781
  0
SEQEND
  0
POLYLINE
  5
576
  8
Layer_8
  62
254
  66
1
  10
0
  20
0
  30
0
  0
VERTEX
  5
576
  8
Layer_8
  10
105.59402
  20
405.73941
  0
VERTEX
  5
577
  8
Layer_8
  10
105.04099
  20
405.73749
  0
SEQEND
  0
POLYLINE
  5
579
  8
Layer_8
  62
254
  66
1
  10
0
  20
0
  30
0
  0
VERTEX
  5
579
  8
Layer_8
  10
109.74167
  20
405.75394
  0
VERTEX
  5
57a
  8
Layer_8
  10
109.18869
  20
405.75201
  0
SEQEND
  0
POLYLINE
  5
57c
  8
Layer_8
  62
254
  66
1
  10
0
  20
0
  30
0
  0
VERTEX
  5
57c
  8
Layer_8
  10
112.23032
  20
405.76263
  0
VERTEX
  5
57d
  8
Layer_8
  10
111.67728
  20
405.76071
  0
SEQEND
  0
POLYLINE
  5
57f
  8
Layer_8
  62
254
  66
1
  10
0
  20
0
  30
0
  0
VERTEX
  5
57f
  8
Layer_8
  10
94.810028
  20
405.70166
  0
VERTEX
  5
580
  8
Layer_8
  10
94.256989
  20
405.69971
  0
SEQEND
  0
POLYLINE
  5
582
  8
Layer_8
  62
254
  66
1
  10
0
  20
0
  30
0
  0
VERTEX
  5
582
  8
Layer_8
  10
99.787262
  20
405.71906
  0
VERTEX
  5
583
  8
Layer_8
  10
99.234222
  20
405.71713
  0
SEQEND
  0
POLYLINE
  5
585
  8
Layer_8
  62
254
  66
1
  10
0
  20
0
  30
0
  0
VERTEX
  5
585
  8
Layer_8
  10
103.10538
  20
405.73071
  0
VERTEX
  5
586
  8
Layer_8
  10
102.5524
  20
405.72876
  0
SEQEND
  0
POLYLINE
  5
588
  8
Layer_8
  62
254
  66
1
  10
0
  20
0
  30
0
  0
VERTEX
  5
588
  8
Layer_8
  10
100.61678
  20
405.72198
  0
VERTEX
  5
589
  8
Layer_8
  10
100.06375
  20
405.72003
  0
SEQEND
  0
POLYLINE
  5
58b
  8
Layer_8
  62
254
  66
1
  10
0
  20
0
  30
0
  0
VERTEX
  5
58b
  8
Layer_8
  10
91.491913
  20
405.69003
  0
VERTEX
  5
58c
  8
Layer_8
  10
90.938873
  20
405.68811
  0
SEQEND
  0
POLYLINE
  5
58e
  8
Layer_8
  62
254
  66
1
  10
0
  20
0
  30
0
  0
VERTEX
  5
58e
  8
Layer_8
  10
106.42355
  20
405.74231
  0
VERTEX
  5
58f
  8
Layer_8
  10
105.87051
  20
405.74036
  0
SEQEND
  0
POLYLINE
  5
591
  8
Layer_8
  62
254
  66
1
  10
0
  20
0
  30
0
  0
VERTEX
  5
591
  8
Layer_8
  10
-24.433746
  20
337.11374
  0
VERTEX
  5
592
  8
Layer_8
  10
-24.986725
  20
337.11374
  0
VERTEX
  5
593
  8
Layer_8
  10
-24.986725
  20
332.36392
  42
0.40604615
  0
VERTEX
  5
594
  8
Layer_8
  10
-15.310577
  20
322.41333
  42
0.40604572
  0
VERTEX
  5
595
  8
Layer_8
  10
-5.6344376
  20
332.36392
  0
VERTEX
  5
596
  8
Layer_8
  10
-5.6344376
  20
337.11374
  0
VERTEX
  5
597
  8
Layer_8
  10
11.192352
  20
337.11374
  0
SEQEND
  0
POLYLINE
  5
599
  8
Layer_8
  62
254
  66
1
  10
0
  20
0
  30
0
  0
VERTEX
  5
599
  8
Layer_8
  10
104.7645
  20
405.73651
  0
VERTEX
  5
59a
  8
Layer_8
  10
104.21146
  20
405.73456
  0
SEQEND
  0
POLYLINE
  5
59c
  8
Layer_8
  62
254
  66
1
  10
0
  20
0
  30
0
  0
VERTEX
  5
59c
  8
Layer_8
  10
93.15097
  20
405.69583
  0
VERTEX
  5
59d
  8
Layer_8
  10
92.597931
  20
405.69391
  0
SEQEND
  0
POLYLINE
  5
59f
  8
Layer_8
  62
254
  66
1
  10
0
  20
0
  30
0
  0
VERTEX
  5
59f
  8
Layer_8
  10
98.957733
  20
405.71619
  0
VERTEX
  5
5a0
  8
Layer_8
  10
98.404694
  20
405.71423
  0
SEQEND
  0
POLYLINE
  5
5a2
  8
Layer_8
  62
254
  66
1
  10
0
  20
0
  30
0
  0
VERTEX
  5
5a2
  8
Layer_8
  10
98.128204
  20
405.71326
  0
VERTEX
  5
5a3
  8
Layer_8
  10
97.575165
  20
405.71133
  0
SEQEND
  0
POLYLINE
  5
5a5
  8
Layer_8
  62
254
  66
1
  10
0
  20
0
  30
0
  0
VERTEX
  5
5a5
  8
Layer_8
  10
93.980499
  20
405.69873
  0
VERTEX
  5
5a6
  8
Layer_8
  10
93.42746
  20
405.69681
  0
SEQEND
  0
POLYLINE
  5
5a8
  8
Layer_8
  62
254
  66
1
  10
0
  20
0
  30
0
  0
VERTEX
  5
5a8
  8
Layer_8
  10
103.93497
  20
405.73358
  0
VERTEX
  5
5a9
  8
Layer_8
  10
103.38193
  20
405.73166
  0
SEQEND
  0
POLYLINE
  5
5ab
  8
Layer_8
  62
254
  66
1
  10
0
  20
0
  30
0
  0
VERTEX
  5
5ab
  8
Layer_8
  10
113.05984
  20
405.76556
  0
VERTEX
  5
5ac
  8
Layer_8
  10
112.50681
  20
405.76361
  0
SEQEND
  0
POLYLINE
  5
5ae
  8
Layer_8
  62
254
  66
1
  10
0
  20
0
  30
0
  0
VERTEX
  5
5ae
  8
Layer_8
  10
96.469086
  20
405.70746
  0
VERTEX
  5
5af
  8
Layer_8
  10
95.916107
  20
405.70551
  0
SEQEND
  0
POLYLINE
  5
5b1
  8
Layer_8
  62
254
  66
1
  10
0
  20
0
  30
0
  0
VERTEX
  5
5b1
  8
Layer_8
  10
115.54843
  20
405.77426
  0
VERTEX
  5
5b2
  8
Layer_8
  10
114.99545
  20
405.77234
  0
SEQEND
  0
POLYLINE
  5
5b4
  8
Layer_8
  62
254
  66
1
  10
0
  20
0
  30
0
  0
VERTEX
  5
5b4
  8
Layer_8
  10
113.88937
  20
405.76843
  0
VERTEX
  5
5b5
  8
Layer_8
  10
113.3364
  20
405.76654
  0
SEQEND
  0
POLYLINE
  5
5b7
  8
Layer_8
  62
254
  66
1
  10
0
  20
0
  30
0
  0
VERTEX
  5
5b7
  8
Layer_8
  10
114.7189
  20
405.77136
  0
VERTEX
  5
5b8
  8
Layer_8
  10
114.16592
  20
405.76941
  0
SEQEND
  0
POLYLINE
  5
5ba
  8
Layer_8
  62
254
  66
1
  10
0
  20
0
  30
0
  0
VERTEX
  5
5ba
  8
Layer_8
  10
116.37802
  20
405.77716
  0
VERTEX
  5
5bb
  8
Layer_8
  10
115.82498
  20
405.77524
  0
SEQEND
  0
POLYLINE
  5
5bd
  8
Layer_8
  62
254
  66
1
  10
0
  20
0
  30
0
  0
VERTEX
  5
5bd
  8
Layer_8
  10
-68.477722
  20
396.4762
  0
VERTEX
  5
5be
  8
Layer_8
  10
-69.030739
  20
396.47284
  0
SEQEND
  0
POLYLINE
  5
5c0
  8
Layer_8
  62
254
  66
1
  10
0
  20
0
  30
0
  0
VERTEX
  5
5c0
  8
Layer_8
  10
-70.136787
  20
396.46616
  0
VERTEX
  5
5c1
  8
Layer_8
  10
-70.689789
  20
396.4628
  0
SEQEND
  0
POLYLINE
  5
5c3
  8
Layer_8
  62
254
  66
1
  10
0
  20
0
  30
0
  0
VERTEX
  5
5c3
  8
Layer_8
  10
-69.307259
  20
396.47119
  0
VERTEX
  5
5c4
  8
Layer_8
  10
-69.860268
  20
396.46783
  0
SEQEND
  0
POLYLINE
  5
5c6
  8
Layer_8
  62
254
  66
1
  10
0
  20
0
  30
0
  0
VERTEX
  5
5c6
  8
Layer_8
  10
153.11099
  20
405.83817
  0
VERTEX
  5
5c7
  8
Layer_8
  10
152.87778
  20
405.83817
  0
SEQEND
  0
POLYLINE
  5
5c9
  8
Layer_8
  62
254
  66
1
  10
0
  20
0
  30
0
  0
VERTEX
  5
5c9
  8
Layer_8
  10
-70.966309
  20
396.46112
  0
VERTEX
  5
5ca
  8
Layer_8
  10
-71.519318
  20
396.45776
  0
SEQEND
  0
POLYLINE
  5
5cc
  8
Layer_8
  62
254
  66
1
  10
0
  20
0
  30
0
  0
VERTEX
  5
5cc
  8
Layer_8
  10
-67.648193
  20
396.4812
  0
VERTEX
  5
5cd
  8
Layer_8
  10
-68.201202
  20
396.47784
  0
SEQEND
  0
POLYLINE
  5
5cf
  8
Layer_8
  62
254
  66
1
  10
0
  20
0
  30
0
  0
VERTEX
  5
5cf
  8
Layer_8
  10
150.94217
  20
405.83817
  0
VERTEX
  5
5d0
  8
Layer_8
  10
150.38913
  20
405.83817
  0
SEQEND
  0
POLYLINE
  5
5d2
  8
Layer_8
  62
254
  66
1
  10
0
  20
0
  30
0
  0
VERTEX
  5
5d2
  8
Layer_8
  10
149.28305
  20
405.83817
  0
VERTEX
  5
5d3
  8
Layer_8
  10
148.73007
  20
405.83817
  0
SEQEND
  0
POLYLINE
  5
5d5
  8
Layer_8
  62
254
  66
1
  10
0
  20
0
  30
0
  0
VERTEX
  5
5d5
  8
Layer_8
  10
152.60123
  20
405.83817
  0
VERTEX
  5
5d6
  8
Layer_8
  10
152.04819
  20
405.83817
  0
SEQEND
  0
POLYLINE
  5
5d8
  8
Layer_8
  62
254
  66
1
  10
0
  20
0
  30
0
  0
VERTEX
  5
5d8
  8
Layer_8
  10
151.7717
  20
405.83817
  0
VERTEX
  5
5d9
  8
Layer_8
  10
151.21866
  20
405.83817
  0
SEQEND
  0
POLYLINE
  5
5db
  8
Layer_8
  62
254
  66
1
  10
0
  20
0
  30
0
  0
VERTEX
  5
5db
  8
Layer_8
  10
150.11264
  20
405.83817
  0
VERTEX
  5
5dc
  8
Layer_8
  10
149.5596
  20
405.83817
  0
SEQEND
  0
POLYLINE
  5
5de
  8
Layer_8
  62
254
  66
1
  10
0
  20
0
  30
0
  0
VERTEX
  5
5de
  8
Layer_8
  10
137.66946
  20
405.83817
  0
VERTEX
  5
5df
  8
Layer_8
  10
137.11642
  20
405.83817
  0
SEQEND
  0
POLYLINE
  5
5e1
  8
Layer_8
  62
254
  66
1
  10
0
  20
0
  30
0
  0
VERTEX
  5
5e1
  8
Layer_8
  10
139.32858
  20
405.83817
  0
VERTEX
  5
5e2
  8
Layer_8
  10
138.77554
  20
405.83817
  0
SEQEND
  0
POLYLINE
  5
5e4
  8
Layer_8
  62
254
  66
1
  10
0
  20
0
  30
0
  0
VERTEX
  5
5e4
  8
Layer_8
  10
136.83994
  20
405.83817
  0
VERTEX
  5
5e5
  8
Layer_8
  10
136.2869
  20
405.83817
  0
SEQEND
  0
POLYLINE
  5
5e7
  8
Layer_8
  62
254
  66
1
  10
0
  20
0
  30
0
  0
VERTEX
  5
5e7
  8
Layer_8
  10
144.30582
  20
405.83817
  0
VERTEX
  5
5e8
  8
Layer_8
  10
143.75278
  20
405.83817
  0
SEQEND
  0
POLYLINE
  5
5ea
  8
Layer_8
  62
254
  66
1
  10
0
  20
0
  30
0
  0
VERTEX
  5
5ea
  8
Layer_8
  10
145.96487
  20
405.83817
  0
VERTEX
  5
5eb
  8
Layer_8
  10
145.41183
  20
405.83817
  0
SEQEND
  0
POLYLINE
  5
5ed
  8
Layer_8
  62
254
  66
1
  10
0
  20
0
  30
0
  0
VERTEX
  5
5ed
  8
Layer_8
  10
145.13535
  20
405.83817
  0
VERTEX
  5
5ee
  8
Layer_8
  10
144.58231
  20
405.83817
  0
SEQEND
  0
POLYLINE
  5
5f0
  8
Layer_8
  62
254
  66
1
  10
0
  20
0
  30
0
  0
VERTEX
  5
5f0
  8
Layer_8
  10
136.01041
  20
405.83817
  0
VERTEX
  5
5f1
  8
Layer_8
  10
135.45737
  20
405.83817
  0
SEQEND
  0
POLYLINE
  5
5f3
  8
Layer_8
  62
254
  66
1
  10
0
  20
0
  30
0
  0
VERTEX
  5
5f3
  8
Layer_8
  10
147.62399
  20
405.83817
  0
VERTEX
  5
5f4
  8
Layer_8
  10
147.07095
  20
405.83817
  0
SEQEND
  0
POLYLINE
  5
5f6
  8
Layer_8
  62
254
  66
1
  10
0
  20
0
  30
0
  0
VERTEX
  5
5f6
  8
Layer_8
  10
148.45352
  20
405.83817
  0
VERTEX
  5
5f7
  8
Layer_8
  10
147.90048
  20
405.83817
  0
SEQEND
  0
POLYLINE
  5
5f9
  8
Layer_8
  62
254
  66
1
  10
0
  20
0
  30
0
  0
VERTEX
  5
5f9
  8
Layer_8
  10
138.49899
  20
405.83817
  0
VERTEX
  5
5fa
  8
Layer_8
  10
137.94601
  20
405.83817
  0
SEQEND
  0
POLYLINE
  5
5fc
  8
Layer_8
  62
254
  66
1
  10
0
  20
0
  30
0
  0
VERTEX
  5
5fc
  8
Layer_8
  10
135.18088
  20
405.83817
  0
VERTEX
  5
5fd
  8
Layer_8
  10
134.62784
  20
405.83817
  0
SEQEND
  0
POLYLINE
  5
5ff
  8
Layer_8
  62
254
  66
1
  10
0
  20
0
  30
0
  0
VERTEX
  5
5ff
  8
Layer_8
  10
142.6467
  20
405.83817
  0
VERTEX
  5
600
  8
Layer_8
  10
142.09372
  20
405.83817
  0
SEQEND
  0
POLYLINE
  5
602
  8
Layer_8
  62
254
  66
1
  10
0
  20
0
  30
0
  0
VERTEX
  5
602
  8
Layer_8
  10
141.81717
  20
405.83817
  0
VERTEX
  5
603
  8
Layer_8
  10
141.26413
  20
405.83817
  0
SEQEND
  0
POLYLINE
  5
605
  8
Layer_8
  62
254
  66
1
  10
0
  20
0
  30
0
  0
VERTEX
  5
605
  8
Layer_8
  10
143.47629
  20
405.83817
  0
VERTEX
  5
606
  8
Layer_8
  10
142.92325
  20
405.83817
  0
SEQEND
  0
POLYLINE
  5
608
  8
Layer_8
  62
254
  66
1
  10
0
  20
0
  30
0
  0
VERTEX
  5
608
  8
Layer_8
  10
140.98764
  20
405.83817
  0
VERTEX
  5
609
  8
Layer_8
  10
140.43459
  20
405.83817
  0
SEQEND
  0
POLYLINE
  5
60b
  8
Layer_8
  62
254
  66
1
  10
0
  20
0
  30
0
  0
VERTEX
  5
60b
  8
Layer_8
  10
146.79446
  20
405.83817
  0
VERTEX
  5
60c
  8
Layer_8
  10
146.24142
  20
405.83817
  0
SEQEND
  0
POLYLINE
  5
60e
  8
Layer_8
  62
254
  66
1
  10
0
  20
0
  30
0
  0
VERTEX
  5
60e
  8
Layer_8
  10
140.15811
  20
405.83817
  0
VERTEX
  5
60f
  8
Layer_8
  10
139.60507
  20
405.83817
  0
SEQEND
  0
POLYLINE
  5
611
  8
Layer_8
  62
254
  66
1
  10
0
  20
0
  30
0
  0
VERTEX
  5
611
  8
Layer_8
  10
30.634796
  20
454.55267
  0
VERTEX
  5
612
  8
Layer_8
  10
31.187836
  20
454.55267
  0
VERTEX
  5
613
  8
Layer_8
  10
31.199615
  20
460.30325
  42
0.41421448
  0
VERTEX
  5
614
  8
Layer_8
  10
22.369293
  20
469.1698
  0
VERTEX
  5
615
  8
Layer_8
  10
20.266449
  20
469.17413
  42
0.41421265
  0
VERTEX
  5
616
  8
Layer_8
  10
11.399933
  20
460.34381
  0
VERTEX
  5
617
  8
Layer_8
  10
11.388031
  20
454.55267
  0
VERTEX
  5
618
  8
Layer_8
  10
1.0978622
  20
454.57373
  42
0.41421356
  0
VERTEX
  5
619
  8
Layer_8
  10
-3.3353577
  20
450.1586
  0
VERTEX
  5
61a
  8
Layer_8
  10
-3.3564148
  20
439.901
  42
0.41421438
  0
VERTEX
  5
61b
  8
Layer_8
  10
1.6106186
  20
434.91357
  0
SEQEND
  0
POLYLINE
  5
61d
  8
Layer_8
  62
254
  66
1
  10
0
  20
0
  30
0
  0
VERTEX
  5
61d
  8
Layer_8
  10
77.38974
  20
405.64063
  0
VERTEX
  5
61e
  8
Layer_8
  10
76.8367
  20
405.6387
  0
SEQEND
  0
POLYLINE
  5
620
  8
Layer_8
  62
254
  66
1
  10
0
  20
0
  30
0
  0
VERTEX
  5
620
  8
Layer_8
  10
60.798965
  20
405.58255
  0
VERTEX
  5
621
  8
Layer_8
  10
60.246002
  20
405.58063
  0
SEQEND
  0
POLYLINE
  5
623
  8
Layer_8
  62
254
  66
1
  10
0
  20
0
  30
0
  0
VERTEX
  5
623
  8
Layer_8
  10
84.85556
  20
405.66681
  0
VERTEX
  5
624
  8
Layer_8
  10
84.302582
  20
405.66486
  0
SEQEND
  0
POLYLINE
  5
626
  8
Layer_8
  62
254
  66
1
  10
0
  20
0
  30
0
  0
VERTEX
  5
626
  8
Layer_8
  10
69.094376
  20
405.6116
  0
VERTEX
  5
627
  8
Layer_8
  10
68.541351
  20
405.60968
  0
SEQEND
  0
POLYLINE
  5
629
  8
Layer_8
  62
254
  66
1
  10
0
  20
0
  30
0
  0
VERTEX
  5
629
  8
Layer_8
  10
71.922028
  20
424.67169
  0
VERTEX
  5
62a
  8
Layer_8
  10
72.475067
  20
424.67169
  0
SEQEND
  0
POLYLINE
  5
62c
  8
Layer_8
  62
254
  66
1
  10
0
  20
0
  30
0
  0
VERTEX
  5
62c
  8
Layer_8
  10
52.013031
  20
424.67169
  0
VERTEX
  5
62d
  8
Layer_8
  10
52.566055
  20
424.67169
  0
SEQEND
  0
POLYLINE
  5
62f
  8
Layer_8
  62
254
  66
1
  10
0
  20
0
  30
0
  0
VERTEX
  5
62f
  8
Layer_8
  10
74.494965
  20
464.08337
  0
VERTEX
  5
630
  8
Layer_8
  10
75.048004
  20
464.08337
  0
VERTEX
  5
631
  8
Layer_8
  10
75.048004
  20
469.74396
  42
0.41421356
  0
VERTEX
  5
632
  8
Layer_8
  10
66.199554
  20
478.59241
  0
VERTEX
  5
633
  8
Layer_8
  10
65.297699
  20
478.59241
  0
VERTEX
  5
634
  8
Layer_8
  10
64.395905
  20
478.59241
  42
0.41421356
  0
VERTEX
  5
635
  8
Layer_8
  10
55.547455
  20
469.74396
  0
VERTEX
  5
636
  8
Layer_8
  10
55.547455
  20
464.08337
  0
VERTEX
  5
637
  8
Layer_8
  10
45.20462
  20
464.08328
  0
VERTEX
  5
638
  8
Layer_8
  10
45.204681
  20
454.55499
  0
VERTEX
  5
639
  8
Layer_8
  10
31.115448
  20
454.55487
  0
VERTEX
  5
63a
  8
Layer_8
  10
31.187836
  20
454.55267
  0
SEQEND
  0
POLYLINE
  5
63c
  8
Layer_8
  62
254
  66
1
  10
0
  20
0
  30
0
  0
VERTEX
  5
63c
  8
Layer_8
  10
106.436
  20
464.08551
  0
VERTEX
  5
63d
  8
Layer_8
  10
106.98904
  20
464.08554
  0
SEQEND
  0
POLYLINE
  5
63f
  8
Layer_8
  62
254
  66
1
  10
0
  20
0
  30
0
  0
VERTEX
  5
63f
  8
Layer_8
  10
75.730682
  20
405.63483
  0
VERTEX
  5
640
  8
Layer_8
  10
75.177643
  20
405.6329
  0
SEQEND
  0
POLYLINE
  5
642
  8
Layer_8
  62
254
  66
1
  10
0
  20
0
  30
0
  0
VERTEX
  5
642
  8
Layer_8
  10
64.117157
  20
405.59418
  0
VERTEX
  5
643
  8
Layer_8
  10
63.564117
  20
405.59222
  0
SEQEND
  0
POLYLINE
  5
645
  8
Layer_8
  62
254
  66
1
  10
0
  20
0
  30
0
  0
VERTEX
  5
645
  8
Layer_8
  10
49.524384
  20
424.67169
  0
VERTEX
  5
646
  8
Layer_8
  10
50.077423
  20
424.67169
  0
SEQEND
  0
POLYLINE
  5
648
  8
Layer_8
  62
254
  66
1
  10
0
  20
0
  30
0
  0
VERTEX
  5
648
  8
Layer_8
  10
-37.289948
  20
425.17041
  0
VERTEX
  5
649
  8
Layer_8
  10
-26.413605
  20
425.17041
  0
SEQEND
  0
POLYLINE
  5
64b
  8
Layer_8
  62
254
  66
1
  10
0
  20
0
  30
0
  0
VERTEX
  5
64b
  8
Layer_8
  10
58.310394
  20
405.57385
  0
VERTEX
  5
64c
  8
Layer_8
  10
57.757355
  20
405.5719
  0
SEQEND
  0
POLYLINE
  5
64e
  8
Layer_8
  62
254
  66
1
  10
0
  20
0
  30
0
  0
VERTEX
  5
64e
  8
Layer_8
  10
84.026031
  20
405.66388
  0
VERTEX
  5
64f
  8
Layer_8
  10
83.472992
  20
405.66193
  0
SEQEND
  0
POLYLINE
  5
651
  8
Layer_8
  62
254
  66
1
  10
0
  20
0
  30
0
  0
VERTEX
  5
651
  8
Layer_8
  10
78.219269
  20
405.64355
  0
VERTEX
  5
652
  8
Layer_8
  10
77.666229
  20
405.6416
  0
SEQEND
  0
POLYLINE
  5
654
  8
Layer_8
  62
254
  66
1
  10
0
  20
0
  30
0
  0
VERTEX
  5
654
  8
Layer_8
  10
119.70871
  20
464.08621
  0
VERTEX
  5
655
  8
Layer_8
  10
120.26175
  20
464.08624
  0
SEQEND
  0
POLYLINE
  5
657
  8
Layer_8
  62
254
  66
1
  10
0
  20
0
  30
0
  0
VERTEX
  5
657
  8
Layer_8
  10
61.13797
  20
424.67169
  0
VERTEX
  5
658
  8
Layer_8
  10
61.69101
  20
424.67169
  0
SEQEND
  0
POLYLINE
  5
65a
  8
Layer_8
  62
254
  66
1
  10
0
  20
0
  30
0
  0
VERTEX
  5
65a
  8
Layer_8
  10
111.4133
  20
478.89615
  0
VERTEX
  5
65b
  8
Layer_8
  10
111.4133
  20
479.18558
  42
0.3988518
  0
VERTEX
  5
65c
  8
Layer_8
  10
101.45901
  20
468.69321
  0
VERTEX
  5
65d
  8
Layer_8
  10
101.45876
  20
464.0863
  0
VERTEX
  5
65e
  8
Layer_8
  10
101.46744
  20
464.08527
  0
VERTEX
  5
65f
  8
Layer_8
  10
75.048004
  20
464.08337
  0
SEQEND
  0
POLYLINE
  5
661
  8
Layer_8
  62
254
  66
1
  10
0
  20
0
  30
0
  0
VERTEX
  5
661
  8
Layer_8
  10
30.358307
  20
454.55267
  0
VERTEX
  5
662
  8
Layer_8
  10
29.805267
  20
454.55267
  0
SEQEND
  0
POLYLINE
  5
664
  8
Layer_8
  62
254
  66
1
  10
0
  20
0
  30
0
  0
VERTEX
  5
664
  8
Layer_8
  10
54.992218
  20
405.56219
  0
VERTEX
  5
665
  8
Layer_8
  10
54.43924
  20
405.5603
  0
SEQEND
  0
POLYLINE
  5
667
  8
Layer_8
  62
254
  66
1
  10
0
  20
0
  30
0
  0
VERTEX
  5
667
  8
Layer_8
  10
50.353973
  20
424.67169
  0
VERTEX
  5
668
  8
Layer_8
  10
50.906952
  20
424.67169
  0
SEQEND
  0
POLYLINE
  5
66a
  8
Layer_8
  62
254
  66
1
  10
0
  20
0
  30
0
  0
VERTEX
  5
66a
  8
Layer_8
  10
19.574249
  20
454.55267
  0
VERTEX
  5
66b
  8
Layer_8
  10
19.02121
  20
454.55267
  0
SEQEND
  0
POLYLINE
  5
66d
  8
Layer_8
  62
254
  66
1
  10
0
  20
0
  30
0
  0
VERTEX
  5
66d
  8
Layer_8
  10
117.22006
  20
464.08609
  0
VERTEX
  5
66e
  8
Layer_8
  10
117.7731
  20
464.08612
  0
SEQEND
  0
POLYLINE
  5
670
  8
Layer_8
  62
254
  66
1
  10
0
  20
0
  30
0
  0
VERTEX
  5
670
  8
Layer_8
  10
51.183502
  20
424.67169
  0
VERTEX
  5
671
  8
Layer_8
  10
51.736542
  20
424.67169
  0
SEQEND
  0
POLYLINE
  5
673
  8
Layer_8
  62
254
  66
1
  10
0
  20
0
  30
0
  0
VERTEX
  5
673
  8
Layer_8
  10
60.308441
  20
424.67169
  0
VERTEX
  5
674
  8
Layer_8
  10
60.861465
  20
424.67169
  0
SEQEND
  0
POLYLINE
  5
676
  8
Layer_8
  62
254
  66
1
  10
0
  20
0
  30
0
  0
VERTEX
  5
676
  8
Layer_8
  10
47.035797
  20
424.67169
  0
VERTEX
  5
677
  8
Layer_8
  10
47.588776
  20
424.67169
  0
SEQEND
  0
POLYLINE
  5
679
  8
Layer_8
  62
254
  66
1
  10
0
  20
0
  30
0
  0
VERTEX
  5
679
  8
Layer_8
  10
108.92465
  20
464.08566
  0
VERTEX
  5
67a
  8
Layer_8
  10
109.47769
  20
464.08566
  0
SEQEND
  0
POLYLINE
  5
67c
  8
Layer_8
  62
254
  66
1
  10
0
  20
0
  30
0
  0
VERTEX
  5
67c
  8
Layer_8
  10
17.085602
  20
454.55267
  0
VERTEX
  5
67d
  8
Layer_8
  10
16.532623
  20
454.55267
  0
SEQEND
  0
POLYLINE
  5
67f
  8
Layer_8
  62
254
  66
1
  10
0
  20
0
  30
0
  0
VERTEX
  5
67f
  8
Layer_8
  10
27.869659
  20
454.55267
  0
VERTEX
  5
680
  8
Layer_8
  10
27.31662
  20
454.55267
  0
SEQEND
  0
POLYLINE
  5
682
  8
Layer_8
  62
254
  66
1
  10
0
  20
0
  30
0
  0
VERTEX
  5
682
  8
Layer_8
  10
67.435272
  20
405.60577
  0
VERTEX
  5
683
  8
Layer_8
  10
66.882294
  20
405.60385
  0
SEQEND
  0
POLYLINE
  5
685
  8
Layer_8
  62
254
  66
1
  10
0
  20
0
  30
0
  0
VERTEX
  5
685
  8
Layer_8
  10
13.767487
  20
454.55267
  0
VERTEX
  5
686
  8
Layer_8
  10
13.214447
  20
454.55267
  0
SEQEND
  0
POLYLINE
  5
688
  8
Layer_8
  62
254
  66
1
  10
0
  20
0
  30
0
  0
VERTEX
  5
688
  8
Layer_8
  10
23.721954
  20
454.55267
  0
VERTEX
  5
689
  8
Layer_8
  10
23.168915
  20
454.55267
  0
SEQEND
  0
POLYLINE
  5
68b
  8
Layer_8
  62
254
  66
1
  10
0
  20
0
  30
0
  0
VERTEX
  5
68b
  8
Layer_8
  10
12.937889
  20
454.55267
  0
VERTEX
  5
68c
  8
Layer_8
  10
12.38485
  20
454.55267
  0
SEQEND
  0
POLYLINE
  5
68e
  8
Layer_8
  62
254
  66
1
  10
0
  20
0
  30
0
  0
VERTEX
  5
68e
  8
Layer_8
  10
68.264862
  20
405.6087
  0
VERTEX
  5
68f
  8
Layer_8
  10
67.711823
  20
405.60675
  0
SEQEND
  0
POLYLINE
  5
691
  8
Layer_8
  62
254
  66
1
  10
0
  20
0
  30
0
  0
VERTEX
  5
691
  8
Layer_8
  10
61.628555
  20
405.58545
  0
VERTEX
  5
692
  8
Layer_8
  10
61.075531
  20
405.58353
  0
SEQEND
  0
POLYLINE
  5
694
  8
Layer_8
  62
254
  66
1
  10
0
  20
0
  30
0
  0
VERTEX
  5
694
  8
Layer_8
  10
70.26297
  20
424.67169
  0
VERTEX
  5
695
  8
Layer_8
  10
70.81601
  20
424.67169
  0
SEQEND
  0
POLYLINE
  5
697
  8
Layer_8
  62
254
  66
1
  10
0
  20
0
  30
0
  0
VERTEX
  5
697
  8
Layer_8
  10
102.2883
  20
464.0853
  0
VERTEX
  5
698
  8
Layer_8
  10
102.84134
  20
464.08533
  0
SEQEND
  0
POLYLINE
  5
69a
  8
Layer_8
  62
254
  66
1
  10
0
  20
0
  30
0
  0
VERTEX
  5
69a
  8
Layer_8
  10
83.196503
  20
405.66098
  0
VERTEX
  5
69b
  8
Layer_8
  10
82.643463
  20
405.65906
  0
SEQEND
  0
POLYLINE
  5
69d
  8
Layer_8
  62
254
  66
1
  10
0
  20
0
  30
0
  0
VERTEX
  5
69d
  8
Layer_8
  10
47.865326
  20
424.67169
  0
VERTEX
  5
69e
  8
Layer_8
  10
48.418365
  20
424.67169
  0
SEQEND
  0
POLYLINE
  5
6a0
  8
Layer_8
  62
254
  66
1
  10
0
  20
0
  30
0
  0
VERTEX
  5
6a0
  8
Layer_8
  10
61.96756
  20
424.67169
  0
VERTEX
  5
6a1
  8
Layer_8
  10
62.520538
  20
424.67169
  0
SEQEND
  0
POLYLINE
  5
6a3
  8
Layer_8
  62
254
  66
1
  10
0
  20
0
  30
0
  0
VERTEX
  5
6a3
  8
Layer_8
  10
65.285736
  20
424.67169
  0
VERTEX
  5
6a4
  8
Layer_8
  10
65.838715
  20
424.67169
  0
SEQEND
  0
POLYLINE
  5
6a6
  8
Layer_8
  62
254
  66
1
  10
0
  20
0
  30
0
  0
VERTEX
  5
6a6
  8
Layer_8
  10
72.751556
  20
424.67169
  0
VERTEX
  5
6a7
  8
Layer_8
  10
73.304596
  20
424.67169
  0
SEQEND
  0
POLYLINE
  5
6a9
  8
Layer_8
  62
254
  66
1
  10
0
  20
0
  30
0
  0
VERTEX
  5
6a9
  8
Layer_8
  10
79.048798
  20
405.64645
  0
VERTEX
  5
6aa
  8
Layer_8
  10
78.495819
  20
405.64453
  0
SEQEND
  0
POLYLINE
  5
6ac
  8
Layer_8
  62
254
  66
1
  10
0
  20
0
  30
0
  0
VERTEX
  5
6ac
  8
Layer_8
  10
113.07236
  20
464.08588
  0
VERTEX
  5
6ad
  8
Layer_8
  10
113.6254
  20
464.08591
  0
SEQEND
  0
POLYLINE
  5
6af
  8
Layer_8
  62
254
  66
1
  10
0
  20
0
  30
0
  0
VERTEX
  5
6af
  8
Layer_8
  10
47.526398
  20
405.53607
  0
VERTEX
  5
6b0
  8
Layer_8
  10
46.973358
  20
405.53412
  0
SEQEND
  0
POLYLINE
  5
6b2
  8
Layer_8
  62
254
  66
1
  10
0
  20
0
  30
0
  0
VERTEX
  5
6b2
  8
Layer_8
  10
57.819855
  20
424.67169
  0
VERTEX
  5
6b3
  8
Layer_8
  10
58.372833
  20
424.67169
  0
SEQEND
  0
POLYLINE
  5
6b5
  8
Layer_8
  62
254
  66
1
  10
0
  20
0
  30
0
  0
VERTEX
  5
6b5
  8
Layer_8
  10
54.501678
  20
424.67169
  0
VERTEX
  5
6b6
  8
Layer_8
  10
55.054657
  20
424.67169
  0
SEQEND
  0
POLYLINE
  5
6b8
  8
Layer_8
  62
254
  66
1
  10
0
  20
0
  30
0
  0
VERTEX
  5
6b8
  8
Layer_8
  10
76.560211
  20
405.63776
  0
VERTEX
  5
6b9
  8
Layer_8
  10
76.007172
  20
405.6358
  0
SEQEND
  0
POLYLINE
  5
6bb
  8
Layer_8
  62
254
  66
1
  10
0
  20
0
  30
0
  0
VERTEX
  5
6bb
  8
Layer_8
  10
18.74472
  20
454.55267
  0
VERTEX
  5
6bc
  8
Layer_8
  10
18.191681
  20
454.55267
  0
SEQEND
  0
POLYLINE
  5
6be
  8
Layer_8
  62
254
  66
1
  10
0
  20
0
  30
0
  0
VERTEX
  5
6be
  8
Layer_8
  10
71.092499
  20
424.67169
  0
VERTEX
  5
6bf
  8
Layer_8
  10
71.645538
  20
424.67169
  0
SEQEND
  0
POLYLINE
  5
6c1
  8
Layer_8
  62
254
  66
1
  10
0
  20
0
  30
0
  0
VERTEX
  5
6c1
  8
Layer_8
  10
63.626617
  20
424.67169
  0
VERTEX
  5
6c2
  8
Layer_8
  10
64.179657
  20
424.67169
  0
SEQEND
  0
POLYLINE
  5
6c4
  8
Layer_8
  62
254
  66
1
  10
0
  20
0
  30
0
  0
VERTEX
  5
6c4
  8
Layer_8
  10
108.09512
  20
464.0856
  0
VERTEX
  5
6c5
  8
Layer_8
  10
108.64816
  20
464.08563
  0
SEQEND
  0
POLYLINE
  5
6c7
  8
Layer_8
  62
254
  66
1
  10
0
  20
0
  30
0
  0
VERTEX
  5
6c7
  8
Layer_8
  10
101.45876
  20
464.08527
  0
VERTEX
  5
6c8
  8
Layer_8
  10
102.01181
  20
464.08527
  0
SEQEND
  0
POLYLINE
  5
6ca
  8
Layer_8
  62
254
  66
1
  10
0
  20
0
  30
0
  0
VERTEX
  5
6ca
  8
Layer_8
  10
66.944794
  20
424.67169
  0
VERTEX
  5
6cb
  8
Layer_8
  10
67.497833
  20
424.67169
  0
SEQEND
  0
POLYLINE
  5
6cd
  8
Layer_8
  62
254
  66
1
  10
0
  20
0
  30
0
  0
VERTEX
  5
6cd
  8
Layer_8
  10
72.412506
  20
405.62323
  0
VERTEX
  5
6ce
  8
Layer_8
  10
71.859528
  20
405.62128
  0
SEQEND
  0
POLYLINE
  5
6d0
  8
Layer_8
  62
254
  66
1
  10
0
  20
0
  30
0
  0
VERTEX
  5
6d0
  8
Layer_8
  10
59.139923
  20
405.57672
  0
VERTEX
  5
6d1
  8
Layer_8
  10
58.586884
  20
405.5748
  0
SEQEND
  0
POLYLINE
  5
6d3
  8
Layer_8
  62
254
  66
1
  10
0
  20
0
  30
0
  0
VERTEX
  5
6d3
  8
Layer_8
  10
64.946686
  20
405.59708
  0
VERTEX
  5
6d4
  8
Layer_8
  10
64.393646
  20
405.59515
  0
SEQEND
  0
POLYLINE
  5
6d6
  8
Layer_8
  62
254
  66
1
  10
0
  20
0
  30
0
  0
VERTEX
  5
6d6
  8
Layer_8
  10
105.60648
  20
464.08548
  0
VERTEX
  5
6d7
  8
Layer_8
  10
106.15952
  20
464.08551
  0
SEQEND
  0
POLYLINE
  5
6d9
  8
Layer_8
  62
254
  66
1
  10
0
  20
0
  30
0
  0
VERTEX
  5
6d9
  8
Layer_8
  10
50.844574
  20
405.5477
  0
VERTEX
  5
6da
  8
Layer_8
  10
50.291534
  20
405.54578
  0
SEQEND
  0
POLYLINE
  5
6dc
  8
Layer_8
  62
254
  66
1
  10
0
  20
0
  30
0
  0
VERTEX
  5
6dc
  8
Layer_8
  10
55.821808
  20
405.56512
  0
VERTEX
  5
6dd
  8
Layer_8
  10
55.268768
  20
405.56317
  0
SEQEND
  0
POLYLINE
  5
6df
  8
Layer_8
  62
254
  66
1
  10
0
  20
0
  30
0
  0
VERTEX
  5
6df
  8
Layer_8
  10
120.53824
  20
464.08627
  0
VERTEX
  5
6e0
  8
Layer_8
  10
121.09128
  20
464.0863
  0
SEQEND
  0
POLYLINE
  5
6e2
  8
Layer_8
  62
254
  66
1
  10
0
  20
0
  30
0
  0
VERTEX
  5
6e2
  8
Layer_8
  10
68.603851
  20
424.67169
  0
VERTEX
  5
6e3
  8
Layer_8
  10
69.156876
  20
424.67169
  0
SEQEND
  0
POLYLINE
  5
6e5
  8
Layer_8
  62
254
  66
1
  10
0
  20
0
  30
0
  0
VERTEX
  5
6e5
  8
Layer_8
  10
62.458099
  20
405.58838
  0
VERTEX
  5
6e6
  8
Layer_8
  10
61.90506
  20
405.58643
  0
SEQEND
  0
POLYLINE
  5
6e8
  8
Layer_8
  62
254
  66
1
  10
0
  20
0
  30
0
  0
VERTEX
  5
6e8
  8
Layer_8
  10
133.78989
  20
405.28522
  0
VERTEX
  5
6e9
  8
Layer_8
  10
133.79831
  20
405.83817
  0
VERTEX
  5
6ea
  8
Layer_8
  10
133.69339
  20
435.88455
  42
-0.25846409
  0
VERTEX
  5
6eb
  8
Layer_8
  10
137.72653
  20
439.44778
  0
VERTEX
  5
6ec
  8
Layer_8
  10
147.4993
  20
439.44781
  42
-0.39681525
  0
VERTEX
  5
6ed
  8
Layer_8
  10
153.11099
  20
434.57373
  0
VERTEX
  5
6ee
  8
Layer_8
  10
153.11099
  20
385.73248
  0
VERTEX
  5
6ef
  8
Layer_8
  10
153.11099
  20
336.88904
  42
-0.41421681
  0
VERTEX
  5
6f0
  8
Layer_8
  10
148.13376
  20
331.91177
  0
VERTEX
  5
6f1
  8
Layer_8
  10
137.36313
  20
331.91177
  42
-0.41421356
  0
VERTEX
  5
6f2
  8
Layer_8
  10
133.49191
  20
335.78299
  0
VERTEX
  5
6f3
  8
Layer_8
  10
133.49191
  20
336.70697
  0
SEQEND
  0
POLYLINE
  5
6f5
  8
Layer_8
  62
254
  66
1
  10
0
  20
0
  30
0
  0
VERTEX
  5
6f5
  8
Layer_8
  10
-32.270905
  20
420.01929
  0
VERTEX
  5
6f6
  8
Layer_8
  10
-32.270905
  20
430.45364
  0
SEQEND
  0
POLYLINE
  5
6f8
  8
Layer_8
  62
254
  66
1
  10
0
  20
0
  30
0
  0
VERTEX
  5
6f8
  8
Layer_8
  10
79.878387
  20
405.64935
  0
VERTEX
  5
6f9
  8
Layer_8
  10
79.325348
  20
405.64743
  0
SEQEND
  0
POLYLINE
  5
6fb
  8
Layer_8
  62
254
  66
1
  10
0
  20
0
  30
0
  0
VERTEX
  5
6fb
  8
Layer_8
  10
115.561
  20
464.086
  0
VERTEX
  5
6fc
  8
Layer_8
  10
116.11404
  20
464.08603
  0
SEQEND
  0
POLYLINE
  5
6fe
  8
Layer_8
  62
254
  66
1
  10
0
  20
0
  30
0
  0
VERTEX
  5
6fe
  8
Layer_8
  10
45.376678
  20
424.67169
  0
VERTEX
  5
6ff
  8
Layer_8
  10
45.929718
  20
424.67169
  0
SEQEND
  0
POLYLINE
  5
701
  8
Layer_8
  62
254
  66
1
  10
0
  20
0
  30
0
  0
VERTEX
  5
701
  8
Layer_8
  10
58.649384
  20
424.67169
  0
VERTEX
  5
702
  8
Layer_8
  10
59.202423
  20
424.67169
  0
SEQEND
  0
POLYLINE
  5
704
  8
Layer_8
  62
254
  66
1
  10
0
  20
0
  30
0
  0
VERTEX
  5
704
  8
Layer_8
  10
45.86734
  20
405.53027
  0
VERTEX
  5
705
  8
Layer_8
  10
45.409271
  20
405.52866
  0
SEQEND
  0
POLYLINE
  5
707
  8
Layer_8
  62
254
  66
1
  10
0
  20
0
  30
0
  0
VERTEX
  5
707
  8
Layer_8
  10
118.04965
  20
464.08615
  0
VERTEX
  5
708
  8
Layer_8
  10
118.60262
  20
464.08618
  0
SEQEND
  0
POLYLINE
  5
70a
  8
Layer_8
  62
254
  66
1
  10
0
  20
0
  30
0
  0
VERTEX
  5
70a
  8
Layer_8
  10
28.699249
  20
454.55267
  0
VERTEX
  5
70b
  8
Layer_8
  10
28.14621
  20
454.55267
  0
SEQEND
  0
POLYLINE
  5
70d
  8
Layer_8
  62
254
  66
1
  10
0
  20
0
  30
0
  0
VERTEX
  5
70d
  8
Layer_8
  10
24.551483
  20
454.55267
  0
VERTEX
  5
70e
  8
Layer_8
  10
23.998505
  20
454.55267
  0
SEQEND
  0
POLYLINE
  5
710
  8
Layer_8
  62
254
  66
1
  10
0
  20
0
  30
0
  0
VERTEX
  5
710
  8
Layer_8
  10
27.040115
  20
454.55267
  0
VERTEX
  5
711
  8
Layer_8
  10
26.487091
  20
454.55267
  0
SEQEND
  0
POLYLINE
  5
713
  8
Layer_8
  62
254
  66
1
  10
0
  20
0
  30
0
  0
VERTEX
  5
713
  8
Layer_8
  10
82.366974
  20
405.65808
  0
VERTEX
  5
714
  8
Layer_8
  10
81.813934
  20
405.65613
  0
SEQEND
  0
POLYLINE
  5
716
  8
Layer_8
  62
254
  66
1
  10
0
  20
0
  30
0
  0
VERTEX
  5
716
  8
Layer_8
  10
111.4133
  20
464.08578
  0
VERTEX
  5
717
  8
Layer_8
  10
111.96628
  20
464.08582
  0
SEQEND
  0
POLYLINE
  5
719
  8
Layer_8
  62
254
  66
1
  10
0
  20
0
  30
0
  0
VERTEX
  5
719
  8
Layer_8
  10
53.33316
  20
405.5564
  0
VERTEX
  5
71a
  8
Layer_8
  10
52.780106
  20
405.55447
  0
SEQEND
  0
POLYLINE
  5
71c
  8
Layer_8
  62
254
  66
1
  10
0
  20
0
  30
0
  0
VERTEX
  5
71c
  8
Layer_8
  10
52.84256
  20
424.67169
  0
VERTEX
  5
71d
  8
Layer_8
  10
53.395599
  20
424.67169
  0
SEQEND
  0
POLYLINE
  5
71f
  8
Layer_8
  62
254
  66
1
  10
0
  20
0
  30
0
  0
VERTEX
  5
71f
  8
Layer_8
  10
104.77695
  20
464.08542
  0
VERTEX
  5
720
  8
Layer_8
  10
105.32999
  20
464.08545
  0
SEQEND
  0
POLYLINE
  5
722
  8
Layer_8
  62
254
  66
1
  10
0
  20
0
  30
0
  0
VERTEX
  5
722
  8
Layer_8
  10
75.240204
  20
424.67169
  0
VERTEX
  5
723
  8
Layer_8
  10
75.793243
  20
424.67169
  0
SEQEND
  0
POLYLINE
  5
725
  8
Layer_8
  62
254
  66
1
  10
0
  20
0
  30
0
  0
VERTEX
  5
725
  8
Layer_8
  10
55.331207
  20
424.67169
  0
VERTEX
  5
726
  8
Layer_8
  10
55.884247
  20
424.67169
  0
SEQEND
  0
POLYLINE
  5
728
  8
Layer_8
  62
254
  66
1
  10
0
  20
0
  30
0
  0
VERTEX
  5
728
  8
Layer_8
  10
26.210602
  20
454.55267
  0
VERTEX
  5
729
  8
Layer_8
  10
25.657562
  20
454.55267
  0
SEQEND
  0
POLYLINE
  5
72b
  8
Layer_8
  62
254
  66
1
  10
0
  20
0
  30
0
  0
VERTEX
  5
72b
  8
Layer_8
  10
86.514679
  20
405.67261
  0
VERTEX
  5
72c
  8
Layer_8
  10
85.961639
  20
405.67065
  0
SEQEND
  0
POLYLINE
  5
72e
  8
Layer_8
  62
254
  66
1
  10
0
  20
0
  30
0
  0
VERTEX
  5
72e
  8
Layer_8
  10
90.662323
  20
405.68713
  0
VERTEX
  5
72f
  8
Layer_8
  10
90.109344
  20
405.68518
  0
SEQEND
  0
POLYLINE
  5
731
  8
Layer_8
  62
254
  66
1
  10
0
  20
0
  30
0
  0
VERTEX
  5
731
  8
Layer_8
  10
20.403778
  20
454.55267
  0
VERTEX
  5
732
  8
Layer_8
  10
19.850739
  20
454.55267
  0
SEQEND
  0
POLYLINE
  5
734
  8
Layer_8
  62
254
  66
1
  10
0
  20
0
  30
0
  0
VERTEX
  5
734
  8
Layer_8
  10
56.990265
  20
424.67169
  0
VERTEX
  5
735
  8
Layer_8
  10
57.543304
  20
424.67169
  0
SEQEND
  0
POLYLINE
  5
737
  8
Layer_8
  62
254
  66
1
  10
0
  20
0
  30
0
  0
VERTEX
  5
737
  8
Layer_8
  10
16.256073
  20
454.55267
  0
VERTEX
  5
738
  8
Layer_8
  10
15.703033
  20
454.55267
  0
SEQEND
  0
POLYLINE
  5
73a
  8
Layer_8
  62
254
  66
1
  10
0
  20
0
  30
0
  0
VERTEX
  5
73a
  8
Layer_8
  10
74.410675
  20
424.67169
  0
VERTEX
  5
73b
  8
Layer_8
  10
74.963715
  20
424.67169
  0
SEQEND
  0
POLYLINE
  5
73d
  8
Layer_8
  62
254
  66
1
  10
0
  20
0
  30
0
  0
VERTEX
  5
73d
  8
Layer_8
  10
66.115265
  20
424.67169
  0
VERTEX
  5
73e
  8
Layer_8
  10
66.668304
  20
424.67169
  0
SEQEND
  0
POLYLINE
  5
740
  8
Layer_8
  62
254
  66
1
  10
0
  20
0
  30
0
  0
VERTEX
  5
740
  8
Layer_8
  10
69.433441
  20
424.67169
  0
VERTEX
  5
741
  8
Layer_8
  10
69.98642
  20
424.67169
  0
SEQEND
  0
POLYLINE
  5
743
  8
Layer_8
  62
254
  66
1
  10
0
  20
0
  30
0
  0
VERTEX
  5
743
  8
Layer_8
  10
63.287628
  20
405.59125
  0
VERTEX
  5
744
  8
Layer_8
  10
62.734589
  20
405.58932
  0
SEQEND
  0
POLYLINE
  5
746
  8
Layer_8
  62
254
  66
1
  10
0
  20
0
  30
0
  0
VERTEX
  5
746
  8
Layer_8
  10
69.92392
  20
405.6145
  0
VERTEX
  5
747
  8
Layer_8
  10
69.37088
  20
405.61255
  0
SEQEND
  0
POLYLINE
  5
749
  8
Layer_8
  62
254
  66
1
  10
0
  20
0
  30
0
  0
VERTEX
  5
749
  8
Layer_8
  10
25.381073
  20
454.55267
  0
VERTEX
  5
74a
  8
Layer_8
  10
24.828033
  20
454.55267
  0
SEQEND
  0
POLYLINE
  5
74c
  8
Layer_8
  62
254
  66
1
  10
0
  20
0
  30
0
  0
VERTEX
  5
74c
  8
Layer_8
  10
52.503632
  20
405.5535
  0
VERTEX
  5
74d
  8
Layer_8
  10
51.950592
  20
405.55157
  0
SEQEND
  0
POLYLINE
  5
74f
  8
Layer_8
  62
254
  66
1
  10
0
  20
0
  30
0
  0
VERTEX
  5
74f
  8
Layer_8
  10
74.901154
  20
405.63193
  0
VERTEX
  5
750
  8
Layer_8
  10
74.348114
  20
405.63
  0
SEQEND
  0
POLYLINE
  5
752
  8
Layer_8
  62
254
  66
1
  10
0
  20
0
  30
0
  0
VERTEX
  5
752
  8
Layer_8
  10
66.605743
  20
405.60291
  0
VERTEX
  5
753
  8
Layer_8
  10
66.052765
  20
405.60095
  0
SEQEND
  0
POLYLINE
  5
755
  8
Layer_8
  62
254
  66
1
  10
0
  20
0
  30
0
  0
VERTEX
  5
755
  8
Layer_8
  10
65.776215
  20
405.59998
  0
VERTEX
  5
756
  8
Layer_8
  10
65.223175
  20
405.59802
  0
SEQEND
  0
POLYLINE
  5
758
  8
Layer_8
  62
254
  66
1
  10
0
  20
0
  30
0
  0
VERTEX
  5
758
  8
Layer_8
  10
57.480865
  20
405.57092
  0
VERTEX
  5
759
  8
Layer_8
  10
56.927826
  20
405.569
  0
SEQEND
  0
POLYLINE
  5
75b
  8
Layer_8
  62
254
  66
1
  10
0
  20
0
  30
0
  0
VERTEX
  5
75b
  8
Layer_8
  10
22.892426
  20
454.55267
  0
VERTEX
  5
75c
  8
Layer_8
  10
22.339386
  20
454.55267
  0
SEQEND
  0
POLYLINE
  5
75e
  8
Layer_8
  62
254
  66
1
  10
0
  20
0
  30
0
  0
VERTEX
  5
75e
  8
Layer_8
  10
89.832794
  20
405.6842
  0
VERTEX
  5
75f
  8
Layer_8
  10
89.279755
  20
405.68228
  0
SEQEND
  0
POLYLINE
  5
761
  8
Layer_8
  62
254
  66
1
  10
0
  20
0
  30
0
  0
VERTEX
  5
761
  8
Layer_8
  10
113.90189
  20
464.08591
  0
VERTEX
  5
762
  8
Layer_8
  10
114.45493
  20
464.08594
  0
SEQEND
  0
POLYLINE
  5
764
  8
Layer_8
  62
254
  66
1
  10
0
  20
0
  30
0
  0
VERTEX
  5
764
  8
Layer_8
  10
73.242035
  20
405.62613
  0
VERTEX
  5
765
  8
Layer_8
  10
72.689056
  20
405.62421
  0
SEQEND
  0
POLYLINE
  5
767
  8
Layer_8
  62
254
  66
1
  10
0
  20
0
  30
0
  0
VERTEX
  5
767
  8
Layer_8
  10
12.10836
  20
454.55267
  0
VERTEX
  5
768
  8
Layer_8
  10
11.555321
  20
454.55267
  0
SEQEND
  0
POLYLINE
  5
76a
  8
Layer_8
  62
254
  66
1
  10
0
  20
0
  30
0
  0
VERTEX
  5
76a
  8
Layer_8
  10
109.75418
  20
464.08569
  0
VERTEX
  5
76b
  8
Layer_8
  10
110.30722
  20
464.08572
  0
SEQEND
  0
POLYLINE
  5
76d
  8
Layer_8
  62
254
  66
1
  10
0
  20
0
  30
0
  0
VERTEX
  5
76d
  8
Layer_8
  10
103.11789
  20
464.08533
  0
VERTEX
  5
76e
  8
Layer_8
  10
103.67087
  20
464.08539
  0
SEQEND
  0
POLYLINE
  5
770
  8
Layer_8
  62
254
  66
1
  10
0
  20
0
  30
0
  0
VERTEX
  5
770
  8
Layer_8
  10
56.160736
  20
424.67169
  0
VERTEX
  5
771
  8
Layer_8
  10
56.713776
  20
424.67169
  0
SEQEND
  0
POLYLINE
  5
773
  8
Layer_8
  62
254
  66
1
  10
0
  20
0
  30
0
  0
VERTEX
  5
773
  8
Layer_8
  10
56.651337
  20
405.56802
  0
VERTEX
  5
774
  8
Layer_8
  10
56.098297
  20
405.5661
  0
SEQEND
  0
POLYLINE
  5
776
  8
Layer_8
  62
254
  66
1
  10
0
  20
0
  30
0
  0
VERTEX
  5
776
  8
Layer_8
  10
116.39053
  20
464.08606
  0
VERTEX
  5
777
  8
Layer_8
  10
116.94357
  20
464.08609
  0
SEQEND
  0
POLYLINE
  5
779
  8
Layer_8
  62
254
  66
1
  10
0
  20
0
  30
0
  0
VERTEX
  5
779
  8
Layer_8
  10
67.774323
  20
424.67169
  0
VERTEX
  5
77a
  8
Layer_8
  10
68.327362
  20
424.67169
  0
SEQEND
  0
POLYLINE
  5
77c
  8
Layer_8
  62
254
  66
1
  10
0
  20
0
  30
0
  0
VERTEX
  5
77c
  8
Layer_8
  10
110.58371
  20
464.08572
  0
VERTEX
  5
77d
  8
Layer_8
  10
111.13675
  20
464.08578
  0
SEQEND
  0
POLYLINE
  5
77f
  8
Layer_8
  62
254
  66
1
  10
0
  20
0
  30
0
  0
VERTEX
  5
77f
  8
Layer_8
  10
112.24283
  20
464.08582
  0
VERTEX
  5
780
  8
Layer_8
  10
112.79587
  20
464.08585
  0
SEQEND
  0
POLYLINE
  5
782
  8
Layer_8
  62
254
  66
1
  10
0
  20
0
  30
0
  0
VERTEX
  5
782
  8
Layer_8
  10
22.062897
  20
454.55267
  0
VERTEX
  5
783
  8
Layer_8
  10
21.509857
  20
454.55267
  0
SEQEND
  0
POLYLINE
  5
785
  8
Layer_8
  62
254
  66
1
  10
0
  20
0
  30
0
  0
VERTEX
  5
785
  8
Layer_8
  10
71.582977
  20
405.6203
  0
VERTEX
  5
786
  8
Layer_8
  10
71.029938
  20
405.61838
  0
SEQEND
  0
POLYLINE
  5
788
  8
Layer_8
  62
254
  66
1
  10
0
  20
0
  30
0
  0
VERTEX
  5
788
  8
Layer_8
  10
49.185455
  20
405.54187
  0
VERTEX
  5
789
  8
Layer_8
  10
48.632477
  20
405.53995
  0
SEQEND
  0
POLYLINE
  5
78b
  8
Layer_8
  62
254
  66
1
  10
0
  20
0
  30
0
  0
VERTEX
  5
78b
  8
Layer_8
  10
17.915192
  20
454.55267
  0
VERTEX
  5
78c
  8
Layer_8
  10
17.362152
  20
454.55267
  0
SEQEND
  0
POLYLINE
  5
78e
  8
Layer_8
  62
254
  66
1
  10
0
  20
0
  30
0
  0
VERTEX
  5
78e
  8
Layer_8
  10
21.233368
  20
454.55267
  0
VERTEX
  5
78f
  8
Layer_8
  10
20.680328
  20
454.55267
  0
SEQEND
  0
POLYLINE
  5
791
  8
Layer_8
  62
254
  66
1
  10
0
  20
0
  30
0
  0
VERTEX
  5
791
  8
Layer_8
  10
46.206207
  20
424.67169
  0
VERTEX
  5
792
  8
Layer_8
  10
46.759247
  20
424.67169
  0
SEQEND
  0
POLYLINE
  5
794
  8
Layer_8
  62
254
  66
1
  10
0
  20
0
  30
0
  0
VERTEX
  5
794
  8
Layer_8
  10
46.696869
  20
405.53317
  0
VERTEX
  5
795
  8
Layer_8
  10
46.143829
  20
405.53125
  0
SEQEND
  0
POLYLINE
  5
797
  8
Layer_8
  62
254
  66
1
  10
0
  20
0
  30
0
  0
VERTEX
  5
797
  8
Layer_8
  10
114.73148
  20
464.08597
  0
VERTEX
  5
798
  8
Layer_8
  10
115.28445
  20
464.086
  0
SEQEND
  0
POLYLINE
  5
79a
  8
Layer_8
  62
254
  66
1
  10
0
  20
0
  30
0
  0
VERTEX
  5
79a
  8
Layer_8
  10
48.355927
  20
405.539
  0
VERTEX
  5
79b
  8
Layer_8
  10
47.802948
  20
405.53705
  0
SEQEND
  0
POLYLINE
  5
79d
  8
Layer_8
  62
254
  66
1
  10
0
  20
0
  30
0
  0
VERTEX
  5
79d
  8
Layer_8
  10
50.015045
  20
405.5448
  0
VERTEX
  5
79e
  8
Layer_8
  10
49.462006
  20
405.54285
  0
SEQEND
  0
POLYLINE
  5
7a0
  8
Layer_8
  62
254
  66
1
  10
0
  20
0
  30
0
  0
VERTEX
  5
7a0
  8
Layer_8
  10
74.071625
  20
405.62903
  0
VERTEX
  5
7a1
  8
Layer_8
  10
73.518585
  20
405.62708
  0
SEQEND
  0
POLYLINE
  5
7a3
  8
Layer_8
  62
254
  66
1
  10
0
  20
0
  30
0
  0
VERTEX
  5
7a3
  8
Layer_8
  10
64.456146
  20
424.67169
  0
VERTEX
  5
7a4
  8
Layer_8
  10
65.009186
  20
424.67169
  0
SEQEND
  0
POLYLINE
  5
7a6
  8
Layer_8
  62
254
  66
1
  10
0
  20
0
  30
0
  0
VERTEX
  5
7a6
  8
Layer_8
  10
118.87918
  20
464.08618
  0
VERTEX
  5
7a7
  8
Layer_8
  10
119.43222
  20
464.08621
  0
SEQEND
  0
POLYLINE
  5
7a9
  8
Layer_8
  62
254
  66
1
  10
0
  20
0
  30
0
  0
VERTEX
  5
7a9
  8
Layer_8
  10
51.674103
  20
405.5506
  0
VERTEX
  5
7aa
  8
Layer_8
  10
51.121063
  20
405.54865
  0
SEQEND
  0
POLYLINE
  5
7ac
  8
Layer_8
  62
254
  66
1
  10
0
  20
0
  30
0
  0
VERTEX
  5
7ac
  8
Layer_8
  10
59.478912
  20
424.67169
  0
VERTEX
  5
7ad
  8
Layer_8
  10
60.031952
  20
424.67169
  0
SEQEND
  0
POLYLINE
  5
7af
  8
Layer_8
  62
254
  66
1
  10
0
  20
0
  30
0
  0
VERTEX
  5
7af
  8
Layer_8
  10
80.707916
  20
405.65228
  0
VERTEX
  5
7b0
  8
Layer_8
  10
80.154877
  20
405.65033
  0
SEQEND
  0
POLYLINE
  5
7b2
  8
Layer_8
  62
254
  66
1
  10
0
  20
0
  30
0
  0
VERTEX
  5
7b2
  8
Layer_8
  10
14.597015
  20
454.55267
  0
VERTEX
  5
7b3
  8
Layer_8
  10
14.043976
  20
454.55267
  0
SEQEND
  0
POLYLINE
  5
7b5
  8
Layer_8
  62
254
  66
1
  10
0
  20
0
  30
0
  0
VERTEX
  5
7b5
  8
Layer_8
  10
81.537445
  20
405.65515
  0
VERTEX
  5
7b6
  8
Layer_8
  10
80.984406
  20
405.65323
  0
SEQEND
  0
POLYLINE
  5
7b8
  8
Layer_8
  62
254
  66
1
  10
0
  20
0
  30
0
  0
VERTEX
  5
7b8
  8
Layer_8
  10
53.672089
  20
424.67169
  0
VERTEX
  5
7b9
  8
Layer_8
  10
54.225128
  20
424.67169
  0
SEQEND
  0
POLYLINE
  5
7bb
  8
Layer_8
  62
254
  66
1
  10
0
  20
0
  30
0
  0
VERTEX
  5
7bb
  8
Layer_8
  10
88.173737
  20
405.67841
  0
VERTEX
  5
7bc
  8
Layer_8
  10
87.620697
  20
405.67645
  0
SEQEND
  0
POLYLINE
  5
7be
  8
Layer_8
  62
254
  66
1
  10
0
  20
0
  30
0
  0
VERTEX
  5
7be
  8
Layer_8
  10
89.003265
  20
405.68134
  0
VERTEX
  5
7bf
  8
Layer_8
  10
88.450226
  20
405.67938
  0
SEQEND
  0
POLYLINE
  5
7c1
  8
Layer_8
  62
254
  66
1
  10
0
  20
0
  30
0
  0
VERTEX
  5
7c1
  8
Layer_8
  10
70.753448
  20
405.6174
  0
VERTEX
  5
7c2
  8
Layer_8
  10
70.200409
  20
405.61548
  0
SEQEND
  0
POLYLINE
  5
7c4
  8
Layer_8
  62
254
  66
1
  10
0
  20
0
  30
0
  0
VERTEX
  5
7c4
  8
Layer_8
  10
15.426544
  20
454.55267
  0
VERTEX
  5
7c5
  8
Layer_8
  10
14.873505
  20
454.55267
  0
SEQEND
  0
POLYLINE
  5
7c7
  8
Layer_8
  62
254
  66
1
  10
0
  20
0
  30
0
  0
VERTEX
  5
7c7
  8
Layer_8
  10
73.581146
  20
424.67169
  0
VERTEX
  5
7c8
  8
Layer_8
  10
74.134186
  20
424.67169
  0
SEQEND
  0
POLYLINE
  5
7ca
  8
Layer_8
  62
254
  66
1
  10
0
  20
0
  30
0
  0
VERTEX
  5
7ca
  8
Layer_8
  10
85.68515
  20
405.66968
  0
VERTEX
  5
7cb
  8
Layer_8
  10
85.132095
  20
405.66776
  0
SEQEND
  0
POLYLINE
  5
7cd
  8
Layer_8
  62
254
  66
1
  10
0
  20
0
  30
0
  0
VERTEX
  5
7cd
  8
Layer_8
  10
59.969452
  20
405.57965
  0
VERTEX
  5
7ce
  8
Layer_8
  10
59.416473
  20
405.5777
  0
SEQEND
  0
POLYLINE
  5
7d0
  8
Layer_8
  62
254
  66
1
  10
0
  20
0
  30
0
  0
VERTEX
  5
7d0
  8
Layer_8
  10
54.162689
  20
405.55933
  0
VERTEX
  5
7d1
  8
Layer_8
  10
53.609695
  20
405.55737
  0
SEQEND
  0
POLYLINE
  5
7d3
  8
Layer_8
  62
254
  66
1
  10
0
  20
0
  30
0
  0
VERTEX
  5
7d3
  8
Layer_8
  10
48.694855
  20
424.67169
  0
VERTEX
  5
7d4
  8
Layer_8
  10
49.247894
  20
424.67169
  0
SEQEND
  0
POLYLINE
  5
7d6
  8
Layer_8
  62
254
  66
1
  10
0
  20
0
  30
0
  0
VERTEX
  5
7d6
  8
Layer_8
  10
103.94742
  20
464.08539
  0
VERTEX
  5
7d7
  8
Layer_8
  10
104.50046
  20
464.08542
  0
SEQEND
  0
POLYLINE
  5
7d9
  8
Layer_8
  62
254
  66
1
  10
0
  20
0
  30
0
  0
VERTEX
  5
7d9
  8
Layer_8
  10
107.26559
  20
464.08557
  0
VERTEX
  5
7da
  8
Layer_8
  10
107.81857
  20
464.0856
  0
SEQEND
  0
POLYLINE
  5
7dc
  8
Layer_8
  62
254
  66
1
  10
0
  20
0
  30
0
  0
VERTEX
  5
7dc
  8
Layer_8
  10
29.528778
  20
454.55267
  0
VERTEX
  5
7dd
  8
Layer_8
  10
28.975739
  20
454.55267
  0
SEQEND
  0
POLYLINE
  5
7df
  8
Layer_8
  62
254
  66
1
  10
0
  20
0
  30
0
  0
VERTEX
  5
7df
  8
Layer_8
  10
87.344208
  20
405.67551
  0
VERTEX
  5
7e0
  8
Layer_8
  10
86.791168
  20
405.67358
  0
SEQEND
  0
POLYLINE
  5
7e2
  8
Layer_8
  62
254
  66
1
  10
0
  20
0
  30
0
  0
VERTEX
  5
7e2
  8
Layer_8
  10
62.797089
  20
424.67169
  0
VERTEX
  5
7e3
  8
Layer_8
  10
63.350128
  20
424.67169
  0
SEQEND
  0
POLYLINE
  5
7e5
  8
Layer_8
  62
254
  66
1
  10
0
  20
0
  30
0
  0
VERTEX
  5
7e5
  8
Layer_8
  10
124.67337
  20
405.80621
  0
VERTEX
  5
7e6
  8
Layer_8
  10
124.12032
  20
405.80426
  0
SEQEND
  0
POLYLINE
  5
7e8
  8
Layer_8
  62
254
  66
1
  10
0
  20
0
  30
0
  0
VERTEX
  5
7e8
  8
Layer_8
  10
132.96872
  20
405.83527
  0
VERTEX
  5
7e9
  8
Layer_8
  10
132.41574
  20
405.83331
  0
SEQEND
  0
POLYLINE
  5
7eb
  8
Layer_8
  62
254
  66
1
  10
0
  20
0
  30
0
  0
VERTEX
  5
7eb
  8
Layer_8
  10
119.69614
  20
405.78879
  0
VERTEX
  5
7ec
  8
Layer_8
  10
119.14316
  20
405.78687
  0
SEQEND
  0
POLYLINE
  5
7ee
  8
Layer_8
  62
254
  66
1
  10
0
  20
0
  30
0
  0
VERTEX
  5
7ee
  8
Layer_8
  10
128.82108
  20
405.82074
  0
VERTEX
  5
7ef
  8
Layer_8
  10
128.26804
  20
405.81879
  0
SEQEND
  0
POLYLINE
  5
7f1
  8
Layer_8
  62
254
  66
1
  10
0
  20
0
  30
0
  0
VERTEX
  5
7f1
  8
Layer_8
  10
127.16196
  20
405.81494
  0
VERTEX
  5
7f2
  8
Layer_8
  10
126.60898
  20
405.81299
  0
SEQEND
  0
POLYLINE
  5
7f4
  8
Layer_8
  62
254
  66
1
  10
0
  20
0
  30
0
  0
VERTEX
  5
7f4
  8
Layer_8
  10
130.48013
  20
405.82654
  0
VERTEX
  5
7f5
  8
Layer_8
  10
129.92709
  20
405.82462
  0
SEQEND
  0
POLYLINE
  5
7f7
  8
Layer_8
  62
254
  66
1
  10
0
  20
0
  30
0
  0
VERTEX
  5
7f7
  8
Layer_8
  10
126.33243
  20
405.81201
  0
VERTEX
  5
7f8
  8
Layer_8
  10
125.77945
  20
405.81009
  0
SEQEND
  0
POLYLINE
  5
7fa
  8
Layer_8
  62
254
  66
1
  10
0
  20
0
  30
0
  0
VERTEX
  5
7fa
  8
Layer_8
  10
127.99155
  20
405.81784
  0
VERTEX
  5
7fb
  8
Layer_8
  10
127.43851
  20
405.81592
  0
SEQEND
  0
POLYLINE
  5
7fd
  8
Layer_8
  62
254
  66
1
  10
0
  20
0
  30
0
  0
VERTEX
  5
7fd
  8
Layer_8
  10
129.6506
  20
405.82364
  0
VERTEX
  5
7fe
  8
Layer_8
  10
129.09756
  20
405.82172
  0
SEQEND
  0
POLYLINE
  5
800
  8
Layer_8
  62
254
  66
1
  10
0
  20
0
  30
0
  0
VERTEX
  5
800
  8
Layer_8
  10
133.24527
  20
405.83624
  0
VERTEX
  5
801
  8
Layer_8
  10
133.79831
  20
405.83817
  0
VERTEX
  5
802
  8
Layer_8
  10
134.35129
  20
405.83817
  0
SEQEND
  0
POLYLINE
  5
804
  8
Layer_8
  62
254
  66
1
  10
0
  20
0
  30
0
  0
VERTEX
  5
804
  8
Layer_8
  10
131.30966
  20
405.82947
  0
VERTEX
  5
805
  8
Layer_8
  10
130.75662
  20
405.82751
  0
SEQEND
  0
POLYLINE
  5
807
  8
Layer_8
  62
254
  66
1
  10
0
  20
0
  30
0
  0
VERTEX
  5
807
  8
Layer_8
  10
123.84384
  20
405.80331
  0
VERTEX
  5
808
  8
Layer_8
  10
123.2908
  20
405.80139
  0
SEQEND
  0
POLYLINE
  5
80a
  8
Layer_8
  62
254
  66
1
  10
0
  20
0
  30
0
  0
VERTEX
  5
80a
  8
Layer_8
  10
122.18478
  20
405.79749
  0
VERTEX
  5
80b
  8
Layer_8
  10
121.63174
  20
405.79556
  0
SEQEND
  0
POLYLINE
  5
80d
  8
Layer_8
  62
254
  66
1
  10
0
  20
0
  30
0
  0
VERTEX
  5
80d
  8
Layer_8
  10
132.13918
  20
405.83237
  0
VERTEX
  5
80e
  8
Layer_8
  10
131.58615
  20
405.83044
  0
SEQEND
  0
POLYLINE
  5
810
  8
Layer_8
  62
254
  66
1
  10
0
  20
0
  30
0
  0
VERTEX
  5
810
  8
Layer_8
  10
123.01431
  20
405.80042
  0
VERTEX
  5
811
  8
Layer_8
  10
122.46127
  20
405.79846
  0
SEQEND
  0
POLYLINE
  5
813
  8
Layer_8
  62
254
  66
1
  10
0
  20
0
  30
0
  0
VERTEX
  5
813
  8
Layer_8
  10
120.52567
  20
405.79169
  0
VERTEX
  5
814
  8
Layer_8
  10
119.97269
  20
405.78976
  0
SEQEND
  0
POLYLINE
  5
816
  8
Layer_8
  62
254
  66
1
  10
0
  20
0
  30
0
  0
VERTEX
  5
816
  8
Layer_8
  10
121.35519
  20
405.79462
  0
VERTEX
  5
817
  8
Layer_8
  10
120.80222
  20
405.79266
  0
SEQEND
  0
POLYLINE
  5
819
  8
Layer_8
  62
254
  66
1
  10
0
  20
0
  30
0
  0
VERTEX
  5
819
  8
Layer_8
  10
125.5029
  20
405.80914
  0
VERTEX
  5
81a
  8
Layer_8
  10
124.94986
  20
405.80719
  0
SEQEND
  0
POLYLINE
  5
81c
  8
Layer_8
  62
254
  66
1
  10
0
  20
0
  30
0
  0
VERTEX
  5
81c
  8
Layer_8
  10
118.86661
  20
405.78589
  0
VERTEX
  5
81d
  8
Layer_8
  10
118.31357
  20
405.78394
  0
SEQEND
  0
POLYLINE
  5
81f
  8
Layer_8
  62
254
  66
1
  10
0
  20
0
  30
0
  0
VERTEX
  5
81f
  8
Layer_8
  10
28.30191
  20
396.51019
  0
VERTEX
  5
820
  8
Layer_8
  10
27.748856
  20
396.51065
  0
SEQEND
  0
POLYLINE
  5
822
  8
Layer_8
  62
254
  66
1
  10
0
  20
0
  30
0
  0
VERTEX
  5
822
  8
Layer_8
  10
27.472305
  20
396.51086
  0
VERTEX
  5
823
  8
Layer_8
  10
26.919342
  20
396.51135
  0
SEQEND
  0
POLYLINE
  5
825
  8
Layer_8
  62
254
  66
1
  10
0
  20
0
  30
0
  0
VERTEX
  5
825
  8
Layer_8
  10
19.17691
  20
396.51776
  0
VERTEX
  5
826
  8
Layer_8
  10
18.623856
  20
396.51819
  0
SEQEND
  0
POLYLINE
  5
828
  8
Layer_8
  62
254
  66
1
  10
0
  20
0
  30
0
  0
VERTEX
  5
828
  8
Layer_8
  10
10.051971
  20
396.5253
  0
VERTEX
  5
829
  8
Layer_8
  10
9.4989319
  20
396.52576
  0
SEQEND
  0
POLYLINE
  5
82b
  8
Layer_8
  62
254
  66
1
  10
0
  20
0
  30
0
  0
VERTEX
  5
82b
  8
Layer_8
  10
0.92697144
  20
396.53284
  0
VERTEX
  5
82c
  8
Layer_8
  10
0.37399292
  20
396.53333
  0
SEQEND
  0
POLYLINE
  5
82e
  8
Layer_8
  62
254
  66
1
  10
0
  20
0
  30
0
  0
VERTEX
  5
82e
  8
Layer_8
  10
21.665558
  20
396.51569
  0
VERTEX
  5
82f
  8
Layer_8
  10
21.112518
  20
396.51614
  0
SEQEND
  0
POLYLINE
  5
831
  8
Layer_8
  62
254
  66
1
  10
0
  20
0
  30
0
  0
VERTEX
  5
831
  8
Layer_8
  10
-27.906227
  20
415.60052
  0
VERTEX
  5
832
  8
Layer_8
  10
-27.353188
  20
415.60052
  0
SEQEND
  0
POLYLINE
  5
834
  8
Layer_8
  62
254
  66
1
  10
0
  20
0
  30
0
  0
VERTEX
  5
834
  8
Layer_8
  10
15.858734
  20
396.52051
  0
VERTEX
  5
835
  8
Layer_8
  10
15.305695
  20
396.52094
  0
SEQEND
  0
POLYLINE
  5
837
  8
Layer_8
  62
254
  66
1
  10
0
  20
0
  30
0
  0
VERTEX
  5
837
  8
Layer_8
  10
2.5860825
  20
396.53149
  0
VERTEX
  5
838
  8
Layer_8
  10
2.0330429
  20
396.53192
  0
SEQEND
  0
POLYLINE
  5
83a
  8
Layer_8
  62
254
  66
1
  10
0
  20
0
  30
0
  0
VERTEX
  5
83a
  8
Layer_8
  10
7.563324
  20
396.52734
  0
VERTEX
  5
83b
  8
Layer_8
  10
7.0102844
  20
396.52783
  0
SEQEND
  0
POLYLINE
  5
83d
  8
Layer_8
  62
254
  66
1
  10
0
  20
0
  30
0
  0
VERTEX
  5
83d
  8
Layer_8
  10
17.517853
  20
396.5191
  0
VERTEX
  5
83e
  8
Layer_8
  10
16.964813
  20
396.51959
  0
SEQEND
  0
POLYLINE
  5
840
  8
Layer_8
  62
254
  66
1
  10
0
  20
0
  30
0
  0
VERTEX
  5
840
  8
Layer_8
  10
5.0746765
  20
396.52942
  0
VERTEX
  5
841
  8
Layer_8
  10
4.5216904
  20
396.52988
  0
SEQEND
  0
POLYLINE
  5
843
  8
Layer_8
  62
254
  66
1
  10
0
  20
0
  30
0
  0
VERTEX
  5
843
  8
Layer_8
  10
-4.8797989
  20
396.53766
  0
VERTEX
  5
844
  8
Layer_8
  10
-5.4328384
  20
396.53812
  0
SEQEND
  0
POLYLINE
  5
846
  8
Layer_8
  62
254
  66
1
  10
0
  20
0
  30
0
  0
VERTEX
  5
846
  8
Layer_8
  10
8.3928528
  20
396.52667
  0
VERTEX
  5
847
  8
Layer_8
  10
7.8398132
  20
396.52713
  0
SEQEND
  0
POLYLINE
  5
849
  8
Layer_8
  62
254
  66
1
  10
0
  20
0
  30
0
  0
VERTEX
  5
849
  8
Layer_8
  10
23.324615
  20
396.51431
  0
VERTEX
  5
84a
  8
Layer_8
  10
22.771576
  20
396.51477
  0
SEQEND
  0
POLYLINE
  5
84c
  8
Layer_8
  62
254
  66
1
  10
0
  20
0
  30
0
  0
VERTEX
  5
84c
  8
Layer_8
  10
24.983734
  20
396.51294
  0
VERTEX
  5
84d
  8
Layer_8
  10
24.430695
  20
396.5134
  0
SEQEND
  0
POLYLINE
  5
84f
  8
Layer_8
  62
254
  66
1
  10
0
  20
0
  30
0
  0
VERTEX
  5
84f
  8
Layer_8
  10
10.881493
  20
396.5246
  0
VERTEX
  5
850
  8
Layer_8
  10
10.328453
  20
396.52509
  0
SEQEND
  0
POLYLINE
  5
852
  8
Layer_8
  62
254
  66
1
  10
0
  20
0
  30
0
  0
VERTEX
  5
852
  8
Layer_8
  10
-5.7093277
  20
396.53833
  0
VERTEX
  5
853
  8
Layer_8
  10
-6.2623672
  20
396.53882
  0
SEQEND
  0
POLYLINE
  5
855
  8
Layer_8
  62
254
  66
1
  10
0
  20
0
  30
0
  0
VERTEX
  5
855
  8
Layer_8
  10
-1.561615
  20
396.53491
  0
VERTEX
  5
856
  8
Layer_8
  10
-2.1146545
  20
396.53537
  0
SEQEND
  0
POLYLINE
  5
858
  8
Layer_8
  62
254
  66
1
  10
0
  20
0
  30
0
  0
VERTEX
  5
858
  8
Layer_8
  10
15.029205
  20
396.52118
  0
VERTEX
  5
859
  8
Layer_8
  10
14.476166
  20
396.52164
  0
SEQEND
  0
POLYLINE
  5
85b
  8
Layer_8
  62
254
  66
1
  10
0
  20
0
  30
0
  0
VERTEX
  5
85b
  8
Layer_8
  10
9.2224426
  20
396.526
  0
VERTEX
  5
85c
  8
Layer_8
  10
8.6694031
  20
396.52643
  0
SEQEND
  0
POLYLINE
  5
85e
  8
Layer_8
  62
254
  66
1
  10
0
  20
0
  30
0
  0
VERTEX
  5
85e
  8
Layer_8
  10
26.642792
  20
396.51157
  0
VERTEX
  5
85f
  8
Layer_8
  10
26.089752
  20
396.51202
  0
SEQEND
  0
POLYLINE
  5
861
  8
Layer_8
  62
254
  66
1
  10
0
  20
0
  30
0
  0
VERTEX
  5
861
  8
Layer_8
  10
20.006439
  20
396.51706
  0
VERTEX
  5
862
  8
Layer_8
  10
19.453445
  20
396.51752
  0
SEQEND
  0
POLYLINE
  5
864
  8
Layer_8
  62
254
  66
1
  10
0
  20
0
  30
0
  0
VERTEX
  5
864
  8
Layer_8
  10
-6.5389175
  20
396.53903
  0
VERTEX
  5
865
  8
Layer_8
  10
-7.0918884
  20
396.53949
  0
SEQEND
  0
POLYLINE
  5
867
  8
Layer_8
  62
254
  66
1
  10
0
  20
0
  30
0
  0
VERTEX
  5
867
  8
Layer_8
  10
-3.2207336
  20
396.53629
  0
VERTEX
  5
868
  8
Layer_8
  10
-3.7737808
  20
396.53674
  0
SEQEND
  0
POLYLINE
  5
86a
  8
Layer_8
  62
254
  66
1
  10
0
  20
0
  30
0
  0
VERTEX
  5
86a
  8
Layer_8
  10
-0.73208618
  20
396.53424
  0
VERTEX
  5
86b
  8
Layer_8
  10
-1.2851257
  20
396.53467
  0
SEQEND
  0
POLYLINE
  5
86d
  8
Layer_8
  62
254
  66
1
  10
0
  20
0
  30
0
  0
VERTEX
  5
86d
  8
Layer_8
  10
-4.0502701
  20
396.53699
  0
VERTEX
  5
86e
  8
Layer_8
  10
-4.6033096
  20
396.53741
  0
SEQEND
  0
POLYLINE
  5
870
  8
Layer_8
  62
254
  66
1
  10
0
  20
0
  30
0
  0
VERTEX
  5
870
  8
Layer_8
  10
6.7337952
  20
396.52805
  0
VERTEX
  5
871
  8
Layer_8
  10
6.1807556
  20
396.5285
  0
SEQEND
  0
POLYLINE
  5
873
  8
Layer_8
  62
254
  66
1
  10
0
  20
0
  30
0
  0
VERTEX
  5
873
  8
Layer_8
  10
12.54055
  20
396.52325
  0
VERTEX
  5
874
  8
Layer_8
  10
11.987572
  20
396.52368
  0
SEQEND
  0
POLYLINE
  5
876
  8
Layer_8
  62
254
  66
1
  10
0
  20
0
  30
0
  0
VERTEX
  5
876
  8
Layer_8
  10
5.9042664
  20
396.52875
  0
VERTEX
  5
877
  8
Layer_8
  10
5.3512192
  20
396.52917
  0
SEQEND
  0
POLYLINE
  5
879
  8
Layer_8
  62
254
  66
1
  10
0
  20
0
  30
0
  0
VERTEX
  5
879
  8
Layer_8
  10
13.370148
  20
396.52255
  0
VERTEX
  5
87a
  8
Layer_8
  10
12.817101
  20
396.52301
  0
SEQEND
  0
POLYLINE
  5
87c
  8
Layer_8
  62
254
  66
1
  10
0
  20
0
  30
0
  0
VERTEX
  5
87c
  8
Layer_8
  10
11.711021
  20
396.52393
  0
VERTEX
  5
87d
  8
Layer_8
  10
11.157982
  20
396.52438
  0
SEQEND
  0
POLYLINE
  5
87f
  8
Layer_8
  62
254
  66
1
  10
0
  20
0
  30
0
  0
VERTEX
  5
87f
  8
Layer_8
  10
22.495087
  20
396.51501
  0
VERTEX
  5
880
  8
Layer_8
  10
21.942047
  20
396.51544
  0
SEQEND
  0
POLYLINE
  5
882
  8
Layer_8
  62
254
  66
1
  10
0
  20
0
  30
0
  0
VERTEX
  5
882
  8
Layer_8
  10
25.813263
  20
396.51227
  0
VERTEX
  5
883
  8
Layer_8
  10
25.260223
  20
396.5127
  0
SEQEND
  0
POLYLINE
  5
885
  8
Layer_8
  62
254
  66
1
  10
0
  20
0
  30
0
  0
VERTEX
  5
885
  8
Layer_8
  10
14.199677
  20
396.52185
  0
VERTEX
  5
886
  8
Layer_8
  10
13.646637
  20
396.52234
  0
SEQEND
  0
POLYLINE
  5
888
  8
Layer_8
  62
254
  66
1
  10
0
  20
0
  30
0
  0
VERTEX
  5
888
  8
Layer_8
  10
18.347382
  20
396.51843
  0
VERTEX
  5
889
  8
Layer_8
  10
17.794342
  20
396.51889
  0
SEQEND
  0
POLYLINE
  5
88b
  8
Layer_8
  62
254
  66
1
  10
0
  20
0
  30
0
  0
VERTEX
  5
88b
  8
Layer_8
  10
20.836029
  20
396.51636
  0
VERTEX
  5
88c
  8
Layer_8
  10
20.28299
  20
396.51685
  0
SEQEND
  0
POLYLINE
  5
88e
  8
Layer_8
  62
254
  66
1
  10
0
  20
0
  30
0
  0
VERTEX
  5
88e
  8
Layer_8
  10
24.154144
  20
396.51361
  0
VERTEX
  5
88f
  8
Layer_8
  10
23.601166
  20
396.5141
  0
SEQEND
  0
POLYLINE
  5
891
  8
Layer_8
  62
254
  66
1
  10
0
  20
0
  30
0
  0
VERTEX
  5
891
  8
Layer_8
  10
1.7565613
  20
396.53217
  0
VERTEX
  5
892
  8
Layer_8
  10
1.2035217
  20
396.53262
  0
SEQEND
  0
POLYLINE
  5
894
  8
Layer_8
  62
254
  66
1
  10
0
  20
0
  30
0
  0
VERTEX
  5
894
  8
Layer_8
  10
16.688324
  20
396.51981
  0
VERTEX
  5
895
  8
Layer_8
  10
16.135284
  20
396.52026
  0
SEQEND
  0
POLYLINE
  5
897
  8
Layer_8
  62
254
  66
1
  10
0
  20
0
  30
0
  0
VERTEX
  5
897
  8
Layer_8
  10
0.097442627
  20
396.53354
  0
VERTEX
  5
898
  8
Layer_8
  10
-0.45559692
  20
396.534
  0
SEQEND
  0
POLYLINE
  5
89a
  8
Layer_8
  62
254
  66
1
  10
0
  20
0
  30
0
  0
VERTEX
  5
89a
  8
Layer_8
  10
-2.3911438
  20
396.53558
  0
VERTEX
  5
89b
  8
Layer_8
  10
-2.9441833
  20
396.53607
  0
SEQEND
  0
POLYLINE
  5
89d
  8
Layer_8
  62
254
  66
1
  10
0
  20
0
  30
0
  0
VERTEX
  5
89d
  8
Layer_8
  10
-8.1979675
  20
396.54041
  0
VERTEX
  5
89e
  8
Layer_8
  10
-8.7510071
  20
396.54086
  0
SEQEND
  0
POLYLINE
  5
8a0
  8
Layer_8
  62
254
  66
1
  10
0
  20
0
  30
0
  0
VERTEX
  5
8a0
  8
Layer_8
  10
3.4156113
  20
396.53079
  0
VERTEX
  5
8a1
  8
Layer_8
  10
2.8625717
  20
396.53125
  0
SEQEND
  0
POLYLINE
  5
8a3
  8
Layer_8
  62
254
  66
1
  10
0
  20
0
  30
0
  0
VERTEX
  5
8a3
  8
Layer_8
  10
-7.3684387
  20
396.53973
  0
VERTEX
  5
8a4
  8
Layer_8
  10
-7.9214783
  20
396.54016
  0
SEQEND
  0
POLYLINE
  5
8a6
  8
Layer_8
  62
254
  66
1
  10
0
  20
0
  30
0
  0
VERTEX
  5
8a6
  8
Layer_8
  10
-19.811554
  20
396.55002
  0
VERTEX
  5
8a7
  8
Layer_8
  10
-20.364594
  20
396.55048
  0
SEQEND
  0
POLYLINE
  5
8a9
  8
Layer_8
  62
254
  66
1
  10
0
  20
0
  30
0
  0
VERTEX
  5
8a9
  8
Layer_8
  10
-18.982025
  20
396.54932
  0
VERTEX
  5
8aa
  8
Layer_8
  10
-19.535065
  20
396.5498
  0
SEQEND
  0
POLYLINE
  5
8ac
  8
Layer_8
  62
254
  66
1
  10
0
  20
0
  30
0
  0
VERTEX
  5
8ac
  8
Layer_8
  10
-33.084259
  20
396.561
  0
VERTEX
  5
8ad
  8
Layer_8
  10
-33.637238
  20
396.56146
  0
SEQEND
  0
POLYLINE
  5
8af
  8
Layer_8
  62
254
  66
1
  10
0
  20
0
  30
0
  0
VERTEX
  5
8af
  8
Layer_8
  10
-54.375767
  20
396.56152
  0
VERTEX
  5
8b0
  8
Layer_8
  10
-54.928806
  20
396.55817
  0
SEQEND
  0
POLYLINE
  5
8b2
  8
Layer_8
  62
254
  66
1
  10
0
  20
0
  30
0
  0
VERTEX
  5
8b2
  8
Layer_8
  10
-18.152496
  20
396.54865
  0
VERTEX
  5
8b3
  8
Layer_8
  10
-18.705475
  20
396.5491
  0
SEQEND
  0
POLYLINE
  5
8b5
  8
Layer_8
  62
254
  66
1
  10
0
  20
0
  30
0
  0
VERTEX
  5
8b5
  8
Layer_8
  10
-38.061501
  20
396.56512
  0
VERTEX
  5
8b6
  8
Layer_8
  10
-38.61454
  20
396.56558
  0
SEQEND
  0
POLYLINE
  5
8b8
  8
Layer_8
  62
254
  66
1
  10
0
  20
0
  30
0
  0
VERTEX
  5
8b8
  8
Layer_8
  10
-21.470619
  20
396.55139
  0
VERTEX
  5
8b9
  8
Layer_8
  10
-22.023659
  20
396.55185
  0
SEQEND
  0
POLYLINE
  5
8bb
  8
Layer_8
  62
254
  66
1
  10
0
  20
0
  30
0
  0
VERTEX
  5
8bb
  8
Layer_8
  10
-56.864357
  20
396.54645
  0
VERTEX
  5
8bc
  8
Layer_8
  10
-57.417358
  20
396.54309
  0
SEQEND
  0
POLYLINE
  5
8be
  8
Layer_8
  62
254
  66
1
  10
0
  20
0
  30
0
  0
VERTEX
  5
8be
  8
Layer_8
  10
-23.959259
  20
396.55347
  0
VERTEX
  5
8bf
  8
Layer_8
  10
-24.512299
  20
396.55389
  0
SEQEND
  0
POLYLINE
  5
8c1
  8
Layer_8
  62
254
  66
1
  10
0
  20
0
  30
0
  0
VERTEX
  5
8c1
  8
Layer_8
  10
-46.356911
  20
396.57199
  0
VERTEX
  5
8c2
  8
Layer_8
  10
-46.90995
  20
396.57245
  0
SEQEND
  0
POLYLINE
  5
8c4
  8
Layer_8
  62
254
  66
1
  10
0
  20
0
  30
0
  0
VERTEX
  5
8c4
  8
Layer_8
  10
-31.425148
  20
396.55963
  0
VERTEX
  5
8c5
  8
Layer_8
  10
-31.978188
  20
396.56009
  0
SEQEND
  0
POLYLINE
  5
8c7
  8
Layer_8
  62
254
  66
1
  10
0
  20
0
  30
0
  0
VERTEX
  5
8c7
  8
Layer_8
  10
-12.34568
  20
396.54382
  0
VERTEX
  5
8c8
  8
Layer_8
  10
-12.89872
  20
396.54431
  0
SEQEND
  0
POLYLINE
  5
8ca
  8
Layer_8
  62
254
  66
1
  10
0
  20
0
  30
0
  0
VERTEX
  5
8ca
  8
Layer_8
  10
-14.834328
  20
396.5459
  0
VERTEX
  5
8cb
  8
Layer_8
  10
-15.387367
  20
396.54636
  0
SEQEND
  0
POLYLINE
  5
8cd
  8
Layer_8
  62
254
  66
1
  10
0
  20
0
  30
0
  0
VERTEX
  5
8cd
  8
Layer_8
  10
-44.697845
  20
396.57062
  0
VERTEX
  5
8ce
  8
Layer_8
  10
-45.250824
  20
396.57108
  0
SEQEND
  0
POLYLINE
  5
8d0
  8
Layer_8
  62
254
  66
1
  10
0
  20
0
  30
0
  0
VERTEX
  5
8d0
  8
Layer_8
  10
-41.379677
  20
396.56787
  0
VERTEX
  5
8d1
  8
Layer_8
  10
-41.932648
  20
396.56833
  0
SEQEND
  0
POLYLINE
  5
8d3
  8
Layer_8
  62
254
  66
1
  10
0
  20
0
  30
0
  0
VERTEX
  5
8d3
  8
Layer_8
  10
-24.788788
  20
396.55414
  0
VERTEX
  5
8d4
  8
Layer_8
  10
-25.341827
  20
396.5546
  0
SEQEND
  0
POLYLINE
  5
8d6
  8
Layer_8
  62
254
  66
1
  10
0
  20
0
  30
0
  0
VERTEX
  5
8d6
  8
Layer_8
  10
-53.546238
  20
396.56653
  0
VERTEX
  5
8d7
  8
Layer_8
  10
-54.099277
  20
396.56317
  0
SEQEND
  0
POLYLINE
  5
8d9
  8
Layer_8
  62
254
  66
1
  10
0
  20
0
  30
0
  0
VERTEX
  5
8d9
  8
Layer_8
  10
-34.743317
  20
396.56238
  0
VERTEX
  5
8da
  8
Layer_8
  10
-35.296356
  20
396.56284
  0
SEQEND
  0
POLYLINE
  5
8dc
  8
Layer_8
  62
254
  66
1
  10
0
  20
0
  30
0
  0
VERTEX
  5
8dc
  8
Layer_8
  10
-38.891029
  20
396.5658
  0
VERTEX
  5
8dd
  8
Layer_8
  10
-39.444069
  20
396.56628
  0
SEQEND
  0
POLYLINE
  5
8df
  8
Layer_8
  62
254
  66
1
  10
0
  20
0
  30
0
  0
VERTEX
  5
8df
  8
Layer_8
  10
-10.686615
  20
396.54248
  0
VERTEX
  5
8e0
  8
Layer_8
  10
-11.239594
  20
396.54291
  0
SEQEND
  0
POLYLINE
  5
8e2
  8
Layer_8
  62
254
  66
1
  10
0
  20
0
  30
0
  0
VERTEX
  5
8e2
  8
Layer_8
  10
-13.175209
  20
396.54453
  0
VERTEX
  5
8e3
  8
Layer_8
  10
-13.728249
  20
396.54498
  0
SEQEND
  0
POLYLINE
  5
8e5
  8
Layer_8
  62
254
  66
1
  10
0
  20
0
  30
0
  0
VERTEX
  5
8e5
  8
Layer_8
  10
-29.76609
  20
396.55826
  0
VERTEX
  5
8e6
  8
Layer_8
  10
-30.31913
  20
396.55872
  0
SEQEND
  0
POLYLINE
  5
8e8
  8
Layer_8
  62
254
  66
1
  10
0
  20
0
  30
0
  0
VERTEX
  5
8e8
  8
Layer_8
  10
-52.716705
  20
396.57153
  0
VERTEX
  5
8e9
  8
Layer_8
  10
-53.269749
  20
396.56821
  0
SEQEND
  0
POLYLINE
  5
8eb
  8
Layer_8
  62
254
  66
1
  10
0
  20
0
  30
0
  0
VERTEX
  5
8eb
  8
Layer_8
  10
-26.447906
  20
396.55551
  0
VERTEX
  5
8ec
  8
Layer_8
  10
-27.000946
  20
396.55597
  0
SEQEND
  0
POLYLINE
  5
8ee
  8
Layer_8
  62
254
  66
1
  10
0
  20
0
  30
0
  0
VERTEX
  5
8ee
  8
Layer_8
  10
-48.845558
  20
396.57404
  0
VERTEX
  5
8ef
  8
Layer_8
  10
-49.398598
  20
396.57452
  0
SEQEND
  0
POLYLINE
  5
8f1
  8
Layer_8
  62
254
  66
1
  10
0
  20
0
  30
0
  0
VERTEX
  5
8f1
  8
Layer_8
  10
-20.64109
  20
396.55072
  0
VERTEX
  5
8f2
  8
Layer_8
  10
-21.19413
  20
396.55115
  0
SEQEND
  0
POLYLINE
  5
8f4
  8
Layer_8
  62
254
  66
1
  10
0
  20
0
  30
0
  0
VERTEX
  5
8f4
  8
Layer_8
  10
-35.572845
  20
396.56305
  0
VERTEX
  5
8f5
  8
Layer_8
  10
-36.125885
  20
396.56354
  0
SEQEND
  0
POLYLINE
  5
8f7
  8
Layer_8
  62
254
  66
1
  10
0
  20
0
  30
0
  0
VERTEX
  5
8f7
  8
Layer_8
  10
-51.334137
  20
396.57611
  0
VERTEX
  5
8f8
  8
Layer_8
  10
-51.887177
  20
396.57657
  0
VERTEX
  5
8f9
  8
Layer_8
  10
-52.440216
  20
396.57324
  0
SEQEND
  0
POLYLINE
  5
8fb
  8
Layer_8
  62
254
  66
1
  10
0
  20
0
  30
0
  0
VERTEX
  5
8fb
  8
Layer_8
  10
-14.004799
  20
396.54523
  0
VERTEX
  5
8fc
  8
Layer_8
  10
-14.557777
  20
396.54565
  0
SEQEND
  0
POLYLINE
  5
8fe
  8
Layer_8
  62
254
  66
1
  10
0
  20
0
  30
0
  0
VERTEX
  5
8fe
  8
Layer_8
  10
-9.0274963
  20
396.54108
  0
VERTEX
  5
8ff
  8
Layer_8
  10
-9.5805359
  20
396.54156
  0
SEQEND
  0
POLYLINE
  5
901
  8
Layer_8
  62
254
  66
1
  10
0
  20
0
  30
0
  0
VERTEX
  5
901
  8
Layer_8
  10
-56.034828
  20
396.55145
  0
VERTEX
  5
902
  8
Layer_8
  10
-56.587837
  20
396.54813
  0
SEQEND
  0
POLYLINE
  5
904
  8
Layer_8
  62
254
  66
1
  10
0
  20
0
  30
0
  0
VERTEX
  5
904
  8
Layer_8
  10
-48.016029
  20
396.57336
  0
VERTEX
  5
905
  8
Layer_8
  10
-48.569008
  20
396.57382
  0
SEQEND
  0
POLYLINE
  5
907
  8
Layer_8
  62
254
  66
1
  10
0
  20
0
  30
0
  0
VERTEX
  5
907
  8
Layer_8
  10
-11.516144
  20
396.54315
  0
VERTEX
  5
908
  8
Layer_8
  10
-12.069183
  20
396.54361
  0
SEQEND
  0
POLYLINE
  5
90a
  8
Layer_8
  62
254
  66
1
  10
0
  20
0
  30
0
  0
VERTEX
  5
90a
  8
Layer_8
  10
-25.618378
  20
396.55481
  0
VERTEX
  5
90b
  8
Layer_8
  10
-26.171356
  20
396.5553
  0
SEQEND
  0
POLYLINE
  5
90d
  8
Layer_8
  62
254
  66
1
  10
0
  20
0
  30
0
  0
VERTEX
  5
90d
  8
Layer_8
  10
-43.038727
  20
396.56924
  0
VERTEX
  5
90e
  8
Layer_8
  10
-43.591766
  20
396.5697
  0
SEQEND
  0
POLYLINE
  5
910
  8
Layer_8
  62
254
  66
1
  10
0
  20
0
  30
0
  0
VERTEX
  5
910
  8
Layer_8
  10
-50.504608
  20
396.57544
  0
VERTEX
  5
911
  8
Layer_8
  10
-51.057648
  20
396.57587
  0
SEQEND
  0
POLYLINE
  5
913
  8
Layer_8
  62
254
  66
1
  10
0
  20
0
  30
0
  0
VERTEX
  5
913
  8
Layer_8
  10
-30.595619
  20
396.55896
  0
VERTEX
  5
914
  8
Layer_8
  10
-31.148659
  20
396.55939
  0
SEQEND
  0
POLYLINE
  5
916
  8
Layer_8
  62
254
  66
1
  10
0
  20
0
  30
0
  0
VERTEX
  5
916
  8
Layer_8
  10
-39.720558
  20
396.5665
  0
VERTEX
  5
917
  8
Layer_8
  10
-40.273598
  20
396.56696
  0
SEQEND
  0
POLYLINE
  5
919
  8
Layer_8
  62
254
  66
1
  10
0
  20
0
  30
0
  0
VERTEX
  5
919
  8
Layer_8
  10
-28.936501
  20
396.55756
  0
VERTEX
  5
91a
  8
Layer_8
  10
-29.48954
  20
396.55804
  0
SEQEND
  0
POLYLINE
  5
91c
  8
Layer_8
  62
254
  66
1
  10
0
  20
0
  30
0
  0
VERTEX
  5
91c
  8
Layer_8
  10
-17.322906
  20
396.54797
  0
VERTEX
  5
91d
  8
Layer_8
  10
-17.875946
  20
396.5484
  0
SEQEND
  0
POLYLINE
  5
91f
  8
Layer_8
  62
254
  66
1
  10
0
  20
0
  30
0
  0
VERTEX
  5
91f
  8
Layer_8
  10
-40.550087
  20
396.5672
  0
VERTEX
  5
920
  8
Layer_8
  10
-41.103119
  20
396.56763
  0
SEQEND
  0
POLYLINE
  5
922
  8
Layer_8
  62
254
  66
1
  10
0
  20
0
  30
0
  0
VERTEX
  5
922
  8
Layer_8
  10
-43.868256
  20
396.56995
  0
VERTEX
  5
923
  8
Layer_8
  10
-44.421295
  20
396.57037
  0
SEQEND
  0
POLYLINE
  5
925
  8
Layer_8
  62
254
  66
1
  10
0
  20
0
  30
0
  0
VERTEX
  5
925
  8
Layer_8
  10
-22.300209
  20
396.55206
  0
VERTEX
  5
926
  8
Layer_8
  10
-22.853188
  20
396.55255
  0
SEQEND
  0
POLYLINE
  5
928
  8
Layer_8
  62
254
  66
1
  10
0
  20
0
  30
0
  0
VERTEX
  5
928
  8
Layer_8
  10
-45.527374
  20
396.57129
  0
VERTEX
  5
929
  8
Layer_8
  10
-46.080414
  20
396.57178
  0
SEQEND
  0
POLYLINE
  5
92b
  8
Layer_8
  62
254
  66
1
  10
0
  20
0
  30
0
  0
VERTEX
  5
92b
  8
Layer_8
  10
-49.675087
  20
396.57474
  0
VERTEX
  5
92c
  8
Layer_8
  10
-50.228119
  20
396.5752
  0
SEQEND
  0
POLYLINE
  5
92e
  8
Layer_8
  62
254
  66
1
  10
0
  20
0
  30
0
  0
VERTEX
  5
92e
  8
Layer_8
  10
-55.205296
  20
396.55649
  0
VERTEX
  5
92f
  8
Layer_8
  10
-55.758308
  20
396.55316
  0
SEQEND
  0
POLYLINE
  5
931
  8
Layer_8
  62
254
  66
1
  10
0
  20
0
  30
0
  0
VERTEX
  5
931
  8
Layer_8
  10
-27.277435
  20
396.55621
  0
VERTEX
  5
932
  8
Layer_8
  10
-27.830475
  20
396.55664
  0
SEQEND
  0
POLYLINE
  5
934
  8
Layer_8
  62
254
  66
1
  10
0
  20
0
  30
0
  0
VERTEX
  5
934
  8
Layer_8
  10
-32.254677
  20
396.5603
  0
VERTEX
  5
935
  8
Layer_8
  10
-32.807709
  20
396.56079
  0
SEQEND
  0
POLYLINE
  5
937
  8
Layer_8
  62
254
  66
1
  10
0
  20
0
  30
0
  0
VERTEX
  5
937
  8
Layer_8
  10
-23.129738
  20
396.55276
  0
VERTEX
  5
938
  8
Layer_8
  10
-23.682777
  20
396.55322
  0
SEQEND
  0
POLYLINE
  5
93a
  8
Layer_8
  62
254
  66
1
  10
0
  20
0
  30
0
  0
VERTEX
  5
93a
  8
Layer_8
  10
-28.106964
  20
396.55688
  0
VERTEX
  5
93b
  8
Layer_8
  10
-28.660004
  20
396.55734
  0
SEQEND
  0
POLYLINE
  5
93d
  8
Layer_8
  62
254
  66
1
  10
0
  20
0
  30
0
  0
VERTEX
  5
93d
  8
Layer_8
  10
-37.231964
  20
396.56445
  0
VERTEX
  5
93e
  8
Layer_8
  10
-37.78495
  20
396.56488
  0
SEQEND
  0
POLYLINE
  5
940
  8
Layer_8
  62
254
  66
1
  10
0
  20
0
  30
0
  0
VERTEX
  5
940
  8
Layer_8
  10
-15.663849
  20
396.54657
  0
VERTEX
  5
941
  8
Layer_8
  10
-16.216888
  20
396.54706
  0
SEQEND
  0
POLYLINE
  5
943
  8
Layer_8
  62
254
  66
1
  10
0
  20
0
  30
0
  0
VERTEX
  5
943
  8
Layer_8
  10
-33.913788
  20
396.56171
  0
VERTEX
  5
944
  8
Layer_8
  10
-34.466827
  20
396.56213
  0
SEQEND
  0
POLYLINE
  5
946
  8
Layer_8
  62
254
  66
1
  10
0
  20
0
  30
0
  0
VERTEX
  5
946
  8
Layer_8
  10
-9.8570251
  20
396.54178
  0
VERTEX
  5
947
  8
Layer_8
  10
-10.410065
  20
396.54224
  0
SEQEND
  0
POLYLINE
  5
949
  8
Layer_8
  62
254
  66
1
  10
0
  20
0
  30
0
  0
VERTEX
  5
949
  8
Layer_8
  10
-36.402374
  20
396.56375
  0
VERTEX
  5
94a
  8
Layer_8
  10
-36.955414
  20
396.56421
  0
SEQEND
  0
POLYLINE
  5
94c
  8
Layer_8
  62
254
  66
1
  10
0
  20
0
  30
0
  0
VERTEX
  5
94c
  8
Layer_8
  10
-16.493378
  20
396.54727
  0
VERTEX
  5
94d
  8
Layer_8
  10
-17.046417
  20
396.54773
  0
SEQEND
  0
POLYLINE
  5
94f
  8
Layer_8
  62
254
  66
1
  10
0
  20
0
  30
0
  0
VERTEX
  5
94f
  8
Layer_8
  10
-47.18644
  20
396.57269
  0
VERTEX
  5
950
  8
Layer_8
  10
-47.739479
  20
396.57312
  0
SEQEND
  0
POLYLINE
  5
952
  8
Layer_8
  62
254
  66
1
  10
0
  20
0
  30
0
  0
VERTEX
  5
952
  8
Layer_8
  10
-42.209198
  20
396.56854
  0
VERTEX
  5
953
  8
Layer_8
  10
-42.762238
  20
396.56903
  0
SEQEND
  0
POLYLINE
  5
955
  8
Layer_8
  62
254
  66
1
  10
0
  20
0
  30
0
  0
VERTEX
  5
955
  8
Layer_8
  10
-57.693878
  20
396.54144
  0
VERTEX
  5
956
  8
Layer_8
  10
-58.246887
  20
396.53809
  0
SEQEND
  0
POLYLINE
  5
958
  8
Layer_8
  62
254
  66
1
  10
0
  20
0
  30
0
  0
VERTEX
  5
958
  8
Layer_8
  10
-64.330109
  20
396.50128
  0
VERTEX
  5
959
  8
Layer_8
  10
-64.883087
  20
396.49792
  0
SEQEND
  0
POLYLINE
  5
95b
  8
Layer_8
  62
254
  66
1
  10
0
  20
0
  30
0
  0
VERTEX
  5
95b
  8
Layer_8
  10
-61.011997
  20
396.52136
  0
VERTEX
  5
95c
  8
Layer_8
  10
-61.565006
  20
396.51801
  0
SEQEND
  0
POLYLINE
  5
95e
  8
Layer_8
  62
254
  66
1
  10
0
  20
0
  30
0
  0
VERTEX
  5
95e
  8
Layer_8
  10
-61.841526
  20
396.51636
  0
VERTEX
  5
95f
  8
Layer_8
  10
-62.394539
  20
396.513
  0
SEQEND
  0
POLYLINE
  5
961
  8
Layer_8
  62
254
  66
1
  10
0
  20
0
  30
0
  0
VERTEX
  5
961
  8
Layer_8
  10
-59.352936
  20
396.5314
  0
VERTEX
  5
962
  8
Layer_8
  10
-59.905949
  20
396.52805
  0
SEQEND
  0
POLYLINE
  5
964
  8
Layer_8
  62
254
  66
1
  10
0
  20
0
  30
0
  0
VERTEX
  5
964
  8
Layer_8
  10
-65.159637
  20
396.49628
  0
VERTEX
  5
965
  8
Layer_8
  10
-65.712646
  20
396.49292
  0
SEQEND
  0
POLYLINE
  5
967
  8
Layer_8
  62
254
  66
1
  10
0
  20
0
  30
0
  0
VERTEX
  5
967
  8
Layer_8
  10
-66.818665
  20
396.48621
  0
VERTEX
  5
968
  8
Layer_8
  10
-67.371674
  20
396.48288
  0
SEQEND
  0
POLYLINE
  5
96a
  8
Layer_8
  62
254
  66
1
  10
0
  20
0
  30
0
  0
VERTEX
  5
96a
  8
Layer_8
  10
-60.182468
  20
396.52637
  0
VERTEX
  5
96b
  8
Layer_8
  10
-60.735477
  20
396.52304
  0
SEQEND
  0
POLYLINE
  5
96d
  8
Layer_8
  62
254
  66
1
  10
0
  20
0
  30
0
  0
VERTEX
  5
96d
  8
Layer_8
  10
-58.523407
  20
396.53644
  0
VERTEX
  5
96e
  8
Layer_8
  10
-59.076416
  20
396.53308
  0
SEQEND
  0
POLYLINE
  5
970
  8
Layer_8
  62
254
  66
1
  10
0
  20
0
  30
0
  0
VERTEX
  5
970
  8
Layer_8
  10
-63.500557
  20
396.50629
  0
VERTEX
  5
971
  8
Layer_8
  10
-64.053589
  20
396.50296
  0
SEQEND
  0
POLYLINE
  5
973
  8
Layer_8
  62
254
  66
1
  10
0
  20
0
  30
0
  0
VERTEX
  5
973
  8
Layer_8
  10
-65.989136
  20
396.49124
  0
VERTEX
  5
974
  8
Layer_8
  10
-66.542175
  20
396.48792
  0
SEQEND
  0
POLYLINE
  5
976
  8
Layer_8
  62
254
  66
1
  10
0
  20
0
  30
0
  0
VERTEX
  5
976
  8
Layer_8
  10
-62.671059
  20
396.51132
  0
VERTEX
  5
977
  8
Layer_8
  10
-63.224068
  20
396.508
  0
SEQEND
  0
POLYLINE
  5
979
  8
Layer_8
  62
254
  66
1
  10
0
  20
0
  30
0
  0
VERTEX
  5
979
  8
Layer_8
  10
89.342438
  20
424.67169
  0
VERTEX
  5
97a
  8
Layer_8
  10
89.895477
  20
424.67169
  0
SEQEND
  0
POLYLINE
  5
97c
  8
Layer_8
  62
254
  66
1
  10
0
  20
0
  30
0
  0
VERTEX
  5
97c
  8
Layer_8
  10
108.42191
  20
424.67169
  0
VERTEX
  5
97d
  8
Layer_8
  10
108.97495
  20
424.67169
  0
SEQEND
  0
POLYLINE
  5
97f
  8
Layer_8
  62
254
  70
1
  66
1
  10
0
  20
0
  30
0
  0
VERTEX
  5
97f
  8
Layer_8
  10
-15.233498
  20
332.51733
  42
0.41421498
  0
VERTEX
  5
980
  8
Layer_8
  10
-18.083466
  20
329.66733
  42
0.41421072
  0
VERTEX
  5
981
  8
Layer_8
  10
-15.233498
  20
326.81732
  42
0.4142164
  0
VERTEX
  5
982
  8
Layer_8
  10
-12.383514
  20
329.66733
  42
0.41421498
  0
SEQEND
  0
POLYLINE
  5
984
  8
Layer_8
  62
254
  66
1
  10
0
  20
0
  30
0
  0
VERTEX
  5
984
  8
Layer_8
  10
94.319672
  20
424.67169
  0
VERTEX
  5
985
  8
Layer_8
  10
94.872711
  20
424.67169
  0
SEQEND
  0
POLYLINE
  5
987
  8
Layer_8
  62
254
  66
1
  10
0
  20
0
  30
0
  0
VERTEX
  5
987
  8
Layer_8
  10
120.03549
  20
424.67169
  0
VERTEX
  5
988
  8
Layer_8
  10
120.58853
  20
424.67169
  0
SEQEND
  0
POLYLINE
  5
98a
  8
Layer_8
  62
254
  66
1
  10
0
  20
0
  30
0
  0
VERTEX
  5
98a
  8
Layer_8
  10
79.387909
  20
424.67169
  0
VERTEX
  5
98b
  8
Layer_8
  10
79.940948
  20
424.67169
  0
SEQEND
  0
POLYLINE
  5
98d
  8
Layer_8
  62
254
  66
1
  10
0
  20
0
  30
0
  0
VERTEX
  5
98d
  8
Layer_8
  10
95.149261
  20
424.67169
  0
VERTEX
  5
98e
  8
Layer_8
  10
95.70224
  20
424.67169
  0
SEQEND
  0
POLYLINE
  5
990
  8
Layer_8
  62
254
  66
1
  10
0
  20
0
  30
0
  0
VERTEX
  5
990
  8
Layer_8
  10
81.876556
  20
424.67169
  0
VERTEX
  5
991
  8
Layer_8
  10
82.429596
  20
424.67169
  0
SEQEND
  0
POLYLINE
  5
993
  8
Layer_8
  62
254
  66
1
  10
0
  20
0
  30
0
  0
VERTEX
  5
993
  8
Layer_8
  10
83.535614
  20
424.67169
  0
VERTEX
  5
994
  8
Layer_8
  10
84.088654
  20
424.67169
  0
SEQEND
  0
POLYLINE
  5
996
  8
Layer_8
  62
254
  66
1
  10
0
  20
0
  30
0
  0
VERTEX
  5
996
  8
Layer_8
  10
81.047028
  20
424.67169
  0
VERTEX
  5
997
  8
Layer_8
  10
81.600067
  20
424.67169
  0
SEQEND
  0
POLYLINE
  5
999
  8
Layer_8
  62
254
  66
1
  10
0
  20
0
  30
0
  0
VERTEX
  5
999
  8
Layer_8
  10
78.55838
  20
424.67169
  0
VERTEX
  5
99a
  8
Layer_8
  10
79.11142
  20
424.67169
  0
SEQEND
  0
POLYLINE
  5
99c
  8
Layer_8
  62
254
  70
1
  66
1
  10
0
  20
0
  30
0
  0
VERTEX
  5
99c
  8
Layer_8
  10
-18.059357
  20
408.41995
  42
0.41421214
  0
VERTEX
  5
99d
  8
Layer_8
  10
-15.209389
  20
405.56995
  42
0.4142164
  0
VERTEX
  5
99e
  8
Layer_8
  10
-12.359406
  20
408.41995
  42
0.41421356
  0
VERTEX
  5
99f
  8
Layer_8
  10
-15.209389
  20
411.26996
  42
0.41421072
  0
SEQEND
  0
POLYLINE
  5
9a1
  8
Layer_8
  62
254
  66
1
  10
0
  20
0
  30
0
  0
VERTEX
  5
9a1
  8
Layer_8
  10
110.08102
  20
424.67169
  0
VERTEX
  5
9a2
  8
Layer_8
  10
110.634
  20
424.67169
  0
SEQEND
  0
POLYLINE
  5
9a4
  8
Layer_8
  62
254
  66
1
  10
0
  20
0
  30
0
  0
VERTEX
  5
9a4
  8
Layer_8
  10
129.16049
  20
424.67169
  0
VERTEX
  5
9a5
  8
Layer_8
  10
129.71347
  20
424.67169
  0
SEQEND
  0
POLYLINE
  5
9a7
  8
Layer_8
  62
254
  66
1
  10
0
  20
0
  30
0
  0
VERTEX
  5
9a7
  8
Layer_8
  10
95.97879
  20
424.67169
  0
VERTEX
  5
9a8
  8
Layer_8
  10
96.53183
  20
424.67169
  0
SEQEND
  0
POLYLINE
  5
9aa
  8
Layer_8
  62
254
  66
1
  10
0
  20
0
  30
0
  0
VERTEX
  5
9aa
  8
Layer_8
  10
99.296967
  20
424.67169
  0
VERTEX
  5
9ab
  8
Layer_8
  10
99.849945
  20
424.67169
  0
SEQEND
  0
POLYLINE
  5
9ad
  8
Layer_8
  62
254
  70
1
  66
1
  10
0
  20
0
  30
0
  0
VERTEX
  5
9ad
  8
Layer_8
  10
-67.380898
  20
339.68842
  42
0.41421356
  0
VERTEX
  5
9ae
  8
Layer_8
  10
-64.530884
  20
336.83841
  42
0.41421356
  0
VERTEX
  5
9af
  8
Layer_8
  10
-61.680878
  20
339.68842
  42
0.41421285
  0
VERTEX
  5
9b0
  8
Layer_8
  10
-64.530884
  20
342.53839
  42
0.41421143
  0
SEQEND
  0
POLYLINE
  5
9b2
  8
Layer_8
  62
254
  70
1
  66
1
  10
0
  20
0
  30
0
  0
VERTEX
  5
9b2
  8
Layer_8
  10
145.37253
  20
340.75903
  42
0.4142164
  0
VERTEX
  5
9b3
  8
Layer_8
  10
148.22256
  20
343.60901
  42
0.4142164
  0
VERTEX
  5
9b4
  8
Layer_8
  10
145.37253
  20
346.45905
  42
0.4142164
  0
VERTEX
  5
9b5
  8
Layer_8
  10
142.52249
  20
343.60901
  42
0.4142164
  0
SEQEND
  0
POLYLINE
  5
9b7
  8
Layer_8
  62
254
  66
1
  10
0
  20
0
  30
0
  0
VERTEX
  5
9b7
  8
Layer_8
  10
119.20596
  20
424.67169
  0
VERTEX
  5
9b8
  8
Layer_8
  10
119.759
  20
424.67169
  0
SEQEND
  0
POLYLINE
  5
9ba
  8
Layer_8
  62
254
  66
1
  10
0
  20
0
  30
0
  0
VERTEX
  5
9ba
  8
Layer_8
  10
129.99001
  20
424.67169
  0
VERTEX
  5
9bb
  8
Layer_8
  10
130.54306
  20
424.67169
  0
SEQEND
  0
POLYLINE
  5
9bd
  8
Layer_8
  62
254
  70
1
  66
1
  10
0
  20
0
  30
0
  0
VERTEX
  5
9bd
  8
Layer_8
  10
-64.569489
  20
430.46692
  42
0.41421782
  0
VERTEX
  5
9be
  8
Layer_8
  10
-61.719486
  20
433.31689
  42
0.41421427
  0
VERTEX
  5
9bf
  8
Layer_8
  10
-64.569489
  20
436.16693
  42
0.41421285
  0
VERTEX
  5
9c0
  8
Layer_8
  10
-67.419495
  20
433.31689
  42
0.41421569
  0
SEQEND
  0
POLYLINE
  5
9c2
  8
Layer_8
  62
254
  70
1
  66
1
  10
0
  20
0
  30
0
  0
VERTEX
  5
9c2
  8
Layer_8
  10
110.59689
  20
357.1734
  42
0.41420788
  0
VERTEX
  5
9c3
  8
Layer_8
  10
107.74692
  20
354.32343
  42
0.41421072
  0
VERTEX
  5
9c4
  8
Layer_8
  10
110.59689
  20
351.47345
  42
0.41421072
  0
VERTEX
  5
9c5
  8
Layer_8
  10
113.44687
  20
354.32343
  42
0.41421072
  0
SEQEND
  0
POLYLINE
  5
9c7
  8
Layer_8
  62
254
  66
1
  10
0
  20
0
  30
0
  0
VERTEX
  5
9c7
  8
Layer_8
  10
133.3082
  20
424.67169
  0
VERTEX
  5
9c8
  8
Layer_8
  10
133.73251
  20
424.67169
  0
SEQEND
  0
POLYLINE
  5
9ca
  8
Layer_8
  62
254
  66
1
  10
0
  20
0
  30
0
  0
VERTEX
  5
9ca
  8
Layer_8
  10
102.61508
  20
424.67169
  0
VERTEX
  5
9cb
  8
Layer_8
  10
103.16812
  20
424.67169
  0
SEQEND
  0
POLYLINE
  5
9cd
  8
Layer_8
  62
254
  66
1
  10
0
  20
0
  30
0
  0
VERTEX
  5
9cd
  8
Layer_8
  10
131.64908
  20
424.67169
  0
VERTEX
  5
9ce
  8
Layer_8
  10
132.20212
  20
424.67169
  0
SEQEND
  0
POLYLINE
  5
9d0
  8
Layer_8
  62
254
  66
1
  10
0
  20
0
  30
0
  0
VERTEX
  5
9d0
  8
Layer_8
  10
101.78555
  20
424.67169
  0
VERTEX
  5
9d1
  8
Layer_8
  10
102.33859
  20
424.67169
  0
SEQEND
  0
POLYLINE
  5
9d3
  8
Layer_8
  62
254
  66
1
  10
0
  20
0
  30
0
  0
VERTEX
  5
9d3
  8
Layer_8
  10
115.05826
  20
424.67169
  0
VERTEX
  5
9d4
  8
Layer_8
  10
115.6113
  20
424.67169
  0
SEQEND
  0
POLYLINE
  5
9d6
  8
Layer_8
  62
254
  66
1
  10
0
  20
0
  30
0
  0
VERTEX
  5
9d6
  8
Layer_8
  10
121.6946
  20
424.67169
  0
VERTEX
  5
9d7
  8
Layer_8
  10
122.24765
  20
424.67169
  0
SEQEND
  0
POLYLINE
  5
9d9
  8
Layer_8
  62
254
  66
1
  10
0
  20
0
  30
0
  0
VERTEX
  5
9d9
  8
Layer_8
  10
132.47861
  20
424.67169
  0
VERTEX
  5
9da
  8
Layer_8
  10
133.03165
  20
424.67169
  0
SEQEND
  0
POLYLINE
  5
9dc
  8
Layer_8
  62
254
  66
1
  10
0
  20
0
  30
0
  0
VERTEX
  5
9dc
  8
Layer_8
  10
103.44467
  20
424.67169
  0
VERTEX
  5
9dd
  8
Layer_8
  10
103.99771
  20
424.67169
  0
SEQEND
  0
POLYLINE
  5
9df
  8
Layer_8
  62
254
  66
1
  10
0
  20
0
  30
0
  0
VERTEX
  5
9df
  8
Layer_8
  10
87.683319
  20
424.67169
  0
VERTEX
  5
9e0
  8
Layer_8
  10
88.236359
  20
424.67169
  0
SEQEND
  0
POLYLINE
  5
9e2
  8
Layer_8
  62
254
  66
1
  10
0
  20
0
  30
0
  0
VERTEX
  5
9e2
  8
Layer_8
  10
85.194733
  20
424.67169
  0
VERTEX
  5
9e3
  8
Layer_8
  10
85.747772
  20
424.67169
  0
SEQEND
  0
POLYLINE
  5
9e5
  8
Layer_8
  62
254
  66
1
  10
0
  20
0
  30
0
  0
VERTEX
  5
9e5
  8
Layer_8
  10
113.39914
  20
424.67169
  0
VERTEX
  5
9e6
  8
Layer_8
  10
113.95218
  20
424.67169
  0
SEQEND
  0
POLYLINE
  5
9e8
  8
Layer_8
  62
254
  66
1
  10
0
  20
0
  30
0
  0
VERTEX
  5
9e8
  8
Layer_8
  10
128.3309
  20
424.67169
  0
VERTEX
  5
9e9
  8
Layer_8
  10
128.88394
  20
424.67169
  0
SEQEND
  0
POLYLINE
  5
9eb
  8
Layer_8
  62
254
  70
1
  66
1
  10
0
  20
0
  30
0
  0
VERTEX
  5
9eb
  8
Layer_8
  10
-12.272614
  20
364.60434
  42
0.41421214
  0
VERTEX
  5
9ec
  8
Layer_8
  10
-15.122589
  20
367.45435
  42
0.41421214
  0
VERTEX
  5
9ed
  8
Layer_8
  10
-17.972565
  20
364.60434
  42
0.41421214
  0
VERTEX
  5
9ee
  8
Layer_8
  10
-15.122589
  20
361.75433
  42
0.41421214
  0
SEQEND
  0
POLYLINE
  5
9f0
  8
Layer_8
  62
254
  70
1
  66
1
  10
0
  20
0
  30
0
  0
VERTEX
  5
9f0
  8
Layer_8
  10
113.44687
  20
417.74606
  42
0.41421072
  0
VERTEX
  5
9f1
  8
Layer_8
  10
110.59689
  20
420.59607
  42
0.41420788
  0
VERTEX
  5
9f2
  8
Layer_8
  10
107.74692
  20
417.74606
  42
0.41421356
  0
VERTEX
  5
9f3
  8
Layer_8
  10
110.59689
  20
414.89606
  42
0.41421356
  0
SEQEND
  0
POLYLINE
  5
9f5
  8
Layer_8
  62
254
  66
1
  10
0
  20
0
  30
0
  0
VERTEX
  5
9f5
  8
Layer_8
  10
122.52414
  20
424.67169
  0
VERTEX
  5
9f6
  8
Layer_8
  10
123.07718
  20
424.67169
  0
SEQEND
  0
POLYLINE
  5
9f8
  8
Layer_8
  62
254
  66
1
  10
0
  20
0
  30
0
  0
VERTEX
  5
9f8
  8
Layer_8
  10
111.74008
  20
424.67169
  0
VERTEX
  5
9f9
  8
Layer_8
  10
112.29312
  20
424.67169
  0
SEQEND
  0
POLYLINE
  5
9fb
  8
Layer_8
  62
254
  66
1
  10
0
  20
0
  30
0
  0
VERTEX
  5
9fb
  8
Layer_8
  10
104.2742
  20
424.67169
  0
VERTEX
  5
9fc
  8
Layer_8
  10
104.82724
  20
424.67169
  0
SEQEND
  0
POLYLINE
  5
9fe
  8
Layer_8
  62
254
  66
1
  10
0
  20
0
  30
0
  0
VERTEX
  5
9fe
  8
Layer_8
  10
93.490143
  20
424.67169
  0
VERTEX
  5
9ff
  8
Layer_8
  10
94.043182
  20
424.67169
  0
SEQEND
  0
POLYLINE
  5
a01
  8
Layer_8
  62
254
  66
1
  10
0
  20
0
  30
0
  0
VERTEX
  5
a01
  8
Layer_8
  10
114.22873
  20
424.67169
  0
VERTEX
  5
a02
  8
Layer_8
  10
114.78171
  20
424.67169
  0
SEQEND
  0
POLYLINE
  5
a04
  8
Layer_8
  62
254
  66
1
  10
0
  20
0
  30
0
  0
VERTEX
  5
a04
  8
Layer_8
  10
112.5696
  20
424.67169
  0
VERTEX
  5
a05
  8
Layer_8
  10
113.12265
  20
424.67169
  0
SEQEND
  0
POLYLINE
  5
a07
  8
Layer_8
  62
254
  66
1
  10
0
  20
0
  30
0
  0
VERTEX
  5
a07
  8
Layer_8
  10
105.93332
  20
424.67169
  0
VERTEX
  5
a08
  8
Layer_8
  10
106.4863
  20
424.67169
  0
SEQEND
  0
POLYLINE
  5
a0a
  8
Layer_8
  62
254
  66
1
  10
0
  20
0
  30
0
  0
VERTEX
  5
a0a
  8
Layer_8
  10
96.808319
  20
424.67169
  0
VERTEX
  5
a0b
  8
Layer_8
  10
97.361359
  20
424.67169
  0
SEQEND
  0
POLYLINE
  5
a0d
  8
Layer_8
  62
254
  66
1
  10
0
  20
0
  30
0
  0
VERTEX
  5
a0d
  8
Layer_8
  10
106.76285
  20
424.67169
  0
VERTEX
  5
a0e
  8
Layer_8
  10
107.31589
  20
424.67169
  0
SEQEND
  0
POLYLINE
  5
a10
  8
Layer_8
  62
254
  66
1
  10
0
  20
0
  30
0
  0
VERTEX
  5
a10
  8
Layer_8
  10
76.069733
  20
424.67169
  0
VERTEX
  5
a11
  8
Layer_8
  10
76.622772
  20
424.67169
  0
SEQEND
  0
POLYLINE
  5
a13
  8
Layer_8
  62
254
  66
1
  10
0
  20
0
  30
0
  0
VERTEX
  5
a13
  8
Layer_8
  10
92.660614
  20
424.67169
  0
VERTEX
  5
a14
  8
Layer_8
  10
93.213654
  20
424.67169
  0
SEQEND
  0
POLYLINE
  5
a16
  8
Layer_8
  62
254
  66
1
  10
0
  20
0
  30
0
  0
VERTEX
  5
a16
  8
Layer_8
  10
125.01279
  20
424.67169
  0
VERTEX
  5
a17
  8
Layer_8
  10
125.56577
  20
424.67169
  0
SEQEND
  0
POLYLINE
  5
a19
  8
Layer_8
  62
254
  66
1
  10
0
  20
0
  30
0
  0
VERTEX
  5
a19
  8
Layer_8
  10
98.467377
  20
424.67169
  0
VERTEX
  5
a1a
  8
Layer_8
  10
99.020416
  20
424.67169
  0
SEQEND
  0
POLYLINE
  5
a1c
  8
Layer_8
  62
254
  66
1
  10
0
  20
0
  30
0
  0
VERTEX
  5
a1c
  8
Layer_8
  10
100.95602
  20
424.67169
  0
VERTEX
  5
a1d
  8
Layer_8
  10
101.50906
  20
424.67169
  0
SEQEND
  0
POLYLINE
  5
a1f
  8
Layer_8
  62
254
  66
1
  10
0
  20
0
  30
0
  0
VERTEX
  5
a1f
  8
Layer_8
  10
88.512909
  20
424.67169
  0
VERTEX
  5
a20
  8
Layer_8
  10
89.065887
  20
424.67169
  0
SEQEND
  0
POLYLINE
  5
a22
  8
Layer_8
  62
254
  66
1
  10
0
  20
0
  30
0
  0
VERTEX
  5
a22
  8
Layer_8
  10
126.67184
  20
424.67169
  0
VERTEX
  5
a23
  8
Layer_8
  10
127.22488
  20
424.67169
  0
SEQEND
  0
POLYLINE
  5
a25
  8
Layer_8
  62
254
  66
1
  10
0
  20
0
  30
0
  0
VERTEX
  5
a25
  8
Layer_8
  10
125.84232
  20
424.67169
  0
VERTEX
  5
a26
  8
Layer_8
  10
126.39536
  20
424.67169
  0
SEQEND
  0
POLYLINE
  5
a28
  8
Layer_8
  62
254
  66
1
  10
0
  20
0
  30
0
  0
VERTEX
  5
a28
  8
Layer_8
  10
86.85379
  20
424.67169
  0
VERTEX
  5
a29
  8
Layer_8
  10
87.40683
  20
424.67169
  0
SEQEND
  0
POLYLINE
  5
a2b
  8
Layer_8
  62
254
  66
1
  10
0
  20
0
  30
0
  0
VERTEX
  5
a2b
  8
Layer_8
  10
130.81955
  20
424.67169
  0
VERTEX
  5
a2c
  8
Layer_8
  10
131.37259
  20
424.67169
  0
SEQEND
  0
POLYLINE
  5
a2e
  8
Layer_8
  62
254
  66
1
  10
0
  20
0
  30
0
  0
VERTEX
  5
a2e
  8
Layer_8
  10
86.024261
  20
424.67169
  0
VERTEX
  5
a2f
  8
Layer_8
  10
86.577301
  20
424.67169
  0
SEQEND
  0
POLYLINE
  5
a31
  8
Layer_8
  62
254
  66
1
  10
0
  20
0
  30
0
  0
VERTEX
  5
a31
  8
Layer_8
  10
97.637848
  20
424.67169
  0
VERTEX
  5
a32
  8
Layer_8
  10
98.190887
  20
424.67169
  0
SEQEND
  0
POLYLINE
  5
a34
  8
Layer_8
  62
254
  66
1
  10
0
  20
0
  30
0
  0
VERTEX
  5
a34
  8
Layer_8
  10
120.86501
  20
424.67169
  0
VERTEX
  5
a35
  8
Layer_8
  10
121.41806
  20
424.67169
  0
SEQEND
  0
POLYLINE
  5
a37
  8
Layer_8
  62
254
  66
1
  10
0
  20
0
  30
0
  0
VERTEX
  5
a37
  8
Layer_8
  10
91.831085
  20
424.67169
  0
VERTEX
  5
a38
  8
Layer_8
  10
92.384064
  20
424.67169
  0
SEQEND
  0
POLYLINE
  5
a3a
  8
Layer_8
  62
254
  66
1
  10
0
  20
0
  30
0
  0
VERTEX
  5
a3a
  8
Layer_8
  10
117.54684
  20
424.67169
  0
VERTEX
  5
a3b
  8
Layer_8
  10
118.09988
  20
424.67169
  0
SEQEND
  0
POLYLINE
  5
a3d
  8
Layer_8
  62
254
  66
1
  10
0
  20
0
  30
0
  0
VERTEX
  5
a3d
  8
Layer_8
  10
100.1265
  20
424.67169
  0
VERTEX
  5
a3e
  8
Layer_8
  10
100.67953
  20
424.67169
  0
SEQEND
  0
POLYLINE
  5
a40
  8
Layer_8
  62
254
  66
1
  10
0
  20
0
  30
0
  0
VERTEX
  5
a40
  8
Layer_8
  10
116.71732
  20
424.67169
  0
VERTEX
  5
a41
  8
Layer_8
  10
117.27036
  20
424.67169
  0
SEQEND
  0
POLYLINE
  5
a43
  8
Layer_8
  62
254
  66
1
  10
0
  20
0
  30
0
  0
VERTEX
  5
a43
  8
Layer_8
  10
118.37643
  20
424.67169
  0
VERTEX
  5
a44
  8
Layer_8
  10
118.92947
  20
424.67169
  0
SEQEND
  0
POLYLINE
  5
a46
  8
Layer_8
  62
254
  66
1
  10
0
  20
0
  30
0
  0
VERTEX
  5
a46
  8
Layer_8
  10
109.25143
  20
424.67169
  0
VERTEX
  5
a47
  8
Layer_8
  10
109.80447
  20
424.67169
  0
SEQEND
  0
POLYLINE
  5
a49
  8
Layer_8
  62
254
  66
1
  10
0
  20
0
  30
0
  0
VERTEX
  5
a49
  8
Layer_8
  10
84.365204
  20
424.67169
  0
VERTEX
  5
a4a
  8
Layer_8
  10
84.918182
  20
424.67169
  0
SEQEND
  0
POLYLINE
  5
a4c
  8
Layer_8
  62
254
  66
1
  10
0
  20
0
  30
0
  0
VERTEX
  5
a4c
  8
Layer_8
  10
110.91055
  20
424.67169
  0
VERTEX
  5
a4d
  8
Layer_8
  10
111.46359
  20
424.67169
  0
SEQEND
  0
POLYLINE
  5
a4f
  8
Layer_8
  62
254
  66
1
  10
0
  20
0
  30
0
  0
VERTEX
  5
a4f
  8
Layer_8
  10
77.728851
  20
424.67169
  0
VERTEX
  5
a50
  8
Layer_8
  10
78.281876
  20
424.67169
  0
SEQEND
  0
POLYLINE
  5
a52
  8
Layer_8
  62
254
  66
1
  10
0
  20
0
  30
0
  0
VERTEX
  5
a52
  8
Layer_8
  10
107.59238
  20
424.67169
  0
VERTEX
  5
a53
  8
Layer_8
  10
108.14542
  20
424.67169
  0
SEQEND
  0
POLYLINE
  5
a55
  8
Layer_8
  62
254
  66
1
  10
0
  20
0
  30
0
  0
VERTEX
  5
a55
  8
Layer_8
  10
127.50137
  20
424.67169
  0
VERTEX
  5
a56
  8
Layer_8
  10
128.05441
  20
424.67169
  0
SEQEND
  0
POLYLINE
  5
a58
  8
Layer_8
  62
254
  66
1
  10
0
  20
0
  30
0
  0
VERTEX
  5
a58
  8
Layer_8
  10
124.1832
  20
424.67169
  0
VERTEX
  5
a59
  8
Layer_8
  10
124.73624
  20
424.67169
  0
SEQEND
  0
POLYLINE
  5
a5b
  8
Layer_8
  62
254
  66
1
  10
0
  20
0
  30
0
  0
VERTEX
  5
a5b
  8
Layer_8
  10
115.88779
  20
424.67169
  0
VERTEX
  5
a5c
  8
Layer_8
  10
116.44083
  20
424.67169
  0
SEQEND
  0
POLYLINE
  5
a5e
  8
Layer_8
  62
254
  66
1
  10
0
  20
0
  30
0
  0
VERTEX
  5
a5e
  8
Layer_8
  10
76.899323
  20
424.67169
  0
VERTEX
  5
a5f
  8
Layer_8
  10
77.452301
  20
424.67169
  0
SEQEND
  0
POLYLINE
  5
a61
  8
Layer_8
  62
254
  66
1
  10
0
  20
0
  30
0
  0
VERTEX
  5
a61
  8
Layer_8
  10
123.35367
  20
424.67169
  0
VERTEX
  5
a62
  8
Layer_8
  10
123.90671
  20
424.67169
  0
SEQEND
  0
POLYLINE
  5
a64
  8
Layer_8
  62
254
  66
1
  10
0
  20
0
  30
0
  0
VERTEX
  5
a64
  8
Layer_8
  10
90.171967
  20
424.67169
  0
VERTEX
  5
a65
  8
Layer_8
  10
90.725006
  20
424.67169
  0
SEQEND
  0
POLYLINE
  5
a67
  8
Layer_8
  62
254
  66
1
  10
0
  20
0
  30
0
  0
VERTEX
  5
a67
  8
Layer_8
  10
82.706085
  20
424.67169
  0
VERTEX
  5
a68
  8
Layer_8
  10
83.259125
  20
424.67169
  0
SEQEND
  0
POLYLINE
  5
a6a
  8
Layer_8
  62
254
  66
1
  10
0
  20
0
  30
0
  0
VERTEX
  5
a6a
  8
Layer_8
  10
80.217499
  20
424.67169
  0
VERTEX
  5
a6b
  8
Layer_8
  10
80.770477
  20
424.67169
  0
SEQEND
  0
POLYLINE
  5
a6d
  8
Layer_8
  62
254
  66
1
  10
0
  20
0
  30
0
  0
VERTEX
  5
a6d
  8
Layer_8
  10
91.001495
  20
424.67169
  0
VERTEX
  5
a6e
  8
Layer_8
  10
91.554535
  20
424.67169
  0
SEQEND
  0
POLYLINE
  5
a70
  8
Layer_8
  62
254
  66
1
  10
0
  20
0
  30
0
  0
VERTEX
  5
a70
  8
Layer_8
  10
105.10373
  20
424.67169
  0
VERTEX
  5
a71
  8
Layer_8
  10
105.65677
  20
424.67169
  0
SEQEND
  0
POLYLINE
  5
a73
  8
Layer_8
  62
254
  66
1
  10
0
  20
0
  30
0
  0
VERTEX
  5
a73
  8
Layer_8
  10
117.20755
  20
405.78009
  0
VERTEX
  5
a74
  8
Layer_8
  10
116.65451
  20
405.77814
  0
SEQEND
  0
POLYLINE
  5
a76
  8
Layer_8
  62
254
  66
1
  10
0
  20
0
  30
0
  0
VERTEX
  5
a76
  8
Layer_8
  10
118.03708
  20
405.78296
  0
VERTEX
  5
a77
  8
Layer_8
  10
117.48404
  20
405.78104
  0
SEQEND
  0
POLYLINE
  5
a79
  8
Layer_8
  62
254
  66
1
  10
0
  20
0
  30
0
  0
VERTEX
  5
a79
  8
Layer_8
  10
-11.714088
  20
337.11374
  0
VERTEX
  5
a7a
  8
Layer_8
  10
-11.161049
  20
337.11374
  0
SEQEND
  0
POLYLINE
  5
a7c
  8
Layer_8
  62
254
  66
1
  10
0
  20
0
  30
0
  0
VERTEX
  5
a7c
  8
Layer_8
  10
-54.341526
  20
376.16763
  0
VERTEX
  5
a7d
  8
Layer_8
  10
-54.894539
  20
376.16763
  0
SEQEND
  0
POLYLINE
  5
a7f
  8
Layer_8
  62
254
  66
1
  10
0
  20
0
  30
0
  0
VERTEX
  5
a7f
  8
Layer_8
  10
-22.498138
  20
337.11374
  0
VERTEX
  5
a80
  8
Layer_8
  10
-21.945099
  20
337.11374
  0
SEQEND
  0
POLYLINE
  5
a82
  8
Layer_8
  62
254
  66
1
  10
0
  20
0
  30
0
  0
VERTEX
  5
a82
  8
Layer_8
  10
-51.864418
  20
389.38724
  0
VERTEX
  5
a83
  8
Layer_8
  10
-51.866188
  20
389.94025
  0
SEQEND
  0
POLYLINE
  5
a85
  8
Layer_8
  62
254
  66
1
  10
0
  20
0
  30
0
  0
VERTEX
  5
a85
  8
Layer_8
  10
-28.902199
  20
376.16763
  0
VERTEX
  5
a86
  8
Layer_8
  10
-29.455238
  20
376.16763
  0
SEQEND
  0
POLYLINE
  5
a88
  8
Layer_8
  62
254
  66
1
  10
0
  20
0
  30
0
  0
VERTEX
  5
a88
  8
Layer_8
  10
-51.882786
  20
395.194
  0
VERTEX
  5
a89
  8
Layer_8
  10
-51.884556
  20
395.74701
  0
SEQEND
  0
POLYLINE
  5
a8b
  8
Layer_8
  62
254
  66
1
  10
0
  20
0
  30
0
  0
VERTEX
  5
a8b
  8
Layer_8
  10
16.169586
  20
337.11374
  0
VERTEX
  5
a8c
  8
Layer_8
  10
16.722626
  20
337.11374
  0
SEQEND
  0
POLYLINE
  5
a8e
  8
Layer_8
  62
254
  66
1
  10
0
  20
0
  30
0
  0
VERTEX
  5
a8e
  8
Layer_8
  10
-15.032257
  20
337.11374
  0
VERTEX
  5
a8f
  8
Layer_8
  10
-14.479218
  20
337.11374
  0
SEQEND
  0
POLYLINE
  5
a91
  8
Layer_8
  62
254
  66
1
  10
0
  20
0
  30
0
  0
VERTEX
  5
a91
  8
Layer_8
  10
-51.852879
  20
381.97443
  0
VERTEX
  5
a92
  8
Layer_8
  10
-51.852879
  20
382.52747
  0
SEQEND
  0
POLYLINE
  5
a94
  8
Layer_8
  62
254
  66
1
  10
0
  20
0
  30
0
  0
VERTEX
  5
a94
  8
Layer_8
  10
-38.856728
  20
376.16763
  0
VERTEX
  5
a95
  8
Layer_8
  10
-39.409767
  20
376.16763
  0
SEQEND
  0
POLYLINE
  5
a97
  8
Layer_8
  62
254
  66
1
  10
0
  20
0
  30
0
  0
VERTEX
  5
a97
  8
Layer_8
  10
-18.947723
  20
376.16763
  0
VERTEX
  5
a98
  8
Layer_8
  10
-19.50071
  20
376.16763
  0
SEQEND
  0
POLYLINE
  5
a9a
  8
Layer_8
  62
254
  66
1
  10
0
  20
0
  30
0
  0
VERTEX
  5
a9a
  8
Layer_8
  10
-47.152138
  20
376.16763
  0
VERTEX
  5
a9b
  8
Layer_8
  10
-47.705177
  20
376.16763
  0
SEQEND
  0
POLYLINE
  5
a9d
  8
Layer_8
  62
254
  66
1
  10
0
  20
0
  30
0
  0
VERTEX
  5
a9d
  8
Layer_8
  10
-51.852879
  20
377.82672
  0
VERTEX
  5
a9e
  8
Layer_8
  10
-51.852879
  20
378.37976
  0
SEQEND
  0
POLYLINE
  5
aa0
  8
Layer_8
  62
254
  66
1
  10
0
  20
0
  30
0
  0
VERTEX
  5
aa0
  8
Layer_8
  10
-9.2254333
  20
337.11374
  0
VERTEX
  5
aa1
  8
Layer_8
  10
-8.6723938
  20
337.11374
  0
SEQEND
  0
POLYLINE
  5
aa3
  8
Layer_8
  62
254
  66
1
  10
0
  20
0
  30
0
  0
VERTEX
  5
aa3
  8
Layer_8
  10
-6.5045471
  20
376.16763
  0
VERTEX
  5
aa4
  8
Layer_8
  10
-7.0575867
  20
376.16763
  0
SEQEND
  0
POLYLINE
  5
aa6
  8
Layer_8
  62
254
  66
1
  10
0
  20
0
  30
0
  0
VERTEX
  5
aa6
  8
Layer_8
  10
19.211273
  20
376.16763
  0
VERTEX
  5
aa7
  8
Layer_8
  10
18.658234
  20
376.16763
  0
SEQEND
  0
POLYLINE
  5
aa9
  8
Layer_8
  62
254
  66
1
  10
0
  20
0
  30
0
  0
VERTEX
  5
aa9
  8
Layer_8
  10
-24.157196
  20
337.11374
  0
VERTEX
  5
aaa
  8
Layer_8
  10
-23.604156
  20
337.11374
  0
SEQEND
  0
POLYLINE
  5
aac
  8
Layer_8
  62
254
  66
1
  10
0
  20
0
  30
0
  0
VERTEX
  5
aac
  8
Layer_8
  10
-37.197609
  20
376.16763
  0
VERTEX
  5
aad
  8
Layer_8
  10
-37.750648
  20
376.16763
  0
SEQEND
  0
POLYLINE
  5
aaf
  8
Layer_8
  62
254
  66
1
  10
0
  20
0
  30
0
  0
VERTEX
  5
aaf
  8
Layer_8
  10
-0.69778442
  20
376.16763
  0
VERTEX
  5
ab0
  8
Layer_8
  10
-1.250824
  20
376.16763
  0
SEQEND
  0
POLYLINE
  5
ab2
  8
Layer_8
  62
254
  66
1
  10
0
  20
0
  30
0
  0
VERTEX
  5
ab2
  8
Layer_8
  10
-51.852879
  20
380.31534
  0
VERTEX
  5
ab3
  8
Layer_8
  10
-51.852879
  20
380.86835
  0
SEQEND
  0
POLYLINE
  5
ab5
  8
Layer_8
  62
254
  66
1
  10
0
  20
0
  30
0
  0
VERTEX
  5
ab5
  8
Layer_8
  10
-32.220367
  20
376.16763
  0
VERTEX
  5
ab6
  8
Layer_8
  10
-32.773407
  20
376.16763
  0
SEQEND
  0
POLYLINE
  5
ab8
  8
Layer_8
  62
254
  66
1
  10
0
  20
0
  30
0
  0
VERTEX
  5
ab8
  8
Layer_8
  10
-44.66349
  20
376.16763
  0
VERTEX
  5
ab9
  8
Layer_8
  10
-45.21653
  20
376.16763
  0
SEQEND
  0
POLYLINE
  5
abb
  8
Layer_8
  62
254
  66
1
  10
0
  20
0
  30
0
  0
VERTEX
  5
abb
  8
Layer_8
  10
4.2795029
  20
376.16763
  0
VERTEX
  5
abc
  8
Layer_8
  10
3.7264709
  20
376.16763
  0
SEQEND
  0
POLYLINE
  5
abe
  8
Layer_8
  62
254
  66
1
  10
0
  20
0
  30
0
  0
VERTEX
  5
abe
  8
Layer_8
  10
-51.852879
  20
382.80396
  0
VERTEX
  5
abf
  8
Layer_8
  10
-51.852879
  20
383.35699
  0
SEQEND
  0
POLYLINE
  5
ac1
  8
Layer_8
  62
254
  66
1
  10
0
  20
0
  30
0
  0
VERTEX
  5
ac1
  8
Layer_8
  10
-10.65226
  20
376.16763
  0
VERTEX
  5
ac2
  8
Layer_8
  10
-11.205299
  20
376.16763
  0
SEQEND
  0
POLYLINE
  5
ac4
  8
Layer_8
  62
254
  66
1
  10
0
  20
0
  30
0
  0
VERTEX
  5
ac4
  8
Layer_8
  10
32.483917
  20
376.16763
  0
VERTEX
  5
ac5
  8
Layer_8
  10
31.930878
  20
376.16763
  0
SEQEND
  0
POLYLINE
  5
ac7
  8
Layer_8
  62
254
  66
1
  10
0
  20
0
  30
0
  0
VERTEX
  5
ac7
  8
Layer_8
  10
18.658234
  20
337.11374
  0
VERTEX
  5
ac8
  8
Layer_8
  10
19.211273
  20
337.11374
  0
SEQEND
  0
POLYLINE
  5
aca
  8
Layer_8
  62
254
  66
1
  10
0
  20
0
  30
0
  0
VERTEX
  5
aca
  8
Layer_8
  10
20.870316
  20
376.16763
  0
VERTEX
  5
acb
  8
Layer_8
  10
20.317291
  20
376.16763
  0
SEQEND
  0
POLYLINE
  5
acd
  8
Layer_8
  62
254
  66
1
  10
0
  20
0
  30
0
  0
VERTEX
  5
acd
  8
Layer_8
  10
-51.877537
  20
393.53491
  0
VERTEX
  5
ace
  8
Layer_8
  10
-51.879307
  20
394.08795
  0
SEQEND
  0
POLYLINE
  5
ad0
  8
Layer_8
  62
254
  66
1
  10
0
  20
0
  30
0
  0
VERTEX
  5
ad0
  8
Layer_8
  10
-38.027199
  20
376.16763
  0
VERTEX
  5
ad1
  8
Layer_8
  10
-38.580238
  20
376.16763
  0
SEQEND
  0
POLYLINE
  5
ad3
  8
Layer_8
  62
254
  66
1
  10
0
  20
0
  30
0
  0
VERTEX
  5
ad3
  8
Layer_8
  10
-25.584015
  20
376.16763
  0
VERTEX
  5
ad4
  8
Layer_8
  10
-26.137054
  20
376.16763
  0
SEQEND
  0
POLYLINE
  5
ad6
  8
Layer_8
  62
254
  66
1
  10
0
  20
0
  30
0
  0
VERTEX
  5
ad6
  8
Layer_8
  10
14.233978
  20
376.16763
  0
VERTEX
  5
ad7
  8
Layer_8
  10
13.680939
  20
376.16763
  0
SEQEND
  0
POLYLINE
  5
ad9
  8
Layer_8
  62
254
  70
1
  66
1
  10
0
  20
0
  30
0
  0
VERTEX
  5
ad9
  8
Layer_8
  10
107.327
  20
472.47501
  42
0.41421356
  0
VERTEX
  5
ada
  8
Layer_8
  10
110.17698
  20
469.625
  42
0.4142164
  0
VERTEX
  5
adb
  8
Layer_8
  10
113.02695
  20
472.47501
  42
0.41421356
  0
VERTEX
  5
adc
  8
Layer_8
  10
110.17698
  20
475.32501
  42
0.4142164
  0
SEQEND
  0
POLYLINE
  5
ade
  8
Layer_8
  62
254
  66
1
  10
0
  20
0
  30
0
  0
VERTEX
  5
ade
  8
Layer_8
  10
17.552155
  20
376.16763
  0
VERTEX
  5
adf
  8
Layer_8
  10
16.999115
  20
376.16763
  0
SEQEND
  0
POLYLINE
  5
ae1
  8
Layer_8
  62
254
  66
1
  10
0
  20
0
  30
0
  0
VERTEX
  5
ae1
  8
Layer_8
  10
-4.0159683
  20
376.16763
  0
VERTEX
  5
ae2
  8
Layer_8
  10
-4.5689468
  20
376.16763
  0
SEQEND
  0
POLYLINE
  5
ae4
  8
Layer_8
  62
254
  66
1
  10
0
  20
0
  30
0
  0
VERTEX
  5
ae4
  8
Layer_8
  10
13.680939
  20
337.11374
  0
VERTEX
  5
ae5
  8
Layer_8
  10
14.233978
  20
337.11374
  0
SEQEND
  0
POLYLINE
  5
ae7
  8
Layer_8
  62
254
  70
1
  66
1
  10
0
  20
0
  30
0
  0
VERTEX
  5
ae7
  8
Layer_8
  10
140.17728
  20
386.03473
  42
0.41421356
  0
VERTEX
  5
ae8
  8
Layer_8
  10
137.32724
  20
388.88474
  42
0.41421356
  0
VERTEX
  5
ae9
  8
Layer_8
  10
134.4772
  20
386.03473
  42
0.41421356
  0
VERTEX
  5
aea
  8
Layer_8
  10
137.32724
  20
383.18472
  42
0.41421356
  0
SEQEND
  0
POLYLINE
  5
aec
  8
Layer_8
  62
254
  66
1
  10
0
  20
0
  30
0
  0
VERTEX
  5
aec
  8
Layer_8
  10
-51.852879
  20
378.65625
  0
VERTEX
  5
aed
  8
Layer_8
  10
-51.852879
  20
379.20929
  0
SEQEND
  0
POLYLINE
  5
aef
  8
Layer_8
  62
254
  66
1
  10
0
  20
0
  30
0
  0
VERTEX
  5
aef
  8
Layer_8
  10
10.915802
  20
376.16763
  0
VERTEX
  5
af0
  8
Layer_8
  10
10.362823
  20
376.16763
  0
SEQEND
  0
POLYLINE
  5
af2
  8
Layer_8
  62
254
  66
1
  10
0
  20
0
  30
0
  0
VERTEX
  5
af2
  8
Layer_8
  10
30.27182
  20
337.11374
  0
VERTEX
  5
af3
  8
Layer_8
  10
30.82486
  20
337.11374
  0
SEQEND
  0
POLYLINE
  5
af5
  8
Layer_8
  62
254
  66
1
  10
0
  20
0
  30
0
  0
VERTEX
  5
af5
  8
Layer_8
  10
-42.174896
  20
376.16763
  0
VERTEX
  5
af6
  8
Layer_8
  10
-42.727936
  20
376.16763
  0
SEQEND
  0
POLYLINE
  5
af8
  8
Layer_8
  62
254
  66
1
  10
0
  20
0
  30
0
  0
VERTEX
  5
af8
  8
Layer_8
  10
15.893097
  20
376.16763
  0
VERTEX
  5
af9
  8
Layer_8
  10
15.340057
  20
376.16763
  0
SEQEND
  0
POLYLINE
  5
afb
  8
Layer_8
  62
254
  66
1
  10
0
  20
0
  30
0
  0
VERTEX
  5
afb
  8
Layer_8
  10
24.188507
  20
376.16763
  0
VERTEX
  5
afc
  8
Layer_8
  10
23.635468
  20
376.16763
  0
SEQEND
  0
POLYLINE
  5
afe
  8
Layer_8
  62
254
  66
1
  10
0
  20
0
  30
0
  0
VERTEX
  5
afe
  8
Layer_8
  10
-22.265839
  20
376.16763
  0
VERTEX
  5
aff
  8
Layer_8
  10
-22.818878
  20
376.16763
  0
SEQEND
  0
POLYLINE
  5
b01
  8
Layer_8
  62
254
  66
1
  10
0
  20
0
  30
0
  0
VERTEX
  5
b01
  8
Layer_8
  10
-45.49308
  20
376.16763
  0
VERTEX
  5
b02
  8
Layer_8
  10
-46.046059
  20
376.16763
  0
SEQEND
  0
POLYLINE
  5
b04
  8
Layer_8
  62
254
  66
1
  10
0
  20
0
  30
0
  0
VERTEX
  5
b04
  8
Layer_8
  10
-19.17997
  20
337.11374
  0
VERTEX
  5
b05
  8
Layer_8
  10
-18.62693
  20
337.11374
  0
SEQEND
  0
POLYLINE
  5
b07
  8
Layer_8
  62
254
  66
1
  10
0
  20
0
  30
0
  0
VERTEX
  5
b07
  8
Layer_8
  10
-26.413605
  20
376.16763
  0
VERTEX
  5
b08
  8
Layer_8
  10
-26.966591
  20
376.16763
  0
SEQEND
  0
POLYLINE
  5
b0a
  8
Layer_8
  62
254
  66
1
  10
0
  20
0
  30
0
  0
VERTEX
  5
b0a
  8
Layer_8
  10
19.487762
  20
337.11374
  0
VERTEX
  5
b0b
  8
Layer_8
  10
20.040802
  20
337.11374
  0
SEQEND
  0
POLYLINE
  5
b0d
  8
Layer_8
  62
254
  66
1
  10
0
  20
0
  30
0
  0
VERTEX
  5
b0d
  8
Layer_8
  10
-51.299839
  20
376.16763
  0
VERTEX
  5
b0e
  8
Layer_8
  10
-51.852879
  20
376.16763
  0
VERTEX
  5
b0f
  8
Layer_8
  10
-52.405918
  20
376.16763
  0
SEQEND
  0
POLYLINE
  5
b11
  8
Layer_8
  62
254
  66
1
  10
0
  20
0
  30
0
  0
VERTEX
  5
b11
  8
Layer_8
  10
-20.606789
  20
376.16763
  0
VERTEX
  5
b12
  8
Layer_8
  10
-21.159828
  20
376.16763
  0
SEQEND
  0
POLYLINE
  5
b14
  8
Layer_8
  62
254
  66
1
  10
0
  20
0
  30
0
  0
VERTEX
  5
b14
  8
Layer_8
  10
-51.885406
  20
396.02356
  0
VERTEX
  5
b15
  8
Layer_8
  10
-51.887177
  20
396.57657
  0
VERTEX
  5
b16
  8
Layer_8
  10
-51.962986
  20
401.43121
  0
VERTEX
  5
b17
  8
Layer_8
  10
-51.962986
  20
435.02328
  0
SEQEND
  0
POLYLINE
  5
b19
  8
Layer_8
  62
254
  66
1
  10
0
  20
0
  30
0
  0
VERTEX
  5
b19
  8
Layer_8
  10
-51.872288
  20
391.87585
  0
VERTEX
  5
b1a
  8
Layer_8
  10
-51.874058
  20
392.42889
  0
SEQEND
  0
POLYLINE
  5
b1c
  8
Layer_8
  62
254
  66
1
  10
0
  20
0
  30
0
  0
VERTEX
  5
b1c
  8
Layer_8
  10
22.529449
  20
376.16763
  0
VERTEX
  5
b1d
  8
Layer_8
  10
21.97641
  20
376.16763
  0
SEQEND
  0
POLYLINE
  5
b1f
  8
Layer_8
  62
254
  66
1
  10
0
  20
0
  30
0
  0
VERTEX
  5
b1f
  8
Layer_8
  10
0.96133423
  20
376.16763
  0
VERTEX
  5
b20
  8
Layer_8
  10
0.40829468
  20
376.16763
  0
SEQEND
  0
POLYLINE
  5
b22
  8
Layer_8
  62
254
  66
1
  10
0
  20
0
  30
0
  0
VERTEX
  5
b22
  8
Layer_8
  10
-16.691315
  20
337.11374
  0
VERTEX
  5
b23
  8
Layer_8
  10
-16.138275
  20
337.11374
  0
SEQEND
  0
POLYLINE
  5
b25
  8
Layer_8
  62
254
  66
1
  10
0
  20
0
  30
0
  0
VERTEX
  5
b25
  8
Layer_8
  10
-7.5663757
  20
337.11374
  0
VERTEX
  5
b26
  8
Layer_8
  10
-7.0133362
  20
337.11374
  0
SEQEND
  0
POLYLINE
  5
b28
  8
Layer_8
  62
254
  66
1
  10
0
  20
0
  30
0
  0
VERTEX
  5
b28
  8
Layer_8
  10
13.404449
  20
376.16763
  0
VERTEX
  5
b29
  8
Layer_8
  10
12.851402
  20
376.16763
  0
SEQEND
  0
POLYLINE
  5
b2b
  8
Layer_8
  62
254
  66
1
  10
0
  20
0
  30
0
  0
VERTEX
  5
b2b
  8
Layer_8
  10
-31.390839
  20
376.16763
  0
VERTEX
  5
b2c
  8
Layer_8
  10
-31.943878
  20
376.16763
  0
SEQEND
  0
POLYLINE
  5
b2e
  8
Layer_8
  62
254
  66
1
  10
0
  20
0
  30
0
  0
VERTEX
  5
b2e
  8
Layer_8
  10
28.612701
  20
337.11374
  0
VERTEX
  5
b2f
  8
Layer_8
  10
29.165741
  20
337.11374
  0
SEQEND
  0
POLYLINE
  5
b31
  8
Layer_8
  62
254
  66
1
  10
0
  20
0
  30
0
  0
VERTEX
  5
b31
  8
Layer_8
  10
16.999115
  20
337.11374
  0
VERTEX
  5
b32
  8
Layer_8
  10
17.552155
  20
337.11374
  0
SEQEND
  0
POLYLINE
  5
b34
  8
Layer_8
  62
254
  66
1
  10
0
  20
0
  30
0
  0
VERTEX
  5
b34
  8
Layer_8
  10
-65.125557
  20
376.16763
  0
VERTEX
  5
b35
  8
Layer_8
  10
-65.678589
  20
376.16763
  0
SEQEND
  0
POLYLINE
  5
b37
  8
Layer_8
  62
254
  66
1
  10
0
  20
0
  30
0
  0
VERTEX
  5
b37
  8
Layer_8
  10
-35.538544
  20
376.16763
  0
VERTEX
  5
b38
  8
Layer_8
  10
-36.091591
  20
376.16763
  0
SEQEND
  0
POLYLINE
  5
b3a
  8
Layer_8
  62
254
  66
1
  10
0
  20
0
  30
0
  0
VERTEX
  5
b3a
  8
Layer_8
  10
-59.318756
  20
376.16763
  0
VERTEX
  5
b3b
  8
Layer_8
  10
-59.871796
  20
376.16763
  0
SEQEND
  0
POLYLINE
  5
b3d
  8
Layer_8
  62
254
  66
1
  10
0
  20
0
  30
0
  0
VERTEX
  5
b3d
  8
Layer_8
  10
-68.443726
  20
376.16763
  0
VERTEX
  5
b3e
  8
Layer_8
  10
-68.996735
  20
376.16763
  0
SEQEND
  0
POLYLINE
  5
b40
  8
Layer_8
  62
254
  66
1
  10
0
  20
0
  30
0
  0
VERTEX
  5
b40
  8
Layer_8
  10
-51.852879
  20
381.1449
  0
VERTEX
  5
b41
  8
Layer_8
  10
-51.852879
  20
381.69791
  0
SEQEND
  0
POLYLINE
  5
b43
  8
Layer_8
  62
254
  66
1
  10
0
  20
0
  30
0
  0
VERTEX
  5
b43
  8
Layer_8
  10
-13.373138
  20
337.11374
  0
VERTEX
  5
b44
  8
Layer_8
  10
-12.820099
  20
337.11374
  0
SEQEND
  0
POLYLINE
  5
b46
  8
Layer_8
  62
254
  66
1
  10
0
  20
0
  30
0
  0
VERTEX
  5
b46
  8
Layer_8
  10
2.6203918
  20
376.16763
  0
VERTEX
  5
b47
  8
Layer_8
  10
2.0673523
  20
376.16763
  0
SEQEND
  0
POLYLINE
  5
b49
  8
Layer_8
  62
254
  66
1
  10
0
  20
0
  30
0
  0
VERTEX
  5
b49
  8
Layer_8
  10
-48.811188
  20
376.16763
  0
VERTEX
  5
b4a
  8
Layer_8
  10
-49.364227
  20
376.16763
  0
SEQEND
  0
POLYLINE
  5
b4c
  8
Layer_8
  62
254
  66
1
  10
0
  20
0
  30
0
  0
VERTEX
  5
b4c
  8
Layer_8
  10
-8.3959045
  20
337.11374
  0
VERTEX
  5
b4d
  8
Layer_8
  10
-7.842865
  20
337.11374
  0
SEQEND
  0
POLYLINE
  5
b4f
  8
Layer_8
  62
254
  66
1
  10
0
  20
0
  30
0
  0
VERTEX
  5
b4f
  8
Layer_8
  10
-62.636936
  20
376.16763
  0
VERTEX
  5
b50
  8
Layer_8
  10
-63.189976
  20
376.16763
  0
SEQEND
  0
POLYLINE
  5
b52
  8
Layer_8
  62
254
  66
1
  10
0
  20
0
  30
0
  0
VERTEX
  5
b52
  8
Layer_8
  10
-15.861786
  20
337.11374
  0
VERTEX
  5
b53
  8
Layer_8
  10
-15.308746
  20
337.11374
  0
SEQEND
  0
POLYLINE
  5
b55
  8
Layer_8
  62
254
  66
1
  10
0
  20
0
  30
0
  0
VERTEX
  5
b55
  8
Layer_8
  10
-30.561317
  20
376.16763
  0
VERTEX
  5
b56
  8
Layer_8
  10
-31.114288
  20
376.16763
  0
SEQEND
  0
POLYLINE
  5
b58
  8
Layer_8
  62
254
  66
1
  10
0
  20
0
  30
0
  0
VERTEX
  5
b58
  8
Layer_8
  10
26.677155
  20
376.16763
  0
VERTEX
  5
b59
  8
Layer_8
  10
26.124115
  20
376.16763
  0
SEQEND
  0
POLYLINE
  5
b5b
  8
Layer_8
  62
254
  66
1
  10
0
  20
0
  30
0
  0
VERTEX
  5
b5b
  8
Layer_8
  10
-14.202667
  20
337.11374
  0
VERTEX
  5
b5c
  8
Layer_8
  10
-13.649689
  20
337.11374
  0
SEQEND
  0
POLYLINE
  5
b5e
  8
Layer_8
  62
254
  66
1
  10
0
  20
0
  30
0
  0
VERTEX
  5
b5e
  8
Layer_8
  10
29.442291
  20
337.11374
  0
VERTEX
  5
b5f
  8
Layer_8
  10
29.995316
  20
337.11374
  0
SEQEND
  0
POLYLINE
  5
b61
  8
Layer_8
  62
254
  66
1
  10
0
  20
0
  30
0
  0
VERTEX
  5
b61
  8
Layer_8
  10
-11.48185
  20
376.16763
  0
VERTEX
  5
b62
  8
Layer_8
  10
-12.034828
  20
376.16763
  0
SEQEND
  0
POLYLINE
  5
b64
  8
Layer_8
  62
254
  66
1
  10
0
  20
0
  30
0
  0
VERTEX
  5
b64
  8
Layer_8
  10
-23.924957
  20
376.16763
  0
VERTEX
  5
b65
  8
Layer_8
  10
-24.477997
  20
376.16763
  0
SEQEND
  0
POLYLINE
  5
b67
  8
Layer_8
  62
254
  66
1
  10
0
  20
0
  30
0
  0
VERTEX
  5
b67
  8
Layer_8
  10
31.101349
  20
337.11374
  0
VERTEX
  5
b68
  8
Layer_8
  10
31.101593
  20
337.11374
  0
SEQEND
  0
POLYLINE
  5
b6a
  8
Layer_8
  62
254
  66
1
  10
0
  20
0
  30
0
  0
VERTEX
  5
b6a
  8
Layer_8
  10
9.2567444
  20
376.16763
  0
VERTEX
  5
b6b
  8
Layer_8
  10
8.7037048
  20
376.16763
  0
SEQEND
  0
POLYLINE
  5
b6d
  8
Layer_8
  62
254
  66
1
  10
0
  20
0
  30
0
  0
VERTEX
  5
b6d
  8
Layer_8
  10
-28.07267
  20
376.16763
  0
VERTEX
  5
b6e
  8
Layer_8
  10
-28.62571
  20
376.16763
  0
SEQEND
  0
POLYLINE
  5
b70
  8
Layer_8
  62
254
  66
1
  10
0
  20
0
  30
0
  0
VERTEX
  5
b70
  8
Layer_8
  10
-51.852879
  20
379.48578
  0
VERTEX
  5
b71
  8
Layer_8
  10
-51.852879
  20
380.03882
  0
SEQEND
  0
POLYLINE
  5
b73
  8
Layer_8
  62
254
  66
1
  10
0
  20
0
  30
0
  0
VERTEX
  5
b73
  8
Layer_8
  10
20.317291
  20
337.11374
  0
VERTEX
  5
b74
  8
Layer_8
  10
20.870316
  20
337.11374
  0
SEQEND
  0
POLYLINE
  5
b76
  8
Layer_8
  62
254
  66
1
  10
0
  20
0
  30
0
  0
VERTEX
  5
b76
  8
Layer_8
  10
-55.171059
  20
376.16763
  0
VERTEX
  5
b77
  8
Layer_8
  10
-55.724098
  20
376.16763
  0
SEQEND
  0
POLYLINE
  5
b79
  8
Layer_8
  62
254
  66
1
  10
0
  20
0
  30
0
  0
VERTEX
  5
b79
  8
Layer_8
  10
10.086273
  20
376.16763
  0
VERTEX
  5
b7a
  8
Layer_8
  10
9.5332336
  20
376.16763
  0
SEQEND
  0
POLYLINE
  5
b7c
  8
Layer_8
  62
254
  66
1
  10
0
  20
0
  30
0
  0
VERTEX
  5
b7c
  8
Layer_8
  10
-9.8227234
  20
376.16763
  0
VERTEX
  5
b7d
  8
Layer_8
  10
-10.375771
  20
376.16763
  0
SEQEND
  0
POLYLINE
  5
b7f
  8
Layer_8
  62
254
  66
1
  10
0
  20
0
  30
0
  0
VERTEX
  5
b7f
  8
Layer_8
  10
12.021881
  20
337.11374
  0
VERTEX
  5
b80
  8
Layer_8
  10
12.574913
  20
337.11374
  0
SEQEND
  0
POLYLINE
  5
b82
  8
Layer_8
  62
254
  66
1
  10
0
  20
0
  30
0
  0
VERTEX
  5
b82
  8
Layer_8
  10
-29.731728
  20
376.16763
  0
VERTEX
  5
b83
  8
Layer_8
  10
-30.284767
  20
376.16763
  0
SEQEND
  0
POLYLINE
  5
b85
  8
Layer_8
  62
254
  66
1
  10
0
  20
0
  30
0
  0
VERTEX
  5
b85
  8
Layer_8
  10
-51.852879
  20
383.63351
  0
VERTEX
  5
b86
  8
Layer_8
  10
-51.852879
  20
384.18652
  0
SEQEND
  0
POLYLINE
  5
b88
  8
Layer_8
  62
254
  66
1
  10
0
  20
0
  30
0
  0
VERTEX
  5
b88
  8
Layer_8
  10
-41.345367
  20
376.16763
  0
VERTEX
  5
b89
  8
Layer_8
  10
-41.898346
  20
376.16763
  0
SEQEND
  0
POLYLINE
  5
b8b
  8
Layer_8
  62
254
  66
1
  10
0
  20
0
  30
0
  0
VERTEX
  5
b8b
  8
Layer_8
  10
-24.754486
  20
376.16763
  0
VERTEX
  5
b8c
  8
Layer_8
  10
-25.307526
  20
376.16763
  0
SEQEND
  0
POLYLINE
  5
b8e
  8
Layer_8
  62
254
  66
1
  10
0
  20
0
  30
0
  0
VERTEX
  5
b8e
  8
Layer_8
  10
30.82486
  20
376.16763
  0
VERTEX
  5
b8f
  8
Layer_8
  10
30.27182
  20
376.16763
  0
SEQEND
  0
POLYLINE
  5
b91
  8
Layer_8
  62
254
  66
1
  10
0
  20
0
  30
0
  0
VERTEX
  5
b91
  8
Layer_8
  10
-65.955109
  20
376.16763
  0
VERTEX
  5
b92
  8
Layer_8
  10
-66.508118
  20
376.16763
  0
SEQEND
  0
POLYLINE
  5
b94
  8
Layer_8
  62
254
  66
1
  10
0
  20
0
  30
0
  0
VERTEX
  5
b94
  8
Layer_8
  10
-20.009499
  20
337.11374
  0
VERTEX
  5
b95
  8
Layer_8
  10
-19.456459
  20
337.11374
  0
SEQEND
  0
POLYLINE
  5
b97
  8
Layer_8
  62
254
  66
1
  10
0
  20
0
  30
0
  0
VERTEX
  5
b97
  8
Layer_8
  10
21.69986
  20
376.16763
  0
VERTEX
  5
b98
  8
Layer_8
  10
21.14682
  20
376.16763
  0
SEQEND
  0
POLYLINE
  5
b9a
  8
Layer_8
  62
254
  66
1
  10
0
  20
0
  30
0
  0
VERTEX
  5
b9a
  8
Layer_8
  10
3.449913
  20
376.16763
  0
VERTEX
  5
b9b
  8
Layer_8
  10
2.8969421
  20
376.16763
  0
SEQEND
  0
POLYLINE
  5
b9d
  8
Layer_8
  62
254
  66
1
  10
0
  20
0
  30
0
  0
VERTEX
  5
b9d
  8
Layer_8
  10
17.828705
  20
337.11374
  0
VERTEX
  5
b9e
  8
Layer_8
  10
18.381683
  20
337.11374
  0
SEQEND
  0
POLYLINE
  5
ba0
  8
Layer_8
  62
254
  66
1
  10
0
  20
0
  30
0
  0
VERTEX
  5
ba0
  8
Layer_8
  10
-36.36808
  20
376.16763
  0
VERTEX
  5
ba1
  8
Layer_8
  10
-36.92112
  20
376.16763
  0
SEQEND
  0
POLYLINE
  5
ba3
  8
Layer_8
  62
254
  66
1
  10
0
  20
0
  30
0
  0
VERTEX
  5
ba3
  8
Layer_8
  10
-51.856598
  20
386.89862
  0
VERTEX
  5
ba4
  8
Layer_8
  10
-51.858307
  20
387.45166
  0
SEQEND
  0
POLYLINE
  5
ba6
  8
Layer_8
  62
254
  70
1
  66
1
  10
0
  20
0
  30
0
  0
VERTEX
  5
ba6
  8
Layer_8
  10
145.89503
  20
431.72281
  42
0.4142164
  0
VERTEX
  5
ba7
  8
Layer_8
  10
143.045
  20
428.8728
  42
0.4142164
  0
VERTEX
  5
ba8
  8
Layer_8
  10
145.89503
  20
426.0228
  42
0.4142164
  0
VERTEX
  5
ba9
  8
Layer_8
  10
148.74507
  20
428.8728
  42
0.4142164
  0
SEQEND
  0
POLYLINE
  5
bab
  8
Layer_8
  62
254
  66
1
  10
0
  20
0
  30
0
  0
VERTEX
  5
bab
  8
Layer_8
  10
-58.489227
  20
376.16763
  0
VERTEX
  5
bac
  8
Layer_8
  10
-59.042236
  20
376.16763
  0
SEQEND
  0
POLYLINE
  5
bae
  8
Layer_8
  62
254
  66
1
  10
0
  20
0
  30
0
  0
VERTEX
  5
bae
  8
Layer_8
  10
26.124115
  20
337.11374
  0
VERTEX
  5
baf
  8
Layer_8
  10
26.677155
  20
337.11374
  0
SEQEND
  0
POLYLINE
  5
bb1
  8
Layer_8
  62
254
  66
1
  10
0
  20
0
  30
0
  0
VERTEX
  5
bb1
  8
Layer_8
  10
-51.853058
  20
385.79257
  0
VERTEX
  5
bb2
  8
Layer_8
  10
-51.852879
  20
385.73248
  0
VERTEX
  5
bb3
  8
Layer_8
  10
-51.852879
  20
385.2926
  0
SEQEND
  0
POLYLINE
  5
bb5
  8
Layer_8
  62
254
  66
1
  10
0
  20
0
  30
0
  0
VERTEX
  5
bb5
  8
Layer_8
  10
15.063568
  20
376.16763
  0
VERTEX
  5
bb6
  8
Layer_8
  10
14.510529
  20
376.16763
  0
SEQEND
  0
POLYLINE
  5
bb8
  8
Layer_8
  62
254
  66
1
  10
0
  20
0
  30
0
  0
VERTEX
  5
bb8
  8
Layer_8
  10
-33.879486
  20
376.16763
  0
VERTEX
  5
bb9
  8
Layer_8
  10
-34.432465
  20
376.16763
  0
SEQEND
  0
POLYLINE
  5
bbb
  8
Layer_8
  62
254
  66
1
  10
0
  20
0
  30
0
  0
VERTEX
  5
bbb
  8
Layer_8
  10
18.381683
  20
376.16763
  0
VERTEX
  5
bbc
  8
Layer_8
  10
17.828705
  20
376.16763
  0
SEQEND
  0
POLYLINE
  5
bbe
  8
Layer_8
  62
254
  66
1
  10
0
  20
0
  30
0
  0
VERTEX
  5
bbe
  8
Layer_8
  10
-51.874908
  20
392.70538
  0
VERTEX
  5
bbf
  8
Layer_8
  10
-51.876678
  20
393.25842
  0
SEQEND
  0
POLYLINE
  5
bc1
  8
Layer_8
  62
254
  66
1
  10
0
  20
0
  30
0
  0
VERTEX
  5
bc1
  8
Layer_8
  10
-51.867039
  20
390.2168
  0
VERTEX
  5
bc2
  8
Layer_8
  10
-51.868809
  20
390.76981
  0
SEQEND
  0
POLYLINE
  5
bc4
  8
Layer_8
  62
254
  66
1
  10
0
  20
0
  30
0
  0
VERTEX
  5
bc4
  8
Layer_8
  10
28.336212
  20
376.16763
  0
VERTEX
  5
bc5
  8
Layer_8
  10
27.783173
  20
376.16763
  0
SEQEND
  0
POLYLINE
  5
bc7
  8
Layer_8
  62
254
  66
1
  10
0
  20
0
  30
0
  0
VERTEX
  5
bc7
  8
Layer_8
  10
-71.761902
  20
376.16763
  0
VERTEX
  5
bc8
  8
Layer_8
  10
-71.681976
  20
376.16763
  0
VERTEX
  5
bc9
  8
Layer_8
  10
-95.316345
  20
376.16763
  42
-0.41421393
  0
VERTEX
  5
bca
  8
Layer_8
  10
-100.84662
  20
381.69791
  0
VERTEX
  5
bcb
  8
Layer_8
  10
-100.84662
  20
385.73248
  0
VERTEX
  5
bcc
  8
Layer_8
  10
-100.88733
  20
390.70367
  42
-0.36226745
  0
VERTEX
  5
bcd
  8
Layer_8
  10
-96.097267
  20
396.4003
  0
VERTEX
  5
bce
  8
Layer_8
  10
-71.681976
  20
396.45679
  0
SEQEND
  0
POLYLINE
  5
bd0
  8
Layer_8
  62
254
  66
1
  10
0
  20
0
  30
0
  0
VERTEX
  5
bd0
  8
Layer_8
  10
22.805939
  20
337.11374
  0
VERTEX
  5
bd1
  8
Layer_8
  10
23.358978
  20
337.11374
  0
SEQEND
  0
POLYLINE
  5
bd3
  8
Layer_8
  62
254
  66
1
  10
0
  20
0
  30
0
  0
VERTEX
  5
bd3
  8
Layer_8
  10
-51.861847
  20
388.55771
  0
VERTEX
  5
bd4
  8
Layer_8
  10
-51.863556
  20
389.11072
  0
SEQEND
  0
POLYLINE
  5
bd6
  8
Layer_8
  62
254
  66
1
  10
0
  20
0
  30
0
  0
VERTEX
  5
bd6
  8
Layer_8
  10
-70.932343
  20
376.16763
  0
VERTEX
  5
bd7
  8
Layer_8
  10
-71.485382
  20
376.16763
  0
SEQEND
  0
POLYLINE
  5
bd9
  8
Layer_8
  62
254
  66
1
  10
0
  20
0
  30
0
  0
VERTEX
  5
bd9
  8
Layer_8
  10
7.5976257
  20
376.16763
  0
VERTEX
  5
bda
  8
Layer_8
  10
7.0446396
  20
376.16763
  0
SEQEND
  0
POLYLINE
  5
bdc
  8
Layer_8
  62
254
  66
1
  10
0
  20
0
  30
0
  0
VERTEX
  5
bdc
  8
Layer_8
  10
-27.243134
  20
376.16763
  0
VERTEX
  5
bdd
  8
Layer_8
  10
-27.796181
  20
376.16763
  0
SEQEND
  0
POLYLINE
  5
bdf
  8
Layer_8
  62
254
  66
1
  10
0
  20
0
  30
0
  0
VERTEX
  5
bdf
  8
Layer_8
  10
-20.839027
  20
337.11374
  0
VERTEX
  5
be0
  8
Layer_8
  10
-20.285988
  20
337.11374
  0
SEQEND
  0
POLYLINE
  5
be2
  8
Layer_8
  62
254
  66
1
  10
0
  20
0
  30
0
  0
VERTEX
  5
be2
  8
Layer_8
  10
-17.288605
  20
376.16763
  0
VERTEX
  5
be3
  8
Layer_8
  10
-17.841644
  20
376.16763
  0
SEQEND
  0
POLYLINE
  5
be5
  8
Layer_8
  62
254
  66
1
  10
0
  20
0
  30
0
  0
VERTEX
  5
be5
  8
Layer_8
  10
31.654388
  20
376.16763
  0
VERTEX
  5
be6
  8
Layer_8
  10
31.101349
  20
376.16763
  0
SEQEND
  0
POLYLINE
  5
be8
  8
Layer_8
  62
254
  66
1
  10
0
  20
0
  30
0
  0
VERTEX
  5
be8
  8
Layer_8
  10
-10.05497
  20
337.11374
  0
VERTEX
  5
be9
  8
Layer_8
  10
-9.5019836
  20
337.11374
  0
SEQEND
  0
POLYLINE
  5
beb
  8
Layer_8
  62
254
  66
1
  10
0
  20
0
  30
0
  0
VERTEX
  5
beb
  8
Layer_8
  10
23.635468
  20
337.11374
  0
VERTEX
  5
bec
  8
Layer_8
  10
24.188507
  20
337.11374
  0
SEQEND
  0
POLYLINE
  5
bee
  8
Layer_8
  62
254
  66
1
  10
0
  20
0
  30
0
  0
VERTEX
  5
bee
  8
Layer_8
  10
-51.869667
  20
391.04633
  0
VERTEX
  5
bef
  8
Layer_8
  10
-51.871437
  20
391.59933
  0
SEQEND
  0
POLYLINE
  5
bf1
  8
Layer_8
  62
254
  66
1
  10
0
  20
0
  30
0
  0
VERTEX
  5
bf1
  8
Layer_8
  10
34.972565
  20
376.16763
  0
VERTEX
  5
bf2
  8
Layer_8
  10
34.419525
  20
376.16763
  0
SEQEND
  0
POLYLINE
  5
bf4
  8
Layer_8
  62
254
  66
1
  10
0
  20
0
  30
0
  0
VERTEX
  5
bf4
  8
Layer_8
  10
-23.327667
  20
337.11374
  0
VERTEX
  5
bf5
  8
Layer_8
  10
-22.774628
  20
337.11374
  0
SEQEND
  0
POLYLINE
  5
bf7
  8
Layer_8
  62
254
  66
1
  10
0
  20
0
  30
0
  0
VERTEX
  5
bf7
  8
Layer_8
  10
-4.8454971
  20
376.16763
  0
VERTEX
  5
bf8
  8
Layer_8
  10
-5.3985291
  20
376.16763
  0
SEQEND
  0
POLYLINE
  5
bfa
  8
Layer_8
  62
254
  66
1
  10
0
  20
0
  30
0
  0
VERTEX
  5
bfa
  8
Layer_8
  10
-14.799957
  20
376.16763
  0
VERTEX
  5
bfb
  8
Layer_8
  10
-15.352997
  20
376.16763
  0
SEQEND
  0
POLYLINE
  5
bfd
  8
Layer_8
  62
254
  66
1
  10
0
  20
0
  30
0
  0
VERTEX
  5
bfd
  8
Layer_8
  10
-34.709015
  20
376.16763
  0
VERTEX
  5
bfe
  8
Layer_8
  10
-35.262054
  20
376.16763
  0
SEQEND
  0
POLYLINE
  5
c00
  8
Layer_8
  62
254
  66
1
  10
0
  20
0
  30
0
  0
VERTEX
  5
c00
  8
Layer_8
  10
25.294586
  20
337.11374
  0
VERTEX
  5
c01
  8
Layer_8
  10
25.847565
  20
337.11374
  0
SEQEND
  0
POLYLINE
  5
c03
  8
Layer_8
  62
254
  66
1
  10
0
  20
0
  30
0
  0
VERTEX
  5
c03
  8
Layer_8
  10
-56.830147
  20
376.16763
  0
VERTEX
  5
c04
  8
Layer_8
  10
-57.383148
  20
376.16763
  0
SEQEND
  0
POLYLINE
  5
c06
  8
Layer_8
  62
254
  66
1
  10
0
  20
0
  30
0
  0
VERTEX
  5
c06
  8
Layer_8
  10
-69.273254
  20
376.16763
  0
VERTEX
  5
c07
  8
Layer_8
  10
-69.826294
  20
376.16763
  0
SEQEND
  0
POLYLINE
  5
c09
  8
Layer_8
  62
254
  66
1
  10
0
  20
0
  30
0
  0
VERTEX
  5
c09
  8
Layer_8
  10
5.1090317
  20
376.16763
  0
VERTEX
  5
c0a
  8
Layer_8
  10
4.5559921
  20
376.16763
  0
SEQEND
  0
POLYLINE
  5
c0c
  8
Layer_8
  62
254
  66
1
  10
0
  20
0
  30
0
  0
VERTEX
  5
c0c
  8
Layer_8
  10
-60.148289
  20
376.16763
  0
VERTEX
  5
c0d
  8
Layer_8
  10
-60.701328
  20
376.16763
  0
SEQEND
  0
POLYLINE
  5
c0f
  8
Layer_8
  62
254
  66
1
  10
0
  20
0
  30
0
  0
VERTEX
  5
c0f
  8
Layer_8
  10
-6.7367859
  20
337.11374
  0
VERTEX
  5
c10
  8
Layer_8
  10
-6.1838074
  20
337.11374
  0
SEQEND
  0
POLYLINE
  5
c12
  8
Layer_8
  62
254
  66
1
  10
0
  20
0
  30
0
  0
VERTEX
  5
c12
  8
Layer_8
  10
26.953644
  20
337.11374
  0
VERTEX
  5
c13
  8
Layer_8
  10
27.506683
  20
337.11374
  0
SEQEND
  0
POLYLINE
  5
c15
  8
Layer_8
  62
254
  66
1
  10
0
  20
0
  30
0
  0
VERTEX
  5
c15
  8
Layer_8
  10
-12.543617
  20
337.11374
  0
VERTEX
  5
c16
  8
Layer_8
  10
-11.990578
  20
337.11374
  0
SEQEND
  0
POLYLINE
  5
c18
  8
Layer_8
  62
254
  66
1
  10
0
  20
0
  30
0
  0
VERTEX
  5
c18
  8
Layer_8
  10
-18.35038
  20
337.11374
  0
VERTEX
  5
c19
  8
Layer_8
  10
-17.797394
  20
337.11374
  0
SEQEND
  0
POLYLINE
  5
c1b
  8
Layer_8
  62
254
  66
1
  10
0
  20
0
  30
0
  0
VERTEX
  5
c1b
  8
Layer_8
  10
-64.296028
  20
376.16763
  0
VERTEX
  5
c1c
  8
Layer_8
  10
-64.849037
  20
376.16763
  0
SEQEND
  0
POLYLINE
  5
c1e
  8
Layer_8
  62
254
  66
1
  10
0
  20
0
  30
0
  0
VERTEX
  5
c1e
  8
Layer_8
  10
21.14682
  20
337.11374
  0
VERTEX
  5
c1f
  8
Layer_8
  10
21.69986
  20
337.11374
  0
SEQEND
  0
POLYLINE
  5
c21
  8
Layer_8
  62
254
  66
1
  10
0
  20
0
  30
0
  0
VERTEX
  5
c21
  8
Layer_8
  10
-33.049896
  20
376.16763
  0
VERTEX
  5
c22
  8
Layer_8
  10
-33.602936
  20
376.16763
  0
SEQEND
  0
POLYLINE
  5
c24
  8
Layer_8
  62
254
  66
1
  10
0
  20
0
  30
0
  0
VERTEX
  5
c24
  8
Layer_8
  10
-16.459076
  20
376.16763
  0
VERTEX
  5
c25
  8
Layer_8
  10
-17.012115
  20
376.16763
  0
SEQEND
  0
POLYLINE
  5
c27
  8
Layer_8
  62
254
  66
1
  10
0
  20
0
  30
0
  0
VERTEX
  5
c27
  8
Layer_8
  10
14.510529
  20
337.11374
  0
VERTEX
  5
c28
  8
Layer_8
  10
15.063568
  20
337.11374
  0
SEQEND
  0
POLYLINE
  5
c2a
  8
Layer_8
  62
254
  66
1
  10
0
  20
0
  30
0
  0
VERTEX
  5
c2a
  8
Layer_8
  10
-49.640778
  20
376.16763
  0
VERTEX
  5
c2b
  8
Layer_8
  10
-50.193817
  20
376.16763
  0
SEQEND
  0
POLYLINE
  5
c2d
  8
Layer_8
  62
254
  66
1
  10
0
  20
0
  30
0
  0
VERTEX
  5
c2d
  8
Layer_8
  10
-50.470306
  20
376.16763
  0
VERTEX
  5
c2e
  8
Layer_8
  10
-51.023346
  20
376.16763
  0
SEQEND
  0
POLYLINE
  5
c30
  8
Layer_8
  62
254
  66
1
  10
0
  20
0
  30
0
  0
VERTEX
  5
c30
  8
Layer_8
  10
12.574913
  20
376.16763
  0
VERTEX
  5
c31
  8
Layer_8
  10
12.021881
  20
376.16763
  0
SEQEND
  0
POLYLINE
  5
c33
  8
Layer_8
  62
254
  66
1
  10
0
  20
0
  30
0
  0
VERTEX
  5
c33
  8
Layer_8
  10
-5.9072571
  20
337.11374
  0
VERTEX
  5
c34
  8
Layer_8
  10
-5.6344376
  20
337.11374
  0
SEQEND
  0
POLYLINE
  5
c36
  8
Layer_8
  62
254
  66
1
  10
0
  20
0
  30
0
  0
VERTEX
  5
c36
  8
Layer_8
  10
-15.629547
  20
376.16763
  0
VERTEX
  5
c37
  8
Layer_8
  10
-16.182526
  20
376.16763
  0
SEQEND
  0
POLYLINE
  5
c39
  8
Layer_8
  62
254
  66
1
  10
0
  20
0
  30
0
  0
VERTEX
  5
c39
  8
Layer_8
  10
-43.004425
  20
376.16763
  0
VERTEX
  5
c3a
  8
Layer_8
  10
-43.557465
  20
376.16763
  0
SEQEND
  0
POLYLINE
  5
c3c
  8
Layer_8
  62
254
  66
1
  10
0
  20
0
  30
0
  0
VERTEX
  5
c3c
  8
Layer_8
  10
8.4272156
  20
376.16763
  0
VERTEX
  5
c3d
  8
Layer_8
  10
7.874176
  20
376.16763
  0
SEQEND
  0
POLYLINE
  5
c3f
  8
Layer_8
  62
254
  66
1
  10
0
  20
0
  30
0
  0
VERTEX
  5
c3f
  8
Layer_8
  10
21.97641
  20
337.11374
  0
VERTEX
  5
c40
  8
Layer_8
  10
22.529449
  20
337.11374
  0
SEQEND
  0
POLYLINE
  5
c42
  8
Layer_8
  62
254
  66
1
  10
0
  20
0
  30
0
  0
VERTEX
  5
c42
  8
Layer_8
  10
-7.334137
  20
376.16763
  0
VERTEX
  5
c43
  8
Layer_8
  10
-7.8871155
  20
376.16763
  0
SEQEND
  0
POLYLINE
  5
c45
  8
Layer_8
  62
254
  66
1
  10
0
  20
0
  30
0
  0
VERTEX
  5
c45
  8
Layer_8
  10
-51.945778
  20
337.11374
  0
VERTEX
  5
c46
  8
Layer_8
  10
-24.986725
  20
337.11374
  0
SEQEND
  0
POLYLINE
  5
c48
  8
Layer_8
  62
254
  66
1
  10
0
  20
0
  30
0
  0
VERTEX
  5
c48
  8
Layer_8
  10
-21.668549
  20
337.11374
  0
VERTEX
  5
c49
  8
Layer_8
  10
-21.115578
  20
337.11374
  0
SEQEND
  0
POLYLINE
  5
c4b
  8
Layer_8
  62
254
  66
1
  10
0
  20
0
  30
0
  0
VERTEX
  5
c4b
  8
Layer_8
  10
-63.466469
  20
376.16763
  0
VERTEX
  5
c4c
  8
Layer_8
  10
-64.019508
  20
376.16763
  0
SEQEND
  0
POLYLINE
  5
c4e
  8
Layer_8
  62
254
  66
1
  10
0
  20
0
  30
0
  0
VERTEX
  5
c4e
  8
Layer_8
  10
-10.88456
  20
337.11374
  0
VERTEX
  5
c4f
  8
Layer_8
  10
-10.33152
  20
337.11374
  0
SEQEND
  0
POLYLINE
  5
c51
  8
Layer_8
  62
254
  66
1
  10
0
  20
0
  30
0
  0
VERTEX
  5
c51
  8
Layer_8
  10
-51.852879
  20
376.99719
  0
VERTEX
  5
c52
  8
Layer_8
  10
-51.852879
  20
377.5502
  0
SEQEND
  0
POLYLINE
  5
c54
  8
Layer_8
  62
254
  66
1
  10
0
  20
0
  30
0
  0
VERTEX
  5
c54
  8
Layer_8
  10
-12.311378
  20
376.16763
  0
VERTEX
  5
c55
  8
Layer_8
  10
-12.864418
  20
376.16763
  0
SEQEND
  0
POLYLINE
  5
c57
  8
Layer_8
  62
254
  66
1
  10
0
  20
0
  30
0
  0
VERTEX
  5
c57
  8
Layer_8
  10
34.143036
  20
376.16763
  0
VERTEX
  5
c58
  8
Layer_8
  10
33.589996
  20
376.16763
  0
SEQEND
  0
POLYLINE
  5
c5a
  8
Layer_8
  62
254
  66
1
  10
0
  20
0
  30
0
  0
VERTEX
  5
c5a
  8
Layer_8
  10
27.506683
  20
376.16763
  0
VERTEX
  5
c5b
  8
Layer_8
  10
26.953644
  20
376.16763
  0
SEQEND
  0
POLYLINE
  5
c5d
  8
Layer_8
  62
254
  66
1
  10
0
  20
0
  30
0
  0
VERTEX
  5
c5d
  8
Layer_8
  10
-61.807377
  20
376.16763
  0
VERTEX
  5
c5e
  8
Layer_8
  10
-62.360416
  20
376.16763
  0
SEQEND
  0
POLYLINE
  5
c60
  8
Layer_8
  62
254
  66
1
  10
0
  20
0
  30
0
  0
VERTEX
  5
c60
  8
Layer_8
  10
-67.614166
  20
376.16763
  0
VERTEX
  5
c61
  8
Layer_8
  10
-68.167206
  20
376.16763
  0
SEQEND
  0
POLYLINE
  5
c63
  8
Layer_8
  62
254
  66
1
  10
0
  20
0
  30
0
  0
VERTEX
  5
c63
  8
Layer_8
  10
-17.520844
  20
337.11374
  0
VERTEX
  5
c64
  8
Layer_8
  10
-16.967804
  20
337.11374
  0
SEQEND
  0
POLYLINE
  5
c66
  8
Layer_8
  62
254
  66
1
  10
0
  20
0
  30
0
  0
VERTEX
  5
c66
  8
Layer_8
  10
-19.77726
  20
376.16763
  0
VERTEX
  5
c67
  8
Layer_8
  10
-20.330299
  20
376.16763
  0
SEQEND
  0
POLYLINE
  5
c69
  8
Layer_8
  62
254
  66
1
  10
0
  20
0
  30
0
  0
VERTEX
  5
c69
  8
Layer_8
  10
-23.095428
  20
376.16763
  0
VERTEX
  5
c6a
  8
Layer_8
  10
-23.648468
  20
376.16763
  0
SEQEND
  0
POLYLINE
  5
c6c
  8
Layer_8
  62
254
  66
1
  10
0
  20
0
  30
0
  0
VERTEX
  5
c6c
  8
Layer_8
  10
16.722626
  20
376.16763
  0
VERTEX
  5
c6d
  8
Layer_8
  10
16.169586
  20
376.16763
  0
SEQEND
  0
POLYLINE
  5
c6f
  8
Layer_8
  62
254
  66
1
  10
0
  20
0
  30
0
  0
VERTEX
  5
c6f
  8
Layer_8
  10
-8.1636658
  20
376.16763
  0
VERTEX
  5
c70
  8
Layer_8
  10
-8.7167053
  20
376.16763
  0
SEQEND
  0
POLYLINE
  5
c72
  8
Layer_8
  62
254
  66
1
  10
0
  20
0
  30
0
  0
VERTEX
  5
c72
  8
Layer_8
  10
-56.000587
  20
376.16763
  0
VERTEX
  5
c73
  8
Layer_8
  10
-56.553627
  20
376.16763
  0
SEQEND
  0
POLYLINE
  5
c75
  8
Layer_8
  62
254
  66
1
  10
0
  20
0
  30
0
  0
VERTEX
  5
c75
  8
Layer_8
  10
-66.784637
  20
376.16763
  0
VERTEX
  5
c76
  8
Layer_8
  10
-67.337677
  20
376.16763
  0
SEQEND
  0
POLYLINE
  5
c78
  8
Layer_8
  62
254
  66
1
  10
0
  20
0
  30
0
  0
VERTEX
  5
c78
  8
Layer_8
  10
12.851402
  20
337.11374
  0
VERTEX
  5
c79
  8
Layer_8
  10
13.404449
  20
337.11374
  0
SEQEND
  0
POLYLINE
  5
c7b
  8
Layer_8
  62
254
  66
1
  10
0
  20
0
  30
0
  0
VERTEX
  5
c7b
  8
Layer_8
  10
24.464996
  20
337.11374
  0
VERTEX
  5
c7c
  8
Layer_8
  10
25.018036
  20
337.11374
  0
SEQEND
  0
POLYLINE
  5
c7e
  8
Layer_8
  62
254
  66
1
  10
0
  20
0
  30
0
  0
VERTEX
  5
c7e
  8
Layer_8
  10
25.847565
  20
376.16763
  0
VERTEX
  5
c7f
  8
Layer_8
  10
25.294586
  20
376.16763
  0
SEQEND
  0
POLYLINE
  5
c81
  8
Layer_8
  62
254
  66
1
  10
0
  20
0
  30
0
  0
VERTEX
  5
c81
  8
Layer_8
  10
29.995316
  20
376.16763
  0
VERTEX
  5
c82
  8
Layer_8
  10
29.442291
  20
376.16763
  0
SEQEND
  0
POLYLINE
  5
c84
  8
Layer_8
  62
254
  66
1
  10
0
  20
0
  30
0
  0
VERTEX
  5
c84
  8
Layer_8
  10
-21.436317
  20
376.16763
  0
VERTEX
  5
c85
  8
Layer_8
  10
-21.989357
  20
376.16763
  0
SEQEND
  0
POLYLINE
  5
c87
  8
Layer_8
  62
254
  66
1
  10
0
  20
0
  30
0
  0
VERTEX
  5
c87
  8
Layer_8
  10
-51.880157
  20
394.36447
  0
VERTEX
  5
c88
  8
Layer_8
  10
-51.881927
  20
394.91748
  0
SEQEND
  0
POLYLINE
  5
c8a
  8
Layer_8
  62
254
  66
1
  10
0
  20
0
  30
0
  0
VERTEX
  5
c8a
  8
Layer_8
  10
-52.682407
  20
376.16763
  0
VERTEX
  5
c8b
  8
Layer_8
  10
-53.235447
  20
376.16763
  0
SEQEND
  0
POLYLINE
  5
c8d
  8
Layer_8
  62
254
  66
1
  10
0
  20
0
  30
0
  0
VERTEX
  5
c8d
  8
Layer_8
  10
5.9385605
  20
376.16763
  0
VERTEX
  5
c8e
  8
Layer_8
  10
5.3855209
  20
376.16763
  0
SEQEND
  0
POLYLINE
  5
c90
  8
Layer_8
  62
254
  66
1
  10
0
  20
0
  30
0
  0
VERTEX
  5
c90
  8
Layer_8
  10
-46.322609
  20
376.16763
  0
VERTEX
  5
c91
  8
Layer_8
  10
-46.875648
  20
376.16763
  0
SEQEND
  0
POLYLINE
  5
c93
  8
Layer_8
  62
254
  66
1
  10
0
  20
0
  30
0
  0
VERTEX
  5
c93
  8
Layer_8
  10
-5.6750183
  20
376.16763
  0
VERTEX
  5
c94
  8
Layer_8
  10
-6.2280579
  20
376.16763
  0
SEQEND
  0
POLYLINE
  5
c96
  8
Layer_8
  62
254
  66
1
  10
0
  20
0
  30
0
  0
VERTEX
  5
c96
  8
Layer_8
  10
-60.977848
  20
376.16763
  0
VERTEX
  5
c97
  8
Layer_8
  10
-61.530857
  20
376.16763
  0
SEQEND
  0
POLYLINE
  5
c99
  8
Layer_8
  62
254
  66
1
  10
0
  20
0
  30
0
  0
VERTEX
  5
c99
  8
Layer_8
  10
-39.686249
  20
376.16763
  0
VERTEX
  5
c9a
  8
Layer_8
  10
-40.239288
  20
376.16763
  0
SEQEND
  0
POLYLINE
  5
c9c
  8
Layer_8
  62
254
  66
1
  10
0
  20
0
  30
0
  0
VERTEX
  5
c9c
  8
Layer_8
  10
-43.833954
  20
376.16763
  0
VERTEX
  5
c9d
  8
Layer_8
  10
-44.386993
  20
376.16763
  0
SEQEND
  0
POLYLINE
  5
c9f
  8
Layer_8
  62
254
  66
1
  10
0
  20
0
  30
0
  0
VERTEX
  5
c9f
  8
Layer_8
  10
-13.970428
  20
376.16763
  0
VERTEX
  5
ca0
  8
Layer_8
  10
-14.523468
  20
376.16763
  0
SEQEND
  0
POLYLINE
  5
ca2
  8
Layer_8
  62
254
  66
1
  10
0
  20
0
  30
0
  0
VERTEX
  5
ca2
  8
Layer_8
  10
29.165741
  20
376.16763
  0
VERTEX
  5
ca3
  8
Layer_8
  10
28.612701
  20
376.16763
  0
SEQEND
  0
POLYLINE
  5
ca5
  8
Layer_8
  62
254
  66
1
  10
0
  20
0
  30
0
  0
VERTEX
  5
ca5
  8
Layer_8
  10
15.340057
  20
337.11374
  0
VERTEX
  5
ca6
  8
Layer_8
  10
15.893097
  20
337.11374
  0
SEQEND
  0
POLYLINE
  5
ca8
  8
Layer_8
  62
254
  66
1
  10
0
  20
0
  30
0
  0
VERTEX
  5
ca8
  8
Layer_8
  10
-1.5273209
  20
376.16763
  0
VERTEX
  5
ca9
  8
Layer_8
  10
-2.0803604
  20
376.16763
  0
SEQEND
  0
POLYLINE
  5
cab
  8
Layer_8
  62
254
  66
1
  10
0
  20
0
  30
0
  0
VERTEX
  5
cab
  8
Layer_8
  10
-51.853916
  20
386.06909
  0
VERTEX
  5
cac
  8
Layer_8
  10
-51.855686
  20
386.62213
  0
SEQEND
  0
POLYLINE
  5
cae
  8
Layer_8
  62
254
  66
1
  10
0
  20
0
  30
0
  0
VERTEX
  5
cae
  8
Layer_8
  10
11.745392
  20
376.16763
  0
VERTEX
  5
caf
  8
Layer_8
  10
11.192352
  20
376.16763
  0
SEQEND
  0
POLYLINE
  5
cb1
  8
Layer_8
  62
254
  66
1
  10
0
  20
0
  30
0
  0
VERTEX
  5
cb1
  8
Layer_8
  10
20.040802
  20
376.16763
  0
VERTEX
  5
cb2
  8
Layer_8
  10
19.487762
  20
376.16763
  0
SEQEND
  0
POLYLINE
  5
cb4
  8
Layer_8
  62
254
  66
1
  10
0
  20
0
  30
0
  0
VERTEX
  5
cb4
  8
Layer_8
  10
-8.9931946
  20
376.16763
  0
VERTEX
  5
cb5
  8
Layer_8
  10
-9.5462341
  20
376.16763
  0
SEQEND
  0
POLYLINE
  5
cb7
  8
Layer_8
  62
254
  66
1
  10
0
  20
0
  30
0
  0
VERTEX
  5
cb7
  8
Layer_8
  10
-47.981659
  20
376.16763
  0
VERTEX
  5
cb8
  8
Layer_8
  10
-48.534698
  20
376.16763
  0
SEQEND
  0
POLYLINE
  5
cba
  8
Layer_8
  62
254
  66
1
  10
0
  20
0
  30
0
  0
VERTEX
  5
cba
  8
Layer_8
  10
-18.118134
  20
376.16763
  0
VERTEX
  5
cbb
  8
Layer_8
  10
-18.671181
  20
376.16763
  0
SEQEND
  0
POLYLINE
  5
cbd
  8
Layer_8
  62
254
  66
1
  10
0
  20
0
  30
0
  0
VERTEX
  5
cbd
  8
Layer_8
  10
1.790863
  20
376.16763
  0
VERTEX
  5
cbe
  8
Layer_8
  10
1.2378235
  20
376.16763
  0
SEQEND
  0
POLYLINE
  5
cc0
  8
Layer_8
  62
254
  66
1
  10
0
  20
0
  30
0
  0
VERTEX
  5
cc0
  8
Layer_8
  10
25.018036
  20
376.16763
  0
VERTEX
  5
cc1
  8
Layer_8
  10
24.464996
  20
376.16763
  0
SEQEND
  0
POLYLINE
  5
cc3
  8
Layer_8
  62
254
  66
1
  10
0
  20
0
  30
0
  0
VERTEX
  5
cc3
  8
Layer_8
  10
-70.102814
  20
376.16763
  0
VERTEX
  5
cc4
  8
Layer_8
  10
-70.655853
  20
376.16763
  0
SEQEND
  0
POLYLINE
  5
cc6
  8
Layer_8
  62
254
  66
1
  10
0
  20
0
  30
0
  0
VERTEX
  5
cc6
  8
Layer_8
  10
33.313446
  20
376.16763
  0
VERTEX
  5
cc7
  8
Layer_8
  10
32.760468
  20
376.16763
  0
SEQEND
  0
POLYLINE
  5
cc9
  8
Layer_8
  62
254
  66
1
  10
0
  20
0
  30
0
  0
VERTEX
  5
cc9
  8
Layer_8
  10
0.13180542
  20
376.16763
  0
VERTEX
  5
cca
  8
Layer_8
  10
-0.42123413
  20
376.16763
  0
SEQEND
  0
POLYLINE
  5
ccc
  8
Layer_8
  62
254
  66
1
  10
0
  20
0
  30
0
  0
VERTEX
  5
ccc
  8
Layer_8
  10
-3.1863785
  20
376.16763
  0
VERTEX
  5
ccd
  8
Layer_8
  10
-3.739418
  20
376.16763
  0
SEQEND
  0
POLYLINE
  5
ccf
  8
Layer_8
  62
254
  66
1
  10
0
  20
0
  30
0
  0
VERTEX
  5
ccf
  8
Layer_8
  10
-40.515778
  20
376.16763
  0
VERTEX
  5
cd0
  8
Layer_8
  10
-41.068817
  20
376.16763
  0
SEQEND
  0
POLYLINE
  5
cd2
  8
Layer_8
  62
254
  66
1
  10
0
  20
0
  30
0
  0
VERTEX
  5
cd2
  8
Layer_8
  10
-13.140907
  20
376.16763
  0
VERTEX
  5
cd3
  8
Layer_8
  10
-13.693947
  20
376.16763
  0
SEQEND
  0
POLYLINE
  5
cd5
  8
Layer_8
  62
254
  66
1
  10
0
  20
0
  30
0
  0
VERTEX
  5
cd5
  8
Layer_8
  10
-51.859169
  20
387.72815
  0
VERTEX
  5
cd6
  8
Layer_8
  10
-51.860939
  20
388.28119
  0
SEQEND
  0
POLYLINE
  5
cd8
  8
Layer_8
  62
254
  66
1
  10
0
  20
0
  30
0
  0
VERTEX
  5
cd8
  8
Layer_8
  10
-2.3568497
  20
376.16763
  0
VERTEX
  5
cd9
  8
Layer_8
  10
-2.9098892
  20
376.16763
  0
SEQEND
  0
POLYLINE
  5
cdb
  8
Layer_8
  62
254
  66
1
  10
0
  20
0
  30
0
  0
VERTEX
  5
cdb
  8
Layer_8
  10
27.783173
  20
337.11374
  0
VERTEX
  5
cdc
  8
Layer_8
  10
28.336212
  20
337.11374
  0
SEQEND
  0
POLYLINE
  5
cde
  8
Layer_8
  62
254
  66
1
  10
0
  20
0
  30
0
  0
VERTEX
  5
cde
  8
Layer_8
  10
6.7680893
  20
376.16763
  0
VERTEX
  5
cdf
  8
Layer_8
  10
6.2150497
  20
376.16763
  0
SEQEND
  0
POLYLINE
  5
ce1
  8
Layer_8
  62
254
  66
1
  10
0
  20
0
  30
0
  0
VERTEX
  5
ce1
  8
Layer_8
  10
-53.511967
  20
376.16763
  0
VERTEX
  5
ce2
  8
Layer_8
  10
-54.064976
  20
376.16763
  0
SEQEND
  0
POLYLINE
  5
ce4
  8
Layer_8
  62
254
  66
1
  10
0
  20
0
  30
0
  0
VERTEX
  5
ce4
  8
Layer_8
  10
23.358978
  20
376.16763
  0
VERTEX
  5
ce5
  8
Layer_8
  10
22.805939
  20
376.16763
  0
SEQEND
  0
POLYLINE
  5
ce7
  8
Layer_8
  62
254
  66
1
  10
0
  20
0
  30
0
  0
VERTEX
  5
ce7
  8
Layer_8
  10
-51.852879
  20
384.46307
  0
VERTEX
  5
ce8
  8
Layer_8
  10
-51.852879
  20
385.01608
  0
SEQEND
  0
POLYLINE
  5
cea
  8
Layer_8
  62
254
  66
1
  10
0
  20
0
  30
0
  0
VERTEX
  5
cea
  8
Layer_8
  10
-57.659668
  20
376.16763
  0
VERTEX
  5
ceb
  8
Layer_8
  10
-58.212708
  20
376.16763
  0
SEQEND
  0
POLYLINE
  5
ced
  8
Layer_8
  62
254
  66
1
  10
0
  20
0
  30
0
  0
VERTEX
  5
ced
  8
Layer_8
  10
133.49216
  20
375.46683
  0
VERTEX
  5
cee
  8
Layer_8
  10
133.49216
  20
376.01984
  0
SEQEND
  0
POLYLINE
  5
cf0
  8
Layer_8
  62
254
  66
1
  10
0
  20
0
  30
0
  0
VERTEX
  5
cf0
  8
Layer_8
  10
133.53726
  20
388.69629
  0
VERTEX
  5
cf1
  8
Layer_8
  10
133.54568
  20
389.24927
  0
SEQEND
  0
POLYLINE
  5
cf3
  8
Layer_8
  62
254
  66
1
  10
0
  20
0
  30
0
  0
VERTEX
  5
cf3
  8
Layer_8
  10
111.41328
  20
479.18561
  42
-0.39885097
  0
VERTEX
  5
cf4
  8
Layer_8
  10
121.36752
  20
468.69321
  0
VERTEX
  5
cf5
  8
Layer_8
  10
121.36777
  20
464.0863
  0
VERTEX
  5
cf6
  8
Layer_8
  10
133.6575
  20
464.0863
  0
VERTEX
  5
cf7
  8
Layer_8
  10
133.69339
  20
435.88455
  0
SEQEND
  0
POLYLINE
  5
cf9
  8
Layer_8
  62
254
  66
1
  10
0
  20
0
  30
0
  0
VERTEX
  5
cf9
  8
Layer_8
  10
133.49216
  20
369.66003
  0
VERTEX
  5
cfa
  8
Layer_8
  10
133.49216
  20
370.21307
  0
SEQEND
  0
POLYLINE
  5
cfc
  8
Layer_8
  62
254
  66
1
  10
0
  20
0
  30
0
  0
VERTEX
  5
cfc
  8
Layer_8
  10
133.49936
  20
386.20795
  0
VERTEX
  5
cfd
  8
Layer_8
  10
133.50778
  20
386.76093
  0
SEQEND
  0
POLYLINE
  5
cff
  8
Layer_8
  62
254
  66
1
  10
0
  20
0
  30
0
  0
VERTEX
  5
cff
  8
Layer_8
  10
72.559357
  20
464.08337
  0
VERTEX
  5
d00
  8
Layer_8
  10
72.006317
  20
464.08337
  0
SEQEND
  0
POLYLINE
  5
d02
  8
Layer_8
  62
254
  66
1
  10
0
  20
0
  30
0
  0
VERTEX
  5
d02
  8
Layer_8
  10
133.49216
  20
384.5918
  0
VERTEX
  5
d03
  8
Layer_8
  10
133.49216
  20
385.14484
  0
SEQEND
  0
POLYLINE
  5
d05
  8
Layer_8
  62
254
  66
1
  10
0
  20
0
  30
0
  0
VERTEX
  5
d05
  8
Layer_8
  10
133.49216
  20
385.42133
  0
VERTEX
  5
d06
  8
Layer_8
  10
133.49216
  20
385.73248
  0
VERTEX
  5
d07
  8
Layer_8
  10
133.49515
  20
385.93146
  0
SEQEND
  0
POLYLINE
  5
d09
  8
Layer_8
  62
254
  66
1
  10
0
  20
0
  30
0
  0
VERTEX
  5
d09
  8
Layer_8
  10
133.75198
  20
402.79688
  0
VERTEX
  5
d0a
  8
Layer_8
  10
133.76041
  20
403.34985
  0
SEQEND
  0
POLYLINE
  5
d0c
  8
Layer_8
  62
254
  66
1
  10
0
  20
0
  30
0
  0
VERTEX
  5
d0c
  8
Layer_8
  10
133.71407
  20
400.30853
  0
VERTEX
  5
d0d
  8
Layer_8
  10
133.7225
  20
400.86151
  0
SEQEND
  0
POLYLINE
  5
d0f
  8
Layer_8
  62
254
  66
1
  10
0
  20
0
  30
0
  0
VERTEX
  5
d0f
  8
Layer_8
  10
133.49216
  20
371.31909
  0
VERTEX
  5
d10
  8
Layer_8
  10
133.49216
  20
371.87213
  0
SEQEND
  0
POLYLINE
  5
d12
  8
Layer_8
  62
254
  66
1
  10
0
  20
0
  30
0
  0
VERTEX
  5
d12
  8
Layer_8
  10
133.49216
  20
378.785
  0
VERTEX
  5
d13
  8
Layer_8
  10
133.49216
  20
379.33801
  0
SEQEND
  0
POLYLINE
  5
d15
  8
Layer_8
  62
254
  66
1
  10
0
  20
0
  30
0
  0
VERTEX
  5
d15
  8
Layer_8
  10
69.24118
  20
464.08337
  0
VERTEX
  5
d16
  8
Layer_8
  10
68.688202
  20
464.08337
  0
SEQEND
  0
POLYLINE
  5
d18
  8
Layer_8
  62
254
  66
1
  10
0
  20
0
  30
0
  0
VERTEX
  5
d18
  8
Layer_8
  10
133.66354
  20
396.99072
  0
VERTEX
  5
d19
  8
Layer_8
  10
133.67197
  20
397.5437
  0
SEQEND
  0
POLYLINE
  5
d1b
  8
Layer_8
  62
254
  66
1
  10
0
  20
0
  30
0
  0
VERTEX
  5
d1b
  8
Layer_8
  10
133.49216
  20
368.00095
  0
VERTEX
  5
d1c
  8
Layer_8
  10
133.49216
  20
368.55396
  0
SEQEND
  0
POLYLINE
  5
d1e
  8
Layer_8
  62
254
  66
1
  10
0
  20
0
  30
0
  0
VERTEX
  5
d1e
  8
Layer_8
  10
133.49216
  20
377.12592
  0
VERTEX
  5
d1f
  8
Layer_8
  10
133.49216
  20
377.67896
  0
SEQEND
  0
POLYLINE
  5
d21
  8
Layer_8
  62
254
  66
1
  10
0
  20
0
  30
0
  0
VERTEX
  5
d21
  8
Layer_8
  10
70.07077
  20
464.08337
  0
VERTEX
  5
d22
  8
Layer_8
  10
69.517715
  20
464.08337
  0
SEQEND
  0
POLYLINE
  5
d24
  8
Layer_8
  62
254
  66
1
  10
0
  20
0
  30
0
  0
VERTEX
  5
d24
  8
Layer_8
  10
133.5499
  20
389.52573
  0
VERTEX
  5
d25
  8
Layer_8
  10
133.55832
  20
390.07867
  0
SEQEND
  0
POLYLINE
  5
d27
  8
Layer_8
  62
254
  66
1
  10
0
  20
0
  30
0
  0
VERTEX
  5
d27
  8
Layer_8
  10
133.49216
  20
373.80774
  0
VERTEX
  5
d28
  8
Layer_8
  10
133.49216
  20
374.36078
  0
SEQEND
  0
POLYLINE
  5
d2a
  8
Layer_8
  62
254
  66
1
  10
0
  20
0
  30
0
  0
VERTEX
  5
d2a
  8
Layer_8
  10
133.73935
  20
401.96741
  0
VERTEX
  5
d2b
  8
Layer_8
  10
133.74777
  20
402.52039
  0
SEQEND
  0
POLYLINE
  5
d2d
  8
Layer_8
  62
254
  66
1
  10
0
  20
0
  30
0
  0
VERTEX
  5
d2d
  8
Layer_8
  10
73.388885
  20
464.08337
  0
VERTEX
  5
d2e
  8
Layer_8
  10
72.835907
  20
464.08337
  0
SEQEND
  0
POLYLINE
  5
d30
  8
Layer_8
  62
254
  66
1
  10
0
  20
0
  30
0
  0
VERTEX
  5
d30
  8
Layer_8
  10
133.49216
  20
367.17139
  0
VERTEX
  5
d31
  8
Layer_8
  10
133.49216
  20
367.72443
  0
SEQEND
  0
POLYLINE
  5
d33
  8
Layer_8
  62
254
  66
1
  10
0
  20
0
  30
0
  0
VERTEX
  5
d33
  8
Layer_8
  10
133.49216
  20
376.29639
  0
VERTEX
  5
d34
  8
Layer_8
  10
133.49216
  20
376.8494
  0
SEQEND
  0
POLYLINE
  5
d36
  8
Layer_8
  62
254
  66
1
  10
0
  20
0
  30
0
  0
VERTEX
  5
d36
  8
Layer_8
  10
133.61307
  20
393.67297
  0
VERTEX
  5
d37
  8
Layer_8
  10
133.62149
  20
394.22592
  0
SEQEND
  0
POLYLINE
  5
d39
  8
Layer_8
  62
254
  66
1
  10
0
  20
0
  30
0
  0
VERTEX
  5
d39
  8
Layer_8
  10
70.900299
  20
464.08337
  0
VERTEX
  5
d3a
  8
Layer_8
  10
70.34726
  20
464.08337
  0
SEQEND
  0
POLYLINE
  5
d3c
  8
Layer_8
  62
254
  66
1
  10
0
  20
0
  30
0
  0
VERTEX
  5
d3c
  8
Layer_8
  10
133.60043
  20
392.84351
  0
VERTEX
  5
d3d
  8
Layer_8
  10
133.60886
  20
393.39648
  0
SEQEND
  0
POLYLINE
  5
d3f
  8
Layer_8
  62
254
  66
1
  10
0
  20
0
  30
0
  0
VERTEX
  5
d3f
  8
Layer_8
  10
133.56252
  20
390.35516
  0
VERTEX
  5
d40
  8
Layer_8
  10
133.57095
  20
390.90814
  0
SEQEND
  0
POLYLINE
  5
d42
  8
Layer_8
  62
254
  66
1
  10
0
  20
0
  30
0
  0
VERTEX
  5
d42
  8
Layer_8
  10
133.49216
  20
368.83051
  0
VERTEX
  5
d43
  8
Layer_8
  10
133.49216
  20
369.38351
  0
SEQEND
  0
POLYLINE
  5
d45
  8
Layer_8
  62
254
  66
1
  10
0
  20
0
  30
0
  0
VERTEX
  5
d45
  8
Layer_8
  10
133.49216
  20
382.93271
  0
VERTEX
  5
d46
  8
Layer_8
  10
133.49216
  20
383.48572
  0
SEQEND
  0
POLYLINE
  5
d48
  8
Layer_8
  62
254
  66
1
  10
0
  20
0
  30
0
  0
VERTEX
  5
d48
  8
Layer_8
  10
133.57516
  20
391.18463
  0
VERTEX
  5
d49
  8
Layer_8
  10
133.58359
  20
391.73758
  0
SEQEND
  0
POLYLINE
  5
d4b
  8
Layer_8
  62
254
  66
1
  10
0
  20
0
  30
0
  0
VERTEX
  5
d4b
  8
Layer_8
  10
133.49216
  20
377.95544
  0
VERTEX
  5
d4c
  8
Layer_8
  10
133.49216
  20
378.50848
  0
SEQEND
  0
POLYLINE
  5
d4e
  8
Layer_8
  62
254
  66
1
  10
0
  20
0
  30
0
  0
VERTEX
  5
d4e
  8
Layer_8
  10
133.51199
  20
387.03738
  0
VERTEX
  5
d4f
  8
Layer_8
  10
133.52042
  20
387.59033
  0
SEQEND
  0
POLYLINE
  5
d51
  8
Layer_8
  62
254
  66
1
  10
0
  20
0
  30
0
  0
VERTEX
  5
d51
  8
Layer_8
  10
133.65097
  20
396.16132
  0
VERTEX
  5
d52
  8
Layer_8
  10
133.65939
  20
396.71426
  0
SEQEND
  0
POLYLINE
  5
d54
  8
Layer_8
  62
254
  66
1
  10
0
  20
0
  30
0
  0
VERTEX
  5
d54
  8
Layer_8
  10
133.49216
  20
379.61453
  0
VERTEX
  5
d55
  8
Layer_8
  10
133.49216
  20
380.16757
  0
SEQEND
  0
POLYLINE
  5
d57
  8
Layer_8
  62
254
  66
1
  10
0
  20
0
  30
0
  0
VERTEX
  5
d57
  8
Layer_8
  10
133.70145
  20
399.47906
  0
VERTEX
  5
d58
  8
Layer_8
  10
133.70987
  20
400.03204
  0
SEQEND
  0
POLYLINE
  5
d5a
  8
Layer_8
  62
254
  66
1
  10
0
  20
0
  30
0
  0
VERTEX
  5
d5a
  8
Layer_8
  10
133.72672
  20
401.13797
  0
VERTEX
  5
d5b
  8
Layer_8
  10
133.73514
  20
401.69092
  0
SEQEND
  0
POLYLINE
  5
d5d
  8
Layer_8
  62
254
  66
1
  10
0
  20
0
  30
0
  0
VERTEX
  5
d5d
  8
Layer_8
  10
133.49216
  20
383.76227
  0
VERTEX
  5
d5e
  8
Layer_8
  10
133.49216
  20
384.31528
  0
SEQEND
  0
POLYLINE
  5
d60
  8
Layer_8
  62
254
  66
1
  10
0
  20
0
  30
0
  0
VERTEX
  5
d60
  8
Layer_8
  10
133.67618
  20
397.82019
  0
VERTEX
  5
d61
  8
Layer_8
  10
133.68459
  20
398.37317
  0
SEQEND
  0
POLYLINE
  5
d63
  8
Layer_8
  62
254
  66
1
  10
0
  20
0
  30
0
  0
VERTEX
  5
d63
  8
Layer_8
  10
133.68881
  20
398.64966
  0
VERTEX
  5
d64
  8
Layer_8
  10
133.69724
  20
399.20261
  0
SEQEND
  0
POLYLINE
  5
d66
  8
Layer_8
  62
254
  66
1
  10
0
  20
0
  30
0
  0
VERTEX
  5
d66
  8
Layer_8
  10
133.49216
  20
372.97821
  0
VERTEX
  5
d67
  8
Layer_8
  10
133.49216
  20
373.53125
  0
SEQEND
  0
POLYLINE
  5
d69
  8
Layer_8
  62
254
  66
1
  10
0
  20
0
  30
0
  0
VERTEX
  5
d69
  8
Layer_8
  10
133.6257
  20
394.50241
  0
VERTEX
  5
d6a
  8
Layer_8
  10
133.63412
  20
395.05536
  0
SEQEND
  0
POLYLINE
  5
d6c
  8
Layer_8
  62
254
  66
1
  10
0
  20
0
  30
0
  0
VERTEX
  5
d6c
  8
Layer_8
  10
133.5878
  20
392.01407
  0
VERTEX
  5
d6d
  8
Layer_8
  10
133.59622
  20
392.56702
  0
SEQEND
  0
POLYLINE
  5
d6f
  8
Layer_8
  62
254
  66
1
  10
0
  20
0
  30
0
  0
VERTEX
  5
d6f
  8
Layer_8
  10
133.63828
  20
395.33185
  0
VERTEX
  5
d70
  8
Layer_8
  10
133.6467
  20
395.88483
  0
SEQEND
  0
POLYLINE
  5
d72
  8
Layer_8
  62
254
  66
1
  10
0
  20
0
  30
0
  0
VERTEX
  5
d72
  8
Layer_8
  10
133.49216
  20
372.14865
  0
VERTEX
  5
d73
  8
Layer_8
  10
133.49216
  20
372.70169
  0
SEQEND
  0
POLYLINE
  5
d75
  8
Layer_8
  62
254
  66
1
  10
0
  20
0
  30
0
  0
VERTEX
  5
d75
  8
Layer_8
  10
133.49216
  20
382.10315
  0
VERTEX
  5
d76
  8
Layer_8
  10
133.49216
  20
382.65619
  0
SEQEND
  0
POLYLINE
  5
d78
  8
Layer_8
  62
254
  66
1
  10
0
  20
0
  30
0
  0
VERTEX
  5
d78
  8
Layer_8
  10
74.218475
  20
464.08337
  0
VERTEX
  5
d79
  8
Layer_8
  10
73.665436
  20
464.08337
  0
SEQEND
  0
POLYLINE
  5
d7b
  8
Layer_8
  62
254
  66
1
  10
0
  20
0
  30
0
  0
VERTEX
  5
d7b
  8
Layer_8
  10
133.49216
  20
381.27362
  0
VERTEX
  5
d7c
  8
Layer_8
  10
133.49216
  20
381.82666
  0
SEQEND
  0
POLYLINE
  5
d7e
  8
Layer_8
  62
254
  66
1
  10
0
  20
0
  30
0
  0
VERTEX
  5
d7e
  8
Layer_8
  10
133.49216
  20
380.44409
  0
VERTEX
  5
d7f
  8
Layer_8
  10
133.49216
  20
380.99713
  0
SEQEND
  0
POLYLINE
  5
d81
  8
Layer_8
  62
254
  66
1
  10
0
  20
0
  30
0
  0
VERTEX
  5
d81
  8
Layer_8
  10
71.729828
  20
464.08337
  0
VERTEX
  5
d82
  8
Layer_8
  10
71.176788
  20
464.08337
  0
SEQEND
  0
POLYLINE
  5
d84
  8
Layer_8
  62
254
  66
1
  10
0
  20
0
  30
0
  0
VERTEX
  5
d84
  8
Layer_8
  10
133.49216
  20
374.63727
  0
VERTEX
  5
d85
  8
Layer_8
  10
133.49216
  20
375.19031
  0
SEQEND
  0
POLYLINE
  5
d87
  8
Layer_8
  62
254
  66
1
  10
0
  20
0
  30
0
  0
VERTEX
  5
d87
  8
Layer_8
  10
133.77725
  20
404.45575
  0
VERTEX
  5
d88
  8
Layer_8
  10
133.78568
  20
405.00873
  0
SEQEND
  0
POLYLINE
  5
d8a
  8
Layer_8
  62
254
  66
1
  10
0
  20
0
  30
0
  0
VERTEX
  5
d8a
  8
Layer_8
  10
133.76462
  20
403.62631
  0
VERTEX
  5
d8b
  8
Layer_8
  10
133.77303
  20
404.17926
  0
SEQEND
  0
POLYLINE
  5
d8d
  8
Layer_8
  62
254
  66
1
  10
0
  20
0
  30
0
  0
VERTEX
  5
d8d
  8
Layer_8
  10
133.49216
  20
370.48956
  0
VERTEX
  5
d8e
  8
Layer_8
  10
133.49216
  20
371.0426
  0
SEQEND
  0
POLYLINE
  5
d90
  8
Layer_8
  62
254
  66
1
  10
0
  20
0
  30
0
  0
VERTEX
  5
d90
  8
Layer_8
  10
133.52463
  20
387.86682
  0
VERTEX
  5
d91
  8
Layer_8
  10
133.53304
  20
388.4198
  0
SEQEND
  0
POLYLINE
  5
d93
  8
Layer_8
  62
254
  66
1
  10
0
  20
0
  30
0
  0
VERTEX
  5
d93
  8
Layer_8
  10
65.923004
  20
464.08337
  0
VERTEX
  5
d94
  8
Layer_8
  10
65.370026
  20
464.08337
  0
SEQEND
  0
POLYLINE
  5
d96
  8
Layer_8
  62
254
  66
1
  10
0
  20
0
  30
0
  0
VERTEX
  5
d96
  8
Layer_8
  10
-41.068817
  20
357.22098
  0
VERTEX
  5
d97
  8
Layer_8
  10
-40.515778
  20
357.22098
  0
SEQEND
  0
POLYLINE
  5
d99
  8
Layer_8
  62
254
  66
1
  10
0
  20
0
  30
0
  0
VERTEX
  5
d99
  8
Layer_8
  10
-32.496857
  20
354.27228
  0
VERTEX
  5
d9a
  8
Layer_8
  10
-33.128578
  20
354.27228
  0
VERTEX
  5
d9b
  8
Layer_8
  10
-38.737457
  20
351.62427
  0
VERTEX
  5
d9c
  8
Layer_8
  10
-38.737457
  20
347.19901
  0
VERTEX
  5
d9d
  8
Layer_8
  10
-38.737457
  20
341.93561
  0
VERTEX
  5
d9e
  8
Layer_8
  10
-34.155975
  20
340.33533
  0
VERTEX
  5
d9f
  8
Layer_8
  10
-33.049896
  20
340.33533
  0
SEQEND
  0
POLYLINE
  5
da1
  8
Layer_8
  62
254
  66
1
  10
0
  20
0
  30
0
  0
VERTEX
  5
da1
  8
Layer_8
  10
-31.114288
  20
357.22098
  0
VERTEX
  5
da2
  8
Layer_8
  10
-30.561317
  20
357.22098
  0
SEQEND
  0
POLYLINE
  5
da4
  8
Layer_8
  62
254
  66
1
  10
0
  20
0
  30
0
  0
VERTEX
  5
da4
  8
Layer_8
  10
-30.284767
  20
357.22098
  0
VERTEX
  5
da5
  8
Layer_8
  10
-29.731728
  20
357.22098
  0
SEQEND
  0
POLYLINE
  5
da7
  8
Layer_8
  62
254
  66
1
  10
0
  20
0
  30
0
  0
VERTEX
  5
da7
  8
Layer_8
  10
31.101532
  20
333.79559
  42
-0.41421112
  0
VERTEX
  5
da8
  8
Layer_8
  10
34.419769
  20
337.11374
  0
VERTEX
  5
da9
  8
Layer_8
  10
33.313446
  20
337.11371
  0
SEQEND
  0
POLYLINE
  5
dab
  8
Layer_8
  62
254
  66
1
  10
0
  20
0
  30
0
  0
VERTEX
  5
dab
  8
Layer_8
  10
-46.875648
  20
357.22098
  0
VERTEX
  5
dac
  8
Layer_8
  10
-46.322609
  20
357.22098
  0
SEQEND
  0
POLYLINE
  5
dae
  8
Layer_8
  62
254
  66
1
  10
0
  20
0
  30
0
  0
VERTEX
  5
dae
  8
Layer_8
  10
-45.21653
  20
357.22098
  0
VERTEX
  5
daf
  8
Layer_8
  10
-44.66349
  20
357.22098
  0
SEQEND
  0
POLYLINE
  5
db1
  8
Layer_8
  62
254
  66
1
  10
0
  20
0
  30
0
  0
VERTEX
  5
db1
  8
Layer_8
  10
-26.137054
  20
357.22098
  0
VERTEX
  5
db2
  8
Layer_8
  10
-25.584015
  20
357.22098
  0
SEQEND
  0
POLYLINE
  5
db4
  8
Layer_8
  62
254
  66
1
  10
0
  20
0
  30
0
  0
VERTEX
  5
db4
  8
Layer_8
  10
62.604889
  20
464.08337
  0
VERTEX
  5
db5
  8
Layer_8
  10
62.051849
  20
464.08337
  0
SEQEND
  0
POLYLINE
  5
db7
  8
Layer_8
  62
254
  66
1
  10
0
  20
0
  30
0
  0
VERTEX
  5
db7
  8
Layer_8
  10
-50.193817
  20
357.22098
  0
VERTEX
  5
db8
  8
Layer_8
  10
-49.640778
  20
357.22098
  0
SEQEND
  0
POLYLINE
  5
dba
  8
Layer_8
  62
254
  66
1
  10
0
  20
0
  30
0
  0
VERTEX
  5
dba
  8
Layer_8
  10
-28.62571
  20
357.22098
  0
VERTEX
  5
dbb
  8
Layer_8
  10
-28.07267
  20
357.22098
  0
SEQEND
  0
POLYLINE
  5
dbd
  8
Layer_8
  62
254
  66
1
  10
0
  20
0
  30
0
  0
VERTEX
  5
dbd
  8
Layer_8
  10
-38.737457
  20
350.45123
  0
VERTEX
  5
dbe
  8
Layer_8
  10
-34.949615
  20
350.45123
  0
VERTEX
  5
dbf
  8
Layer_8
  10
-34.904266
  20
350.43018
  42
-0.28537735
  0
VERTEX
  5
dc0
  8
Layer_8
  10
-33.47599
  20
348.5199
  42
-0.011930895
  0
VERTEX
  5
dc1
  8
Layer_8
  10
-33.275604
  20
347.19901
  42
-0.014165804
  0
VERTEX
  5
dc2
  8
Layer_8
  10
-33.487038
  20
345.82056
  42
-0.20135137
  0
VERTEX
  5
dc3
  8
Layer_8
  10
-34.304482
  20
344.32257
  42
-0.056042912
  0
VERTEX
  5
dc4
  8
Layer_8
  10
-34.949615
  20
343.94684
  0
VERTEX
  5
dc5
  8
Layer_8
  10
-38.737457
  20
343.94681
  0
SEQEND
  0
POLYLINE
  5
dc7
  8
Layer_8
  62
254
  66
1
  10
0
  20
0
  30
0
  0
VERTEX
  5
dc7
  8
Layer_8
  10
59.286713
  20
464.08337
  0
VERTEX
  5
dc8
  8
Layer_8
  10
58.733673
  20
464.08337
  0
SEQEND
  0
POLYLINE
  5
dca
  8
Layer_8
  62
254
  66
1
  10
0
  20
0
  30
0
  0
VERTEX
  5
dca
  8
Layer_8
  10
-26.966591
  20
357.22098
  0
VERTEX
  5
dcb
  8
Layer_8
  10
-26.413605
  20
357.22098
  0
SEQEND
  0
POLYLINE
  5
dcd
  8
Layer_8
  62
254
  66
1
  10
0
  20
0
  30
0
  0
VERTEX
  5
dcd
  8
Layer_8
  10
-44.386993
  20
357.22098
  0
VERTEX
  5
dce
  8
Layer_8
  10
-43.833954
  20
357.22098
  0
SEQEND
  0
POLYLINE
  5
dd0
  8
Layer_8
  62
254
  66
1
  10
0
  20
0
  30
0
  0
VERTEX
  5
dd0
  8
Layer_8
  10
64.263947
  20
464.08337
  0
VERTEX
  5
dd1
  8
Layer_8
  10
63.710907
  20
464.08337
  0
SEQEND
  0
POLYLINE
  5
dd3
  8
Layer_8
  62
254
  66
1
  10
0
  20
0
  30
0
  0
VERTEX
  5
dd3
  8
Layer_8
  10
63.434418
  20
464.08337
  0
VERTEX
  5
dd4
  8
Layer_8
  10
62.881378
  20
464.08337
  0
SEQEND
  0
POLYLINE
  5
dd6
  8
Layer_8
  62
254
  66
1
  10
0
  20
0
  30
0
  0
VERTEX
  5
dd6
  8
Layer_8
  10
60.94577
  20
464.08337
  0
VERTEX
  5
dd7
  8
Layer_8
  10
60.392715
  20
464.08337
  0
SEQEND
  0
POLYLINE
  5
dd9
  8
Layer_8
  62
254
  66
1
  10
0
  20
0
  30
0
  0
VERTEX
  5
dd9
  8
Layer_8
  10
67.582123
  20
464.08337
  0
VERTEX
  5
dda
  8
Layer_8
  10
67.029083
  20
464.08337
  0
SEQEND
  0
POLYLINE
  5
ddc
  8
Layer_8
  62
254
  66
1
  10
0
  20
0
  30
0
  0
VERTEX
  5
ddc
  8
Layer_8
  10
65.093475
  20
464.08337
  0
VERTEX
  5
ddd
  8
Layer_8
  10
64.540436
  20
464.08337
  0
SEQEND
  0
POLYLINE
  5
ddf
  8
Layer_8
  62
254
  66
1
  10
0
  20
0
  30
0
  0
VERTEX
  5
ddf
  8
Layer_8
  10
-48.534698
  20
357.22098
  0
VERTEX
  5
de0
  8
Layer_8
  10
-47.981659
  20
357.22098
  0
SEQEND
  0
POLYLINE
  5
de2
  8
Layer_8
  62
254
  66
1
  10
0
  20
0
  30
0
  0
VERTEX
  5
de2
  8
Layer_8
  10
-34.432465
  20
357.22098
  0
VERTEX
  5
de3
  8
Layer_8
  10
-33.879486
  20
357.22098
  0
SEQEND
  0
POLYLINE
  5
de5
  8
Layer_8
  62
254
  66
1
  10
0
  20
0
  30
0
  0
VERTEX
  5
de5
  8
Layer_8
  10
-32.773407
  20
357.22098
  0
VERTEX
  5
de6
  8
Layer_8
  10
-32.220367
  20
357.22098
  0
SEQEND
  0
POLYLINE
  5
de8
  8
Layer_8
  62
254
  66
1
  10
0
  20
0
  30
0
  0
VERTEX
  5
de8
  8
Layer_8
  10
-46.046059
  20
357.22098
  0
VERTEX
  5
de9
  8
Layer_8
  10
-45.49308
  20
357.22098
  0
SEQEND
  0
POLYLINE
  5
deb
  8
Layer_8
  62
254
  66
1
  10
0
  20
0
  30
0
  0
VERTEX
  5
deb
  8
Layer_8
  10
-42.727936
  20
357.22098
  0
VERTEX
  5
dec
  8
Layer_8
  10
-42.174896
  20
357.22098
  0
SEQEND
  0
POLYLINE
  5
dee
  8
Layer_8
  62
254
  66
1
  10
0
  20
0
  30
0
  0
VERTEX
  5
dee
  8
Layer_8
  10
-21.989357
  20
357.22098
  0
VERTEX
  5
def
  8
Layer_8
  10
-21.436317
  20
357.22098
  0
SEQEND
  0
POLYLINE
  5
df1
  8
Layer_8
  62
254
  66
1
  10
0
  20
0
  30
0
  0
VERTEX
  5
df1
  8
Layer_8
  10
-47.705177
  20
357.22098
  0
VERTEX
  5
df2
  8
Layer_8
  10
-47.152138
  20
357.22098
  0
SEQEND
  0
POLYLINE
  5
df4
  8
Layer_8
  62
254
  66
1
  10
0
  20
0
  30
0
  0
VERTEX
  5
df4
  8
Layer_8
  10
-51.023346
  20
357.22098
  0
VERTEX
  5
df5
  8
Layer_8
  10
-50.470306
  20
357.22098
  0
SEQEND
  0
POLYLINE
  5
df7
  8
Layer_8
  62
254
  66
1
  10
0
  20
0
  30
0
  0
VERTEX
  5
df7
  8
Layer_8
  10
-23.648468
  20
357.22098
  0
VERTEX
  5
df8
  8
Layer_8
  10
-23.095428
  20
357.22098
  0
SEQEND
  0
POLYLINE
  5
dfa
  8
Layer_8
  62
254
  66
1
  10
0
  20
0
  30
0
  0
VERTEX
  5
dfa
  8
Layer_8
  10
58.457123
  20
464.08337
  0
VERTEX
  5
dfb
  8
Layer_8
  10
57.904144
  20
464.08337
  0
SEQEND
  0
POLYLINE
  5
dfd
  8
Layer_8
  62
254
  66
1
  10
0
  20
0
  30
0
  0
VERTEX
  5
dfd
  8
Layer_8
  10
-43.557465
  20
357.22098
  0
VERTEX
  5
dfe
  8
Layer_8
  10
-43.004425
  20
357.22098
  0
SEQEND
  0
POLYLINE
  5
e00
  8
Layer_8
  62
254
  66
1
  10
0
  20
0
  30
0
  0
VERTEX
  5
e00
  8
Layer_8
  10
61.775299
  20
464.08337
  0
VERTEX
  5
e01
  8
Layer_8
  10
61.22226
  20
464.08337
  0
SEQEND
  0
POLYLINE
  5
e03
  8
Layer_8
  62
254
  66
1
  10
0
  20
0
  30
0
  0
VERTEX
  5
e03
  8
Layer_8
  10
-38.580238
  20
357.22098
  0
VERTEX
  5
e04
  8
Layer_8
  10
-38.027199
  20
357.22098
  0
SEQEND
  0
POLYLINE
  5
e06
  8
Layer_8
  62
254
  66
1
  10
0
  20
0
  30
0
  0
VERTEX
  5
e06
  8
Layer_8
  10
-51.852879
  20
357.22098
  0
VERTEX
  5
e07
  8
Layer_8
  10
-51.299839
  20
357.22098
  0
SEQEND
  0
POLYLINE
  5
e09
  8
Layer_8
  62
254
  66
1
  10
0
  20
0
  30
0
  0
VERTEX
  5
e09
  8
Layer_8
  10
60.116241
  20
464.08337
  0
VERTEX
  5
e0a
  8
Layer_8
  10
59.563202
  20
464.08337
  0
SEQEND
  0
POLYLINE
  5
e0c
  8
Layer_8
  62
254
  66
1
  10
0
  20
0
  30
0
  0
VERTEX
  5
e0c
  8
Layer_8
  10
-27.796181
  20
357.22098
  0
VERTEX
  5
e0d
  8
Layer_8
  10
-27.243134
  20
357.22098
  0
SEQEND
  0
POLYLINE
  5
e0f
  8
Layer_8
  62
254
  66
1
  10
0
  20
0
  30
0
  0
VERTEX
  5
e0f
  8
Layer_8
  10
-80.420471
  20
385.73248
  42
-0.15605059
  0
VERTEX
  5
e10
  8
Layer_8
  10
-80.945068
  20
383.24045
  42
-0.13252475
  0
VERTEX
  5
e11
  8
Layer_8
  10
-83.086853
  20
381.26938
  0
VERTEX
  5
e12
  8
Layer_8
  10
-83.167
  20
381.22351
  0
VERTEX
  5
e13
  8
Layer_8
  10
-90.826057
  20
381.22351
  0
SEQEND
  0
POLYLINE
  5
e15
  8
Layer_8
  62
254
  66
1
  10
0
  20
0
  30
0
  0
VERTEX
  5
e15
  8
Layer_8
  10
-36.92112
  20
357.22098
  0
VERTEX
  5
e16
  8
Layer_8
  10
-36.36808
  20
357.22098
  0
SEQEND
  0
POLYLINE
  5
e18
  8
Layer_8
  62
254
  66
1
  10
0
  20
0
  30
0
  0
VERTEX
  5
e18
  8
Layer_8
  10
-40.239288
  20
357.22098
  0
VERTEX
  5
e19
  8
Layer_8
  10
-39.686249
  20
357.22098
  0
SEQEND
  0
POLYLINE
  5
e1b
  8
Layer_8
  62
254
  66
1
  10
0
  20
0
  30
0
  0
VERTEX
  5
e1b
  8
Layer_8
  10
-35.262054
  20
357.22098
  0
VERTEX
  5
e1c
  8
Layer_8
  10
-34.709015
  20
357.22098
  0
SEQEND
  0
POLYLINE
  5
e1e
  8
Layer_8
  62
254
  66
1
  10
0
  20
0
  30
0
  0
VERTEX
  5
e1e
  8
Layer_8
  10
-29.455238
  20
357.22098
  0
VERTEX
  5
e1f
  8
Layer_8
  10
-28.902199
  20
357.22098
  0
SEQEND
  0
POLYLINE
  5
e21
  8
Layer_8
  62
254
  66
1
  10
0
  20
0
  30
0
  0
VERTEX
  5
e21
  8
Layer_8
  10
-39.409767
  20
357.22098
  0
VERTEX
  5
e22
  8
Layer_8
  10
-38.856728
  20
357.22098
  0
SEQEND
  0
POLYLINE
  5
e24
  8
Layer_8
  62
254
  66
1
  10
0
  20
0
  30
0
  0
VERTEX
  5
e24
  8
Layer_8
  10
-22.818878
  20
357.22098
  0
VERTEX
  5
e25
  8
Layer_8
  10
-22.265839
  20
357.22098
  0
SEQEND
  0
POLYLINE
  5
e27
  8
Layer_8
  62
254
  66
1
  10
0
  20
0
  30
0
  0
VERTEX
  5
e27
  8
Layer_8
  10
-37.750648
  20
357.22098
  0
VERTEX
  5
e28
  8
Layer_8
  10
-37.197609
  20
357.22098
  0
SEQEND
  0
POLYLINE
  5
e2a
  8
Layer_8
  62
254
  66
1
  10
0
  20
0
  30
0
  0
VERTEX
  5
e2a
  8
Layer_8
  10
55.968536
  20
464.08337
  0
VERTEX
  5
e2b
  8
Layer_8
  10
55.547455
  20
464.08337
  0
SEQEND
  0
POLYLINE
  5
e2d
  8
Layer_8
  62
254
  66
1
  10
0
  20
0
  30
0
  0
VERTEX
  5
e2d
  8
Layer_8
  10
-24.477997
  20
357.22098
  0
VERTEX
  5
e2e
  8
Layer_8
  10
-23.924957
  20
357.22098
  0
SEQEND
  0
POLYLINE
  5
e30
  8
Layer_8
  62
254
  66
1
  10
0
  20
0
  30
0
  0
VERTEX
  5
e30
  8
Layer_8
  10
-49.364227
  20
357.22098
  0
VERTEX
  5
e31
  8
Layer_8
  10
-48.811188
  20
357.22098
  0
SEQEND
  0
POLYLINE
  5
e33
  8
Layer_8
  62
254
  66
1
  10
0
  20
0
  30
0
  0
VERTEX
  5
e33
  8
Layer_8
  10
-36.091591
  20
357.22098
  0
VERTEX
  5
e34
  8
Layer_8
  10
-35.538544
  20
357.22098
  0
SEQEND
  0
POLYLINE
  5
e36
  8
Layer_8
  62
254
  66
1
  10
0
  20
0
  30
0
  0
VERTEX
  5
e36
  8
Layer_8
  10
-31.943878
  20
357.22098
  0
VERTEX
  5
e37
  8
Layer_8
  10
-31.390839
  20
357.22098
  0
SEQEND
  0
POLYLINE
  5
e39
  8
Layer_8
  62
254
  66
1
  10
0
  20
0
  30
0
  0
VERTEX
  5
e39
  8
Layer_8
  10
-21.159828
  20
357.22098
  0
VERTEX
  5
e3a
  8
Layer_8
  10
-20.606789
  20
357.22098
  0
SEQEND
  0
POLYLINE
  5
e3c
  8
Layer_8
  62
254
  66
1
  10
0
  20
0
  30
0
  0
VERTEX
  5
e3c
  8
Layer_8
  10
-41.898346
  20
357.22098
  0
VERTEX
  5
e3d
  8
Layer_8
  10
-41.345367
  20
357.22098
  0
SEQEND
  0
POLYLINE
  5
e3f
  8
Layer_8
  62
254
  66
1
  10
0
  20
0
  30
0
  0
VERTEX
  5
e3f
  8
Layer_8
  10
-33.602936
  20
357.22098
  0
VERTEX
  5
e40
  8
Layer_8
  10
-33.049896
  20
357.22098
  0
SEQEND
  0
POLYLINE
  5
e42
  8
Layer_8
  62
254
  66
1
  10
0
  20
0
  30
0
  0
VERTEX
  5
e42
  8
Layer_8
  10
-25.307526
  20
357.22098
  0
VERTEX
  5
e43
  8
Layer_8
  10
-24.754486
  20
357.22098
  0
SEQEND
  0
POLYLINE
  5
e45
  8
Layer_8
  62
254
  66
1
  10
0
  20
0
  30
0
  0
VERTEX
  5
e45
  8
Layer_8
  10
66.752594
  20
464.08337
  0
VERTEX
  5
e46
  8
Layer_8
  10
66.199554
  20
464.08337
  0
SEQEND
  0
POLYLINE
  5
e48
  8
Layer_8
  62
254
  66
1
  10
0
  20
0
  30
0
  0
VERTEX
  5
e48
  8
Layer_8
  10
68.411652
  20
464.08337
  0
VERTEX
  5
e49
  8
Layer_8
  10
67.858612
  20
464.08337
  0
SEQEND
  0
POLYLINE
  5
e4b
  8
Layer_8
  62
254
  66
1
  10
0
  20
0
  30
0
  0
VERTEX
  5
e4b
  8
Layer_8
  10
-20.330299
  20
357.22098
  0
VERTEX
  5
e4c
  8
Layer_8
  10
-19.77726
  20
357.22098
  0
SEQEND
  0
POLYLINE
  5
e4e
  8
Layer_8
  62
254
  66
1
  10
0
  20
0
  30
0
  0
VERTEX
  5
e4e
  8
Layer_8
  10
57.627594
  20
464.08337
  0
VERTEX
  5
e4f
  8
Layer_8
  10
57.074554
  20
464.08337
  0
SEQEND
  0
POLYLINE
  5
e51
  8
Layer_8
  62
254
  66
1
  10
0
  20
0
  30
0
  0
VERTEX
  5
e51
  8
Layer_8
  10
56.798065
  20
464.08337
  0
VERTEX
  5
e52
  8
Layer_8
  10
56.245026
  20
464.08337
  0
SEQEND
  0
POLYLINE
  5
e54
  8
Layer_8
  62
254
  66
1
  10
0
  20
0
  30
0
  0
VERTEX
  5
e54
  8
Layer_8
  10
-17.012115
  20
357.22098
  0
VERTEX
  5
e55
  8
Layer_8
  10
-16.459076
  20
357.22098
  0
SEQEND
  0
POLYLINE
  5
e57
  8
Layer_8
  62
254
  66
1
  10
0
  20
0
  30
0
  0
VERTEX
  5
e57
  8
Layer_8
  10
-16.182526
  20
357.22098
  0
VERTEX
  5
e58
  8
Layer_8
  10
-15.629547
  20
357.22098
  0
SEQEND
  0
POLYLINE
  5
e5a
  8
Layer_8
  62
254
  66
1
  10
0
  20
0
  30
0
  0
VERTEX
  5
e5a
  8
Layer_8
  10
-18.671181
  20
357.22098
  0
VERTEX
  5
e5b
  8
Layer_8
  10
-18.118134
  20
357.22098
  0
SEQEND
  0
POLYLINE
  5
e5d
  8
Layer_8
  62
254
  66
1
  10
0
  20
0
  30
0
  0
VERTEX
  5
e5d
  8
Layer_8
  10
-15.352997
  20
357.22098
  0
VERTEX
  5
e5e
  8
Layer_8
  10
-14.799957
  20
357.22098
  0
SEQEND
  0
POLYLINE
  5
e60
  8
Layer_8
  62
254
  66
1
  10
0
  20
0
  30
0
  0
VERTEX
  5
e60
  8
Layer_8
  10
-13.693947
  20
357.22098
  0
VERTEX
  5
e61
  8
Layer_8
  10
-13.140907
  20
357.22098
  0
SEQEND
  0
POLYLINE
  5
e63
  8
Layer_8
  62
254
  66
1
  10
0
  20
0
  30
0
  0
VERTEX
  5
e63
  8
Layer_8
  10
-14.523468
  20
357.22098
  0
VERTEX
  5
e64
  8
Layer_8
  10
-13.970428
  20
357.22098
  0
SEQEND
  0
POLYLINE
  5
e66
  8
Layer_8
  62
254
  66
1
  10
0
  20
0
  30
0
  0
VERTEX
  5
e66
  8
Layer_8
  10
-19.50071
  20
357.22098
  0
VERTEX
  5
e67
  8
Layer_8
  10
-18.947723
  20
357.22098
  0
SEQEND
  0
POLYLINE
  5
e69
  8
Layer_8
  62
254
  66
1
  10
0
  20
0
  30
0
  0
VERTEX
  5
e69
  8
Layer_8
  10
-17.841644
  20
357.22098
  0
VERTEX
  5
e6a
  8
Layer_8
  10
-17.288605
  20
357.22098
  0
SEQEND
  0
ENDSEC
  0
EOF
